customer_id,first_name,last_name,email,city,region,signup_date,loyalty_tier,acquisition_channel
C002309,Avery,Kim,avery.kim2309@example.com,Charlotte,South,2022-09-28,Silver,Referral
C022405,Taylor,Brooks,taylor.brooks22405@example.com,Los Angeles,West,2021-05-16,Silver,Paid Search
C023398,Sam,Adams,sam.adams23398@example.com,Philadelphia,Northeast,2025-05-16,,Retail Store
C025059,Quinn,Adams,quinn.adams25059@example.com,Austin,South,2023-09-21,Silver,Referral
C002665,Kai,Johnson,kai.johnson2665@example.com,Philadelphia,Northeast,2021-11-27,Gold,Paid Search
C008512,Taylor,Turner,taylor.turner8512@example.com,Atlanta,South,2025-04-22,Silver,Referral
C005149,Morgan,Chen,morgan.chen5149@example.com,Charlotte,South,2025-08-01,,Social
C007791,Taylor,Johnson,taylor.johnson7791@example.com,,Midwest,2022-02-03,,Social
C011312,Quinn,Rivera,quinn.rivera11312@example.com,Boston,Northeast,2022-09-03,Platinum,Referral
C019044,Morgan,Johnson,morgan.johnson19044@example.com,Indianapolis,Midwest,2022-04-18,Silver,Social
C010785,Taylor,Davis,taylor.davis10785@example.com,Detroit,Midwest,2023-11-09,Silver,Paid Search
C022247,Jordan,Davis,jordan.davis22247@example.com,Minneapolis,Midwest,2022-03-18,,Social
C003269,Quinn,Garcia,quinn.garcia3269@example.com,Indianapolis,Midwest,2021-07-28,,Organic
C015948,Sam,Lee,sam.lee15948@example.com,Providence,Northeast,2023-01-07,,Paid Search
C014978,Riley,Kim,riley.kim14978@example.com,Indianapolis,Midwest,2022-01-22,,Organic
C014475,Sam,Lee,sam.lee14475@example.com,Atlanta,South,2025-02-15,Gold,Retail Store
C028695,Parker,Chen,parker.chen28695@example.com,Detroit,Midwest,2021-09-04,Platinum,Retail Store
C014055,Casey,Patel,casey.patel14055@example.com,Minneapolis,Midwest,2021-10-23,Silver,Social
C026546,Cameron,Smith,cameron.smith26546@example.com,Providence,Northeast,2021-07-28,Gold,Organic
C014981,Casey,Brooks,casey.brooks14981@example.com,Providence,Northeast,2024-05-22,Silver,Paid Search
C017637,Parker,Lee,parker.lee17637@example.com,Seattle,West,2022-05-04,,Organic
C003932,Taylor,Rivera,taylor.rivera3932@example.com,Minneapolis,Midwest,2025-09-30,,Paid Search
C008388,Avery,Martinez,avery.martinez8388@example.com,Austin,South,2023-02-14,,Organic
C008029,Jordan,Adams,jordan.adams8029@example.com,Pittsburgh,Northeast,2024-11-16,Silver,Paid Search
C009483,Parker,Hughes,parker.hughes9483@example.com,Detroit,Midwest,2021-05-29,Gold,Social
C022573,Jordan,Martinez,jordan.martinez22573@example.com,Indianapolis,Midwest,2023-01-11,,Retail Store
C015108,Casey,Adams,casey.adams15108@example.com,Dallas,South,2021-07-02,,Paid Search
C003674,Taylor,Rivera,taylor.rivera3674@example.com,Portland,West,2022-07-16,Silver,Referral
C021389,Parker,Adams,parker.adams21389@example.com,Los Angeles,West,2024-04-15,,Organic
C005938,Emerson,Turner,emerson.turner5938@example.com,Pittsburgh,Northeast,2022-02-14,SILVER,Paid Search
C027034,Casey,Brooks,casey.brooks27034@example.com,Austin,South,2025-10-24,,Referral
C029272,Jordan,Rivera,jordan.rivera29272@example.com,Boston,Northeast,2025-09-12,Silver,Social
C021881,Morgan,Garcia,morgan.garcia21881@example.com,Phoenix,West,2021-12-16,Silver,Paid Search
C006509,Cameron,Turner,cameron.turner6509@example.com,Nashville,South,2021-03-04,,Paid Search
C021458,Jordan,Brooks,jordan.brooks21458@example.com,New York,Northeast,2023-08-27,,Social
C020072,Sam,Turner,sam.turner20072@example.com,Denver,West,2025-10-19,,Paid Search
C027013,Parker,Brooks,parker.brooks27013@example.com,Dallas,South,2025-08-25,,Organic
C010093,Sam,Lee,sam.lee10093@example.com,Denver,West,2023-04-05,,Paid Search
C022568,Emerson,Rivera,emerson.rivera22568@example.com,Columbus,Midwest,2023-03-25,Silver,Paid Search
C012977,Avery,Rivera,avery.rivera12977@example.com,Los Angeles,West,2025-11-16,,Social
C003814,Sam,Chen,sam.chen3814@example.com,Nashville,South,2023-07-16,Silver,Social
C007338,Casey,Smith,casey.smith7338@example.com,Phoenix,West,2025-10-11,,Referral
C024484,Avery,Garcia,avery.garcia24484@example.com,Columbus,Midwest,2023-02-13,Silver,Organic
C019593,Casey,Martinez,casey.martinez19593@example.com,Portland,West,2024-07-08,,Paid Search
C005122,Alex,Patel,alex.patel5122@example.com,Chicago,Midwest,2023-10-21,Silver,Organic
C014906,Drew,Chen,drew.chen14906@example.com,Seattle,West,2025-02-16,,Paid Search
C008224,Taylor,Turner,taylor.turner8224@example.com,Philadelphia,Northeast,2022-08-31,Gold,Social
C002869,Kai,Lee,kai.lee2869@example.com,Indianapolis,Midwest,2024-11-29,Silver,Paid Search
C002343,Jordan,Kim,jordan.kim2343@example.com,Nashville,South,2025-04-04,Silver,Paid Search
C008833,Sam,Martinez,sam.martinez8833@example.com,Dallas,South,2023-08-09,Platinum,Organic
C007933,Avery,Turner,avery.turner7933@example.com,Charlotte,South,2025-08-27,Gold,Paid Search
C016558,Morgan,Kim,morgan.kim16558@example.com,Atlanta,South,2022-08-15,,Paid Search
C020605,Morgan,Turner,morgan.turner20605@example.com,Atlanta,South,2024-01-21,,Paid Search
C012984,Drew,Brooks,drew.brooks12984@example.com,Detroit,Midwest,2022-01-17,,Social
C003015,Kai,Rivera,kai.rivera3015@example.com,Philadelphia,Northeast,2025-09-10,,Organic
C027332,Quinn,Kim,quinn.kim27332@example.com,Atlanta,South,2025-06-03,Gold,Social
C012125,Parker,Adams,parker.adams12125@example.com,Phoenix,West,2022-10-15,,Paid Search
C003753,Jordan,Hughes,jordan.hughes3753@example.com,Detroit,Midwest,2025-05-30,Silver,Referral
C027388,Kai,Hughes,kai.hughes27388@example.com,Atlanta,South,2024-05-02,Silver,Referral
C012336,Sam,Johnson,sam.johnson12336@example.com,Boston,Northeast,2021-05-01,Gold,Paid Search
C011545,Sam,Johnson,sam.johnson11545@example.com,Boston,Northeast,2025-01-20,,Referral
C011357,Taylor,Kim,taylor.kim11357@example.com,Charlotte,South,2022-12-17,,Paid Search
C002677,Sam,Patel,sam.patel2677@example.com,Detroit,Midwest,2022-11-26,Silver,Paid Search
C028739,Avery,Turner,avery.turner28739@example.com,New York,Northeast,2025-03-30,Silver,Paid Search
C029996,Taylor,Adams,taylor.adams29996@example.com,Los Angeles,West,2022-02-21,Gold,Paid Search
C020748,Taylor,Hughes,taylor.hughes20748@example.com,New York,Northeast,2021-08-14,Silver,Retail Store
C013376,Avery,Garcia,avery.garcia13376@example.com,Los Angeles,West,2024-12-27,,Paid Search
C017987,Cameron,Johnson,cameron.johnson17987@example.com,Indianapolis,Midwest,2021-07-12,Silver,Paid Search
C007886,Cameron,Hughes,cameron.hughes7886@example.com,Detroit,Midwest,2024-02-11,,Paid Search
C013333,Avery,Lee,avery.lee13333@example.com,Austin,South,2024-10-02,Silver,Organic
C009586,Drew,Martinez,drew.martinez9586@example.com,Portland,West,2021-10-16,Platinum,Organic
C006333,Casey,Kim,casey.kim6333@example.com,Minneapolis,Midwest,2023-11-11,Gold,Paid Search
C024430,Avery,Rivera,avery.rivera24430@example.com,Indianapolis,Midwest,2021-01-23,,Paid Search
C018080,Kai,Kim,kai.kim18080@example.com,Atlanta,South,2023-01-23,,Social
C005202,Sam,Brooks,sam.brooks5202@example.com,Denver,West,2025-05-04,,Referral
C000748,Morgan,Rivera,morgan.rivera748@example.com,Phoenix,West,2023-02-14,,Referral
C009761,Sam,Adams,sam.adams9761@example.com,Seattle,West,2022-06-06,Silver,Social
C029613,Kai,Chen,kai.chen29613@example.com,Chicago,Midwest,2022-05-29,,Retail Store
C019993,Riley,Johnson,riley.johnson19993@example.com,Charlotte,South,2023-07-31,,Organic
C023190,Avery,Kim,avery.kim23190@example.com,Los Angeles,West,2024-07-05,,Organic
C025536,Quinn,Garcia,quinn.garcia25536@example.com,Los Angeles,West,2025-06-24,,Paid Search
C017964,Taylor,Hughes,taylor.hughes17964@example.com,Detroit,Midwest,2024-03-04,,Paid Search
C025247,Cameron,Brooks,cameron.brooks25247@example.com,Los Angeles,West,2022-10-04,,Social
C005082,Casey,Martinez,casey.martinez5082@example.com,Detroit,Midwest,2022-10-24,,Retail Store
C009351,Jordan,Davis,jordan.davis9351@example.com,Charlotte,South,2023-07-06,Platinum,Organic
C010983,Drew,Rivera,drew.rivera10983@example.com,Los Angeles,West,2022-09-01,Silver,Paid Search
C023622,Avery,Kim,avery.kim23622@example.com,New York,Northeast,2023-04-07,Gold,Social
C013236,Parker,Patel,parker.patel13236@example.com,Indianapolis,Midwest,2024-02-28,,Organic
C019368,Jordan,Rivera,jordan.rivera19368@example.com,Minneapolis,Midwest,2023-08-18,,Paid Search
C001191,Jordan,Turner,jordan.turner1191@example.com,Minneapolis,Midwest,2022-03-29,,Organic
C000822,Jordan,Johnson,jordan.johnson822@example.com,Charlotte,South,2023-03-29,Silver,Organic
C015879,Parker,Brooks,parker.brooks15879@example.com,Detroit,Midwest,2025-06-15,Silver,Social
C020498,Parker,Hughes,parker.hughes20498@example.com,Detroit,Midwest,2025-09-08,,Paid Search
C009420,Casey,Rivera,casey.rivera9420@example.com,Chicago,Midwest,2025-09-03,,Referral
C028101,Casey,Rivera,casey.rivera28101@example.com,Portland,West,2023-04-15,,Retail Store
C008893,Jordan,Martinez,jordan.martinez8893@example.com,Charlotte,South,2024-02-23,Silver,Organic
C004462,Drew,Davis,drew.davis4462@example.com,Denver,West,2024-08-07,Silver,Social
C025230,Avery,Chen,avery.chen25230@example.com,Atlanta,South,2023-04-04,Gold,Social
C029986,Alex,Rivera,alex.rivera29986@example.com,Indianapolis,Midwest,2023-02-07,,Social
C012607,Jordan,Kim,jordan.kim12607@example.com,Dallas,South,2021-04-29,Silver,Paid Search
C025979,Cameron,Rivera,cameron.rivera25979@example.com,Los Angeles,West,2024-06-24,Gold,Organic
C019133,Emerson,Brooks,emerson.brooks19133@example.com,New York,Northeast,2024-12-18,,Referral
C014741,Taylor,Davis,taylor.davis14741@example.com,Providence,Northeast,2021-01-08,,Social
C012147,Avery,Johnson,avery.johnson12147@example.com,Austin,South,2024-01-03,Silver,Social
C002745,Kai,Patel,kai.patel2745@example.com,Charlotte,South,2022-12-05,Gold,Paid Search
C010115,Avery,Kim,avery.kim10115@example.com,Chicago,midwest,2023-03-01,Gold,Retail Store
C002384,Riley,Smith,riley.smith2384@example.com,Dallas,South,2021-07-01,Silver,Social
C009154,Quinn,Brooks,quinn.brooks9154@example.com,Chicago,Midwest,2022-11-03,,Social
C001407,Alex,Garcia,alex.garcia1407@example.com,Detroit,Midwest,2024-08-20,,Organic
C016561,Drew,Smith,drew.smith16561@example.com,Seattle,West,2025-08-30,,Referral
C019362,Parker,Martinez,parker.martinez19362@example.com,Atlanta,South,2024-09-22,Gold,Referral
C010343,Casey,Turner,casey.turner10343@example.com,Philadelphia,Northeast,2025-05-16,Gold,Social
C027757,Riley,Lee,riley.lee27757@example.com,Boston,Northeast,2023-08-03,Silver,Organic
C017615,Quinn,Rivera,quinn.rivera17615@example.com,Phoenix,West,2021-03-13,,Social
C019907,Taylor,Rivera,taylor.rivera19907@example.com,Boston,Northeast,2024-04-29,Silver,Social
C024531,Avery,Kim,avery.kim24531@example.com,Chicago,Midwest,2023-11-17,,Paid Search
C027309,Morgan,Brooks,morgan.brooks27309@example.com,Dallas,South,2023-08-12,,Organic
C017789,Casey,Hughes,casey.hughes17789@example.com,Columbus,Midwest,2024-09-30,Silver,Referral
C013076,Taylor,Lee,taylor.lee13076@example.com,Nashville,South,2021-06-21,,Retail Store
C022090,Quinn,Turner,quinn.turner22090@example.com,Boston,Northeast,2025-09-04,,Social
C028574,Kai,Adams,kai.adams28574@example.com,New York,Northeast,2021-01-09,,Retail Store
C020569,Casey,Davis,casey.davis20569@example.com,Seattle,West,2024-01-28,,Retail Store
C017891,Drew,Lee,drew.lee17891@example.com,Philadelphia,Northeast,2024-09-03,Gold,Paid Search
C016838,Drew,Brooks,drew.brooks16838@example.com,Chicago,Midwest,2022-05-27,,Organic
C006553,Parker,Lee,parker.lee6553@example.com,Providence,Northeast,2023-08-17,Gold,Social
C019638,Emerson,Hughes,emerson.hughes19638@example.com,Chicago,Midwest,2025-06-13,Silver,Referral
C018295,Kai,Chen,kai.chen18295@example.com,New York,Northeast,2023-02-05,Gold,Paid Search
C002877,Riley,Garcia,riley.garcia2877@example.com,Detroit,Midwest,2023-07-26,Silver,Retail Store
C002983,Cameron,Davis,cameron.davis2983@example.com,Nashville,South,2022-10-29,Gold,Organic
C017411,Quinn,Hughes,quinn.hughes17411@example.com,Los Angeles,West,2021-07-29,,Referral
C015163,Cameron,Hughes,cameron.hughes15163@example.com,Dallas,South,2022-09-12,,Paid Search
C002154,Alex,Johnson,alex.johnson2154@example.com,Portland,West,2021-03-31,Silver,Referral
C018701,Cameron,Martinez,cameron.martinez18701@example.com,Philadelphia,Northeast,2021-01-25,,Organic
C007668,Avery,Turner,avery.turner7668@example.com,Detroit,Midwest,2024-04-09,Silver,Organic
C015244,Sam,Turner,sam.turner15244@example.com,Pittsburgh,Northeast,2023-08-19,,Retail Store
C016858,Avery,Garcia,avery.garcia16858@example.com,Atlanta,South,2025-09-26,,Referral
C013962,Casey,Chen,casey.chen13962@example.com,Chicago,Midwest,2021-06-23,,Referral
C000218,Riley,Adams,riley.adams218@example.com,Indianapolis,Midwest,2025-02-05,Gold,Paid Search
C023288,Drew,Garcia,drew.garcia23288@example.com,Providence,Northeast,2022-07-14,,Retail Store
C002214,Casey,Rivera,casey.rivera2214@example.com,Denver,West,2021-06-09, gold ,Organic
C006581,Alex,Garcia,alex.garcia6581@example.com,Los Angeles,West,2024-08-01,,Paid Search
C027603,Riley,Turner,riley.turner27603@example.com,Philadelphia,Northeast,2024-08-15,,Organic
C019377,Sam,Turner,sam.turner19377@example.com,Minneapolis,Midwest,2023-12-16,Silver,Retail Store
C007540,Drew,Brooks,drew.brooks7540@example.com,Nashville,South,2025-05-28,,Social
C014977,Drew,Brooks,drew.brooks14977@example.com,Boston,Northeast,2024-06-24,Silver,Social
C010129,Morgan,Rivera,morgan.rivera10129@example.com,Dallas,South,2024-07-18,Silver,Paid Search
C005706,Avery,Garcia,avery.garcia5706@example.com,Indianapolis,Midwest,2025-06-09,,Retail Store
C005954,Kai,Rivera,kai.rivera5954@example.com,Los Angeles,west,2025-06-22,,Social
C000539,Alex,Martinez,alex.martinez539@example.com,Atlanta,South,2025-01-25,,Social
C021664,Riley,Garcia,riley.garcia21664@example.com,Dallas,South,2025-09-23,,Paid Search
C021568,Casey,Martinez,casey.martinez21568@example.com,Detroit,Midwest,2022-08-17,Silver,Paid Search
C028983,Avery,Patel,avery.patel28983@example.com,Providence,Northeast,2021-02-01,Gold,Paid Search
C007428,Morgan,Lee,morgan.lee7428@example.com,New York,Northeast,2023-11-25,,Paid Search
C020726,Casey,Lee,casey.lee20726@example.com,Los Angeles,West,2023-01-21,,Organic
C004182,Casey,Patel,casey.patel4182@example.com,Pittsburgh,Northeast,2023-11-07,,Retail Store
C018702,Taylor,Kim,taylor.kim18702@example.com,Boston,Northeast,2022-12-29,,Referral
C015415,Sam,Kim,sam.kim15415@example.com,Austin,South,2025-02-13,,Social
C012155,Sam,Hughes,sam.hughes12155@example.com,New York,Northeast,2024-02-24,,Paid Search
C000580,Kai,Martinez,kai.martinez580@example.com,Charlotte,South,2023-03-04,Gold,Paid Search
C002169,Cameron,Chen,cameron.chen2169@example.com,Atlanta,South,2022-01-09,,Paid Search
C024420,Jordan,Lee,jordan.lee24420@example.com,Atlanta,South,2025-06-21,,Social
C000251,Drew,Lee,drew.lee251@example.com,Pittsburgh,Northeast,2023-12-22,,Retail Store
C015693,Taylor,Martinez,taylor.martinez15693@example.com,Portland,West,2025-09-12,,Retail Store
C009972,Drew,Rivera,drew.rivera9972@example.com,Atlanta,South,2022-06-10,Silver,Organic
C016181,Parker,Johnson,parker.johnson16181@example.com,Phoenix,West,2025-02-28,,Organic
C011490,Quinn,Davis,quinn.davis11490@example.com,Pittsburgh,Northeast,2025-05-06,,Social
C009145,Emerson,Turner,emerson.turner9145@example.com,Boston,Northeast,2022-04-29,Silver,Social
C029433,Avery,Johnson,avery.johnson29433@example.com,Detroit,Midwest,2024-08-09,,Retail Store
C025791,Casey,Hughes,casey.hughes25791@example.com,Dallas,South,2022-12-31,Silver,Paid Search
C005772,Emerson,Lee,emerson.lee5772@example.com,Portland,West,2023-06-19,Platinum,Organic
C026747,Morgan,Davis,morgan.davis26747@example.com,Dallas,South,2024-01-04,Silver,Organic
C002326,Alex,Brooks,alex.brooks2326@example.com,Chicago,Midwest,2021-01-01,Platinum,Organic
C015431,Alex,Hughes,alex.hughes15431@example.com,Charlotte,South,2022-06-23,Gold,Organic
C000431,Casey,Hughes,casey.hughes431@example.com,Providence,Northeast,2024-08-03,,Retail Store
C010769,Parker,Martinez,parker.martinez10769@example.com,Columbus,Midwest,2022-03-26,,Retail Store
C002533,Jordan,Chen,jordan.chen2533@example.com,Minneapolis,Midwest,2023-04-29,Silver,Referral
C002458,Cameron,Davis,cameron.davis2458@example.com,Los Angeles,West,2024-08-30,,Organic
C019187,Morgan,Patel,morgan.patel19187@example.com,Charlotte,South,2021-03-24,,Retail Store
C027236,Drew,Lee,drew.lee27236@example.com,Detroit,Midwest,2023-11-21,,Referral
C022292,Alex,Garcia,alex.garcia22292@example.com,Pittsburgh,Northeast,2023-12-03,,Organic
C011213,Kai,Lee,kai.lee11213@example.com,Philadelphia,Northeast,2024-10-05,,Retail Store
C000506,Sam,Patel,sam.patel506@example.com,Portland,West,2025-05-30,,Retail Store
C023113,Riley,Davis,riley.davis23113@example.com,Nashville,South,2024-01-12,,Referral
C018780,Morgan,Smith,morgan.smith18780@example.com,Seattle,West,2021-06-18,Silver,Paid Search
C019083,Taylor,Rivera,taylor.rivera19083@example.com,Dallas,South,2024-06-07,,Referral
C017895,Morgan,Patel,morgan.patel17895@example.com,Los Angeles,West,2024-09-15,,Referral
C019007,Avery,Kim,avery.kim19007@example.com,Detroit,Midwest,2023-03-01,Silver,Social
C019691,Taylor,Lee,taylor.lee19691@example.com,Atlanta,South,2023-11-17,,Organic
C027094,Jordan,Brooks,jordan.brooks27094@example.com,Los Angeles,West,2021-06-09,Gold,Paid Search
C023180,Jordan,Hughes,jordan.hughes23180@example.com,Columbus,Midwest,2021-06-27,Gold,Organic
C012627,Kai,Kim,kai.kim12627@example.com,Atlanta,South,2021-02-06,,Organic
C003835,Taylor,Rivera,taylor.rivera3835@example.com,Boston,Northeast,2023-08-20,,Paid Search
C001331,Kai,Kim,kai.kim1331@example.com,Portland,West,2023-03-08,Gold,Referral
C021467,Quinn,Johnson,quinn.johnson21467@example.com,Denver,West,2021-04-18,,Referral
C023829,Emerson,Adams,emerson.adams23829@example.com,Seattle,West,2025-03-18,Silver,Social
C002542,Drew,Martinez,drew.martinez2542@example.com,Charlotte,South,2023-01-31,Platinum,Retail Store
C028613,Jordan,Smith,jordan.smith28613@example.com,New York,Northeast,2023-05-09,,Paid Search
C021996,Cameron,Hughes,cameron.hughes21996@example.com,Charlotte,South,2022-09-13,Gold,Referral
C011900,Sam,Smith,sam.smith11900@example.com,Boston,Northeast,2023-04-16,,Paid Search
C025873,Emerson,Brooks,emerson.brooks25873@example.com,Portland,West,2022-02-24,Platinum,Paid Search
C026226,Parker,Davis,parker.davis26226@example.com,Indianapolis,Midwest,2024-07-19,Silver,Organic
C015806,Cameron,Lee,cameron.lee15806@example.com,Atlanta,South,2022-10-16,Silver,Referral
C009556,Drew,Brooks,drew.brooks9556@example.com,Indianapolis,Midwest,2022-05-02,,Referral
C007568,Alex,Lee,alex.lee7568@example.com,Detroit,Midwest,2025-06-11,Silver,Paid Search
C003508,Cameron,Turner,cameron.turner3508@example.com,Atlanta,South,2021-07-29,Gold,Paid Search
C008835,Jordan,Johnson,jordan.johnson8835@example.com,Seattle,West,2025-09-18,Platinum,Social
C018785,Jordan,Hughes,jordan.hughes18785@example.com,Nashville,South,2022-10-23,Silver,Organic
C029858,Taylor,Kim,taylor.kim29858@example.com,Nashville,South,2024-09-16,Silver,Paid Search
C023588,Avery,Martinez,avery.martinez23588@example.com,Dallas,South,2021-02-24,,Retail Store
C028268,Parker,Patel,parker.patel28268@example.com,Atlanta,South,2024-11-21,Platinum,Social
C005845,Kai,Smith,kai.smith5845@example.com,New York,Northeast,2021-02-23,Gold,Social
C026477,Morgan,Garcia,morgan.garcia26477@example.com,Los Angeles,West,2022-02-03,,Organic
C024199,Avery,Brooks,avery.brooks24199@example.com,Phoenix,West,2022-03-27,Silver,Organic
C028882,Parker,Smith,parker.smith28882@example.com,Nashville,South,2021-04-23,Silver,Paid Search
C004846,Alex,Patel,alex.patel4846@example.com,Boston,Northeast,2021-01-01,,Social
C004986,Sam,Johnson,sam.johnson4986@example.com,Providence,Northeast,2022-08-21,Silver,Paid Search
C023400,Parker,Garcia,parker.garcia23400@example.com,Portland,West,2025-08-20,Silver,Paid Search
C025570,Sam,Turner,sam.turner25570@example.com,Nashville,South,2023-05-18,Silver,Retail Store
C020263,Drew,Martinez,drew.martinez20263@example.com,Detroit,Midwest,2021-07-22,,Social
C020857,Casey,Patel,casey.patel20857@example.com,Nashville,South,2025-09-18,,Organic
C026823,Quinn,Davis,quinn.davis26823@example.com,Chicago,Midwest,2023-05-14,Gold,Referral
C009318,Kai,Johnson,kai.johnson9318@example.com,Indianapolis,Midwest,2025-11-11,,Social
C025507,Emerson,Turner,emerson.turner25507@example.com,Atlanta,South,2023-08-30,Gold,Paid Search
C014848,Kai,Adams,kai.adams14848@example.com,Nashville,South,2021-02-20,,Social
C007843,Morgan,Lee,morgan.lee7843@example.com,Denver,West,2022-08-09,,Social
C028648,Quinn,Chen,quinn.chen28648@example.com,Dallas,South,2023-04-23,Silver,Organic
C029985,Quinn,Johnson,quinn.johnson29985@example.com,Denver,West,2021-10-14,,Paid Search
C013049,Avery,Turner,avery.turner13049@example.com,Portland,West,2024-03-12,Gold,Referral
C025100,Casey,Davis,casey.davis25100@example.com,Nashville,South,2024-11-15,Silver,Paid Search
C014857,Avery,Garcia,avery.garcia14857@example.com,Columbus,Midwest,2025-02-06,Silver,Referral
C025014,Quinn,Martinez,quinn.martinez25014@example.com,Indianapolis,Midwest,2023-04-26,,Organic
C010740,Cameron,Davis,cameron.davis10740@example.com,New York,Northeast,2022-05-27,,Retail Store
C016095,Quinn,Turner,quinn.turner16095@example.com,Detroit,Midwest,2025-09-17,,Referral
C002209,Sam,Davis,sam.davis2209@example.com,Portland,West,2024-07-06,Gold,Referral
C018841,Casey,Smith,casey.smith18841@example.com,Pittsburgh,Northeast,2021-01-03,Silver,Paid Search
C028273,Jordan,Chen,jordan.chen28273@example.com,Dallas,South,2025-07-18,,Social
C022373,Alex,Rivera,alex.rivera22373@example.com,Portland,West,2025-08-30,Gold,Organic
C002267,Jordan,Brooks,jordan.brooks2267@example.com,Charlotte,South,2024-10-28,Platinum,Paid Search
C005227,Emerson,Kim,emerson.kim5227@example.com,Columbus,Midwest,2023-08-03,,Organic
C028302,Riley,Martinez,riley.martinez28302@example.com,Seattle,West,2021-09-12,,Organic
C021579,Casey,Turner,casey.turner21579@example.com,Nashville,South,2024-03-17,Silver,Referral
C020123,Cameron,Turner,cameron.turner20123@example.com,Pittsburgh,Northeast,2021-03-09,,Organic
C017893,Morgan,Chen,morgan.chen17893@example.com,Dallas,South,2022-11-08,Platinum,Organic
C020928,Emerson,Davis,emerson.davis20928@example.com,Nashville,South,2025-04-09,Platinum,Retail Store
C013023,Sam,Martinez,sam.martinez13023@example.com,Austin,South,2024-06-26,Gold,Organic
C020737,Parker,Hughes,parker.hughes20737@example.com,Columbus,Midwest,2024-02-20,,Retail Store
C027367,Riley,Johnson,riley.johnson27367@example.com,Indianapolis,Midwest,2022-12-29,,Paid Search
C011741,Parker,Lee,parker.lee11741@example.com,Atlanta,South,2022-09-09,Silver,Organic
C006548,Jordan,Turner,jordan.turner6548@example.com,Dallas,South,2023-09-21,,Paid Search
C003283,Alex,Turner,alex.turner3283@example.com,Dallas,South,2022-12-19,Silver,Organic
C015615,Avery,Brooks,avery.brooks15615@example.com,Los Angeles,West,2023-01-10,Gold,Referral
C023662,Sam,Brooks,sam.brooks23662@example.com,Boston,Northeast,2024-09-27,Silver,Paid Search
C002277,Emerson,Lee,emerson.lee2277@example.com,Phoenix,West,2021-04-09,,Paid Search
C026051,Avery,Smith,avery.smith26051@example.com,Portland,West,2023-11-26,Silver,Organic
C012355,Quinn,Adams,quinn.adams12355@example.com,Austin,South,2022-08-26,,Paid Search
C016486,Quinn,Brooks,quinn.brooks16486@example.com,Charlotte,South,2021-01-23,,Retail Store
C019536,Parker,Smith,parker.smith19536@example.com,Pittsburgh,Northeast,2022-12-14,,Social
C018674,Parker,Turner,parker.turner18674@example.com,Detroit,Midwest,2024-04-19,,Paid Search
C008697,Drew,Smith,drew.smith8697@example.com,Denver,West,2025-01-29,,Social
C022565,Cameron,Adams,cameron.adams22565@example.com,Portland,West,2023-12-29,Gold,Organic
C016380,Cameron,Patel,cameron.patel16380@example.com,Austin,South,2022-05-09,Gold,Social
C025295,Jordan,Adams,jordan.adams25295@example.com,Providence,Northeast,2022-06-29,,Referral
C028681,Alex,Garcia,alex.garcia28681@example.com,Philadelphia,Northeast,2024-08-30,,Organic
C024992,Taylor,Smith,taylor.smith24992@example.com,Denver,West,2021-09-12,Silver,Organic
C029670,Drew,Patel,drew.patel29670@example.com,Los Angeles,West,2024-12-22,,Organic
C005837,Cameron,Turner,cameron.turner5837@example.com,Providence,Northeast,2025-11-10,,Referral
C010236,Emerson,Garcia,emerson.garcia10236@example.com,Pittsburgh,Northeast,2023-07-09,Gold,Retail Store
C022825,Casey,Rivera,casey.rivera22825@example.com,Columbus,Midwest,2024-02-15,Silver,Organic
C000280,Morgan,Kim,morgan.kim280@example.com,Columbus,Midwest,2021-01-29,,Paid Search
C022377,Alex,Lee,alex.lee22377@example.com,Portland,West,2022-09-24,,Referral
C025274,Quinn,Hughes,quinn.hughes25274@example.com,Portland,West,2021-06-13,Gold,Referral
C005161,Morgan,Smith,morgan.smith5161@example.com,Nashville,South,2021-12-07,,Social
C029753,Taylor,Patel,taylor.patel29753@example.com,Atlanta,South,2023-01-23,,Social
C003691,Casey,Garcia,casey.garcia3691@example.com,Phoenix,West,2022-05-19,Silver,Paid Search
C005916,Jordan,Lee,jordan.lee5916@example.com,Seattle,West,2021-11-21,,Organic
C011579,Parker,Hughes,parker.hughes11579@example.com,Indianapolis,Midwest,2023-11-14,Gold,Social
C018079,Parker,Adams,parker.adams18079@example.com,Providence,Northeast,2024-12-22,,Paid Search
C019537,Cameron,Johnson,cameron.johnson19537@example.com,Atlanta,South,2023-10-09,Silver,Paid Search
C026024,Casey,Turner,casey.turner26024@example.com,New York,Northeast,2023-11-22,,Social
C029720,Quinn,Davis,quinn.davis29720@example.com,New York,Northeast,2025-07-02,,Organic
C021740,Morgan,Kim,morgan.kim21740@example.com,Detroit,Midwest,2022-02-07,Silver,Organic
C025744,Riley,Davis,riley.davis25744@example.com,Pittsburgh,Northeast,2021-06-15,,Paid Search
C020553,Avery,Turner,avery.turner20553@example.com,Minneapolis,Midwest,2021-06-29,,Referral
C011703,Kai,Brooks,kai.brooks11703@example.com,Portland,West,2021-06-19,,Organic
C011515,Drew,Adams,drew.adams11515@example.com,Los Angeles,West,2024-07-30,Platinum,Organic
C009007,Alex,Martinez,alex.martinez9007@example.com,Phoenix,West,2023-01-28,Silver,Paid Search
C011743,Casey,Rivera,casey.rivera11743@example.com,Columbus,Midwest,2022-08-26,Silver,Organic
C028262,Drew,Johnson,drew.johnson28262@example.com,Columbus,Midwest,2024-05-24,Silver,Paid Search
C016470,Parker,Chen,parker.chen16470@example.com,Nashville,South,2022-12-09,Silver,Social
C013677,Avery,Lee,avery.lee13677@example.com,Nashville,South,2024-01-07,,Retail Store
C020164,Cameron,Patel,cameron.patel20164@example.com,Detroit,Midwest,2023-01-26,Silver,Retail Store
C016786,Jordan,Turner,jordan.turner16786@example.com,Minneapolis,Midwest,2021-10-25, gold ,Organic
C029323,Riley,Lee,riley.lee29323@example.com,New York,Northeast,2025-07-31,,Paid Search
C015694,Sam,Brooks,sam.brooks15694@example.com,Los Angeles,West,2025-05-15,,Referral
C017336,Emerson,Hughes,emerson.hughes17336@example.com,Providence,Northeast,2022-02-03,,Organic
C003736,Sam,Brooks,sam.brooks3736@example.com,Dallas,South,2025-10-19,,Retail Store
C025485,Alex,Rivera,alex.rivera25485@example.com,Nashville,South,2025-11-20,,Organic
C003644,Sam,Lee,sam.lee3644@example.com,Denver,West,2024-07-11,,Social
C007199,Avery,Martinez,avery.martinez7199@example.com,Columbus,Midwest,2022-01-30,,Paid Search
C025366,Taylor,Garcia,taylor.garcia25366@example.com,Portland,West,2023-07-16,Gold,Paid Search
C024937,Morgan,Martinez,morgan.martinez24937@example.com,Phoenix,West,2024-01-21, gold ,Organic
C021306,Sam,Patel,sam.patel21306@example.com,Minneapolis,Midwest,2023-03-31,,Organic
C029366,Emerson,Patel,emerson.patel29366@example.com,Minneapolis,Midwest,2023-03-21,,Organic
C021524,Jordan,Smith,jordan.smith21524@example.com,Seattle,West,2021-02-12,,Paid Search
C021719,Alex,Kim,alex.kim21719@example.com,Austin,South,2023-11-05,Platinum,Paid Search
C001838,Emerson,Davis,emerson.davis1838@example.com,Boston,Northeast,2022-03-16,,Paid Search
C029916,Jordan,Lee,jordan.lee29916@example.com,New York,Northeast,2024-02-25,Gold,Paid Search
C010985,Casey,Davis,casey.davis10985@example.com,Providence,Northeast,2022-07-24,Gold,Social
C009304,Drew,Turner,drew.turner9304@example.com,Detroit,Midwest,2021-03-17,,Organic
C012800,Morgan,Johnson,morgan.johnson12800@example.com,Pittsburgh,Northeast,2022-05-21,,Organic
C001458,Casey,Kim,casey.kim1458@example.com,Austin,South,2025-10-15,,Retail Store
C001093,Alex,Garcia,alex.garcia1093@example.com,Nashville,South,2024-01-23,Gold,Organic
C004150,Quinn,Chen,quinn.chen4150@example.com,Los Angeles,West,2025-10-23,,Paid Search
C011009,Riley,Martinez,riley.martinez11009@example.com,Minneapolis,Midwest,2023-04-11,Silver,Social
C027069,Morgan,Kim,morgan.kim27069@example.com,Seattle,West,2021-04-03,,Retail Store
C009190,Taylor,Martinez,taylor.martinez9190@example.com,New York,Northeast,2022-09-10,,Social
C004933,Cameron,Rivera,cameron.rivera4933@example.com,Detroit,Midwest,2022-03-08,,Retail Store
C014466,Alex,Kim,alex.kim14466@example.com,New York,Northeast,2021-02-24,Silver,Social
C004557,Quinn,Chen,quinn.chen4557@example.com,Austin,South,2024-04-20,,Organic
C011489,Riley,Smith,riley.smith11489@example.com,Philadelphia,Northeast,2022-08-11,Gold,Paid Search
C012075,Drew,Davis,drew.davis12075@example.com,New York,Northeast,2023-11-16,,Paid Search
C025102,Jordan,Brooks,jordan.brooks25102@example.com,Columbus,Midwest,2024-08-26,,Organic
C016798,Sam,Adams,sam.adams16798@example.com,Charlotte,South,2021-12-12,,Retail Store
C020071,Drew,Martinez,drew.martinez20071@example.com,Minneapolis,Midwest,2022-01-06,Gold,Paid Search
C014419,Drew,Davis,drew.davis14419@example.com,Dallas,South,2023-11-09,Silver,Organic
C028246,Jordan,Kim,jordan.kim28246@example.com,Dallas,South,2021-02-22,,Organic
C025390,Taylor,Martinez,taylor.martinez25390@example.com,Philadelphia,Northeast,2023-11-24,,Paid Search
C024997,Taylor,Turner,taylor.turner24997@example.com,Dallas,South,2021-04-16,,Organic
C017279,Avery,Patel,avery.patel17279@example.com,Denver,West,2023-09-28,,Referral
C006482,Alex,Lee,alex.lee6482@example.com,Austin,South,2022-11-16,Silver,Organic
C008021,Drew,Lee,drew.lee8021@example.com,Portland,West,2021-01-27,,Organic
C009101,Cameron,Brooks,cameron.brooks9101@example.com,Seattle,West,2023-12-13,,Retail Store
C017477,Drew,Garcia,drew.garcia17477@example.com,Indianapolis,Midwest,2024-10-07,Platinum,Retail Store
C008590,Emerson,Brooks,emerson.brooks8590@example.com,Austin,South,2023-02-06,Silver,Organic
C029162,Sam,Martinez,sam.martinez29162@example.com,Austin,South,2021-08-14,Silver,Social
C024516,Riley,Chen,riley.chen24516@example.com,Phoenix,West,2023-05-07,Silver,Retail Store
C027275,Morgan,Chen,morgan.chen27275@example.com,Boston,Northeast,2022-09-28,Silver,Organic
C023873,Avery,Turner,avery.turner23873@example.com,Nashville,South,2025-08-23,,Social
C029364,Morgan,Rivera,morgan.rivera29364@example.com,Chicago,Midwest,2023-05-23,,Paid Search
C001504,Avery,Davis,avery.davis1504@example.com,,South,2023-02-04,Silver,Organic
C009937,Jordan,Brooks,jordan.brooks9937@example.com,Dallas,South,2021-11-23,Silver,Social
C010940,Emerson,Garcia,emerson.garcia10940@example.com,Austin,South,2022-05-17,Silver,Paid Search
C020295,Parker,Martinez,parker.martinez20295@example.com,Austin,South,2022-11-13,,Social
C003950,Avery,Kim,avery.kim3950@example.com,Atlanta,South,2021-06-21,,Social
C006439,Parker,Garcia,parker.garcia6439@example.com,Portland,West,2022-10-06,Silver,Organic
C013620,Parker,Smith,parker.smith13620@example.com,Nashville,South,2025-08-19,Platinum,Organic
C014304,Alex,Kim,alex.kim14304@example.com,Seattle,West,2023-09-30,Silver,Social
C022094,Sam,Turner,sam.turner22094@example.com,Dallas,South,2025-01-06,Gold,Paid Search
C015949,Cameron,Chen,cameron.chen15949@example.com,Minneapolis,Midwest,2021-01-15,,Paid Search
C028190,Avery,Kim,avery.kim28190@example.com,Minneapolis,Midwest,2023-01-18,Silver,Social
C013065,Emerson,Rivera,emerson.rivera13065@example.com,Chicago,Midwest,2021-02-18,,Paid Search
C013251,Morgan,Patel,morgan.patel13251@example.com,Phoenix,West,2024-03-14,Gold,Paid Search
C029167,Avery,Adams,avery.adams29167@example.com,Columbus,Midwest,2025-11-10,Gold,Social
C007744,Quinn,Martinez,quinn.martinez7744@example.com,Pittsburgh,Northeast,2023-07-17,,Retail Store
C026227,Jordan,Turner,jordan.turner26227@example.com,Boston,Northeast,2025-06-19,Gold,Referral
C007756,Parker,Hughes,parker.hughes7756@example.com,New York,Northeast,2024-10-03,,Organic
C001413,Sam,Brooks,sam.brooks1413@example.com,Seattle,West,2024-04-06,Silver,Social
C006529,Cameron,Johnson,cameron.johnson6529@example.com,Seattle,West,2021-03-11,,Retail Store
C001123,Cameron,Lee,cameron.lee1123@example.com,Pittsburgh,Northeast,2025-01-05,,Social
C016334,Emerson,Patel,emerson.patel16334@example.com,Atlanta,South,2025-01-01,Gold,Social
C005246,Drew,Turner,drew.turner5246@example.com,Chicago,Midwest,2025-10-30,,Organic
C012153,Parker,Patel,parker.patel12153@example.com,Pittsburgh,Northeast,2024-07-29,Gold,Paid Search
C019641,Riley,Patel,riley.patel19641@example.com,Charlotte,South,2024-06-13,,Retail Store
C025208,Drew,Johnson,drew.johnson25208@example.com,Boston,Northeast,2022-08-12,,Organic
C009434,Morgan,Brooks,morgan.brooks9434@example.com,Boston,Northeast,2022-12-28,Platinum,Retail Store
C007469,Taylor,Davis,taylor.davis7469@example.com,Detroit,Midwest,2021-04-15,,Organic
C029012,Cameron,Rivera,cameron.rivera29012@example.com,Chicago,Midwest,2023-07-16,,Retail Store
C011032,Riley,Patel,riley.patel11032@example.com,Dallas,South,2024-07-27,,Organic
C029443,Morgan,Davis,morgan.davis29443@example.com,Pittsburgh,Northeast,2022-04-11,,Organic
C007294,Emerson,Rivera,emerson.rivera7294@example.com,Seattle,West,2021-04-21,Gold,Paid Search
C012972,Alex,Garcia,alex.garcia12972@example.com,New York,Northeast,2022-05-14,,Retail Store
C005347,Avery,Rivera,avery.rivera5347@example.com,Charlotte,South,2025-03-23,Silver,Retail Store
C014471,Alex,Martinez,alex.martinez14471@example.com,Pittsburgh,Northeast,2023-12-31,Gold,Social
C028812,Parker,Hughes,parker.hughes28812@example.com,Chicago,Midwest,2021-05-13,Platinum,Organic
C015963,Kai,Brooks,kai.brooks15963@example.com,New York,Northeast,2024-09-18,,Organic
C024275,Jordan,Martinez,jordan.martinez24275@example.com,Austin,South,2025-08-26,Gold,Organic
C021150,Kai,Patel,kai.patel21150@example.com,Seattle,West,2021-08-12,Gold,Paid Search
C010864,Parker,Johnson,parker.johnson10864@example.com,,Northeast,2024-08-30,,Paid Search
C017755,Kai,Johnson,kai.johnson17755@example.com,Phoenix,West,2021-12-22,,Referral
C004485,Jordan,Chen,jordan.chen4485@example.com,Nashville,South,2021-03-09,Silver,Retail Store
C010561,Avery,Smith,avery.smith10561@example.com,Nashville,South,2023-04-12,Platinum,Social
C024578,Drew,Lee,drew.lee24578@example.com,Philadelphia,Northeast,2025-04-08,Silver,Organic
C020327,Casey,Patel,casey.patel20327@example.com,Chicago,Midwest,2021-05-02,,Organic
C021717,Quinn,Turner,quinn.turner21717@example.com,Los Angeles,West,2024-07-08,Silver,Retail Store
C010599,Alex,Davis,alex.davis10599@example.com,Charlotte,South,2021-03-11,Silver,Organic
C001434,Quinn,Adams,quinn.adams1434@example.com,Denver,West,2025-07-18,Gold,Paid Search
C005861,Riley,Adams,riley.adams5861@example.com,Seattle,West,2023-11-30,Gold,Paid Search
C012427,Cameron,Rivera,cameron.rivera12427@example.com,Philadelphia,Northeast,2023-07-14,Silver,Retail Store
C010981,Avery,Garcia,avery.garcia10981@example.com,Nashville,South,2024-05-17,Silver,Referral
C022045,Kai,Johnson,kai.johnson22045@example.com,Portland,West,2025-09-30,Silver,Organic
C027831,Riley,Rivera,riley.rivera27831@example.com,Indianapolis,Midwest,2022-01-10,Platinum,Referral
C023078,Parker,Johnson,parker.johnson23078@example.com,Minneapolis,Midwest,2023-05-15,Gold,Organic
C026377,Riley,Lee,riley.lee26377@example.com,Denver,West,2023-06-20,Gold,Social
C010407,Avery,Patel,avery.patel10407@example.com,Chicago,Midwest,2022-07-30,,Retail Store
C023491,Riley,Garcia,riley.garcia23491@example.com,Minneapolis,Midwest,2024-08-05,,Retail Store
C019567,Sam,Chen,sam.chen19567@example.com,Phoenix,West,2023-02-24,Gold,Social
C011473,Quinn,Adams,quinn.adams11473@example.com,Minneapolis,Midwest,2024-11-01,Silver,Social
C012064,Alex,Garcia,alex.garcia12064@example.com,Los Angeles,West,2025-01-02,,Organic
C008932,Jordan,Brooks,jordan.brooks8932@example.com,Detroit,Midwest,2025-10-15,,Organic
C010969,Emerson,Kim,emerson.kim10969@example.com,Denver,West,2024-09-03,,Organic
C027756,Riley,Adams,riley.adams27756@example.com,Charlotte,South,2023-02-17,,Paid Search
C026848,Avery,Johnson,avery.johnson26848@example.com,Atlanta,South,2021-03-08,,Social
C001611,Parker,Garcia,parker.garcia1611@example.com,Chicago,Midwest,2023-09-22,,Referral
C029237,Parker,Davis,parker.davis29237@example.com,Chicago,Midwest,2021-11-09,Platinum,Retail Store
C016267,Taylor,Brooks,taylor.brooks16267@example.com,Pittsburgh,Northeast,2025-05-19,,Social
C012394,Kai,Turner,kai.turner12394@example.com,Nashville,South,2025-02-16,,Retail Store
C026840,Casey,Smith,casey.smith26840@example.com,Detroit,Midwest,2021-08-20,Silver,Paid Search
C002768,Morgan,Kim,morgan.kim2768@example.com,Seattle,West,2023-10-20,,Retail Store
C012777,Kai,Rivera,kai.rivera12777@example.com,Seattle,West,2025-07-31,Silver,Paid Search
C023177,Riley,Brooks,riley.brooks23177@example.com,Los Angeles,West,2022-06-02,,Organic
C000217,Drew,Adams,drew.adams217@example.com,Charlotte,South,2023-06-21,Gold,Paid Search
C024877,Morgan,Hughes,morgan.hughes24877@example.com,Providence,Northeast,2023-05-08,Silver,Social
C006166,Avery,Kim,avery.kim6166@example.com,Austin,South,2024-08-30,,Organic
C003902,Sam,Kim,sam.kim3902@example.com,Atlanta,South,2023-02-23,,Retail Store
C021232,Morgan,Turner,morgan.turner21232@example.com,Portland,West,2025-07-30,,Retail Store
C024637,Drew,Johnson,drew.johnson24637@example.com,Detroit,Midwest,2025-11-28,,Organic
C010000,Alex,Smith,alex.smith10000@example.com,Detroit,Midwest,2021-05-26,,Referral
C014798,Avery,Johnson,avery.johnson14798@example.com,Indianapolis,Midwest,2021-01-20,Platinum,Referral
C006088,Avery,Hughes,avery.hughes6088@example.com,Nashville,South,2021-04-25,Gold,Social
C014460,Drew,Adams,drew.adams14460@example.com,Denver,West,2021-05-02,,Referral
C002857,Quinn,Martinez,quinn.martinez2857@example.com,Atlanta,South,2021-05-09,Silver,Social
C018218,Cameron,Patel,cameron.patel18218@example.com,,South,2023-04-04,Silver,Retail Store
C017042,Casey,Garcia,casey.garcia17042@example.com,Pittsburgh,Northeast,2022-02-06,Silver,Retail Store
C012415,Casey,Patel,casey.patel12415@example.com,Dallas,South,2025-04-20,Silver,Referral
C009673,Emerson,Smith,emerson.smith9673@example.com,Pittsburgh,Northeast,2023-06-09,,Retail Store
C000517,Riley,Rivera,riley.rivera517@example.com,Indianapolis,Midwest,2023-06-04,,Paid Search
C011624,Jordan,Hughes,jordan.hughes11624@example.com,Atlanta,South,2021-10-11,,Retail Store
C008282,Alex,Brooks,alex.brooks8282@example.com,Columbus,Midwest,2024-11-08,,Retail Store
C020257,Cameron,Hughes,cameron.hughes20257@example.com,Columbus,Midwest,2021-04-23,,Paid Search
C012079,Quinn,Hughes,quinn.hughes12079@example.com,Seattle,West,2021-12-04,,Referral
C017735,Taylor,Smith,taylor.smith17735@example.com,Phoenix,West,2024-04-27,Silver,Organic
C002158,Avery,Brooks,avery.brooks2158@example.com,Dallas,South,2023-04-27,,Referral
C028082,Avery,Johnson,avery.johnson28082@example.com,Charlotte,South,2024-09-14,,Paid Search
C010727,Sam,Chen,sam.chen10727@example.com,New York,Northeast,2023-03-13,,Referral
C029031,Avery,Kim,avery.kim29031@example.com,Philadelphia,Northeast,2021-06-28,Gold,Organic
C003097,Avery,Kim,avery.kim3097@example.com,Indianapolis,Midwest,2021-02-18,,Organic
C022754,Casey,Kim,casey.kim22754@example.com,Austin,South,2024-01-10,Gold,Organic
C003109,Quinn,Johnson,quinn.johnson3109@example.com,Los Angeles,West,2025-07-06,,Social
C010277,Morgan,Johnson,morgan.johnson10277@example.com,Nashville,South,2021-03-03,,Organic
C021882,Emerson,Chen,emerson.chen21882@example.com,Phoenix,West,2022-03-13,Gold,Retail Store
C006428,Taylor,Martinez,taylor.martinez6428@example.com,Columbus,Midwest,2021-05-17,,Organic
C009253,Parker,Adams,parker.adams9253@example.com,Philadelphia,Northeast,2022-11-20,,Social
C002407,Emerson,Chen,emerson.chen2407@example.com,Detroit,Midwest,2025-05-24,Silver,Social
C025039,Jordan,Patel,jordan.patel25039@example.com,Philadelphia,Northeast,2025-10-08,,Social
C014643,Taylor,Rivera,taylor.rivera14643@example.com,Los Angeles,West,2023-07-13,,Social
C024744,Cameron,Johnson,cameron.johnson24744@example.com,Portland,West,2024-02-16,,Organic
C018525,Cameron,Chen,cameron.chen18525@example.com,Nashville,South,2022-05-10,,Retail Store
C013421,Cameron,Johnson,cameron.johnson13421@example.com,Seattle,West,2021-08-03,Silver,Paid Search
C003399,Morgan,Martinez,morgan.martinez3399@example.com,Columbus,Midwest,2023-02-01,,Retail Store
C008944,Cameron,Adams,cameron.adams8944@example.com,Indianapolis,Midwest,2024-01-04,Gold,Referral
C027173,Sam,Chen,sam.chen27173@example.com,Atlanta,South,2021-01-20,,Social
C006940,Alex,Rivera,alex.rivera6940@example.com,Indianapolis,Midwest,2021-12-11,Silver,Organic
C027316,Alex,Smith,alex.smith27316@example.com,Phoenix,West,2023-03-03,,Organic
C028315,Alex,Garcia,alex.garcia28315@example.com,Austin,South,2021-12-03,,Organic
C027775,Sam,Martinez,sam.martinez27775@example.com,Charlotte,South,2024-10-03,,Paid Search
C009817,Riley,Kim,riley.kim9817@example.com,Providence,Northeast,2022-11-18,Silver,Social
C016140,Morgan,Garcia,morgan.garcia16140@example.com,Boston,Northeast,2025-09-10,,Social
C009419,Avery,Brooks,avery.brooks9419@example.com,Los Angeles,West,2025-09-11,,Retail Store
C012316,Emerson,Lee,emerson.lee12316@example.com,New York,Northeast,2025-08-28,Silver,Retail Store
C002519,Riley,Turner,riley.turner2519@example.com,Seattle,West,2023-10-23,,Social
C029752,Cameron,Martinez,cameron.martinez29752@example.com,Seattle,West,2024-05-05,,Referral
C016602,Casey,Garcia,casey.garcia16602@example.com,Charlotte,South,2021-10-23,Silver,Retail Store
C017593,Sam,Rivera,sam.rivera17593@example.com,Atlanta,South,2023-06-08,,Organic
C005101,Jordan,Johnson,jordan.johnson5101@example.com,Columbus,Midwest,2023-11-17,Silver,Retail Store
C009843,Riley,Davis,riley.davis9843@example.com,Philadelphia,Northeast,2021-02-02,,Organic
C017188,Jordan,Adams,jordan.adams17188@example.com,Phoenix,West,2025-05-04,,Social
C007278,Kai,Davis,kai.davis7278@example.com,Providence,Northeast,2023-11-08,,Retail Store
C018773,Morgan,Smith,morgan.smith18773@example.com,Atlanta,South,2022-06-20,Silver,Referral
C010079,Riley,Turner,riley.turner10079@example.com,Providence,Northeast,2025-10-16,,Social
C021771,Avery,Rivera,avery.rivera21771@example.com,Los Angeles,West,2022-12-06,,Organic
C026444,Taylor,Adams,taylor.adams26444@example.com,Charlotte,South,2024-10-01,,Organic
C009893,Casey,Brooks,casey.brooks9893@example.com,Indianapolis,Midwest,2025-04-28,,Organic
C006329,Alex,Johnson,alex.johnson6329@example.com,Chicago,Midwest,2025-10-09,,Paid Search
C010046,Cameron,Martinez,cameron.martinez10046@example.com,Phoenix,West,2024-04-17,Gold,Paid Search
C026120,Cameron,Johnson,cameron.johnson26120@example.com,Philadelphia,Northeast,2021-01-12,,Paid Search
C014330,Taylor,Brooks,taylor.brooks14330@example.com,Philadelphia,Northeast,2021-08-03,Gold,Retail Store
C026756,Cameron,Rivera,cameron.rivera26756@example.com,Austin,South,2021-05-02,Platinum,Paid Search
C011847,Drew,Turner,drew.turner11847@example.com,Charlotte,South,2024-06-18,Silver,Paid Search
C016587,Taylor,Patel,taylor.patel16587@example.com,Phoenix,West,2024-05-14,Platinum,Retail Store
C017551,Avery,Lee,avery.lee17551@example.com,Denver,West,2024-05-24,Silver,Paid Search
C021265,Sam,Chen,sam.chen21265@example.com,Portland,West,2023-02-11,,Paid Search
C015092,Kai,Johnson,kai.johnson15092@example.com,Philadelphia,Northeast,2021-02-27,Gold,Referral
C023481,Riley,Kim,riley.kim23481@example.com,New York,Northeast,2023-01-07,,Retail Store
C018394,Emerson,Patel,emerson.patel18394@example.com,Pittsburgh,Northeast,2021-04-10,,Paid Search
C022277,Morgan,Brooks,morgan.brooks22277@example.com,Boston,Northeast,2022-08-13,,Paid Search
C010400,Emerson,Hughes,emerson.hughes10400@example.com,Atlanta,South,2022-05-17,,Organic
C008165,Kai,Chen,kai.chen8165@example.com,Atlanta,South,2021-05-02,Silver,Retail Store
C022501,Alex,Lee,alex.lee22501@example.com,Pittsburgh,Northeast,2022-01-07,,Organic
C010884,Emerson,Davis,emerson.davis10884@example.com,Detroit,Midwest,2021-11-11,Silver,Retail Store
C023087,Quinn,Brooks,quinn.brooks23087@example.com,Phoenix,West,2022-03-05,,Social
C024673,Parker,Adams,parker.adams24673@example.com,Austin,South,2021-04-19,,Paid Search
C013721,Kai,Davis,kai.davis13721@example.com,Austin,South,2021-03-19,Silver,Referral
C017847,Quinn,Garcia,quinn.garcia17847@example.com,Boston,Northeast,2024-11-15,,Organic
C003383,Alex,Johnson,alex.johnson3383@example.com,Minneapolis,Midwest,2022-09-06,Gold,Retail Store
C009846,Parker,Chen,parker.chen9846@example.com,Minneapolis,Midwest,2021-01-26,,Paid Search
C018833,Quinn,Martinez,quinn.martinez18833@example.com,Providence,Northeast,2024-05-19,,Social
C019341,Riley,Johnson,riley.johnson19341@example.com,Los Angeles,West,2022-06-07,,Social
C007340,Avery,Kim,avery.kim7340@example.com,Los Angeles,West,2025-11-27,Gold,Retail Store
C014369,Alex,Lee,alex.lee14369@example.com,New York,Northeast,2021-09-14,Silver,Paid Search
C014660,Quinn,Kim,quinn.kim14660@example.com,Denver,West,2025-02-09,Silver,Paid Search
C000429,Casey,Kim,casey.kim429@example.com,Los Angeles,West,2024-01-17,Silver,Retail Store
C016205,Parker,Adams,parker.adams16205@example.com,Pittsburgh,Northeast,2025-07-24,Silver,Referral
C017508,Riley,Kim,riley.kim17508@example.com,Indianapolis,Midwest,2024-12-11,,Organic
C000625,Kai,Davis,kai.davis625@example.com,Seattle,West,2025-03-19,Gold,Organic
C028356,Parker,Rivera,parker.rivera28356@example.com,Denver,West,2024-09-18,Silver,Organic
C017171,Avery,Hughes,avery.hughes17171@example.com,Philadelphia,Northeast,2025-03-18,,Retail Store
C001139,Avery,Johnson,avery.johnson1139@example.com,Philadelphia,Northeast,2024-02-25,,Organic
C017664,Morgan,Garcia,morgan.garcia17664@example.com,Phoenix,West,2025-10-05,Silver,Social
C024512,Sam,Smith,sam.smith24512@example.com,Philadelphia,Northeast,2023-06-04,,Retail Store
C019543,Parker,Adams,parker.adams19543@example.com,Dallas,South,2023-02-27,Silver,Organic
C004409,Sam,Rivera,sam.rivera4409@example.com,Boston,Northeast,2022-04-25,,Social
C017121,Jordan,Martinez,jordan.martinez17121@example.com,Atlanta,South,2022-04-30,Silver,Social
C010353,Parker,Adams,parker.adams10353@example.com,,Midwest,2023-09-23,Silver,Retail Store
C029597,Casey,Adams,casey.adams29597@example.com,,Midwest,2024-07-17,,Social
C009478,Emerson,Garcia,emerson.garcia9478@example.com,New York,Northeast,2025-01-19,Silver,Social
C010300,Parker,Patel,parker.patel10300@example.com,Chicago,Midwest,2024-07-02,Silver,Referral
C002886,Riley,Turner,riley.turner2886@example.com,Austin,South,2021-01-30,Gold,Referral
C018418,Riley,Brooks,riley.brooks18418@example.com,Los Angeles,West,2021-11-24,,Organic
C007501,Sam,Brooks,sam.brooks7501@example.com,Chicago,Midwest,2021-08-15,Silver,Organic
C002684,Drew,Garcia,drew.garcia2684@example.com,Philadelphia,Northeast,2021-04-07,Platinum,Paid Search
C023494,Sam,Garcia,sam.garcia23494@example.com,Atlanta,South,2024-03-23,Platinum,Paid Search
C017173,Jordan,Chen,jordan.chen17173@example.com,Dallas,South,2023-05-23,,Referral
C022925,Riley,Martinez,riley.martinez22925@example.com,Denver,West,2024-06-08,,Organic
C009899,Alex,Rivera,alex.rivera9899@example.com,Minneapolis,Midwest,2023-05-12,Silver,Organic
C006217,Morgan,Adams,morgan.adams6217@example.com,Pittsburgh,Northeast,2024-02-14,,Social
C020720,Morgan,Brooks,morgan.brooks20720@example.com,Dallas,South,2024-06-24,Gold,Social
C007979,Sam,Martinez,sam.martinez7979@example.com,New York,Northeast,2023-08-10,,Paid Search
C011406,Sam,Kim,sam.kim11406@example.com,Minneapolis,Midwest,2021-01-13,Gold,Social
C005552,Taylor,Chen,taylor.chen5552@example.com,New York,Northeast,2023-08-15,Silver,Retail Store
C000739,Drew,Chen,drew.chen739@example.com,Atlanta,South,2021-09-02,Silver,Referral
C028718,Avery,Patel,avery.patel28718@example.com,Los Angeles,West,2023-02-17,,Referral
C010747,Morgan,Patel,morgan.patel10747@example.com,Providence,Northeast,2024-11-29,Silver,Referral
C027646,Taylor,Patel,taylor.patel27646@example.com,Charlotte,South,2021-08-26,,Organic
C007072,Casey,Garcia,casey.garcia7072@example.com,Seattle,West,2025-01-28,Silver,Paid Search
C001711,Parker,Rivera,parker.rivera1711@example.com,Nashville,South,2021-02-06,Gold,Organic
C003509,Quinn,Turner,quinn.turner3509@example.com,Atlanta,South,2021-04-27,Gold,Social
C023163,Cameron,Turner,cameron.turner23163@example.com,Providence,Northeast,2021-10-11,,Social
C029050,Cameron,Garcia,cameron.garcia29050@example.com,Los Angeles,West,2025-02-04,Silver,Referral
C013805,Cameron,Kim,cameron.kim13805@example.com,Columbus,Midwest,2024-12-12,Silver,Paid Search
C013493,Kai,Johnson,kai.johnson13493@example.com,Atlanta,South,2022-02-17,Silver,Paid Search
C018341,Alex,Turner,alex.turner18341@example.com,Chicago,Midwest,2022-09-13,Silver,Organic
C012052,Sam,Kim,sam.kim12052@example.com,Detroit,Midwest,2022-05-11,,Social
C015956,Morgan,Davis,morgan.davis15956@example.com,Los Angeles,West,2023-05-31,Silver,Social
C018004,Drew,Lee,drew.lee18004@example.com,Minneapolis,Midwest,2022-10-25,Silver,Organic
C007780,Emerson,Hughes,emerson.hughes7780@example.com,Atlanta,South,2021-07-24,Silver,Organic
C009004,Casey,Patel,casey.patel9004@example.com,Atlanta,South,2023-08-29,Platinum,Referral
C015747,Emerson,Martinez,emerson.martinez15747@example.com,Portland,West,2024-02-04,Silver,Social
C025482,Parker,Johnson,parker.johnson25482@example.com,Atlanta,South,2025-08-01,,Paid Search
C000734,Alex,Davis,alex.davis734@example.com,Denver,West,2025-08-10,,Paid Search
C014199,Quinn,Turner,quinn.turner14199@example.com,Minneapolis,Midwest,2025-06-13,Gold,Paid Search
C021907,Casey,Adams,casey.adams21907@example.com,Charlotte,South,2024-10-25,Gold,Social
C021045,Quinn,Davis,quinn.davis21045@example.com,Portland,West,2023-07-01,Platinum,Paid Search
C015821,Kai,Turner,kai.turner15821@example.com,Columbus,Midwest,2022-08-30,Silver,Paid Search
C018843,Taylor,Kim,taylor.kim18843@example.com,Denver,West,2024-07-15,,Retail Store
C020245,Emerson,Turner,emerson.turner20245@example.com,Boston,Northeast,2023-12-20,,Referral
C008204,Sam,Adams,sam.adams8204@example.com,Los Angeles,West,2025-06-18,Silver,Paid Search
C028967,Avery,Smith,avery.smith28967@example.com,Portland,West,2021-06-22,Platinum,Social
C010587,Jordan,Brooks,jordan.brooks10587@example.com,Portland,West,2023-12-20,,Referral
C019592,Morgan,Hughes,morgan.hughes19592@example.com,Denver,West,2023-10-03,Gold,Paid Search
C020200,Quinn,Patel,quinn.patel20200@example.com,Boston,Northeast,2021-08-02,Silver,Organic
C018897,Morgan,Lee,morgan.lee18897@example.com,Providence,Northeast,2025-06-10,Platinum,Referral
C023629,Quinn,Chen,quinn.chen23629@example.com,Atlanta,South,2022-08-27,Silver,Organic
C004970,Morgan,Garcia,morgan.garcia4970@example.com,Atlanta,South,2025-05-24,Silver,Social
C012622,Parker,Patel,parker.patel12622@example.com,Charlotte,South,2024-02-15,Silver,Referral
C008248,Kai,Hughes,kai.hughes8248@example.com,Boston,Northeast,2023-02-02,,Social
C024383,Cameron,Hughes,cameron.hughes24383@example.com,Nashville,South,2022-02-18,Gold,Organic
C002905,Parker,Chen,parker.chen2905@example.com,Nashville,South,2024-01-21,Silver,Referral
C020274,Quinn,Rivera,quinn.rivera20274@example.com,Nashville,South,2023-10-22,,Organic
C012102,Sam,Johnson,sam.johnson12102@example.com,Dallas,South,2021-06-27,,Organic
C006070,Drew,Garcia,drew.garcia6070@example.com,Nashville,South,2025-05-11,,Paid Search
C012141,Taylor,Lee,taylor.lee12141@example.com,Nashville,South,2021-12-14,Gold,Referral
C003699,Alex,Brooks,alex.brooks3699@example.com,Charlotte,South,2023-12-28,,Social
C029678,Morgan,Adams,morgan.adams29678@example.com,Chicago,Midwest,2021-04-24,Silver,Organic
C001913,Cameron,Chen,cameron.chen1913@example.com,Nashville,South,2024-12-18,,Paid Search
C006401,Cameron,Smith,cameron.smith6401@example.com,Detroit,Midwest,2025-06-04,Platinum,Organic
C004476,Drew,Kim,drew.kim4476@example.com,Atlanta,South,2023-08-17,Gold,Social
C023455,Emerson,Brooks,emerson.brooks23455@example.com,Indianapolis,Midwest,2025-09-19,Silver,Organic
C029218,Morgan,Garcia,morgan.garcia29218@example.com,Philadelphia,Northeast,2022-11-18,,Paid Search
C008346,Alex,Chen,alex.chen8346@example.com,Minneapolis,Midwest,2023-10-23,Silver,Paid Search
C026624,Morgan,Turner,morgan.turner26624@example.com,Seattle,West,2024-03-08,,Social
C026598,Riley,Turner,riley.turner26598@example.com,Columbus,Midwest,2022-05-09,Silver,Paid Search
C010039,Riley,Davis,riley.davis10039@example.com,Minneapolis,Midwest,2021-06-12,Gold,Paid Search
C003264,Cameron,Lee,cameron.lee3264@example.com,Dallas,South,2022-09-01,Gold,Retail Store
C010262,Taylor,Kim,taylor.kim10262@example.com,Charlotte,South,2023-09-08,Silver,Paid Search
C016983,Morgan,Lee,morgan.lee16983@example.com,Denver,West,2025-04-12,Gold,Organic
C004978,Taylor,Rivera,taylor.rivera4978@example.com,Los Angeles,West,2021-05-28,,Retail Store
C011328,Jordan,Davis,jordan.davis11328@example.com,Los Angeles,West,2025-10-25,,Organic
C028217,Parker,Brooks,parker.brooks28217@example.com,Nashville,South,2021-05-19,,Social
C020347,Emerson,Smith,emerson.smith20347@example.com,New York,Northeast,2021-05-04,Gold,Paid Search
C004230,Quinn,Adams,quinn.adams4230@example.com,Boston,Northeast,2021-02-11,Gold,Referral
C005219,Quinn,Smith,quinn.smith5219@example.com,Nashville,South,2023-08-25,,Organic
C015845,Sam,Rivera,sam.rivera15845@example.com,Pittsburgh,Northeast,2023-02-26,Gold,Organic
C019913,Casey,Smith,casey.smith19913@example.com,New York,Northeast,2022-06-30,Silver,Social
C001428,Alex,Martinez,alex.martinez1428@example.com,New York,Northeast,2021-01-20,,Social
C008122,Alex,Davis,alex.davis8122@example.com,Los Angeles,West,2025-10-12,,Retail Store
C012794,Sam,Johnson,sam.johnson12794@example.com,Phoenix,West,2021-03-05,Platinum,Retail Store
C010147,Casey,Kim,casey.kim10147@example.com,Los Angeles,West,2024-05-06,,Social
C025768,Casey,Chen,casey.chen25768@example.com,Nashville,South,2023-04-23,Gold,Retail Store
C026730,Sam,Davis,sam.davis26730@example.com,Pittsburgh,Northeast,2024-04-28,Silver,Retail Store
C014500,Jordan,Johnson,jordan.johnson14500@example.com,Columbus,Midwest,2025-08-18,,Referral
C010439,Quinn,Johnson,quinn.johnson10439@example.com,Nashville,South,2021-12-12,,Referral
C014564,Casey,Hughes,casey.hughes14564@example.com,Nashville,South,2025-03-07,Silver,Referral
C016383,Quinn,Patel,quinn.patel16383@example.com,Atlanta,South,2022-07-16,,Organic
C012948,Taylor,Brooks,taylor.brooks12948@example.com,Philadelphia,Northeast,2024-06-11,,Retail Store
C016405,Avery,Garcia,avery.garcia16405@example.com,Pittsburgh,Northeast,2025-09-09,Platinum,Organic
C016384,Morgan,Lee,morgan.lee16384@example.com,Chicago,Midwest,2021-09-12,,Paid Search
C027166,Taylor,Brooks,taylor.brooks27166@example.com,Portland,West,2022-02-24,Silver,Social
C006798,Taylor,Garcia,taylor.garcia6798@example.com,Columbus,Midwest,2021-09-19,Silver,Organic
C011388,Casey,Garcia,casey.garcia11388@example.com,Providence,Northeast,2024-11-01,,Paid Search
C016954,Morgan,Turner,morgan.turner16954@example.com,Pittsburgh,Northeast,2024-01-07,,Organic
C002042,Cameron,Davis,cameron.davis2042@example.com,Minneapolis,Midwest,2022-08-15,Silver,Organic
C009404,Parker,Brooks,parker.brooks9404@example.com,Dallas,South,2025-01-15,,Paid Search
C014051,Quinn,Turner,quinn.turner14051@example.com,Detroit,Midwest,2023-05-11,,Organic
C002908,Riley,Patel,riley.patel2908@example.com,Detroit,Midwest,2022-05-02,,Paid Search
C009200,Sam,Rivera,sam.rivera9200@example.com,Providence,Northeast,2024-12-17,,Retail Store
C008740,Taylor,Patel,taylor.patel8740@example.com,Denver,West,2021-01-31,,Paid Search
C014411,Taylor,Hughes,taylor.hughes14411@example.com,New York,Northeast,2023-12-20,,Paid Search
C029288,Morgan,Lee,morgan.lee29288@example.com,Indianapolis,Midwest,2024-08-25,,Organic
C001661,Alex,Turner,alex.turner1661@example.com,Providence,Northeast,2023-04-19,Silver,Organic
C007319,Alex,Adams,alex.adams7319@example.com,Chicago,Midwest,2025-02-02,,Organic
C011789,Riley,Chen,riley.chen11789@example.com,Los Angeles,West,2025-04-10,Silver,Organic
C017307,Riley,Smith,riley.smith17307@example.com,Charlotte,South,2025-09-22,Silver,Social
C024754,Jordan,Patel,jordan.patel24754@example.com,Columbus,Midwest,2021-02-17,Platinum,Retail Store
C024338,Casey,Smith,casey.smith24338@example.com,Philadelphia,Northeast,2022-11-28,,Organic
C027317,Emerson,Hughes,emerson.hughes27317@example.com,Providence,Northeast,2024-03-16,Silver,Social
C004982,Sam,Rivera,sam.rivera4982@example.com,Austin,South,2022-06-30,Gold,Referral
C014771,Jordan,Turner,jordan.turner14771@example.com,Charlotte,South,2021-05-25,,Organic
C028422,Parker,Lee,parker.lee28422@example.com,Portland,West,2023-07-04,Gold,Social
C026900,Sam,Rivera,sam.rivera26900@example.com,Denver,West,2023-12-19,,Referral
C020087,Kai,Martinez,kai.martinez20087@example.com,Philadelphia,Northeast,2023-02-25,,Organic
C004985,Emerson,Smith,emerson.smith4985@example.com,New York,Northeast,2022-10-17,,Social
C015282,Cameron,Hughes,cameron.hughes15282@example.com,Charlotte,South,2021-04-09,Gold,Retail Store
C026495,Quinn,Turner,quinn.turner26495@example.com,Charlotte,South,2025-09-16,,Paid Search
C021582,Sam,Davis,sam.davis21582@example.com,Indianapolis,Midwest,2024-03-14,,Paid Search
C000897,Kai,Rivera,kai.rivera897@example.com,Chicago,Midwest,2025-01-23,Silver,Organic
C001685,Kai,Adams,kai.adams1685@example.com,Providence,Northeast,2021-08-25,Silver,Referral
C016498,Alex,Smith,alex.smith16498@example.com,Columbus,Midwest,2024-04-04,Silver,Social
C016984,Riley,Brooks,riley.brooks16984@example.com,Portland,West,2021-07-30,Gold,Referral
C011194,Quinn,Patel,quinn.patel11194@example.com,Atlanta,South,2023-05-30,Silver,Paid Search
C009521,Emerson,Chen,emerson.chen9521@example.com,Dallas,South,2022-10-16,,Social
C001488,Emerson,Hughes,emerson.hughes1488@example.com,Columbus,Midwest,2021-10-11,,Retail Store
C022668,Quinn,Hughes,quinn.hughes22668@example.com,Phoenix,West,2025-02-19,,Organic
C025029,Cameron,Smith,cameron.smith25029@example.com,Seattle,West,2023-09-11,,Paid Search
C009634,Drew,Adams,drew.adams9634@example.com,Charlotte,South,2025-10-31,Silver,Paid Search
C022324,Parker,Smith,parker.smith22324@example.com,Los Angeles,West,2025-09-26,Silver,Organic
C010243,Riley,Davis,riley.davis10243@example.com,Nashville,South,2025-08-19,,Organic
C021378,Kai,Johnson,kai.johnson21378@example.com,Pittsburgh,Northeast,2024-02-13,Silver,Organic
C015737,Sam,Davis,sam.davis15737@example.com,Columbus,Midwest,2021-08-24,,Organic
C025682,Quinn,Kim,quinn.kim25682@example.com,Philadelphia,Northeast,2024-07-20,,Referral
C008355,Parker,Davis,parker.davis8355@example.com,Minneapolis,Midwest,2021-12-25,,Retail Store
C006347,Avery,Brooks,avery.brooks6347@example.com,Charlotte,South,2024-07-18,Silver,Referral
C014000,Sam,Turner,sam.turner14000@example.com,Philadelphia,Northeast,2023-05-04,,Paid Search
C011991,Parker,Chen,parker.chen11991@example.com,Indianapolis,Midwest,2023-11-23,Silver,Paid Search
C005428,Avery,Martinez,avery.martinez5428@example.com,Atlanta,South,2022-07-31,,Paid Search
C017695,Kai,Turner,kai.turner17695@example.com,Los Angeles,West,2021-07-11,Silver,Paid Search
C024222,Taylor,Hughes,taylor.hughes24222@example.com,Indianapolis,Midwest,2023-02-18,Silver,Organic
C005641,Avery,Johnson,avery.johnson5641@example.com,Seattle,West,2021-09-18,,Organic
C012706,Drew,Smith,drew.smith12706@example.com,Dallas,South,2023-03-14,Gold,Organic
C005721,Drew,Patel,drew.patel5721@example.com,New York,Northeast,2022-02-08,,Social
C022235,Quinn,Hughes,quinn.hughes22235@example.com,Denver,West,2023-01-23,,Organic
C012464,Alex,Davis,alex.davis12464@example.com,Boston,Northeast,2023-08-13,,Organic
C025709,Kai,Martinez,kai.martinez25709@example.com,Minneapolis,Midwest,2024-09-23,Silver,Paid Search
C018837,Morgan,Brooks,morgan.brooks18837@example.com,Boston,Northeast,2025-01-12, gold ,Paid Search
C017815,Morgan,Chen,morgan.chen17815@example.com,Providence,Northeast,2023-07-25,Silver,Retail Store
C003484,Morgan,Chen,morgan.chen3484@example.com,Nashville,South,2021-09-25,,Organic
C017087,Drew,Smith,drew.smith17087@example.com,Denver,West,2025-10-29,Gold,Paid Search
C015981,Riley,Turner,riley.turner15981@example.com,Portland,West,2022-10-13,Silver,Paid Search
C027219,Riley,Davis,riley.davis27219@example.com,Portland,West,2025-11-29,Platinum,Referral
C017817,Sam,Smith,sam.smith17817@example.com,Los Angeles,West,2025-04-07,,Retail Store
C021190,Parker,Lee,parker.lee21190@example.com,Boston,Northeast,2021-03-24,Gold,Referral
C003231,Emerson,Smith,emerson.smith3231@example.com,Dallas,South,2021-06-16,,Organic
C002477,Emerson,Rivera,emerson.rivera2477@example.com,Detroit,Midwest,2024-02-27,Silver,Paid Search
C027720,Taylor,Martinez,taylor.martinez27720@example.com,Charlotte,South,2023-05-06,Silver,Social
C024626,Quinn,Smith,quinn.smith24626@example.com,Portland,West,2025-10-09,,Paid Search
C009428,Casey,Adams,casey.adams9428@example.com,Indianapolis,Midwest,2024-07-08,Silver,Organic
C015519,Quinn,Patel,quinn.patel15519@example.com,Phoenix,West,2024-01-09,,Social
C027759,Avery,Turner,avery.turner27759@example.com,Dallas,South,2025-02-11,Silver,Social
C007998,Parker,Smith,parker.smith7998@example.com,Chicago,Midwest,2025-08-16,Silver,Referral
C007256,Riley,Davis,riley.davis7256@example.com,Austin,South,2021-04-08,Gold,Organic
C000645,Morgan,Martinez,morgan.martinez645@example.com,Los Angeles,West,2022-08-08,,Organic
C002508,Avery,Garcia,avery.garcia2508@example.com,Pittsburgh,Northeast,2021-10-19,Silver,Retail Store
C017732,Casey,Turner,casey.turner17732@example.com,Providence,Northeast,2023-08-07,Platinum,Paid Search
C010354,Quinn,Brooks,quinn.brooks10354@example.com,Atlanta,South,2024-10-09,Gold,Organic
C012739,Taylor,Patel,taylor.patel12739@example.com,Minneapolis,Midwest,2023-01-19,,Referral
C003474,Parker,Martinez,parker.martinez3474@example.com,Austin,South,2021-11-11,Silver,Organic
C023598,Drew,Martinez,drew.martinez23598@example.com,Los Angeles,West,2024-10-02,Silver,Organic
C027975,Quinn,Smith,quinn.smith27975@example.com,Boston,Northeast,2023-08-02,,Paid Search
C001228,Kai,Martinez,kai.martinez1228@example.com,Columbus,Midwest,2024-04-27,,Retail Store
C003800,Quinn,Garcia,quinn.garcia3800@example.com,Denver,West,2022-10-31,,Referral
C011623,Cameron,Hughes,cameron.hughes11623@example.com,Columbus,Midwest,2021-11-13,,Retail Store
C010206,Alex,Patel,alex.patel10206@example.com,Los Angeles,West,2023-02-10,,Paid Search
C003659,Sam,Smith,sam.smith3659@example.com,Atlanta,South,2022-08-21,,Referral
C028295,Riley,Garcia,riley.garcia28295@example.com,Detroit,Midwest,2024-08-22,,Social
C018554,Casey,Rivera,casey.rivera18554@example.com,Portland,West,2024-02-10,Silver,Social
C022256,Kai,Johnson,kai.johnson22256@example.com,Indianapolis,Midwest,2021-03-04,,Social
C016012,Emerson,Kim,emerson.kim16012@example.com,Nashville,South,2024-09-11,,Paid Search
C012418,Riley,Brooks,riley.brooks12418@example.com,Portland,West,2021-05-26,,Social
C002562,Kai,Rivera,kai.rivera2562@example.com,Pittsburgh,Northeast,2021-10-15,,Organic
C020242,Parker,Rivera,parker.rivera20242@example.com,Detroit,Midwest,2021-07-08,Silver,Organic
C027943,Parker,Lee,parker.lee27943@example.com,Austin,South,2022-08-19,,Paid Search
C018073,Parker,Martinez,parker.martinez18073@example.com,Atlanta,South,2022-12-17,,Paid Search
C012557,Casey,Davis,casey.davis12557@example.com,Indianapolis,Midwest,2023-08-23,Silver,Organic
C016339,Drew,Lee,drew.lee16339@example.com,Atlanta,South,2025-02-14,,Referral
C006563,Drew,Adams,drew.adams6563@example.com,Portland,West,2023-05-16,Gold,Organic
C015294,Cameron,Brooks,cameron.brooks15294@example.com,Austin,South,2021-11-03,,Referral
C022257,Quinn,Johnson,quinn.johnson22257@example.com,Boston,Northeast,2022-03-16,Silver,Paid Search
C000174,Quinn,Adams,quinn.adams174@example.com,Portland,West,2025-06-17,,Paid Search
C014494,Casey,Smith,casey.smith14494@example.com,Pittsburgh,Northeast,2022-04-11,,Organic
C020381,Taylor,Kim,taylor.kim20381@example.com,Indianapolis,Midwest,2022-12-15,,Organic
C025075,Taylor,Rivera,taylor.rivera25075@example.com,Dallas,South,2022-03-24,Silver,Referral
C017600,Alex,Patel,alex.patel17600@example.com,Chicago,Midwest,2023-07-17,Gold,Retail Store
C017347,Avery,Turner,avery.turner17347@example.com,Boston,Northeast,2025-09-24,,Retail Store
C023854,Parker,Smith,parker.smith23854@example.com,Los Angeles,West,2024-10-07,Platinum,Retail Store
C002228,Parker,Turner,parker.turner2228@example.com,Indianapolis,Midwest,2025-09-04,,Social
C019996,Avery,Lee,avery.lee19996@example.com,Detroit,Midwest,2023-05-29,Silver,Organic
C002586,Kai,Kim,kai.kim2586@example.com,New York,Northeast,2021-03-13,Gold,Paid Search
C029775,Quinn,Martinez,quinn.martinez29775@example.com,Charlotte,South,2025-02-11,,Paid Search
C026537,Sam,Garcia,sam.garcia26537@example.com,Detroit,Midwest,2023-03-23,Silver,Organic
C005743,Morgan,Rivera,morgan.rivera5743@example.com,Nashville,South,2024-01-22,Gold,Organic
C023432,Taylor,Davis,taylor.davis23432@example.com,Charlotte,South,2021-03-05,Silver,Organic
C009943,Drew,Patel,drew.patel9943@example.com,Chicago,Midwest,2023-01-29,Silver,Paid Search
C017116,Alex,Patel,alex.patel17116@example.com,Charlotte,South,2023-12-27,Gold,Paid Search
C010815,Alex,Brooks,alex.brooks10815@example.com,Minneapolis,Midwest,2022-10-11,,Social
C012519,Riley,Smith,riley.smith12519@example.com,Los Angeles,West,2023-06-19,Silver,Organic
C008787,Jordan,Brooks,jordan.brooks8787@example.com,Nashville,South,2023-11-28,Silver,Paid Search
C010885,Morgan,Brooks,morgan.brooks10885@example.com,Los Angeles,West,2022-11-08,Gold,Organic
C014539,Taylor,Smith,taylor.smith14539@example.com,Philadelphia,Northeast,2023-11-03,Silver,Paid Search
C013535,Sam,Patel,sam.patel13535@example.com,Detroit,Midwest,2021-01-01,,Paid Search
C021874,Quinn,Davis,quinn.davis21874@example.com,Seattle,West,2021-10-05,,Organic
C004872,Cameron,Martinez,cameron.martinez4872@example.com,New York,Northeast,2023-08-20,,Social
C022357,Sam,Garcia,sam.garcia22357@example.com,Boston,Northeast,2021-01-01,,Retail Store
C019937,Emerson,Johnson,emerson.johnson19937@example.com,Nashville,South,2023-02-23,Silver,Retail Store
C019682,Avery,Adams,avery.adams19682@example.com,Detroit,Midwest,2023-11-24,Gold,Paid Search
C011199,Taylor,Martinez,taylor.martinez11199@example.com,Providence,Northeast,2023-07-15,Silver,Retail Store
C008157,Quinn,Kim,quinn.kim8157@example.com,Providence,Northeast,2024-11-08,,Social
C020147,Parker,Brooks,parker.brooks20147@example.com,New York,Northeast,2023-07-04,,Referral
C001091,Riley,Kim,riley.kim1091@example.com,Providence,Northeast,2023-01-05,,Social
C011256,Cameron,Adams,cameron.adams11256@example.com,Philadelphia,Northeast,2021-03-29,Silver,Social
C012527,Avery,Adams,avery.adams12527@example.com,Seattle,West,2023-07-02,Silver,Retail Store
C027116,Jordan,Smith,jordan.smith27116@example.com,Phoenix,West,2021-03-29,,Paid Search
C000763,Cameron,Patel,cameron.patel763@example.com,Los Angeles,West,2023-04-23,,Organic
C003411,Kai,Smith,kai.smith3411@example.com,Philadelphia,Northeast,2025-01-23,,Referral
C018342,Quinn,Davis,quinn.davis18342@example.com,Columbus,Midwest,2024-11-06,,Social
C006272,Cameron,Patel,cameron.patel6272@example.com,Minneapolis,Midwest,2022-11-25,Silver,Organic
C007503,Quinn,Hughes,quinn.hughes7503@example.com,Indianapolis,Midwest,2024-02-10,Platinum,Retail Store
C011942,Alex,Brooks,alex.brooks11942@example.com,Austin,South,2023-08-14,,Referral
C027617,Quinn,Smith,quinn.smith27617@example.com,Portland,West,2024-07-29,,Organic
C016202,Riley,Kim,riley.kim16202@example.com,Atlanta,South,2024-11-09,Platinum,Paid Search
C007478,Drew,Johnson,drew.johnson7478@example.com,Pittsburgh,Northeast,2023-05-02,Silver,Retail Store
C017698,Morgan,Patel,morgan.patel17698@example.com,Indianapolis,Midwest,2023-07-15,,Referral
C002899,Casey,Patel,casey.patel2899@example.com,Minneapolis,Midwest,2021-06-20,Silver,Referral
C001617,Sam,Turner,sam.turner1617@example.com,Nashville,South,2022-08-03,,Social
C022618,Avery,Turner,avery.turner22618@example.com,Los Angeles,West,2023-02-08,Silver,Retail Store
C020237,Sam,Davis,sam.davis20237@example.com,Providence,Northeast,2025-01-29,,Organic
C021322,Jordan,Garcia,jordan.garcia21322@example.com,Portland,West,2025-07-05,Gold,Referral
C014478,Taylor,Martinez,taylor.martinez14478@example.com,Charlotte,South,2025-10-20,Gold,Paid Search
C027381,Kai,Davis,kai.davis27381@example.com,Austin,South,2025-08-14,Silver,Paid Search
C021267,Drew,Adams,drew.adams21267@example.com,Dallas,South,2022-06-17,Gold,Social
C010020,Alex,Garcia,alex.garcia10020@example.com,Charlotte,South,2023-06-14,,Retail Store
C024663,Riley,Garcia,riley.garcia24663@example.com,Indianapolis,Midwest,2021-08-25,,Organic
C008575,Sam,Smith,sam.smith8575@example.com,Austin,South,2024-01-27,Silver,Paid Search
C021507,Cameron,Hughes,cameron.hughes21507@example.com,Providence,Northeast,2025-06-08,Silver,Organic
C008365,Riley,Johnson,riley.johnson8365@example.com,Austin,South,2022-10-24,,Organic
C002959,Quinn,Martinez,quinn.martinez2959@example.com,Phoenix,West,2022-09-09,,Paid Search
C026274,Taylor,Brooks,taylor.brooks26274@example.com,Portland,West,2022-02-18,,Organic
C025181,Kai,Smith,kai.smith25181@example.com,Charlotte,South,2021-10-04,Silver,Referral
C028002,Alex,Patel,alex.patel28002@example.com,New York,Northeast,2024-11-22,,Referral
C021694,Morgan,Johnson,morgan.johnson21694@example.com,Nashville,South,2021-06-23,Gold,Organic
C026188,Casey,Martinez,casey.martinez26188@example.com,Denver,West,2023-10-06,,Retail Store
C028018,Parker,Martinez,parker.martinez28018@example.com,,Northeast,2022-12-10,Gold,Paid Search
C009768,Alex,Turner,alex.turner9768@example.com,Columbus,Midwest,2024-03-29,Silver,Organic
C006290,Emerson,Brooks,emerson.brooks6290@example.com,Charlotte,South,2025-09-09,Gold,Social
C023339,Quinn,Garcia,quinn.garcia23339@example.com,Columbus,Midwest,2024-05-06,,Social
C000035,Taylor,Lee,taylor.lee35@example.com,Nashville,South,2021-11-24,,Organic
C008846,Taylor,Smith,taylor.smith8846@example.com,Philadelphia,Northeast,2023-10-31,Platinum,Organic
C024192,Riley,Garcia,riley.garcia24192@example.com,Seattle,West,2023-08-01,,Retail Store
C010804,Parker,Turner,parker.turner10804@example.com,Charlotte,South,2022-12-08,,Retail Store
C018888,Taylor,Smith,taylor.smith18888@example.com,Boston,Northeast,2021-03-14,Gold,Organic
C022337,Kai,Martinez,kai.martinez22337@example.com,Boston,Northeast,2023-12-30,Silver,Paid Search
C015200,Emerson,Patel,emerson.patel15200@example.com,Los Angeles,West,2021-03-19,,Social
C003483,Cameron,Turner,cameron.turner3483@example.com,Los Angeles,West,2023-11-20,,Social
C010657,Avery,Johnson,avery.johnson10657@example.com,Phoenix,West,2022-05-21,,Paid Search
C021454,Kai,Hughes,kai.hughes21454@example.com,Atlanta,South,2022-08-27,Silver,Organic
C002993,Jordan,Davis,jordan.davis2993@example.com,Minneapolis,Midwest,2024-05-24,,Retail Store
C003704,Morgan,Patel,morgan.patel3704@example.com,Dallas,South,2023-05-25,,Paid Search
C005747,Alex,Martinez,alex.martinez5747@example.com,Austin,South,2022-07-29,,Organic
C029769,Taylor,Hughes,taylor.hughes29769@example.com,Dallas,South,2025-01-29,Silver,Paid Search
C000551,Kai,Adams,kai.adams551@example.com,Portland,West,2024-01-25,,Retail Store
C022666,Kai,Patel,kai.patel22666@example.com,Los Angeles,West,2023-12-05,,Social
C006175,Jordan,Turner,jordan.turner6175@example.com,Denver,West,2021-10-29,,Paid Search
C003403,Emerson,Smith,emerson.smith3403@example.com,Detroit,Midwest,2021-04-28,Silver,Organic
C013518,Jordan,Adams,jordan.adams13518@example.com,New York,Northeast,2021-04-06,Silver,Paid Search
C016127,Morgan,Rivera,morgan.rivera16127@example.com,Atlanta,South,2025-03-26,Gold,Paid Search
C005035,Kai,Smith,kai.smith5035@example.com,Minneapolis,Midwest,2021-04-04,SILVER,Referral
C024659,Jordan,Adams,jordan.adams24659@example.com,Seattle,West,2025-07-15,,Retail Store
C021164,Morgan,Martinez,morgan.martinez21164@example.com,Denver,West,2021-09-07,,Paid Search
C020423,Sam,Davis,sam.davis20423@example.com,Pittsburgh,Northeast,2024-11-28,,Social
C015210,Kai,Patel,kai.patel15210@example.com,Nashville,South,2023-06-22,,Organic
C006112,Riley,Rivera,riley.rivera6112@example.com,Atlanta,South,2023-10-07,,Organic
C015231,Parker,Rivera,parker.rivera15231@example.com,Indianapolis,Midwest,2023-11-01,Silver,Paid Search
C001792,Cameron,Chen,cameron.chen1792@example.com,Denver,West,2022-11-04,,Social
C005648,Drew,Brooks,drew.brooks5648@example.com,Boston,Northeast,2024-04-05,,Social
C010155,Quinn,Patel,quinn.patel10155@example.com,Phoenix,West,2025-07-31,Silver,Referral
C007913,Taylor,Patel,taylor.patel7913@example.com,Boston,Northeast,2023-09-11,,Organic
C001279,Morgan,Hughes,morgan.hughes1279@example.com,Portland,West,2022-07-14,,Referral
C004520,Emerson,Rivera,emerson.rivera4520@example.com,New York,Northeast,2023-10-11,,Referral
C024783,Cameron,Hughes,cameron.hughes24783@example.com,Atlanta,South,2021-07-12,Gold,Retail Store
C002849,Riley,Smith,riley.smith2849@example.com,Providence,Northeast,2023-09-07,,Paid Search
C012210,Morgan,Adams,morgan.adams12210@example.com,Indianapolis,Midwest,2023-02-28,Silver,Referral
C003470,Cameron,Rivera,cameron.rivera3470@example.com,New York,Northeast,2022-04-13,Gold,Social
C005655,Sam,Kim,sam.kim5655@example.com,Dallas,South,2023-07-02,,Organic
C027913,Alex,Turner,alex.turner27913@example.com,Providence,Northeast,2024-01-31,Silver,Referral
C028054,Emerson,Johnson,emerson.johnson28054@example.com,Atlanta,South,2024-07-21,Silver,Retail Store
C028421,Cameron,Hughes,cameron.hughes28421@example.com,Minneapolis,Midwest,2021-10-05,Platinum,Paid Search
C019833,Kai,Davis,kai.davis19833@example.com,Boston,Northeast,2021-12-23,Silver,Referral
C024714,Quinn,Garcia,quinn.garcia24714@example.com,Atlanta,South,2025-10-22,,Retail Store
C014574,Emerson,Smith,emerson.smith14574@example.com,Philadelphia,Northeast,2024-06-15,Gold,Retail Store
C023635,Morgan,Smith,morgan.smith23635@example.com,Nashville,South,2025-11-22,Silver,Referral
C000424,Sam,Chen,sam.chen424@example.com,Atlanta,South,2022-12-12,,Retail Store
C010005,Kai,Kim,kai.kim10005@example.com,Phoenix,West,2025-03-21,,Referral
C014929,Drew,Davis,drew.davis14929@example.com,Pittsburgh,Northeast,2021-11-10,Gold,Referral
C018241,Sam,Brooks,sam.brooks18241@example.com,Los Angeles,West,2023-02-09,Silver,Retail Store
C012341,Jordan,Martinez,jordan.martinez12341@example.com,Charlotte,South,2025-11-09,Silver,Organic
C029407,Quinn,Hughes,quinn.hughes29407@example.com,Austin,South,2023-10-26,Gold,Paid Search
C003247,Avery,Rivera,avery.rivera3247@example.com,Atlanta,South,2022-03-29,,Retail Store
C014148,Kai,Chen,kai.chen14148@example.com,Indianapolis,Midwest,2025-10-22,,Paid Search
C010576,Emerson,Rivera,emerson.rivera10576@example.com,Boston,Northeast,2023-06-12,,Organic
C014972,Emerson,Patel,emerson.patel14972@example.com,Providence,Northeast,2024-06-07,,Organic
C018697,Parker,Garcia,parker.garcia18697@example.com,Phoenix,West,2022-12-23,,Social
C002944,Riley,Kim,riley.kim2944@example.com,Seattle,West,2022-06-25,Gold,Social
C020843,Kai,Kim,kai.kim20843@example.com,New York,Northeast,2021-08-24,,Referral
C027700,Avery,Adams,avery.adams27700@example.com,Nashville,South,2025-08-16,Silver,Paid Search
C007965,Drew,Martinez,drew.martinez7965@example.com,Philadelphia,Northeast,2025-05-17,,Organic
C011288,Riley,Chen,riley.chen11288@example.com,Phoenix,West,2025-07-09,,Paid Search
C007924,Kai,Garcia,kai.garcia7924@example.com,Indianapolis,Midwest,2023-02-22,Silver,Retail Store
C005713,Alex,Turner,alex.turner5713@example.com,Charlotte,South,2021-03-28,Silver,Social
C017977,Taylor,Lee,taylor.lee17977@example.com,Phoenix,West,2022-01-22,,Organic
C008440,Kai,Rivera,kai.rivera8440@example.com,Austin,South,2021-04-29,,Social
C025047,Riley,Garcia,riley.garcia25047@example.com,Dallas,South,2024-03-19,,Referral
C001247,Emerson,Lee,emerson.lee1247@example.com,Pittsburgh,Northeast,2025-05-22,,Retail Store
C009116,Cameron,Kim,cameron.kim9116@example.com,Seattle,West,2025-09-22,Silver,Retail Store
C012750,Morgan,Smith,morgan.smith12750@example.com,Dallas,South,2022-01-19,Silver,Paid Search
C003848,Riley,Adams,riley.adams3848@example.com,Providence,Northeast,2021-07-05,Platinum,Paid Search
C005788,Sam,Kim,sam.kim5788@example.com,Los Angeles,West,2024-05-28,,Social
C000342,Taylor,Patel,taylor.patel342@example.com,Pittsburgh,Northeast,2025-01-24,Gold,Social
C017829,Taylor,Martinez,taylor.martinez17829@example.com,Austin,South,2022-07-11,,Organic
C020465,Alex,Brooks,alex.brooks20465@example.com,Boston,Northeast,2022-06-04,Silver,Organic
C007398,Jordan,Garcia,jordan.garcia7398@example.com,Philadelphia,Northeast,2022-12-13,,Organic
C008320,Kai,Kim,kai.kim8320@example.com,Philadelphia,Northeast,2024-10-10,Platinum,Organic
C009104,Morgan,Martinez,morgan.martinez9104@example.com,Atlanta,South,2024-10-24,Silver,Organic
C011924,Casey,Brooks,casey.brooks11924@example.com,Austin,South,2021-05-28,,Social
C012696,Cameron,Kim,cameron.kim12696@example.com,New York,Northeast,2022-10-12,Silver,Organic
C004236,Taylor,Turner,taylor.turner4236@example.com,Philadelphia,Northeast,2023-10-17,,Referral
C001079,Cameron,Patel,cameron.patel1079@example.com,Seattle,West,2025-06-05,,Organic
C017235,Taylor,Davis,taylor.davis17235@example.com,Nashville,South,2025-07-18,,Retail Store
C023030,Parker,Brooks,parker.brooks23030@example.com,Denver,West,2024-08-21,Platinum,Retail Store
C002394,Kai,Johnson,kai.johnson2394@example.com,Los Angeles,West,2024-11-02,Silver,Paid Search
C012619,Morgan,Martinez,morgan.martinez12619@example.com,Denver,West,2021-12-10,,Paid Search
C026834,Morgan,Smith,morgan.smith26834@example.com,New York,Northeast,2025-10-07,,Organic
C025436,Emerson,Garcia,emerson.garcia25436@example.com,Providence,Northeast,2024-03-09,,Social
C001677,Avery,Garcia,avery.garcia1677@example.com,Indianapolis,Midwest,2023-02-21,,Paid Search
C005501,Drew,Chen,drew.chen5501@example.com,Boston,Northeast,2021-01-30,,Retail Store
C020890,Alex,Adams,alex.adams20890@example.com,Seattle,West,2024-05-05,,Paid Search
C007894,Cameron,Lee,cameron.lee7894@example.com,New York,Northeast,2022-01-22,,Retail Store
C008414,Emerson,Martinez,emerson.martinez8414@example.com,Phoenix,West,2021-03-04,,Social
C003581,Jordan,Garcia,jordan.garcia3581@example.com,Denver,West,2023-06-30,,Referral
C010582,Cameron,Kim,cameron.kim10582@example.com,Austin,South,2025-01-02,Silver,Organic
C010709,Avery,Garcia,avery.garcia10709@example.com,Pittsburgh,Northeast,2025-08-01,Gold,Paid Search
C009839,Casey,Hughes,casey.hughes9839@example.com,Dallas,South,2025-10-21,,Social
C026663,Morgan,Johnson,morgan.johnson26663@example.com,Columbus,Midwest,2023-02-23,Gold,Organic
C002648,Morgan,Rivera,morgan.rivera2648@example.com,Boston,Northeast,2024-08-11,Platinum,Social
C023897,Quinn,Brooks,quinn.brooks23897@example.com,New York,Northeast,2023-08-26,Silver,Paid Search
C020570,Kai,Johnson,kai.johnson20570@example.com,Dallas,South,2025-01-11,,Social
C015050,Parker,Hughes,parker.hughes15050@example.com,Indianapolis,Midwest,2023-12-12, gold ,Paid Search
C015336,Drew,Chen,drew.chen15336@example.com,Chicago,Midwest,2024-08-08,,Social
C027264,Jordan,Chen,jordan.chen27264@example.com,Philadelphia,Northeast,2023-10-01,,Organic
C020659,Riley,Brooks,riley.brooks20659@example.com,Seattle,West,2025-05-23,Silver,Paid Search
C003965,Morgan,Kim,morgan.kim3965@example.com,Dallas,South,2024-08-16,,Organic
C001805,Quinn,Johnson,quinn.johnson1805@example.com,Austin,South,2022-08-31,,Social
C014700,Riley,Kim,riley.kim14700@example.com,Detroit,Midwest,2021-03-03,,Social
C022013,Riley,Martinez,riley.martinez22013@example.com,Charlotte,South,2025-07-28,,Organic
C024002,Kai,Davis,kai.davis24002@example.com,Los Angeles,West,2023-11-01,,Organic
C021528,Parker,Kim,parker.kim21528@example.com,Denver,West,2024-08-21,Silver,Paid Search
C021367,Casey,Hughes,casey.hughes21367@example.com,Charlotte,South,2021-02-26,Silver,Retail Store
C023069,Kai,Patel,kai.patel23069@example.com,Austin,South,2021-07-07,,Paid Search
C019139,Jordan,Johnson,jordan.johnson19139@example.com,Boston,Northeast,2025-09-15,Gold,Organic
C003799,Avery,Patel,avery.patel3799@example.com,Atlanta,South,2025-08-25,Silver,Organic
C014971,Drew,Adams,drew.adams14971@example.com,Chicago,Midwest,2022-04-26,,Social
C006815,Morgan,Hughes,morgan.hughes6815@example.com,New York,Northeast,2025-07-03,,Organic
C012377,Avery,Smith,avery.smith12377@example.com,Indianapolis,Midwest,2023-03-20,Silver,Paid Search
C003106,Quinn,Turner,quinn.turner3106@example.com,Dallas,South,2024-07-29,Silver,Organic
C008086,Avery,Brooks,avery.brooks8086@example.com,Detroit,Midwest,2024-07-22,Gold,Organic
C026827,Sam,Brooks,sam.brooks26827@example.com,Nashville,South,2024-11-04,,Organic
C014760,Emerson,Garcia,emerson.garcia14760@example.com,Dallas,South,2025-03-28,,Organic
C023731,Alex,Smith,alex.smith23731@example.com,Minneapolis,Midwest,2023-12-29,Silver,Paid Search
C028097,Emerson,Smith,emerson.smith28097@example.com,Atlanta,South,2025-06-14,Silver,Organic
C027924,Sam,Martinez,sam.martinez27924@example.com,Denver,West,2024-05-06,,Organic
C010573,Cameron,Kim,cameron.kim10573@example.com,Atlanta,South,2025-02-06,Silver,Retail Store
C024157,Emerson,Davis,emerson.davis24157@example.com,Denver,West,2022-06-22,Silver,Organic
C029612,Quinn,Johnson,quinn.johnson29612@example.com,New York,Northeast,2024-06-18,,Referral
C019561,Jordan,Hughes,jordan.hughes19561@example.com,Phoenix,West,2023-10-15,Silver,Paid Search
C015002,Alex,Kim,alex.kim15002@example.com,Detroit,Midwest,2022-11-16,Silver,Organic
C001340,Emerson,Hughes,emerson.hughes1340@example.com,Minneapolis,Midwest,2022-04-29,,Organic
C015063,Parker,Kim,parker.kim15063@example.com,Dallas,South,2023-12-19,,Referral
C007901,Jordan,Kim,jordan.kim7901@example.com,Charlotte,South,2021-06-20,Silver,Organic
C017960,Kai,Garcia,kai.garcia17960@example.com,Dallas,South,2021-08-26,,Referral
C009092,Morgan,Turner,morgan.turner9092@example.com,Columbus,Midwest,2022-02-20,Silver,Retail Store
C004144,Sam,Kim,sam.kim4144@example.com,Charlotte,South,2021-06-16,,Organic
C021437,Alex,Lee,alex.lee21437@example.com,Philadelphia,Northeast,2022-01-13,,Organic
C025688,Drew,Martinez,drew.martinez25688@example.com,Chicago,Midwest,2025-10-06,,Retail Store
C012849,Jordan,Adams,jordan.adams12849@example.com,Phoenix,West,2024-10-30,,Paid Search
C014001,Quinn,Kim,quinn.kim14001@example.com,Austin,South,2025-02-15,Silver,Paid Search
C017673,Drew,Patel,drew.patel17673@example.com,Nashville,South,2024-04-05,,Organic
C026729,Drew,Johnson,drew.johnson26729@example.com,Seattle,West,2024-11-05,Gold,Referral
C008858,Jordan,Garcia,jordan.garcia8858@example.com,Seattle,West,2022-10-17,,Referral
C009723,Taylor,Rivera,taylor.rivera9723@example.com,Seattle,West,2023-07-16,,Referral
C027792,Kai,Chen,kai.chen27792@example.com,Pittsburgh,Northeast,2025-05-07,,Social
C001973,Taylor,Lee,taylor.lee1973@example.com,Philadelphia,Northeast,2024-04-01,,Retail Store
C007250,Emerson,Lee,emerson.lee7250@example.com,Nashville,South,2022-07-28,,Referral
C018929,Emerson,Chen,emerson.chen18929@example.com,Charlotte,South,2022-10-17,Gold,Paid Search
C010310,Kai,Chen,kai.chen10310@example.com,Pittsburgh,Northeast,2024-12-07,,Paid Search
C005199,Sam,Brooks,sam.brooks5199@example.com,Portland,West,2025-05-22,,Paid Search
C022965,Drew,Hughes,drew.hughes22965@example.com,Denver,West,2022-02-21,,Referral
C019588,Quinn,Rivera,quinn.rivera19588@example.com,Pittsburgh,Northeast,2024-05-07,Platinum,Social
C006690,Parker,Brooks,parker.brooks6690@example.com,Nashville,South,2024-01-17,Silver,Organic
C009133,Sam,Hughes,sam.hughes9133@example.com,Nashville,South,2021-10-17,Gold,Paid Search
C013539,Jordan,Martinez,jordan.martinez13539@example.com,Detroit,Midwest,2023-04-24,,Retail Store
C010719,Sam,Adams,sam.adams10719@example.com,Denver,West,2025-01-18,,Organic
C018973,Avery,Patel,avery.patel18973@example.com,Columbus,Midwest,2024-10-28,,Retail Store
C023424,Kai,Chen,kai.chen23424@example.com,Denver,West,2022-02-11,,Social
C004081,Drew,Smith,drew.smith4081@example.com,Los Angeles,West,2022-03-25,Gold,Paid Search
C026446,Emerson,Garcia,emerson.garcia26446@example.com,Indianapolis,Midwest,2024-05-22,Silver,Retail Store
C014332,Emerson,Martinez,emerson.martinez14332@example.com,Minneapolis,Midwest,2022-10-19,,Paid Search
C025917,Riley,Garcia,riley.garcia25917@example.com,Chicago,Midwest,2024-10-11,,Social
C010960,Riley,Turner,riley.turner10960@example.com,Pittsburgh,Northeast,2023-11-01,Silver,Organic
C008926,Sam,Patel,sam.patel8926@example.com,Atlanta,South,2023-08-11,Silver,Referral
C001922,Kai,Kim,kai.kim1922@example.com,New York,Northeast,2023-05-11,Silver,Paid Search
C003209,Sam,Davis,sam.davis3209@example.com,Phoenix,West,2025-08-03,,Organic
C025890,Cameron,Martinez,cameron.martinez25890@example.com,Phoenix,West,2022-06-30,Silver,Social
C029431,Cameron,Lee,cameron.lee29431@example.com,Phoenix,West,2024-01-03,Gold,Organic
C008592,Taylor,Turner,taylor.turner8592@example.com,New York,Northeast,2025-06-14,,Organic
C013119,Casey,Davis,casey.davis13119@example.com,Boston,Northeast,2022-10-23,,Organic
C003746,Drew,Rivera,drew.rivera3746@example.com,Atlanta,South,2024-12-22,,Paid Search
C017355,Alex,Garcia,alex.garcia17355@example.com,Portland,west,2024-12-20,Gold,Retail Store
C013619,Emerson,Brooks,emerson.brooks13619@example.com,Nashville,South,2021-01-30,Silver,Organic
C013763,Drew,Turner,drew.turner13763@example.com,Charlotte,South,2021-03-22,,Organic
C014658,Quinn,Kim,quinn.kim14658@example.com,Portland,West,2022-05-11,Platinum,Referral
C000500,Cameron,Smith,cameron.smith500@example.com,Pittsburgh,Northeast,2024-06-10,,Organic
C005200,Riley,Hughes,riley.hughes5200@example.com,Chicago,Midwest,2024-12-12,Gold,Retail Store
C008286,Drew,Turner,drew.turner8286@example.com,Columbus,Midwest,2025-09-13,,Organic
C028413,Alex,Johnson,alex.johnson28413@example.com,Portland,West,2022-10-24,,Social
C010526,Kai,Lee,kai.lee10526@example.com,Minneapolis,Midwest,2021-02-01,Silver,Referral
C023797,Quinn,Patel,quinn.patel23797@example.com,Columbus,Midwest,2025-05-15,Silver,Paid Search
C019818,Alex,Adams,alex.adams19818@example.com,Nashville,South,2024-06-19,,Referral
C013641,Alex,Hughes,alex.hughes13641@example.com,Chicago,Midwest,2021-10-02,Silver,Paid Search
C000007,Cameron,Davis,cameron.davis7@example.com,Minneapolis,Midwest,2022-12-24,Silver,Social
C022370,Drew,Davis,drew.davis22370@example.com,Boston,Northeast,2022-11-25,Gold,Organic
C000097,Morgan,Rivera,morgan.rivera97@example.com,Austin,South,2025-04-21,,Organic
C022368,Drew,Kim,drew.kim22368@example.com,Phoenix,West,2021-06-27,Gold,Retail Store
C011496,Drew,Hughes,drew.hughes11496@example.com,Atlanta,South,2022-12-13,Gold,Referral
C014637,Parker,Johnson,parker.johnson14637@example.com,Minneapolis,Midwest,2023-11-03,,Referral
C021791,Alex,Smith,alex.smith21791@example.com,New York,Northeast,2021-01-12,,Retail Store
C003586,Alex,Johnson,alex.johnson3586@example.com,Seattle,West,2021-06-05,Silver,Paid Search
C002112,Avery,Johnson,avery.johnson2112@example.com,Portland,West,2023-04-19,,Retail Store
C016000,Quinn,Davis,quinn.davis16000@example.com,Portland,West,2025-06-17,Silver,Social
C026795,Alex,Garcia,alex.garcia26795@example.com,Providence,Northeast,2025-06-20,,Social
C003695,Riley,Hughes,riley.hughes3695@example.com,Boston,Northeast,2025-10-24,Silver,Social
C028117,Emerson,Lee,emerson.lee28117@example.com,Phoenix,West,2022-12-04,,Paid Search
C021814,Jordan,Smith,jordan.smith21814@example.com,Boston,Northeast,2023-08-18,,Retail Store
C018621,Parker,Johnson,parker.johnson18621@example.com,Columbus,Midwest,2021-07-12,Gold,Retail Store
C022200,Alex,Patel,alex.patel22200@example.com,Columbus,Midwest,2022-11-08,Silver,Retail Store
C023261,Parker,Garcia,parker.garcia23261@example.com,Charlotte,South,2025-08-09,Gold,Organic
C011457,Avery,Davis,avery.davis11457@example.com,Philadelphia,Northeast,2023-01-10,,Retail Store
C009531,Drew,Johnson,drew.johnson9531@example.com,Nashville,South,2024-02-04,Silver,Referral
C020222,Morgan,Patel,morgan.patel20222@example.com,Denver,West,2025-09-06,,Paid Search
C014650,Parker,Hughes,parker.hughes14650@example.com,Nashville,South,2023-05-29,Platinum,Referral
C027749,Emerson,Johnson,emerson.johnson27749@example.com,Denver,West,2024-05-27,Silver,Organic
C027654,Morgan,Turner,morgan.turner27654@example.com,Minneapolis,Midwest,2022-11-10,Silver,Organic
C017067,Casey,Brooks,casey.brooks17067@example.com,Atlanta,South,2024-05-12,Silver,Social
C008363,Cameron,Smith,cameron.smith8363@example.com,Nashville,South,2022-07-20,Silver,Referral
C010024,Taylor,Turner,taylor.turner10024@example.com,Pittsburgh,Northeast,2022-10-22,Silver,Paid Search
C003379,Jordan,Smith,jordan.smith3379@example.com,Chicago,Midwest,2025-11-07,Gold,Referral
C026349,Avery,Brooks,avery.brooks26349@example.com,Pittsburgh,Northeast,2022-10-07,Gold,Paid Search
C021033,Quinn,Garcia,quinn.garcia21033@example.com,Dallas,South,2022-01-21,Gold,Organic
C008275,Morgan,Martinez,morgan.martinez8275@example.com,Dallas,South,2023-06-08,,Referral
C011538,Morgan,Adams,morgan.adams11538@example.com,Austin,South,2022-08-01,Gold,Social
C013317,Drew,Kim,drew.kim13317@example.com,Phoenix,West,2024-06-09,,Paid Search
C020388,Parker,Chen,parker.chen20388@example.com,Indianapolis,Midwest,2023-05-30,,Paid Search
C022047,Kai,Smith,kai.smith22047@example.com,Providence,Northeast,2025-07-30,,Paid Search
C012782,Casey,Chen,casey.chen12782@example.com,Providence,Northeast,2021-03-02,,Organic
C018904,Quinn,Adams,quinn.adams18904@example.com,Minneapolis,Midwest,2021-01-02,,Paid Search
C016712,Quinn,Johnson,quinn.johnson16712@example.com,Columbus,Midwest,2025-08-24,,Organic
C023590,Parker,Davis,parker.davis23590@example.com,Detroit,Midwest,2023-06-18,,Retail Store
C014726,Drew,Lee,drew.lee14726@example.com,Seattle,West,2021-11-26,,Referral
C020959,Taylor,Johnson,taylor.johnson20959@example.com,Atlanta,South,2022-02-09,,Paid Search
C001669,Sam,Davis,sam.davis1669@example.com,Denver,West,2024-01-19,Silver,Retail Store
C024759,Casey,Lee,casey.lee24759@example.com,Boston,Northeast,2021-10-07,,Paid Search
C004337,Emerson,Adams,emerson.adams4337@example.com,Columbus,Midwest,2023-01-26,,Organic
C015544,Cameron,Rivera,cameron.rivera15544@example.com,Austin,South,2025-03-19,Silver,Retail Store
C024410,Parker,Turner,parker.turner24410@example.com,Denver,West,2022-07-21,,Referral
C010991,Jordan,Davis,jordan.davis10991@example.com,Columbus,Midwest,2023-07-03,,Organic
C012164,Morgan,Johnson,morgan.johnson12164@example.com,Pittsburgh,Northeast,2023-09-13,,Organic
C004411,Jordan,Turner,jordan.turner4411@example.com,Boston,Northeast,2022-10-10,,Referral
C002859,Quinn,Kim,quinn.kim2859@example.com,Atlanta,South,2021-04-27,,Social
C010578,Cameron,Martinez,cameron.martinez10578@example.com,Dallas,South,2025-11-07,Gold,Social
C025786,Jordan,Martinez,jordan.martinez25786@example.com,New York,Northeast,2024-11-07,,Organic
C000463,Drew,Brooks,drew.brooks463@example.com,Portland,West,2025-04-11,Gold,Social
C006225,Alex,Chen,alex.chen6225@example.com,Columbus,Midwest,2024-11-25,,Organic
C009575,Parker,Hughes,parker.hughes9575@example.com,Seattle,West,2021-12-17,,Organic
C014984,Avery,Rivera,avery.rivera14984@example.com,Los Angeles,West,2022-12-10,Gold,Paid Search
C018398,Avery,Patel,avery.patel18398@example.com,Boston,Northeast,2024-10-31,Silver,Organic
C005763,Casey,Davis,casey.davis5763@example.com,Dallas,South,2025-10-06,,Organic
C018606,Taylor,Turner,taylor.turner18606@example.com,Denver,West,2023-05-09,,Referral
C010773,Casey,Johnson,casey.johnson10773@example.com,Seattle,West,2024-08-04,,Social
C008526,Quinn,Johnson,quinn.johnson8526@example.com,Providence,Northeast,2021-03-21,Silver,Social
C021372,Taylor,Lee,taylor.lee21372@example.com,Charlotte,South,2024-09-17,Gold,Referral
C024541,Casey,Chen,casey.chen24541@example.com,Austin,South,2024-07-25,,Social
C025628,Kai,Rivera,kai.rivera25628@example.com,Denver,West,2024-05-01,,Social
C029903,Riley,Davis,riley.davis29903@example.com,Philadelphia,Northeast,2024-10-05,Silver,Social
C008687,Taylor,Turner,taylor.turner8687@example.com,Minneapolis,Midwest,2022-10-15,,Retail Store
C004283,Morgan,Brooks,morgan.brooks4283@example.com,Detroit,Midwest,2021-05-28,Silver,Social
C022836,Cameron,Davis,cameron.davis22836@example.com,Providence,Northeast,2024-07-01,Silver,Social
C016478,Drew,Turner,drew.turner16478@example.com,Chicago,Midwest,2022-09-16,,Organic
C017589,Cameron,Brooks,cameron.brooks17589@example.com,Atlanta,South,2025-09-25,SILVER,Social
C007733,Morgan,Garcia,morgan.garcia7733@example.com,Denver,West,2021-11-17,,Retail Store
C017598,Kai,Adams,kai.adams17598@example.com,New York,Northeast,2025-07-11,Gold,Retail Store
C026014,Drew,Martinez,drew.martinez26014@example.com,Atlanta,South,2022-10-20,,Social
C020496,Jordan,Lee,jordan.lee20496@example.com,Dallas,South,2025-02-26,,Paid Search
C007404,Alex,Patel,alex.patel7404@example.com,Denver,West,2022-07-25,,Organic
C011888,Drew,Patel,drew.patel11888@example.com,Providence,Northeast,2021-09-09,,Referral
C020101,Emerson,Davis,emerson.davis20101@example.com,Los Angeles,West,2025-03-31,Gold,Organic
C017547,Parker,Martinez,parker.martinez17547@example.com,Phoenix,West,2021-11-05,,Paid Search
C002347,Parker,Martinez,parker.martinez2347@example.com,Philadelphia,Northeast,2022-07-14,Platinum,Organic
C022578,Emerson,Lee,emerson.lee22578@example.com,Austin,South,2021-01-18,Silver,Retail Store
C027870,Morgan,Johnson,morgan.johnson27870@example.com,Providence,Northeast,2025-09-12,Silver,Social
C021041,Sam,Rivera,sam.rivera21041@example.com,Chicago,Midwest,2023-12-11,,Retail Store
C012644,Kai,Turner,kai.turner12644@example.com,New York,Northeast,2022-11-24,,Paid Search
C021286,Emerson,Adams,emerson.adams21286@example.com,Portland,West,2022-11-22,Silver,Paid Search
C016690,Casey,Adams,casey.adams16690@example.com,Pittsburgh,Northeast,2025-11-29,Gold,Referral
C027350,Jordan,Kim,jordan.kim27350@example.com,Portland,West,2025-09-05,,Referral
C014559,Drew,Garcia,drew.garcia14559@example.com,Chicago,Midwest,2024-06-05,Silver,Social
C005437,Cameron,Brooks,cameron.brooks5437@example.com,Philadelphia,Northeast,2022-08-28,Silver,Referral
C025615,Quinn,Rivera,quinn.rivera25615@example.com,Dallas,South,2023-04-16,Silver,Social
C016089,Cameron,Smith,cameron.smith16089@example.com,Austin,South,2023-09-25,Silver,Organic
C028781,Kai,Brooks,kai.brooks28781@example.com,Indianapolis,Midwest,2025-06-06,Silver,Social
C010534,Jordan,Lee,jordan.lee10534@example.com,Denver,West,2025-10-25,,Paid Search
C015545,Parker,Davis,parker.davis15545@example.com,Atlanta,South,2022-03-12,Gold,Social
C008778,Morgan,Turner,morgan.turner8778@example.com,Austin,South,2023-02-04,Silver,Retail Store
C018098,Morgan,Smith,morgan.smith18098@example.com,Denver,West,2023-08-21,Silver,Retail Store
C006426,Casey,Lee,casey.lee6426@example.com,New York,Northeast,2022-06-11,Silver,Social
C020236,Avery,Patel,avery.patel20236@example.com,Indianapolis,Midwest,2023-01-02,,Paid Search
C016783,Quinn,Davis,quinn.davis16783@example.com,Charlotte,South,2021-10-26,Platinum,Paid Search
C025355,Drew,Lee,drew.lee25355@example.com,Minneapolis,Midwest,2021-09-15,Gold,Paid Search
C002975,Kai,Patel,kai.patel2975@example.com,Dallas,South,2025-11-06,Gold,Organic
C000879,Morgan,Turner,morgan.turner879@example.com,Providence,Northeast,2024-07-25,,Organic
C004757,Parker,Martinez,parker.martinez4757@example.com,Pittsburgh,Northeast,2022-04-11,,Organic
C013978,Casey,Turner,casey.turner13978@example.com,Portland,West,2025-09-23,Silver,Organic
C005557,Drew,Chen,drew.chen5557@example.com,Dallas,South,2025-04-18,Silver,Social
C001289,Parker,Davis,parker.davis1289@example.com,New York,Northeast,2025-03-23,,Paid Search
C023709,Alex,Adams,alex.adams23709@example.com,Dallas,South,2022-03-04,,Social
C005872,Riley,Kim,riley.kim5872@example.com,Boston,Northeast,2024-01-08,,Organic
C028746,Jordan,Chen,jordan.chen28746@example.com,Nashville,South,2024-01-05,,Paid Search
C006715,Avery,Davis,avery.davis6715@example.com,Indianapolis,Midwest,2021-12-20,,Organic
C013212,Parker,Kim,parker.kim13212@example.com,Charlotte,South,2025-11-05,Silver,Retail Store
C009316,Cameron,Martinez,cameron.martinez9316@example.com,Boston,Northeast,2023-08-02,,Paid Search
C023965,Taylor,Rivera,taylor.rivera23965@example.com,Philadelphia,Northeast,2022-01-06,,Retail Store
C015416,Taylor,Johnson,taylor.johnson15416@example.com,Dallas,South,2022-08-01,Silver,Social
C000346,Riley,Brooks,riley.brooks346@example.com,Indianapolis,Midwest,2023-03-09,Silver,Retail Store
C010613,Jordan,Adams,jordan.adams10613@example.com,Seattle,West,2025-11-16,,Organic
C029486,Alex,Kim,alex.kim29486@example.com,Atlanta,South,2021-03-23,,Referral
C023504,Cameron,Johnson,cameron.johnson23504@example.com,Portland,West,2023-02-23,,Paid Search
C013708,Sam,Patel,sam.patel13708@example.com,Providence,Northeast,2024-03-27,Silver,Social
C016172,Cameron,Rivera,cameron.rivera16172@example.com,New York,Northeast,2024-12-10,Gold,Retail Store
C026860,Drew,Turner,drew.turner26860@example.com,Dallas,South,2025-08-27,,Retail Store
C009949,Casey,Johnson,casey.johnson9949@example.com,Seattle,West,2025-06-28,,Retail Store
C011975,Jordan,Rivera,jordan.rivera11975@example.com,Austin,South,2025-03-21,,Organic
C010290,Parker,Lee,parker.lee10290@example.com,Phoenix,West,2025-01-19,Gold,Organic
C015412,Taylor,Hughes,taylor.hughes15412@example.com,Detroit,Midwest,2021-08-22,,Organic
C002321,Alex,Kim,alex.kim2321@example.com,Austin,South,2022-05-09,,Referral
C016996,Casey,Johnson,casey.johnson16996@example.com,Philadelphia,Northeast,2023-03-02,,Social
C012770,Quinn,Johnson,quinn.johnson12770@example.com,Dallas,South,2024-02-23,,Organic
C004458,Riley,Garcia,riley.garcia4458@example.com,Los Angeles,West,2022-08-21,Silver,Retail Store
C021828,Quinn,Rivera,quinn.rivera21828@example.com,Phoenix,West,2025-10-20,,Retail Store
C027348,Morgan,Kim,morgan.kim27348@example.com,Dallas,South,2021-11-05,,Retail Store
C025113,Taylor,Turner,taylor.turner25113@example.com,Columbus,Midwest,2021-07-22,Silver,Paid Search
C027684,Jordan,Martinez,jordan.martinez27684@example.com,,West,2022-03-04,Silver,Retail Store
C010399,Cameron,Rivera,cameron.rivera10399@example.com,Nashville,South,2024-04-25,,Paid Search
C029430,Riley,Patel,riley.patel29430@example.com,Columbus,Midwest,2024-07-31,,Paid Search
C023372,Sam,Garcia,sam.garcia23372@example.com,Nashville,South,2023-03-31,,Paid Search
C000574,Taylor,Adams,taylor.adams574@example.com,Pittsburgh,Northeast,2023-03-31,,Organic
C024938,Kai,Kim,kai.kim24938@example.com,Detroit,Midwest,2021-11-12,,Retail Store
C007175,Parker,Smith,parker.smith7175@example.com,Philadelphia,Northeast,2025-11-29,Silver,Retail Store
C019058,Jordan,Garcia,jordan.garcia19058@example.com,Denver,West,2024-01-17,,Social
C017715,Jordan,Johnson,jordan.johnson17715@example.com,Boston,Northeast,2021-12-05,,Paid Search
C018656,Avery,Adams,avery.adams18656@example.com,Atlanta,South,2025-11-16,,Organic
C016309,Riley,Rivera,riley.rivera16309@example.com,Charlotte,South,2022-03-23,Silver,Paid Search
C015403,Kai,Brooks,kai.brooks15403@example.com,Providence,Northeast,2023-06-07,Gold,Organic
C021081,Taylor,Patel,taylor.patel21081@example.com,Pittsburgh,Northeast,2025-01-02,,Paid Search
C027103,Kai,Lee,kai.lee27103@example.com,Los Angeles,West,2022-04-27,,Retail Store
C011136,Jordan,Patel,jordan.patel11136@example.com,Dallas,South,2024-05-10,Gold,Retail Store
C002603,Kai,Rivera,kai.rivera2603@example.com,New York,Northeast,2023-01-29,,Paid Search
C004179,Jordan,Brooks,jordan.brooks4179@example.com,Austin,South,2021-11-16,Silver,Paid Search
C019678,Taylor,Lee,taylor.lee19678@example.com,Pittsburgh,Northeast,2025-01-08,Silver,Referral
C024010,Jordan,Martinez,jordan.martinez24010@example.com,Phoenix,West,2021-11-09,,Paid Search
C019162,Taylor,Martinez,taylor.martinez19162@example.com,Pittsburgh,Northeast,2024-08-22,Silver,Paid Search
C022995,Taylor,Hughes,taylor.hughes22995@example.com,Charlotte,South,2023-10-25,,Referral
C015982,Cameron,Brooks,cameron.brooks15982@example.com,New York,Northeast,2024-04-09,Silver,Paid Search
C024628,Sam,Garcia,sam.garcia24628@example.com,Phoenix,West,2022-06-06,Gold,Organic
C018876,Casey,Smith,casey.smith18876@example.com,Chicago,Midwest,2021-04-22,Silver,Social
C009540,Taylor,Lee,taylor.lee9540@example.com,Austin,South,2025-07-20,,Social
C002820,Riley,Garcia,riley.garcia2820@example.com,Dallas,South,2025-10-27,,Paid Search
C028497,Sam,Hughes,sam.hughes28497@example.com,Dallas,South,2021-01-11,,Paid Search
C007726,Riley,Johnson,riley.johnson7726@example.com,Philadelphia,Northeast,2025-02-27,,Referral
C024507,Cameron,Hughes,cameron.hughes24507@example.com,Nashville,South,2023-04-26,Gold,Social
C029509,Alex,Davis,alex.davis29509@example.com,Philadelphia,Northeast,2024-12-22,,Organic
C001451,Morgan,Smith,morgan.smith1451@example.com,Boston,Northeast,2022-06-27,,Retail Store
C012340,Kai,Martinez,kai.martinez12340@example.com,Los Angeles,West,2025-06-09,,Paid Search
C020269,Alex,Turner,alex.turner20269@example.com,Dallas,South,2024-05-26,Silver,Paid Search
C000398,Parker,Smith,parker.smith398@example.com,Columbus,Midwest,2023-06-17,Gold,Retail Store
C004868,Cameron,Johnson,cameron.johnson4868@example.com,Los Angeles,West,2024-03-05,Gold,Paid Search
C004745,Avery,Garcia,avery.garcia4745@example.com,Columbus,Midwest,2024-01-29,,Organic
C002241,Parker,Chen,parker.chen2241@example.com,Seattle,West,2021-02-11,,Paid Search
C008675,Casey,Adams,casey.adams8675@example.com,Providence,Northeast,2021-04-01,Silver,Paid Search
C009888,Sam,Patel,sam.patel9888@example.com,Seattle,West,2022-01-10,,Organic
C009243,Avery,Garcia,avery.garcia9243@example.com,Philadelphia,Northeast,2021-06-17,Gold,Paid Search
C016144,Cameron,Rivera,cameron.rivera16144@example.com,Minneapolis,Midwest,2025-10-06,,Retail Store
C029112,Alex,Turner,alex.turner29112@example.com,Boston,Northeast,2024-09-23,Silver,Referral
C007443,Parker,Turner,parker.turner7443@example.com,Atlanta,South,2025-01-10,Silver,Referral
C006907,Parker,Adams,parker.adams6907@example.com,Dallas,South,2023-08-16,,Retail Store
C006523,Taylor,Garcia,taylor.garcia6523@example.com,Atlanta,South,2024-11-27,Silver,Retail Store
C029405,Sam,Brooks,sam.brooks29405@example.com,Seattle,West,2024-03-04,,Paid Search
C016613,Sam,Davis,sam.davis16613@example.com,Nashville,South,2022-04-24,,Retail Store
C014993,Emerson,Johnson,emerson.johnson14993@example.com,Charlotte,South,2024-11-29,Silver,Social
C024361,Morgan,Martinez,morgan.martinez24361@example.com,Dallas,South,2025-08-08,Silver,Referral
C019794,Quinn,Chen,quinn.chen19794@example.com,Austin,South,2021-05-12,,Referral
C012586,Cameron,Garcia,cameron.garcia12586@example.com,Chicago,Midwest,2022-03-07,,Organic
C021606,Drew,Davis,drew.davis21606@example.com,Indianapolis,Midwest,2024-04-01,Silver,Organic
C022797,Parker,Brooks,parker.brooks22797@example.com,Seattle,West,2023-05-20,Silver,Paid Search
C019287,Jordan,Martinez,jordan.martinez19287@example.com,Detroit,Midwest,2022-04-11,Gold,Retail Store
C008352,Cameron,Hughes,cameron.hughes8352@example.com,Philadelphia,Northeast,2021-11-16,Silver,Referral
C000093,Emerson,Chen,emerson.chen93@example.com,Denver,West,2025-07-16,Gold,Referral
C013039,Kai,Turner,kai.turner13039@example.com,Los Angeles,West,2024-10-14,,Organic
C011873,Jordan,Hughes,jordan.hughes11873@example.com,Phoenix,West,2023-09-21,Silver,Organic
C017386,Jordan,Turner,jordan.turner17386@example.com,Chicago,Midwest,2024-07-25,Platinum,Paid Search
C011734,Jordan,Adams,jordan.adams11734@example.com,Nashville,South,2024-03-25,,Organic
C024315,Drew,Chen,drew.chen24315@example.com,Providence,Northeast,2021-07-21,,Retail Store
C023678,Morgan,Garcia,morgan.garcia23678@example.com,Boston,Northeast,2024-09-06,Silver,Organic
C016967,Emerson,Brooks,emerson.brooks16967@example.com,Los Angeles,West,2021-06-02,Silver,Referral
C002731,Sam,Davis,sam.davis2731@example.com,Phoenix,West,2025-10-30,,Organic
C011223,Cameron,Smith,cameron.smith11223@example.com,Columbus,Midwest,2022-09-07,,Retail Store
C001484,Casey,Patel,casey.patel1484@example.com,Seattle,West,2025-09-23,Silver,Organic
C024134,Cameron,Hughes,cameron.hughes24134@example.com,Atlanta,South,2024-10-20,Silver,Retail Store
C027254,Riley,Martinez,riley.martinez27254@example.com,Philadelphia,Northeast,2021-05-13,,Social
C026552,Quinn,Chen,quinn.chen26552@example.com,Dallas,South,2025-11-28,,Referral
C005983,Taylor,Kim,taylor.kim5983@example.com,Providence,Northeast,2021-04-20,,Retail Store
C013102,Taylor,Adams,taylor.adams13102@example.com,New York,Northeast,2022-07-19,Silver,Paid Search
C021111,Taylor,Garcia,taylor.garcia21111@example.com,Detroit,Midwest,2021-03-12,,Social
C022744,Morgan,Garcia,morgan.garcia22744@example.com,New York,Northeast,2021-02-02,Gold,Social
C009294,Cameron,Chen,cameron.chen9294@example.com,Detroit,Midwest,2021-02-16,,Referral
C006910,Avery,Lee,avery.lee6910@example.com,Denver,West,2021-10-20,Silver,Paid Search
C027273,Emerson,Lee,emerson.lee27273@example.com,Austin,South,2024-01-15,,Referral
C007043,Sam,Brooks,sam.brooks7043@example.com,Providence,Northeast,2021-12-14,,Social
C006629,Casey,Davis,casey.davis6629@example.com,Los Angeles,West,2023-08-10,Gold,Retail Store
C027597,Casey,Garcia,casey.garcia27597@example.com,Boston,Northeast,2025-06-21,,Referral
C018368,Parker,Patel,parker.patel18368@example.com,Nashville,South,2025-11-16,,Social
C020490,Alex,Davis,alex.davis20490@example.com,Denver,West,2024-01-06,Silver,Paid Search
C029690,Riley,Adams,riley.adams29690@example.com,Atlanta,South,2023-09-17,,Paid Search
C011307,Emerson,Martinez,emerson.martinez11307@example.com,Minneapolis,Midwest,2023-01-18,Gold,Retail Store
C024179,Riley,Lee,riley.lee24179@example.com,Chicago,Midwest,2023-03-27,Silver,Paid Search
C007365,Drew,Davis,drew.davis7365@example.com,Denver,West,2024-06-02,Silver,Organic
C028702,Quinn,Rivera,quinn.rivera28702@example.com,Columbus,Midwest,2024-10-11,Silver,Organic
C026690,Parker,Chen,parker.chen26690@example.com,Pittsburgh,Northeast,2025-08-14,Gold,Retail Store
C015957,Riley,Brooks,riley.brooks15957@example.com,Dallas,South,2024-06-19,,Paid Search
C018110,Kai,Chen,kai.chen18110@example.com,Chicago,Midwest,2024-03-19,,Organic
C024014,Jordan,Johnson,jordan.johnson24014@example.com,Columbus,Midwest,2023-10-14,Platinum,Referral
C000352,Morgan,Johnson,morgan.johnson352@example.com,Philadelphia,Northeast,2024-10-06,,Paid Search
C008300,Kai,Kim,kai.kim8300@example.com,Austin,South,2025-08-24,Silver,Referral
C003877,Morgan,Garcia,morgan.garcia3877@example.com,New York,Northeast,2024-12-14,Silver,Paid Search
C011154,Sam,Johnson,sam.johnson11154@example.com,Nashville,South,2022-12-11,,Referral
C010301,Kai,Chen,kai.chen10301@example.com,Columbus,Midwest,2024-01-13,Gold,Social
C021714,Parker,Lee,parker.lee21714@example.com,Indianapolis,Midwest,2025-07-18,,Organic
C014444,Alex,Martinez,alex.martinez14444@example.com,Indianapolis,Midwest,2021-02-18,Silver,Social
C016766,Drew,Patel,drew.patel16766@example.com,Nashville,South,2024-03-31,Gold,Organic
C026931,Drew,Brooks,drew.brooks26931@example.com,Seattle,West,2022-03-12,Platinum,Referral
C021348,Emerson,Turner,emerson.turner21348@example.com,Detroit,Midwest,2022-06-16,Silver,Paid Search
C000743,Emerson,Chen,emerson.chen743@example.com,Denver,West,2021-03-16,Silver,Referral
C011353,Avery,Davis,avery.davis11353@example.com,Philadelphia,Northeast,2022-05-01,Gold,Social
C003065,Drew,Hughes,drew.hughes3065@example.com,Atlanta,South,2022-09-30,,Paid Search
C027495,Cameron,Brooks,cameron.brooks27495@example.com,Denver,West,2025-05-14,,Organic
C023735,Drew,Rivera,drew.rivera23735@example.com,Columbus,Midwest,2021-08-25,,Paid Search
C014511,Morgan,Rivera,morgan.rivera14511@example.com,Denver,West,2025-08-02,Silver,Referral
C008652,Morgan,Adams,morgan.adams8652@example.com,Portland,West,2022-12-10,Gold,Paid Search
C027923,Avery,Turner,avery.turner27923@example.com,Austin,South,2024-10-11,Gold,Paid Search
C025881,Emerson,Chen,emerson.chen25881@example.com,Phoenix,West,2022-12-11,Gold,Social
C015548,Jordan,Brooks,jordan.brooks15548@example.com,Portland,West,2024-09-06,Platinum,Paid Search
C029697,Riley,Smith,riley.smith29697@example.com,Denver,West,2023-11-15,,Paid Search
C025270,Quinn,Chen,quinn.chen25270@example.com,Dallas,South,2025-07-11,Silver,Organic
C018552,Parker,Smith,parker.smith18552@example.com,Austin,South,2023-12-31,,Paid Search
C005211,Alex,Brooks,alex.brooks5211@example.com,Philadelphia,Northeast,2024-07-09,Gold,Paid Search
C015913,Sam,Chen,sam.chen15913@example.com,Minneapolis,Midwest,2022-12-13,,Referral
C017463,Casey,Garcia,casey.garcia17463@example.com,Providence,Northeast,2024-02-18,,Organic
C001088,Casey,Adams,casey.adams1088@example.com,Indianapolis,Midwest,2024-02-29,,Social
C007133,Parker,Patel,parker.patel7133@example.com,New York,Northeast,2024-10-04,,Paid Search
C009996,Riley,Chen,riley.chen9996@example.com,Seattle,West,2024-08-10,,Retail Store
C027047,Taylor,Kim,taylor.kim27047@example.com,Pittsburgh,Northeast,2025-01-26,Silver,Social
C029018,Riley,Chen,riley.chen29018@example.com,Pittsburgh,Northeast,2022-03-04,,Organic
C018838,Jordan,Rivera,jordan.rivera18838@example.com,Detroit,Midwest,2025-03-11,,Referral
C018198,Casey,Patel,casey.patel18198@example.com,Nashville,South,2023-12-29,,Social
C015644,Jordan,Davis,jordan.davis15644@example.com,Philadelphia,Northeast,2024-10-06,,Paid Search
C004580,Drew,Lee,drew.lee4580@example.com,Boston,Northeast,2023-12-31,Silver,Retail Store
C011379,Sam,Johnson,sam.johnson11379@example.com,,South,2023-04-05,,Referral
C001054,Emerson,Martinez,emerson.martinez1054@example.com,New York,Northeast,2022-04-11,Silver,Social
C012218,Alex,Brooks,alex.brooks12218@example.com,Charlotte,South,2025-01-24,Silver,Retail Store
C018918,Jordan,Lee,jordan.lee18918@example.com,Chicago,Midwest,2021-03-06,Platinum,Social
C020778,Emerson,Smith,emerson.smith20778@example.com,Charlotte,South,2023-11-02,,Social
C014098,Kai,Turner,kai.turner14098@example.com,Philadelphia,Northeast,2023-06-07,,Paid Search
C021850,Drew,Davis,drew.davis21850@example.com,Nashville,South,2025-07-28,,Referral
C019437,Kai,Garcia,kai.garcia19437@example.com,Philadelphia,Northeast,2024-06-13,,Paid Search
C004581,Alex,Smith,alex.smith4581@example.com,New York,Northeast,2024-12-03,,Organic
C019595,Casey,Lee,casey.lee19595@example.com,Denver,West,2024-11-21,Silver,Paid Search
C018108,Emerson,Martinez,emerson.martinez18108@example.com,Pittsburgh,Northeast,2024-02-21,Silver,Organic
C023967,Sam,Adams,sam.adams23967@example.com,Austin,South,2024-01-10,Silver,Referral
C024871,Parker,Adams,parker.adams24871@example.com,Nashville,South,2022-10-29,Silver,Paid Search
C011995,Sam,Patel,sam.patel11995@example.com,Philadelphia,Northeast,2022-11-26,Silver,Organic
C025338,Jordan,Davis,jordan.davis25338@example.com,Dallas,South,2023-02-07,Gold,Referral
C006215,Alex,Adams,alex.adams6215@example.com,Providence,Northeast,2021-09-15,Silver,Organic
C028062,Quinn,Davis,quinn.davis28062@example.com,Nashville,South,2021-09-20,Silver,Referral
C010674,Cameron,Davis,cameron.davis10674@example.com,Atlanta,South,2022-05-17,,Retail Store
C019961,Alex,Hughes,alex.hughes19961@example.com,Detroit,Midwest,2023-05-04,,Social
C004207,Kai,Rivera,kai.rivera4207@example.com,Chicago,Midwest,2022-11-30,Silver,Referral
C021344,Taylor,Adams,taylor.adams21344@example.com,Seattle,West,2023-07-17,Silver,Social
C013433,Cameron,Davis,cameron.davis13433@example.com,Minneapolis,Midwest,2023-10-16,,Paid Search
C010868,Taylor,Lee,taylor.lee10868@example.com,Columbus,Midwest,2024-01-10,,Organic
C026692,Parker,Rivera,parker.rivera26692@example.com,Charlotte,South,2023-03-19,,Organic
C021742,Morgan,Kim,morgan.kim21742@example.com,Charlotte,South,2021-08-19,,Retail Store
C003548,Alex,Turner,alex.turner3548@example.com,Atlanta,South,2024-06-28,Silver,Social
C025699,Morgan,Johnson,morgan.johnson25699@example.com,Austin,South,2023-05-08,Gold,Social
C001119,Parker,Garcia,parker.garcia1119@example.com,Minneapolis,Midwest,2023-03-02,,Referral
C004707,Cameron,Patel,cameron.patel4707@example.com,Minneapolis,Midwest,2021-04-16,Gold,Organic
C025163,Jordan,Davis,jordan.davis25163@example.com,Los Angeles,West,2023-08-28,Gold,Paid Search
C016672,Kai,Chen,kai.chen16672@example.com,Nashville,South,2022-11-21,Silver,Organic
C000627,Alex,Patel,alex.patel627@example.com,Charlotte,South,2025-10-04,,Organic
C002885,Emerson,Lee,emerson.lee2885@example.com,Columbus,Midwest,2022-07-06,Gold,Retail Store
C018416,Riley,Martinez,riley.martinez18416@example.com,Seattle,West,2024-05-20,,Organic
C025241,Casey,Davis,casey.davis25241@example.com,Pittsburgh,Northeast,2025-08-13,,Organic
C027176,Avery,Smith,avery.smith27176@example.com,Charlotte,South,2023-01-11,,Retail Store
C012029,Parker,Davis,parker.davis12029@example.com,Denver,West,2021-08-25,Silver,Referral
C029574,Casey,Brooks,casey.brooks29574@example.com,Providence,Northeast,2021-01-03,,Organic
C010329,Jordan,Rivera,jordan.rivera10329@example.com,Minneapolis,Midwest,2025-05-14,,Organic
C009203,Taylor,Hughes,taylor.hughes9203@example.com,Denver,West,2021-07-23,Silver,Retail Store
C001537,Casey,Turner,casey.turner1537@example.com,Dallas,South,2025-09-03,,Retail Store
C004703,Morgan,Adams,morgan.adams4703@example.com,Atlanta,South,2022-03-02,Silver,Paid Search
C020530,Drew,Turner,drew.turner20530@example.com,Boston,Northeast,2021-02-09,,Paid Search
C026118,Jordan,Chen,jordan.chen26118@example.com,Detroit,Midwest,2024-07-17,,Paid Search
C029358,Parker,Garcia,parker.garcia29358@example.com,Los Angeles,West,2023-01-22,,Paid Search
C022596,Sam,Davis,sam.davis22596@example.com,Nashville,South,2021-05-06,Gold,Referral
C000448,Drew,Adams,drew.adams448@example.com,Philadelphia,Northeast,2025-02-18,,Social
C022035,Taylor,Chen,taylor.chen22035@example.com,New York,Northeast,2023-04-22,,Referral
C009933,Cameron,Martinez,cameron.martinez9933@example.com,Philadelphia,Northeast,2022-10-22,,Referral
C020521,Taylor,Rivera,taylor.rivera20521@example.com,Providence,Northeast,2021-05-25,Platinum,Paid Search
C027304,Riley,Martinez,riley.martinez27304@example.com,Indianapolis,Midwest,2025-02-13,,Referral
C025632,Quinn,Garcia,quinn.garcia25632@example.com,Los Angeles,West,2025-03-06,,Retail Store
C004141,Taylor,Kim,taylor.kim4141@example.com,Providence,Northeast,2021-05-08,,Paid Search
C020433,Jordan,Kim,jordan.kim20433@example.com,Dallas,South,2024-09-20,,Retail Store
C012529,Drew,Turner,drew.turner12529@example.com,Boston,Northeast,2025-02-25,,Retail Store
C012236,Cameron,Johnson,cameron.johnson12236@example.com,Nashville,South,2025-11-10,,Social
C008030,Morgan,Adams,morgan.adams8030@example.com,Phoenix,West,2022-09-10,Silver,Retail Store
C011128,Kai,Rivera,kai.rivera11128@example.com,New York,Northeast,2023-08-14,,Referral
C021915,Alex,Adams,alex.adams21915@example.com,Denver,West,2025-02-25,,Paid Search
C012533,Alex,Martinez,alex.martinez12533@example.com,Providence,Northeast,2022-01-01,Platinum,Paid Search
C012827,Sam,Patel,sam.patel12827@example.com,Seattle,West,2025-11-24, gold ,Referral
C013009,Alex,Garcia,alex.garcia13009@example.com,Pittsburgh,Northeast,2024-01-27,,Paid Search
C012643,Taylor,Smith,taylor.smith12643@example.com,Columbus,Midwest,2023-07-07,Silver,Retail Store
C022263,Alex,Turner,alex.turner22263@example.com,New York,Northeast,2023-07-07,Silver,Organic
C028213,Kai,Turner,kai.turner28213@example.com,Philadelphia,Northeast,2023-07-21,Silver,Retail Store
C009214,Avery,Johnson,avery.johnson9214@example.com,Denver,West,2023-08-04,Gold,Paid Search
C014054,Riley,Rivera,riley.rivera14054@example.com,Detroit,Midwest,2025-06-02,,Organic
C006149,Drew,Lee,drew.lee6149@example.com,Phoenix,West,2025-04-27,,Organic
C020124,Casey,Garcia,casey.garcia20124@example.com,Austin,South,2025-06-03,Platinum,Organic
C003161,Kai,Kim,kai.kim3161@example.com,Chicago,Midwest,2021-01-04,,Social
C000274,Riley,Chen,riley.chen274@example.com,Dallas,South,2024-07-16,Silver,Paid Search
C023230,Emerson,Martinez,emerson.martinez23230@example.com,Providence,Northeast,2025-09-09,Gold,Referral
C016188,Sam,Rivera,sam.rivera16188@example.com,New York,Northeast,2025-09-07,Platinum,Paid Search
C003319,Casey,Chen,casey.chen3319@example.com,Philadelphia,Northeast,2022-06-17,,Social
C003712,Avery,Rivera,avery.rivera3712@example.com,New York,Northeast,2025-03-27, gold ,Retail Store
C013507,Kai,Johnson,kai.johnson13507@example.com,Indianapolis,Midwest,2023-12-04,Silver,Referral
C012555,Kai,Rivera,kai.rivera12555@example.com,Portland,West,2025-04-02,,Organic
C018835,Parker,Martinez,parker.martinez18835@example.com,Phoenix,West,2021-06-01,Gold,Retail Store
C006831,Alex,Garcia,alex.garcia6831@example.com,New York,Northeast,2025-02-11,Gold,Paid Search
C011575,Riley,Hughes,riley.hughes11575@example.com,Nashville,South,2024-08-30,,Referral
C003661,Taylor,Chen,taylor.chen3661@example.com,Seattle,West,2024-05-02,Gold,Social
C012520,Cameron,Smith,cameron.smith12520@example.com,Indianapolis,Midwest,2022-06-30,,Organic
C018087,Jordan,Martinez,jordan.martinez18087@example.com,Phoenix,West,2022-02-20,,Referral
C020483,Parker,Kim,parker.kim20483@example.com,Columbus,Midwest,2022-09-17,Silver,Organic
C015790,Cameron,Chen,cameron.chen15790@example.com,Nashville,South,2023-04-26,Platinum,Organic
C008758,Parker,Brooks,parker.brooks8758@example.com,Phoenix,West,2024-04-19,Silver,Retail Store
C001442,Alex,Turner,alex.turner1442@example.com,Philadelphia,Northeast,2023-02-05,,Referral
C018686,Kai,Davis,kai.davis18686@example.com,Detroit,Midwest,2021-09-02,Silver,Paid Search
C004541,Jordan,Turner,jordan.turner4541@example.com,Indianapolis,Midwest,2023-04-11,,Retail Store
C003384,Parker,Garcia,parker.garcia3384@example.com,Pittsburgh,Northeast,2023-04-06,,Organic
C013125,Quinn,Rivera,quinn.rivera13125@example.com,Dallas,South,2024-03-29,,Organic
C007571,Emerson,Smith,emerson.smith7571@example.com,Phoenix,West,2025-08-31,Silver,Organic
C010863,Casey,Turner,casey.turner10863@example.com,Denver,West,2024-07-11,Silver,Social
C026041,Avery,Brooks,avery.brooks26041@example.com,Atlanta,South,2021-12-10,Gold,Paid Search
C015228,Alex,Davis,alex.davis15228@example.com,Nashville,South,2022-10-04,Gold,Paid Search
C006120,Parker,Brooks,parker.brooks6120@example.com,New York,Northeast,2024-08-13,,Retail Store
C018925,Emerson,Smith,emerson.smith18925@example.com,Charlotte,South,2023-02-25,,Social
C008892,Emerson,Garcia,emerson.garcia8892@example.com,Chicago,Midwest,2023-07-31,,Referral
C010477,Casey,Martinez,casey.martinez10477@example.com,Portland,West,2021-06-21,Silver,Retail Store
C002230,Kai,Smith,kai.smith2230@example.com,Austin,South,2025-06-29,,Paid Search
C001816,Sam,Hughes,sam.hughes1816@example.com,Phoenix,West,2024-08-13,,Organic
C018337,Drew,Johnson,drew.johnson18337@example.com,Chicago,Midwest,2025-09-19,Silver,Paid Search
C002282,Alex,Martinez,alex.martinez2282@example.com,Denver,West,2024-08-26,,Paid Search
C024557,Casey,Patel,casey.patel24557@example.com,Seattle,West,2024-09-11,,Social
C019880,Casey,Chen,casey.chen19880@example.com,Boston,Northeast,2024-07-13,,Organic
C027003,Emerson,Rivera,emerson.rivera27003@example.com,Indianapolis,Midwest,2021-06-20,,Referral
C000844,Quinn,Martinez,quinn.martinez844@example.com,Providence,Northeast,2025-09-11,Silver,Social
C015678,Sam,Garcia,sam.garcia15678@example.com,Indianapolis,Midwest,2022-04-10,,Paid Search
C015393,Casey,Patel,casey.patel15393@example.com,Minneapolis,Midwest,2025-03-23,Silver,Paid Search
C009166,Emerson,Patel,emerson.patel9166@example.com,Austin,South,2021-12-20,,Social
C012768,Drew,Lee,drew.lee12768@example.com,Portland,West,2025-01-06,,Organic
C015844,Parker,Kim,parker.kim15844@example.com,Pittsburgh,Northeast,2022-01-01,Silver,Retail Store
C011143,Morgan,Rivera,morgan.rivera11143@example.com,New York,Northeast,2023-04-27,Silver,Paid Search
C022275,Drew,Adams,drew.adams22275@example.com,Dallas,South,2025-08-23,Silver,Social
C003257,Drew,Brooks,drew.brooks3257@example.com,Dallas,South,2025-01-06,Gold,Organic
C003906,Morgan,Hughes,morgan.hughes3906@example.com,Indianapolis,Midwest,2023-03-08,,Retail Store
C010388,Morgan,Chen,morgan.chen10388@example.com,Dallas,South,2023-05-21,Silver,Organic
C013572,Sam,Hughes,sam.hughes13572@example.com,Dallas,South,2023-01-22,,Paid Search
C018637,Casey,Hughes,casey.hughes18637@example.com,Dallas,South,2024-10-22,Gold,Paid Search
C020127,Sam,Turner,sam.turner20127@example.com,Charlotte,South,2021-03-03,Gold,Paid Search
C028186,Alex,Garcia,alex.garcia28186@example.com,Dallas,South,2021-06-24,Silver,Organic
C012043,Drew,Johnson,drew.johnson12043@example.com,Austin,South,2024-03-16,Silver,Organic
C018011,Emerson,Chen,emerson.chen18011@example.com,Austin,South,2025-07-22,Gold,Organic
C007318,Morgan,Adams,morgan.adams7318@example.com,Austin,South,2025-08-17,Gold,Retail Store
C012322,Alex,Davis,alex.davis12322@example.com,Philadelphia,Northeast,2023-11-18,Silver,Paid Search
C005385,Avery,Adams,avery.adams5385@example.com,Seattle,West,2023-01-12,,Social
C010456,Sam,Kim,sam.kim10456@example.com,Dallas,South,2023-12-15,,Social
C022915,Cameron,Martinez,cameron.martinez22915@example.com,Pittsburgh,Northeast,2024-08-17,Platinum,Organic
C020304,Alex,Chen,alex.chen20304@example.com,Nashville,South,2025-07-04,,Social
C002716,Quinn,Hughes,quinn.hughes2716@example.com,Detroit,Midwest,2025-09-09,,Social
C006726,Jordan,Adams,jordan.adams6726@example.com,Boston,Northeast,2024-09-28,,Organic
C000345,Quinn,Rivera,quinn.rivera345@example.com,Los Angeles,West,2022-09-10,,Organic
C015307,Kai,Lee,kai.lee15307@example.com,Los Angeles,West,2025-06-20,,Paid Search
C014122,Jordan,Davis,jordan.davis14122@example.com,Philadelphia,Northeast,2023-02-18,Silver,Organic
C000964,Morgan,Lee,morgan.lee964@example.com,Boston,Northeast,2024-01-02,Gold,Paid Search
C002013,Drew,Brooks,drew.brooks2013@example.com,Minneapolis,Midwest,2021-05-23,,Referral
C003243,Taylor,Martinez,taylor.martinez3243@example.com,Boston,Northeast,2022-12-04,,Retail Store
C004895,Emerson,Garcia,emerson.garcia4895@example.com,Los Angeles,West,2022-06-17,,Retail Store
C025998,Kai,Hughes,kai.hughes25998@example.com,Denver,West,2021-10-29,,Social
C025792,Cameron,Chen,cameron.chen25792@example.com,Austin,South,2022-01-17,,Referral
C015725,Cameron,Chen,cameron.chen15725@example.com,Charlotte,South,2023-08-13,,Paid Search
C011752,Riley,Adams,riley.adams11752@example.com,Denver,West,2024-09-12,,Referral
C022810,Drew,Adams,drew.adams22810@example.com,Phoenix,West,2022-04-10,,Organic
C023717,Quinn,Rivera,quinn.rivera23717@example.com,Seattle,West,2022-07-19,Silver,Paid Search
C003426,Avery,Smith,avery.smith3426@example.com,Nashville,South,2024-03-28,Gold,Organic
C027152,Riley,Lee,riley.lee27152@example.com,Dallas,South,2023-09-21,Silver,Paid Search
C004590,Quinn,Martinez,quinn.martinez4590@example.com,Pittsburgh,Northeast,2025-01-25,,Paid Search
C026784,Cameron,Martinez,cameron.martinez26784@example.com,Dallas,South,2021-04-21,,Paid Search
C008448,Morgan,Brooks,morgan.brooks8448@example.com,Portland,West,2025-05-13,,Retail Store
C015638,Quinn,Turner,quinn.turner15638@example.com,Boston,Northeast,2021-10-17,Platinum,Retail Store
C023741,Casey,Rivera,casey.rivera23741@example.com,Dallas,South,2024-04-30,,Organic
C009403,Casey,Smith,casey.smith9403@example.com,Charlotte,South,2024-02-04,Silver,Organic
C021911,Drew,Rivera,drew.rivera21911@example.com,Dallas,South,2023-08-31,,Organic
C005506,Emerson,Garcia,emerson.garcia5506@example.com,Boston,Northeast,2023-09-09,Silver,Retail Store
C020400,Quinn,Johnson,quinn.johnson20400@example.com,Dallas,South,2021-06-09,Silver,Paid Search
C008024,Drew,Martinez,drew.martinez8024@example.com,Providence,Northeast,2024-08-02,,Retail Store
C002572,Quinn,Smith,quinn.smith2572@example.com,Atlanta,South,2023-08-28,Gold,Organic
C002223,Parker,Garcia,parker.garcia2223@example.com,Nashville,South,2024-02-12,,Social
C023131,Casey,Hughes,casey.hughes23131@example.com,Philadelphia,Northeast,2021-08-23,,Referral
C010425,Emerson,Davis,emerson.davis10425@example.com,Dallas,South,2023-09-21,Silver,Organic
C003859,Sam,Adams,sam.adams3859@example.com,Minneapolis,Midwest,2025-05-04,Silver,Organic
C004242,Drew,Davis,drew.davis4242@example.com,Providence,Northeast,2022-03-25, gold ,Organic
C011864,Morgan,Johnson,morgan.johnson11864@example.com,New York,Northeast,2024-09-08,,Paid Search
C003475,Morgan,Turner,morgan.turner3475@example.com,Seattle,West,2022-02-02,Gold,Organic
C002130,Taylor,Martinez,taylor.martinez2130@example.com,Pittsburgh,Northeast,2025-07-08,Platinum,Paid Search
C014919,Morgan,Martinez,morgan.martinez14919@example.com,Providence,Northeast,2023-04-14,Gold,Referral
C028358,Kai,Hughes,kai.hughes28358@example.com,Nashville,South,2022-08-01,Silver,Paid Search
C029587,Emerson,Brooks,emerson.brooks29587@example.com,Chicago,Midwest,2024-04-27,Gold,Retail Store
C018478,Alex,Garcia,alex.garcia18478@example.com,Chicago,Midwest,2024-04-16,,Retail Store
C007406,Morgan,Garcia,morgan.garcia7406@example.com,Minneapolis,Midwest,2024-05-24,Gold,Social
C024492,Jordan,Smith,jordan.smith24492@example.com,Chicago,Midwest,2022-03-02,Gold,Paid Search
C027750,Avery,Patel,avery.patel27750@example.com,Charlotte,South,2022-03-13,Platinum,Retail Store
C018624,Avery,Rivera,avery.rivera18624@example.com,New York,Northeast,2023-12-25,,Retail Store
C004673,Avery,Smith,avery.smith4673@example.com,Portland,West,2023-11-16,Silver,Organic
C028968,Sam,Lee,sam.lee28968@example.com,Indianapolis,Midwest,2022-03-06,Silver,Paid Search
C000665,Riley,Martinez,riley.martinez665@example.com,Phoenix,West,2022-02-24,,Organic
C012224,Kai,Rivera,kai.rivera12224@example.com,Phoenix,West,2025-11-21,,Referral
C003980,Parker,Martinez,parker.martinez3980@example.com,Dallas,South,2022-09-02,Gold,Paid Search
C014740,Casey,Martinez,casey.martinez14740@example.com,Providence,Northeast,2024-08-29,Gold,Paid Search
C030000,Parker,Johnson,parker.johnson30000@example.com,Minneapolis,Midwest,2022-06-15,,Social
C011766,Emerson,Davis,emerson.davis11766@example.com,Portland,West,2022-12-19,Silver,Retail Store
C016484,Morgan,Smith,morgan.smith16484@example.com,Seattle,West,2023-06-25,Silver,Social
C014768,Alex,Rivera,alex.rivera14768@example.com,Indianapolis,Midwest,2021-07-08,,Social
C007564,Riley,Garcia,riley.garcia7564@example.com,Seattle,West,2024-11-09,Gold,Social
C010513,Quinn,Turner,quinn.turner10513@example.com,Los Angeles,West,2023-08-12,,Organic
C016938,Quinn,Martinez,quinn.martinez16938@example.com,Providence,Northeast,2023-11-22,Silver,Retail Store
C025983,Riley,Kim,riley.kim25983@example.com,Los Angeles,West,2023-03-06,Silver,Retail Store
C002981,Alex,Patel,alex.patel2981@example.com,Columbus,Midwest,2024-06-13,Silver,Social
C007554,Emerson,Chen,emerson.chen7554@example.com,Nashville,South,2025-03-07,Gold,Organic
C004392,Taylor,Hughes,taylor.hughes4392@example.com,Charlotte,South,2025-10-06,Silver,Retail Store
C028660,Emerson,Rivera,emerson.rivera28660@example.com,Austin,South,2023-08-05,,Paid Search
C026670,Drew,Patel,drew.patel26670@example.com,Boston,Northeast,2024-01-03,Gold,Organic
C011667,Avery,Chen,avery.chen11667@example.com,Minneapolis,Midwest,2022-03-11,Platinum,Retail Store
C012368,Cameron,Lee,cameron.lee12368@example.com,New York,Northeast,2021-01-23,,Paid Search
C013523,Casey,Brooks,casey.brooks13523@example.com,Boston,Northeast,2025-07-08,,Organic
C007331,Sam,Lee,sam.lee7331@example.com,Columbus,Midwest,2023-04-30,Silver,Retail Store
C004535,Jordan,Lee,jordan.lee4535@example.com,Atlanta,South,2025-02-23,Silver,Social
C004721,Quinn,Martinez,quinn.martinez4721@example.com,Austin,South,2025-06-20,,Retail Store
C013361,Riley,Smith,riley.smith13361@example.com,Atlanta,South,2022-12-11,Silver,Retail Store
C001924,Parker,Smith,parker.smith1924@example.com,Boston,Northeast,2021-07-18,Silver,Retail Store
C002930,Morgan,Smith,morgan.smith2930@example.com,New York,Northeast,2024-04-04,Platinum,Referral
C018594,Riley,Martinez,riley.martinez18594@example.com,Philadelphia,Northeast,2021-03-28,,Organic
C024911,Parker,Hughes,parker.hughes24911@example.com,Phoenix,West,2025-11-23,Platinum,Paid Search
C021020,Quinn,Davis,quinn.davis21020@example.com,Portland,West,2022-01-19,,Organic
C005389,Jordan,Patel,jordan.patel5389@example.com,Philadelphia,Northeast,2021-05-02,Silver,Social
C013329,Jordan,Smith,jordan.smith13329@example.com,Los Angeles,West,2025-10-27,Silver,Paid Search
C009990,Parker,Garcia,parker.garcia9990@example.com,Portland,West,2023-10-02,Gold,Paid Search
C021935,Morgan,Kim,morgan.kim21935@example.com,Denver,West,2022-12-28,,Organic
C016335,Casey,Lee,casey.lee16335@example.com,Phoenix,West,2022-09-24,,Retail Store
C020686,Jordan,Hughes,jordan.hughes20686@example.com,Phoenix,West,2024-11-17,,Social
C002623,Casey,Johnson,casey.johnson2623@example.com,Nashville,South,2023-05-31,Silver,Organic
C008650,Parker,Kim,parker.kim8650@example.com,Pittsburgh,Northeast,2023-05-08,,Paid Search
C020831,Casey,Adams,casey.adams20831@example.com,Austin,South,2025-02-28,,Referral
C012699,Emerson,Brooks,emerson.brooks12699@example.com,Indianapolis,Midwest,2021-01-22,Silver,Organic
C023911,Jordan,Johnson,jordan.johnson23911@example.com,Charlotte,South,2021-01-31,,Paid Search
C016223,Kai,Turner,kai.turner16223@example.com,Phoenix,West,2023-07-21,Gold,Organic
C016027,Riley,Davis,riley.davis16027@example.com,Seattle,West,2023-05-17,,Paid Search
C003707,Parker,Turner,parker.turner3707@example.com,New York,Northeast,2025-04-02,Silver,Social
C000279,Morgan,Turner,morgan.turner279@example.com,Pittsburgh,Northeast,2022-10-22,Silver,Paid Search
C007485,Jordan,Garcia,jordan.garcia7485@example.com,Los Angeles,West,2023-05-02,Silver,Social
C018572,Emerson,Johnson,emerson.johnson18572@example.com,Providence,Northeast,2022-04-04,,Retail Store
C011277,Drew,Kim,drew.kim11277@example.com,Atlanta,South,2022-10-16,,Organic
C021310,Alex,Johnson,alex.johnson21310@example.com,Austin,South,2021-02-14,Platinum,Paid Search
C006864,Drew,Hughes,drew.hughes6864@example.com,Detroit,Midwest,2023-12-08,Gold,Organic
C019707,Morgan,Lee,morgan.lee19707@example.com,Columbus,Midwest,2025-08-16,Silver,Social
C020415,Jordan,Lee,jordan.lee20415@example.com,Nashville,south,2025-03-18,Silver,Organic
C015487,Avery,Patel,avery.patel15487@example.com,Austin,South,2023-12-09,,Paid Search
C020797,Quinn,Davis,quinn.davis20797@example.com,Charlotte,South,2024-01-13,,Paid Search
C029479,Casey,Smith,casey.smith29479@example.com,Indianapolis,Midwest,2025-08-15,Silver,Social
C005781,Drew,Brooks,drew.brooks5781@example.com,New York,Northeast,2021-11-27,,Paid Search
C011409,Cameron,Hughes,cameron.hughes11409@example.com,Denver,West,2021-10-17,,Referral
C011636,Cameron,Garcia,cameron.garcia11636@example.com,Denver,West,2022-08-12,Gold,Organic
C009408,Morgan,Rivera,morgan.rivera9408@example.com,Philadelphia,Northeast,2022-03-30,Silver,Social
C011151,Kai,Patel,kai.patel11151@example.com,Pittsburgh,Northeast,2023-12-28,,Paid Search
C005502,Alex,Patel,alex.patel5502@example.com,Portland,West,2021-09-27,,Organic
C000853,Morgan,Rivera,morgan.rivera853@example.com,Detroit,Midwest,2024-08-13,Gold,Social
C007938,Jordan,Johnson,jordan.johnson7938@example.com,Portland,West,2022-04-07,Silver,Social
C017595,Riley,Turner,riley.turner17595@example.com,Denver,West,2023-07-02,Silver,Paid Search
C014171,Sam,Hughes,sam.hughes14171@example.com,Providence,Northeast,2023-01-10,,Organic
C023843,Cameron,Johnson,cameron.johnson23843@example.com,Chicago,Midwest,2022-10-17,,Organic
C023772,Drew,Lee,drew.lee23772@example.com,Nashville,South,2023-03-21,Silver,Social
C023565,Morgan,Garcia,morgan.garcia23565@example.com,Detroit,Midwest,2024-12-10,Silver,Organic
C010494,Cameron,Hughes,cameron.hughes10494@example.com,Detroit,Midwest,2023-04-16,,Organic
C011074,Alex,Rivera,alex.rivera11074@example.com,Chicago,Midwest,2021-02-26,,Paid Search
C016417,Drew,Lee,drew.lee16417@example.com,Phoenix,West,2023-06-30,,Referral
C011861,Avery,Johnson,avery.johnson11861@example.com,Seattle,West,2021-07-10,Gold,Retail Store
C011145,Kai,Patel,kai.patel11145@example.com,Columbus,Midwest,2025-03-31,Silver,Organic
C021831,Sam,Davis,sam.davis21831@example.com,Nashville,South,2025-10-13,Gold,Referral
C023842,Avery,Adams,avery.adams23842@example.com,Phoenix,West,2022-03-30,,Paid Search
C026799,Kai,Turner,kai.turner26799@example.com,Boston,Northeast,2021-04-22,,Social
C017790,Emerson,Patel,emerson.patel17790@example.com,Austin,South,2022-09-18,Gold,Social
C013665,Jordan,Chen,jordan.chen13665@example.com,Atlanta,South,2023-11-28,Platinum,Organic
C013109,Alex,Adams,alex.adams13109@example.com,Phoenix,West,2023-10-30,,Social
C018765,Casey,Garcia,casey.garcia18765@example.com,New York,Northeast,2024-08-20,,Social
C009513,Drew,Garcia,drew.garcia9513@example.com,Providence,Northeast,2025-08-13,,Organic
C008825,Drew,Chen,drew.chen8825@example.com,Indianapolis,Midwest,2021-07-04,,Retail Store
C011936,Taylor,Smith,taylor.smith11936@example.com,Philadelphia,Northeast,2022-02-03,Silver,Retail Store
C007664,Alex,Johnson,alex.johnson7664@example.com,Atlanta,South,2025-08-16,,Paid Search
C016259,Avery,Adams,avery.adams16259@example.com,Chicago,Midwest,2025-05-13,,Organic
C000197,Taylor,Patel,taylor.patel197@example.com,Charlotte,South,2022-11-07,,Social
C018714,Quinn,Patel,quinn.patel18714@example.com,Austin,South,2021-10-28,,Organic
C028526,Morgan,Lee,morgan.lee28526@example.com,Boston,Northeast,2021-10-23,,Organic
C024665,Casey,Hughes,casey.hughes24665@example.com,Philadelphia,Northeast,2025-08-08,,Paid Search
C024600,Emerson,Lee,emerson.lee24600@example.com,Phoenix,West,2025-02-14,Gold,Social
C007553,Riley,Adams,riley.adams7553@example.com,Los Angeles,West,2021-05-27,Silver,Referral
C000324,Emerson,Lee,emerson.lee324@example.com,Detroit,Midwest,2022-06-13,,Social
C015028,Alex,Garcia,alex.garcia15028@example.com,Providence,Northeast,2024-11-03,Gold,Social
C022675,Casey,Johnson,casey.johnson22675@example.com,Providence,Northeast,2024-01-19,Gold,Organic
C000313,Parker,Kim,parker.kim313@example.com,Seattle,West,2023-04-24,Gold,Organic
C023935,Cameron,Johnson,cameron.johnson23935@example.com,Columbus,Midwest,2021-02-24,Silver,Referral
C028527,Morgan,Smith,morgan.smith28527@example.com,Indianapolis,Midwest,2025-11-01,Gold,Paid Search
C022489,Emerson,Rivera,emerson.rivera22489@example.com,Boston,Northeast,2024-08-07,Platinum,Organic
C001556,Sam,Turner,sam.turner1556@example.com,Nashville,South,2024-01-04,Platinum,Organic
C003519,Riley,Patel,riley.patel3519@example.com,Boston,Northeast,2023-08-29,,Social
C005546,Alex,Davis,alex.davis5546@example.com,Minneapolis,Midwest,2021-09-18,Silver,Paid Search
C023391,Emerson,Rivera,emerson.rivera23391@example.com,Providence,Northeast,2022-11-25,Gold,Social
C015669,Alex,Garcia,alex.garcia15669@example.com,Minneapolis,Midwest,2024-03-05,Silver,Organic
C007269,Casey,Hughes,casey.hughes7269@example.com,Austin,South,2023-10-30,Silver,Organic
C002035,Taylor,Lee,taylor.lee2035@example.com,Providence,Northeast,2023-09-19,Silver,Social
C029815,Taylor,Brooks,taylor.brooks29815@example.com,Austin,South,2022-02-10,,Referral
C000475,Quinn,Davis,quinn.davis475@example.com,Chicago,Midwest,2024-09-17,Silver,Organic
C012974,Kai,Patel,kai.patel12974@example.com,Seattle,West,2022-01-22,,Paid Search
C026502,Jordan,Lee,jordan.lee26502@example.com,Minneapolis,Midwest,2021-08-02,,Social
C028182,Casey,Hughes,casey.hughes28182@example.com,Austin,South,2025-10-24,,Organic
C006012,Parker,Kim,parker.kim6012@example.com,Denver,West,2023-09-02,,Retail Store
C019439,Taylor,Smith,taylor.smith19439@example.com,Denver,West,2021-03-11,,Paid Search
C027161,Quinn,Johnson,quinn.johnson27161@example.com,Portland,West,2024-08-24,,Retail Store
C007692,Alex,Smith,alex.smith7692@example.com,Phoenix,West,2022-09-24,,Organic
C019322,Parker,Martinez,parker.martinez19322@example.com,Nashville,South,2024-03-23,Silver,Paid Search
C028778,Emerson,Patel,emerson.patel28778@example.com,Providence,Northeast,2024-06-18,Silver,Organic
C000776,Quinn,Turner,quinn.turner776@example.com,Los Angeles,West,2025-01-17,,Social
C002202,Emerson,Turner,emerson.turner2202@example.com,Nashville,South,2021-01-20,,Paid Search
C028819,Avery,Lee,avery.lee28819@example.com,Seattle,West,2024-01-02,Silver,Organic
C007761,Morgan,Adams,morgan.adams7761@example.com,New York,Northeast,2023-05-23,Silver,Organic
C020384,Jordan,Kim,jordan.kim20384@example.com,Providence,Northeast,2022-10-12,,Paid Search
C028270,Casey,Adams,casey.adams28270@example.com,Phoenix,West,2025-06-22,Silver,Organic
C022110,Cameron,Rivera,cameron.rivera22110@example.com,Chicago,Midwest,2021-02-07,Gold,Paid Search
C011713,Jordan,Turner,jordan.turner11713@example.com,Atlanta,South,2022-05-03,,Referral
C028058,Parker,Smith,parker.smith28058@example.com,New York,Northeast,2025-07-28,,Organic
C014668,Parker,Johnson,parker.johnson14668@example.com,Chicago,Midwest,2022-07-12,,Referral
C008726,Parker,Lee,parker.lee8726@example.com,Chicago,Midwest,2025-08-11,Gold,Retail Store
C003924,Drew,Lee,drew.lee3924@example.com,Denver,West,2024-05-01,Gold,Social
C027875,Emerson,Lee,emerson.lee27875@example.com,Charlotte,South,2023-04-15,,Paid Search
C028641,Avery,Chen,avery.chen28641@example.com,Austin,South,2021-06-15,Silver,Social
C002142,Kai,Chen,kai.chen2142@example.com,Portland,West,2022-07-04,Silver,Organic
C015595,Kai,Davis,kai.davis15595@example.com,New York,Northeast,2021-06-02,Gold,Referral
C023105,Casey,Rivera,casey.rivera23105@example.com,Dallas,South,2021-11-16,Silver,Referral
C011792,Quinn,Lee,quinn.lee11792@example.com,Chicago,Midwest,2023-02-02,Silver,Paid Search
C024135,Cameron,Garcia,cameron.garcia24135@example.com,Portland,West,2023-02-25,Silver,Paid Search
C015659,Taylor,Johnson,taylor.johnson15659@example.com,Atlanta,South,2025-08-31,,Organic
C022345,Drew,Davis,drew.davis22345@example.com,Detroit,Midwest,2024-12-24,,Retail Store
C021656,Morgan,Turner,morgan.turner21656@example.com,Charlotte,South,2022-02-12,Gold,Paid Search
C007566,Casey,Adams,casey.adams7566@example.com,Los Angeles,West,2021-10-16,,Social
C012638,Morgan,Johnson,morgan.johnson12638@example.com,Charlotte,South,2022-10-09,,Organic
C000980,Sam,Rivera,sam.rivera980@example.com,Detroit,Midwest,2023-09-08,Silver,Organic
C026975,Jordan,Adams,jordan.adams26975@example.com,Chicago,Midwest,2025-04-26,,Referral
C014673,Casey,Adams,casey.adams14673@example.com,Nashville,South,2025-11-28,Gold,Organic
C029746,Sam,Davis,sam.davis29746@example.com,Indianapolis,Midwest,2021-04-29,,Organic
C008154,Drew,Johnson,drew.johnson8154@example.com,Charlotte,South,2025-01-18,Silver,Social
C000675,Drew,Hughes,drew.hughes675@example.com,Atlanta,South,2022-08-24,Gold,Paid Search
C028547,Sam,Smith,sam.smith28547@example.com,Dallas,South,2023-03-11,,Social
C022459,Avery,Chen,avery.chen22459@example.com,Los Angeles,West,2023-07-14,Platinum,Referral
C010145,Riley,Martinez,riley.martinez10145@example.com,Atlanta,South,2024-01-17,Silver,Paid Search
C014633,Morgan,Brooks,morgan.brooks14633@example.com,Phoenix,West,2021-09-17,Silver,Organic
C018040,Cameron,Martinez,cameron.martinez18040@example.com,Los Angeles,West,2021-07-09,Silver,Paid Search
C009729,Morgan,Smith,morgan.smith9729@example.com,Denver,West,2022-05-14,Silver,Paid Search
C026876,Alex,Hughes,alex.hughes26876@example.com,Atlanta,South,2024-04-05,,Retail Store
C025364,Morgan,Adams,morgan.adams25364@example.com,Seattle,West,2025-04-11,,Paid Search
C025496,Jordan,Davis,jordan.davis25496@example.com,Austin,South,2023-10-30,Silver,Organic
C014085,Avery,Johnson,avery.johnson14085@example.com,Boston,Northeast,2022-01-26,,Retail Store
C015099,Taylor,Davis,taylor.davis15099@example.com,Portland,West,2025-09-18,,Paid Search
C022063,Kai,Martinez,kai.martinez22063@example.com,Boston,Northeast,2024-10-09,,Organic
C023594,Riley,Hughes,riley.hughes23594@example.com,Atlanta,South,2023-12-27,,Referral
C004668,Drew,Adams,drew.adams4668@example.com,Charlotte,South,2023-03-16,,Referral
C027410,Morgan,Turner,morgan.turner27410@example.com,Seattle,West,2025-03-14,Silver,Paid Search
C009775,Alex,Johnson,alex.johnson9775@example.com,New York,Northeast,2021-04-04,Silver,Retail Store
C008488,Alex,Brooks,alex.brooks8488@example.com,Denver,West,2021-07-17,,Social
C015565,Avery,Adams,avery.adams15565@example.com,Pittsburgh,Northeast,2022-05-16,,Organic
C001378,Cameron,Smith,cameron.smith1378@example.com,Portland,West,2022-01-19,Gold,Organic
C007081,Quinn,Martinez,quinn.martinez7081@example.com,Los Angeles,West,2025-04-11,Silver,Organic
C017482,Sam,Adams,sam.adams17482@example.com,Indianapolis,Midwest,2021-12-20,Silver,Social
C016388,Sam,Garcia,sam.garcia16388@example.com,Charlotte,South,2024-10-06,,Organic
C024693,Morgan,Brooks,morgan.brooks24693@example.com,Minneapolis,Midwest,2024-09-03,,Retail Store
C008279,Morgan,Hughes,morgan.hughes8279@example.com,Los Angeles,West,2022-12-17,Gold,Retail Store
C019403,Kai,Kim,kai.kim19403@example.com,Providence,Northeast,2021-07-26,Silver,Organic
C013695,Jordan,Turner,jordan.turner13695@example.com,Los Angeles,West,2023-08-28,Silver,Retail Store
C024631,Casey,Smith,casey.smith24631@example.com,Denver,West,2024-06-06,Gold,Retail Store
C019033,Jordan,Johnson,jordan.johnson19033@example.com,Charlotte,South,2021-10-15,,Social
C010575,Cameron,Hughes,cameron.hughes10575@example.com,Providence,Northeast,2021-01-08,,Social
C018958,Quinn,Chen,quinn.chen18958@example.com,Austin,South,2023-04-01,,Paid Search
C028347,Kai,Smith,kai.smith28347@example.com,Atlanta,South,2024-12-03,Silver,Organic
C000100,Emerson,Brooks,emerson.brooks100@example.com,Dallas,South,2022-09-01,,Referral
C020322,Riley,Patel,riley.patel20322@example.com,Boston,Northeast,2021-08-25,SILVER,Retail Store
C015066,Avery,Smith,avery.smith15066@example.com,Chicago,Midwest,2021-04-30,Silver,Paid Search
C008905,Avery,Hughes,avery.hughes8905@example.com,Boston,Northeast,2021-05-28,,Social
C007709,Morgan,Lee,morgan.lee7709@example.com,Chicago,Midwest,2025-04-04,Silver,Paid Search
C023260,Casey,Kim,casey.kim23260@example.com,Austin,South,2025-01-29,,Organic
C006240,Avery,Smith,avery.smith6240@example.com,Portland,West,2023-11-03,Gold,Organic
C003101,Cameron,Patel,cameron.patel3101@example.com,Denver,West,2022-05-07,,Organic
C001427,Cameron,Garcia,cameron.garcia1427@example.com,Denver,West,2023-06-10,,Organic
C015215,Taylor,Turner,taylor.turner15215@example.com,Phoenix,West,2024-06-22,Gold,Social
C021655,Emerson,Hughes,emerson.hughes21655@example.com,Portland,West,2025-10-26,,Social
C029219,Emerson,Martinez,emerson.martinez29219@example.com,Boston,Northeast,2022-04-19,Silver,Referral
C015764,Taylor,Garcia,taylor.garcia15764@example.com,Indianapolis,Midwest,2025-05-25,,Social
C012928,Quinn,Hughes,quinn.hughes12928@example.com,Indianapolis,Midwest,2023-06-27,SILVER,Organic
C025043,Casey,Adams,casey.adams25043@example.com,Nashville,South,2021-05-27,,Referral
C021040,Drew,Rivera,drew.rivera21040@example.com,New York,Northeast,2022-12-09,Silver,Paid Search
C019353,Parker,Patel,parker.patel19353@example.com,Detroit,Midwest,2021-02-28,,Retail Store
C027659,Parker,Johnson,parker.johnson27659@example.com,Providence,Northeast,2022-01-04,Gold,Retail Store
C016355,Casey,Rivera,casey.rivera16355@example.com,Chicago,Midwest,2022-03-09,Gold,Organic
C001256,Jordan,Patel,jordan.patel1256@example.com,Pittsburgh,Northeast,2024-12-24,,Retail Store
C021127,Drew,Hughes,drew.hughes21127@example.com,Seattle,West,2025-11-29,Gold,Organic
C004048,Emerson,Brooks,emerson.brooks4048@example.com,Austin,South,2022-08-23,Silver,Retail Store
C025344,Drew,Turner,drew.turner25344@example.com,Detroit,Midwest,2021-01-18,Gold,Social
C003078,Sam,Smith,sam.smith3078@example.com,Portland,West,2021-06-17,,Paid Search
C007232,Kai,Adams,kai.adams7232@example.com,,South,2024-05-18,,Retail Store
C003048,Taylor,Smith,taylor.smith3048@example.com,Austin,South,2021-10-20,Silver,Referral
C023578,Sam,Johnson,sam.johnson23578@example.com,Dallas,South,2022-11-15,,Retail Store
C026768,Kai,Martinez,kai.martinez26768@example.com,Providence,Northeast,2025-09-02,Gold,Retail Store
C024849,Casey,Smith,casey.smith24849@example.com,Providence,Northeast,2024-05-11,Silver,Paid Search
C005624,Taylor,Rivera,taylor.rivera5624@example.com,New York,Northeast,2022-03-24,Silver,Social
C012215,Sam,Garcia,sam.garcia12215@example.com,Atlanta,South,2021-06-08,Silver,Retail Store
C013087,Jordan,Rivera,jordan.rivera13087@example.com,Atlanta,South,2025-01-02,,Paid Search
C018363,Jordan,Lee,jordan.lee18363@example.com,Columbus,Midwest,2023-11-16,,Organic
C026866,Quinn,Patel,quinn.patel26866@example.com,Providence,Northeast,2021-03-19,,Paid Search
C025173,Jordan,Davis,jordan.davis25173@example.com,Dallas,South,2021-10-12,,Paid Search
C006245,Jordan,Martinez,jordan.martinez6245@example.com,Portland,West,2025-04-20,Silver,Retail Store
C004126,Sam,Smith,sam.smith4126@example.com,Atlanta,South,2024-06-09,,Paid Search
C029750,Parker,Johnson,parker.johnson29750@example.com,Portland,West,2024-11-29,,Referral
C002679,Morgan,Turner,morgan.turner2679@example.com,Pittsburgh,Northeast,2024-05-12,,Organic
C008880,Avery,Davis,avery.davis8880@example.com,Columbus,Midwest,2022-04-07,Gold,Retail Store
C005007,Drew,Rivera,drew.rivera5007@example.com,Denver,West,2021-03-05,,Paid Search
C018742,Casey,Davis,casey.davis18742@example.com,Detroit,Midwest,2025-05-23,Gold,Retail Store
C004449,Morgan,Rivera,morgan.rivera4449@example.com,Phoenix,West,2023-04-26,,Social
C029513,Kai,Rivera,kai.rivera29513@example.com,Columbus,Midwest,2025-10-25,Silver,Referral
C017602,Quinn,Chen,quinn.chen17602@example.com,New York,Northeast,2024-01-15,,Retail Store
C020638,Riley,Turner,riley.turner20638@example.com,Detroit,Midwest,2024-11-17,Gold,Paid Search
C023436,Emerson,Smith,emerson.smith23436@example.com,Pittsburgh,Northeast,2022-12-17,,Paid Search
C006713,Emerson,Brooks,emerson.brooks6713@example.com,Columbus,Midwest,2023-01-18,,Organic
C006268,Alex,Davis,alex.davis6268@example.com,Providence,Northeast,2023-09-02,Silver,Social
C000873,Alex,Rivera,alex.rivera873@example.com,Dallas,South,2021-06-02,Silver,Social
C017467,Quinn,Brooks,quinn.brooks17467@example.com,Atlanta,South,2024-11-23,Silver,Organic
C014802,Avery,Chen,avery.chen14802@example.com,Indianapolis,Midwest,2022-11-08,,Organic
C027585,Parker,Chen,parker.chen27585@example.com,Detroit,Midwest,2023-05-22,Silver,Social
C020766,Drew,Martinez,drew.martinez20766@example.com,Minneapolis,Midwest,2021-09-03,Silver,Organic
C024356,Cameron,Adams,cameron.adams24356@example.com,Philadelphia,Northeast,2023-03-27,Gold,Organic
C026726,Sam,Garcia,sam.garcia26726@example.com,Nashville,South,2021-11-03,,Organic
C001024,Kai,Johnson,kai.johnson1024@example.com,Atlanta,South,2021-01-20,Silver,Organic
C025425,Jordan,Hughes,jordan.hughes25425@example.com,Columbus,Midwest,2021-01-17,Platinum,Social
C024166,Emerson,Adams,emerson.adams24166@example.com,Chicago,Midwest,2021-08-08,Gold,Retail Store
C000706,Parker,Adams,parker.adams706@example.com,Boston,Northeast,2025-04-11,Gold,Retail Store
C005605,Sam,Smith,sam.smith5605@example.com,Dallas,South,2022-04-07,Silver,Paid Search
C016011,Alex,Smith,alex.smith16011@example.com,Austin,South,2021-01-30,Gold,Referral
C012288,Quinn,Rivera,quinn.rivera12288@example.com,Indianapolis,Midwest,2021-09-27,Silver,Paid Search
C014242,Riley,Turner,riley.turner14242@example.com,Dallas,South,2025-05-16,,Social
C025359,Quinn,Rivera,quinn.rivera25359@example.com,Charlotte,South,2025-01-13,,Organic
C014256,Kai,Chen,kai.chen14256@example.com,Nashville,South,2023-10-27,Silver,Organic
C009621,Parker,Chen,parker.chen9621@example.com,Philadelphia,Northeast,2024-07-02,,Retail Store
C014188,Jordan,Johnson,jordan.johnson14188@example.com,Philadelphia,Northeast,2024-03-11,,Organic
C020301,Alex,Smith,alex.smith20301@example.com,Columbus,Midwest,2023-09-30,,Retail Store
C017820,Quinn,Patel,quinn.patel17820@example.com,Nashville,South,2022-09-06,Platinum,Organic
C011912,Sam,Patel,sam.patel11912@example.com,Providence,Northeast,2025-04-25,Platinum,Organic
C005139,Taylor,Kim,taylor.kim5139@example.com,Phoenix,West,2022-10-31,Gold,Organic
C025759,Quinn,Chen,quinn.chen25759@example.com,Philadelphia,Northeast,2025-06-05,,Paid Search
C029874,Alex,Johnson,alex.johnson29874@example.com,Austin,South,2021-05-30,,Social
C010264,Avery,Hughes,avery.hughes10264@example.com,Chicago,Midwest,2021-01-09,,Retail Store
C017440,Alex,Brooks,alex.brooks17440@example.com,Los Angeles,West,2025-05-12,,Retail Store
C019156,Kai,Kim,kai.kim19156@example.com,Dallas,South,2023-11-22,Silver,Social
C016149,Quinn,Davis,quinn.davis16149@example.com,Atlanta,South,2022-02-18,,Social
C019808,Cameron,Chen,cameron.chen19808@example.com,Minneapolis,Midwest,2024-07-08,Gold,Organic
C011239,Parker,Chen,parker.chen11239@example.com,Portland,West,2021-10-25,,Social
C027743,Sam,Johnson,sam.johnson27743@example.com,Phoenix,West,2023-11-23,,Organic
C005815,Kai,Garcia,kai.garcia5815@example.com,Chicago,Midwest,2024-04-13,,Organic
C011153,Alex,Chen,alex.chen11153@example.com,Dallas,South,2024-09-03,Silver,Retail Store
C010952,Emerson,Smith,emerson.smith10952@example.com,Los Angeles,West,2024-02-18,Platinum,Organic
C022475,Jordan,Turner,jordan.turner22475@example.com,New York,Northeast,2021-07-01,,Social
C022147,Drew,Patel,drew.patel22147@example.com,Seattle,West,2024-04-13,,Organic
C013578,Cameron,Patel,cameron.patel13578@example.com,Boston,Northeast,2024-03-21,Silver,Paid Search
C025140,Avery,Kim,avery.kim25140@example.com,Charlotte,South,2024-01-27,Silver,Referral
C027248,Drew,Patel,drew.patel27248@example.com,Los Angeles,West,2025-09-15,Platinum,Organic
C021667,Drew,Davis,drew.davis21667@example.com,Portland,West,2021-04-20,Gold,Retail Store
C022829,Cameron,Hughes,cameron.hughes22829@example.com,Pittsburgh,Northeast,2025-07-18,,Retail Store
C026385,Casey,Chen,casey.chen26385@example.com,Phoenix,West,2025-07-30,,Retail Store
C014215,Sam,Garcia,sam.garcia14215@example.com,Pittsburgh,Northeast,2023-11-28,Gold,Paid Search
C025868,Jordan,Martinez,jordan.martinez25868@example.com,Indianapolis,Midwest,2021-08-29,Gold,Organic
C014920,Avery,Hughes,avery.hughes14920@example.com,Pittsburgh,Northeast,2021-08-15,Silver,Social
C021292,Cameron,Johnson,cameron.johnson21292@example.com,Detroit,Midwest,2021-06-14,,Organic
C000867,Alex,Garcia,alex.garcia867@example.com,Denver,West,2023-02-03,Silver,Paid Search
C003223,Avery,Kim,avery.kim3223@example.com,Chicago,Midwest,2024-08-21,Silver,Organic
C016198,Kai,Lee,kai.lee16198@example.com,Dallas,South,2024-06-04,,Referral
C009393,Jordan,Chen,jordan.chen9393@example.com,Portland,West,2023-07-29,Platinum,Referral
C027378,Jordan,Turner,jordan.turner27378@example.com,Providence,Northeast,2025-04-11,,Paid Search
C006603,Jordan,Davis,jordan.davis6603@example.com,Philadelphia,Northeast,2024-04-10,Silver,Organic
C016688,Morgan,Johnson,morgan.johnson16688@example.com,Portland,West,2023-02-05,,Referral
C029384,Taylor,Brooks,taylor.brooks29384@example.com,Atlanta,South,2023-11-28,,Paid Search
C009193,Taylor,Hughes,taylor.hughes9193@example.com,Columbus,Midwest,2023-08-08,,Social
C020630,Cameron,Lee,cameron.lee20630@example.com,New York,Northeast,2025-03-14,Gold,Retail Store
C008677,Taylor,Turner,taylor.turner8677@example.com,Philadelphia,Northeast,2022-08-01,,Paid Search
C007176,Taylor,Martinez,taylor.martinez7176@example.com,Detroit,Midwest,2021-11-22,Gold,Paid Search
C006165,Parker,Johnson,parker.johnson6165@example.com,Nashville,South,2025-01-21,Silver,Social
C008890,Parker,Turner,parker.turner8890@example.com,Indianapolis,Midwest,2025-11-23,,Organic
C016005,Taylor,Lee,taylor.lee16005@example.com,Indianapolis,Midwest,2023-12-23,Silver,Organic
C023863,Taylor,Patel,taylor.patel23863@example.com,Austin,South,2021-01-04,Platinum,Referral
C004406,Kai,Kim,kai.kim4406@example.com,Los Angeles,West,2024-03-29,,Retail Store
C009527,Kai,Martinez,kai.martinez9527@example.com,Dallas,South,2025-01-02,Gold,Referral
C012216,Taylor,Chen,taylor.chen12216@example.com,Denver,West,2023-01-14,Platinum,Social
C021589,Kai,Patel,kai.patel21589@example.com,Chicago,Midwest,2025-10-09,,Paid Search
C007555,Cameron,Brooks,cameron.brooks7555@example.com,Dallas,South,2022-07-19,Gold,Retail Store
C007086,Cameron,Davis,cameron.davis7086@example.com,Dallas,South,2024-01-31,Platinum,Paid Search
C023708,Jordan,Garcia,jordan.garcia23708@example.com,Detroit,Midwest,2024-05-18,Platinum,Organic
C014887,Jordan,Patel,jordan.patel14887@example.com,Seattle,West,2023-09-14,,Organic
C004640,Riley,Turner,riley.turner4640@example.com,Phoenix,West,2024-08-26,Silver,Retail Store
C005392,Emerson,Adams,emerson.adams5392@example.com,Providence,Northeast,2021-05-05,Silver,Social
C014481,Quinn,Adams,quinn.adams14481@example.com,Austin,South,2022-03-09,,Organic
C008743,Emerson,Lee,emerson.lee8743@example.com,Denver,West,2025-09-28,Gold,Organic
C002534,Kai,Davis,kai.davis2534@example.com,Dallas,South,2021-03-10,Gold,Organic
C009227,Quinn,Johnson,quinn.johnson9227@example.com,Dallas,South,2022-12-03,Silver,Organic
C003698,Emerson,Turner,emerson.turner3698@example.com,Pittsburgh,Northeast,2023-10-31,,Organic
C026089,Avery,Smith,avery.smith26089@example.com,Denver,West,2023-02-11,,Retail Store
C027896,Riley,Rivera,riley.rivera27896@example.com,Columbus,Midwest,2025-11-24,Silver,Referral
C022975,Quinn,Chen,quinn.chen22975@example.com,Denver,West,2023-04-25,Silver,Organic
C021951,Cameron,Johnson,cameron.johnson21951@example.com,Denver,West,2022-08-02,Silver,Social
C021218,Casey,Garcia,casey.garcia21218@example.com,Pittsburgh,Northeast,2022-06-30,Silver,Paid Search
C016115,Alex,Kim,alex.kim16115@example.com,Nashville,South,2021-05-13,,Organic
C024379,Sam,Martinez,sam.martinez24379@example.com,Denver,West,2023-01-08,Gold,Paid Search
C029495,Parker,Patel,parker.patel29495@example.com,Indianapolis,Midwest,2022-01-23,,Organic
C020713,Drew,Brooks,drew.brooks20713@example.com,Seattle,West,2024-10-25,Silver,Referral
C022590,Avery,Johnson,avery.johnson22590@example.com,Dallas,South,2024-10-17,,Social
C023437,Riley,Patel,riley.patel23437@example.com,Philadelphia,Northeast,2023-05-29,,Organic
C000929,Riley,Kim,riley.kim929@example.com,Pittsburgh,Northeast,2024-08-31,Gold,Organic
C006886,Parker,Lee,parker.lee6886@example.com,Los Angeles,West,2025-04-17,Silver,Social
C007101,Morgan,Davis,morgan.davis7101@example.com,Columbus,Midwest,2023-09-03,,Referral
C005457,Avery,Turner,avery.turner5457@example.com,Charlotte,South,2022-02-16,Gold,Paid Search
C009094,Emerson,Rivera,emerson.rivera9094@example.com,Philadelphia,Northeast,2023-01-16,,Social
C027305,Casey,Hughes,casey.hughes27305@example.com,Atlanta,South,2022-03-10,Gold,Retail Store
C023184,Quinn,Davis,quinn.davis23184@example.com,Dallas,South,2021-02-21,Silver,Referral
C017920,Quinn,Rivera,quinn.rivera17920@example.com,Dallas,South,2022-11-15,,Retail Store
C015874,Cameron,Turner,cameron.turner15874@example.com,Columbus,Midwest,2022-10-01,Silver,Referral
C009649,Taylor,Kim,taylor.kim9649@example.com,Portland,West,2022-03-01,Silver,Organic
C012478,Alex,Patel,alex.patel12478@example.com,Atlanta,South,2022-12-08,Platinum,Organic
C019729,Avery,Johnson,avery.johnson19729@example.com,Pittsburgh,Northeast,2023-07-22,Silver,Paid Search
C017182,Casey,Martinez,casey.martinez17182@example.com,Phoenix,West,2023-06-07,,Social
C003123,Quinn,Rivera,quinn.rivera3123@example.com,Philadelphia,Northeast,2025-02-01,Silver,Paid Search
C009301,Parker,Davis,parker.davis9301@example.com,Chicago,Midwest,2023-07-11,,Retail Store
C029295,Avery,Smith,avery.smith29295@example.com,Philadelphia,Northeast,2021-09-11,,Organic
C005415,Drew,Patel,drew.patel5415@example.com,Denver,West,2022-04-20,,Retail Store
C004385,Kai,Martinez,kai.martinez4385@example.com,New York,Northeast,2024-08-17,,Organic
C011189,Quinn,Chen,quinn.chen11189@example.com,Los Angeles,West,2024-02-23,Silver,Retail Store
C019272,Avery,Rivera,avery.rivera19272@example.com,New York,Northeast,2022-10-28,,Organic
C010950,Jordan,Kim,jordan.kim10950@example.com,Austin,South,2021-06-30,Silver,Organic
C019418,Alex,Adams,alex.adams19418@example.com,Minneapolis,Midwest,2024-09-27,Silver,Retail Store
C010084,Sam,Hughes,sam.hughes10084@example.com,Providence,Northeast,2022-12-11,,Organic
C028740,Morgan,Patel,morgan.patel28740@example.com,Philadelphia,Northeast,2021-09-12,Silver,Organic
C026311,Emerson,Brooks,emerson.brooks26311@example.com,Charlotte,South,2021-01-06,Gold,Organic
C001412,Casey,Rivera,casey.rivera1412@example.com,Atlanta,South,2025-08-30,Silver,Paid Search
C011451,Sam,Chen,sam.chen11451@example.com,Providence,Northeast,2023-05-30,Silver,Organic
C029848,Drew,Hughes,drew.hughes29848@example.com,Seattle,West,2024-03-20,Platinum,Referral
C009310,Cameron,Rivera,cameron.rivera9310@example.com,Portland,West,2022-12-22,,Referral
C022844,Cameron,Hughes,cameron.hughes22844@example.com,Nashville,South,2021-09-15,,Organic
C015245,Cameron,Martinez,cameron.martinez15245@example.com,Dallas,South,2025-10-10,,Organic
C005750,Jordan,Smith,jordan.smith5750@example.com,Phoenix,West,2025-10-09,Silver,Referral
C003511,Casey,Kim,casey.kim3511@example.com,Atlanta,South,2023-02-21,,Social
C014146,Riley,Turner,riley.turner14146@example.com,Portland,West,2023-08-07,Silver,Organic
C024141,Emerson,Kim,emerson.kim24141@example.com,Chicago,Midwest,2022-07-23,Silver,Organic
C029072,Drew,Martinez,drew.martinez29072@example.com,Charlotte,South,2022-05-05,Gold,Retail Store
C019265,Alex,Smith,alex.smith19265@example.com,Los Angeles,West,2023-12-09,,Referral
C021006,Parker,Johnson,parker.johnson21006@example.com,Nashville,South,2024-01-20,Silver,Referral
C006945,Sam,Smith,sam.smith6945@example.com,Charlotte,South,2024-09-29,Silver,Referral
C014510,Morgan,Kim,morgan.kim14510@example.com,Philadelphia,Northeast,2025-02-06,Gold,Social
C002765,Alex,Adams,alex.adams2765@example.com,Dallas,South,2022-10-08,Silver,Retail Store
C015695,Casey,Turner,casey.turner15695@example.com,Boston,Northeast,2024-09-17,Gold,Social
C016414,Cameron,Johnson,cameron.johnson16414@example.com,Charlotte,South,2024-01-23,Silver,Social
C013111,Taylor,Turner,taylor.turner13111@example.com,Chicago,Midwest,2025-07-11,,Organic
C003069,Kai,Adams,kai.adams3069@example.com,Los Angeles,West,2023-05-30,,Paid Search
C019070,Cameron,Brooks,cameron.brooks19070@example.com,Portland,West,2024-11-19,Gold,Referral
C027098,Avery,Chen,avery.chen27098@example.com,Detroit,Midwest,2022-03-08,,Retail Store
C007050,Casey,Garcia,casey.garcia7050@example.com,Austin,South,2022-01-09,Gold,Retail Store
C004470,Riley,Brooks,riley.brooks4470@example.com,Boston,Northeast,2024-12-09,Gold,Retail Store
C006326,Riley,Hughes,riley.hughes6326@example.com,Boston,Northeast,2021-12-14,,Social
C011683,Sam,Rivera,sam.rivera11683@example.com,Philadelphia,Northeast,2021-03-29,,Retail Store
C022759,Emerson,Lee,emerson.lee22759@example.com,New York,Northeast,2021-06-03,Platinum,Organic
C012671,Emerson,Kim,emerson.kim12671@example.com,Phoenix,West,2023-05-17,,Paid Search
C014065,Taylor,Smith,taylor.smith14065@example.com,Atlanta,South,2021-06-10,,Paid Search
C020503,Emerson,Davis,emerson.davis20503@example.com,Dallas,South,2024-03-04,Gold,Social
C004904,Jordan,Garcia,jordan.garcia4904@example.com,Dallas,South,2021-11-08,Silver,Social
C013558,Riley,Johnson,riley.johnson13558@example.com,Detroit,Midwest,2022-01-22,,Retail Store
C009100,Morgan,Rivera,morgan.rivera9100@example.com,Phoenix,West,2024-10-08,Gold,Social
C005844,Casey,Adams,casey.adams5844@example.com,New York,Northeast,2024-11-15,,Organic
C015802,Sam,Davis,sam.davis15802@example.com,Nashville,South,2022-08-22,Silver,Paid Search
C029936,Quinn,Davis,quinn.davis29936@example.com,Chicago,Midwest,2023-08-23,Silver,Paid Search
C012618,Drew,Brooks,drew.brooks12618@example.com,Los Angeles,West,2021-07-07,,Paid Search
C022166,Morgan,Turner,morgan.turner22166@example.com,Nashville,South,2025-08-06,,Organic
C008280,Alex,Kim,alex.kim8280@example.com,New York,Northeast,2024-01-30,Silver,Organic
C027895,Emerson,Garcia,emerson.garcia27895@example.com,Boston,Northeast,2023-06-30,Silver,Referral
C029884,Casey,Smith,casey.smith29884@example.com,Charlotte,South,2025-01-29,Gold,Social
C009702,Riley,Brooks,riley.brooks9702@example.com,Indianapolis,Midwest,2025-10-31,,Social
C018186,Cameron,Chen,cameron.chen18186@example.com,Phoenix,West,2025-06-22,,Paid Search
C028721,Alex,Garcia,alex.garcia28721@example.com,Seattle,West,2024-08-16,Gold,Retail Store
C006532,Sam,Chen,sam.chen6532@example.com,New York,Northeast,2022-01-20,Silver,Organic
C005326,Kai,Rivera,kai.rivera5326@example.com,Providence,Northeast,2021-12-12,,Referral
C026052,Taylor,Brooks,taylor.brooks26052@example.com,Indianapolis,Midwest,2024-07-16,Silver,Paid Search
C006539,Cameron,Hughes,cameron.hughes6539@example.com,Portland,West,2021-03-03, gold ,Organic
C009580,Riley,Turner,riley.turner9580@example.com,Nashville,South,2024-09-08,,Organic
C000912,Kai,Garcia,kai.garcia912@example.com,Los Angeles,West,2021-01-17,,Retail Store
C012168,Quinn,Chen,quinn.chen12168@example.com,Dallas,South,2025-09-28,Gold,Organic
C000492,Kai,Hughes,kai.hughes492@example.com,Los Angeles,West,2025-08-28,Silver,Organic
C020339,Casey,Hughes,casey.hughes20339@example.com,Detroit,Midwest,2025-03-23,Gold,Organic
C023910,Cameron,Hughes,cameron.hughes23910@example.com,Detroit,Midwest,2022-07-19,,Social
C016551,Cameron,Adams,cameron.adams16551@example.com,Boston,Northeast,2022-11-05,,Paid Search
C001389,Alex,Chen,alex.chen1389@example.com,Columbus,Midwest,2021-11-30,,Paid Search
C020640,Taylor,Kim,taylor.kim20640@example.com,Denver,West,2022-12-08,,Retail Store
C005860,Sam,Smith,sam.smith5860@example.com,New York,Northeast,2022-01-27,Gold,Paid Search
C017597,Kai,Kim,kai.kim17597@example.com,Boston,Northeast,2025-07-27,Silver,Social
C006647,Jordan,Johnson,jordan.johnson6647@example.com,Boston,Northeast,2021-05-27,,Organic
C001699,Quinn,Kim,quinn.kim1699@example.com,Portland,West,2021-07-18,,Paid Search
C017757,Avery,Garcia,avery.garcia17757@example.com,Chicago,Midwest,2021-06-08,,Retail Store
C003299,Sam,Patel,sam.patel3299@example.com,Boston,Northeast,2023-01-19,Silver,Referral
C004973,Taylor,Garcia,taylor.garcia4973@example.com,Indianapolis,Midwest,2025-04-26,,Social
C015492,Riley,Hughes,riley.hughes15492@example.com,Indianapolis,Midwest,2025-06-22,,Organic
C017134,Kai,Adams,kai.adams17134@example.com,Boston,Northeast,2022-11-03,Platinum,Organic
C010841,Taylor,Smith,taylor.smith10841@example.com,Dallas,South,2024-09-06,Gold,Social
C024532,Quinn,Davis,quinn.davis24532@example.com,Columbus,Midwest,2021-03-18,Platinum,Paid Search
C024048,Taylor,Lee,taylor.lee24048@example.com,Phoenix,West,2025-02-10,,Paid Search
C018068,Jordan,Kim,jordan.kim18068@example.com,Nashville,South,2022-08-22,,Paid Search
C016471,Emerson,Brooks,emerson.brooks16471@example.com,Portland,West,2023-11-19,Platinum,Social
C016868,Morgan,Hughes,morgan.hughes16868@example.com,Charlotte,South,2021-10-09,,Paid Search
C021610,Jordan,Kim,jordan.kim21610@example.com,Boston,Northeast,2025-03-18,,Referral
C025046,Cameron,Davis,cameron.davis25046@example.com,Seattle,West,2025-09-05,,Retail Store
C009490,Riley,Adams,riley.adams9490@example.com,New York,Northeast,2024-11-18,Gold,Paid Search
C013631,Taylor,Brooks,taylor.brooks13631@example.com,Columbus,Midwest,2022-11-19,,Retail Store
C021480,Sam,Johnson,sam.johnson21480@example.com,Austin,South,2023-06-22,,Organic
C013495,Emerson,Chen,emerson.chen13495@example.com,Austin,South,2022-08-09,,Social
C029158,Drew,Martinez,drew.martinez29158@example.com,Dallas,South,2024-04-28,Platinum,Paid Search
C012574,Quinn,Patel,quinn.patel12574@example.com,Pittsburgh,Northeast,2022-09-19,Silver,Paid Search
C024581,Jordan,Hughes,jordan.hughes24581@example.com,Indianapolis,Midwest,2021-02-03,Gold,Organic
C027835,Cameron,Garcia,cameron.garcia27835@example.com,Pittsburgh,Northeast,2022-08-04,,Paid Search
C011592,Drew,Brooks,drew.brooks11592@example.com,Providence,Northeast,2021-12-01,,Organic
C013686,Taylor,Davis,taylor.davis13686@example.com,Columbus,Midwest,2021-12-05,Silver,Social
C001104,Drew,Rivera,drew.rivera1104@example.com,Pittsburgh,Northeast,2021-04-18,Gold,Retail Store
C029603,Alex,Brooks,alex.brooks29603@example.com,Pittsburgh,Northeast,2021-09-04,,Retail Store
C011083,Casey,Davis,casey.davis11083@example.com,Boston,Northeast,2022-03-03,Silver,Organic
C026937,Cameron,Davis,cameron.davis26937@example.com,Portland,West,2021-01-24,,Organic
C009135,Emerson,Hughes,emerson.hughes9135@example.com,Philadelphia,Northeast,2022-05-01,Silver,Social
C003923,Jordan,Patel,jordan.patel3923@example.com,Austin,South,2025-09-20,Silver,Organic
C021012,Quinn,Lee,quinn.lee21012@example.com,Denver,West,2024-06-15,,Organic
C029721,Morgan,Brooks,morgan.brooks29721@example.com,Dallas,South,2023-01-13,,Paid Search
C014899,Sam,Brooks,sam.brooks14899@example.com,,Midwest,2024-07-09,Silver,Organic
C014945,Jordan,Johnson,jordan.johnson14945@example.com,Dallas,South,2024-11-07,Silver,Referral
C011897,Quinn,Patel,quinn.patel11897@example.com,Detroit,Midwest,2021-02-12,Gold,Social
C020805,Alex,Turner,alex.turner20805@example.com,Boston,Northeast,2023-12-13,Gold,Paid Search
C006920,Jordan,Hughes,jordan.hughes6920@example.com,Providence,Northeast,2024-05-15,,Paid Search
C024634,Jordan,Turner,jordan.turner24634@example.com,Charlotte,South,2024-08-10,Silver,Social
C001476,Alex,Brooks,alex.brooks1476@example.com,Phoenix,West,2023-04-01,Silver,Referral
C001732,Taylor,Chen,taylor.chen1732@example.com,Phoenix,West,2021-05-14,,Retail Store
C002541,Avery,Brooks,avery.brooks2541@example.com,Nashville,South,2022-12-20,Gold,Social
C027604,Cameron,Lee,cameron.lee27604@example.com,Denver,West,2023-05-29,,Social
C023527,Quinn,Smith,quinn.smith23527@example.com,Columbus,Midwest,2023-01-16,Silver,Paid Search
C025088,Kai,Johnson,kai.johnson25088@example.com,Detroit,Midwest,2022-10-10,Silver,Social
C005712,Morgan,Hughes,morgan.hughes5712@example.com,Phoenix,West,2022-08-12,,Paid Search
C001982,Parker,Davis,parker.davis1982@example.com,Austin,South,2023-04-19,,Referral
C023107,Morgan,Smith,morgan.smith23107@example.com,Chicago,Midwest,2023-04-14,Gold,Referral
C015394,Alex,Chen,alex.chen15394@example.com,Austin,South,2025-04-22,,Paid Search
C017625,Casey,Turner,casey.turner17625@example.com,Austin,South,2024-04-07,Gold,Paid Search
C002281,Morgan,Davis,morgan.davis2281@example.com,Providence,Northeast,2021-01-21,Silver,Paid Search
C022097,Casey,Brooks,casey.brooks22097@example.com,Boston,Northeast,2023-09-06,Silver,Organic
C025582,Riley,Chen,riley.chen25582@example.com,Los Angeles,West,2024-07-24,Silver,Social
C001110,Sam,Turner,sam.turner1110@example.com,New York,Northeast,2024-05-28,Silver,Organic
C007213,Taylor,Johnson,taylor.johnson7213@example.com,Denver,West,2022-02-06,Gold,Retail Store
C002719,Avery,Kim,avery.kim2719@example.com,Charlotte,South,2024-10-28,Silver,Paid Search
C025458,Kai,Patel,kai.patel25458@example.com,Phoenix,West,2024-05-23,Silver,Retail Store
C020028,Sam,Martinez,sam.martinez20028@example.com,Philadelphia,Northeast,2021-09-01,Silver,Retail Store
C011525,Sam,Adams,sam.adams11525@example.com,Boston,Northeast,2024-03-29,Silver,Referral
C002933,Cameron,Lee,cameron.lee2933@example.com,Boston,Northeast,2023-04-30,Gold,Organic
C016443,Morgan,Chen,morgan.chen16443@example.com,Phoenix,West,2023-02-24,Silver,Retail Store
C002509,Casey,Smith,casey.smith2509@example.com,Dallas,South,2024-08-18,Silver,Paid Search
C008378,Emerson,Martinez,emerson.martinez8378@example.com,Chicago,Midwest,2021-01-03,,Paid Search
C024186,Cameron,Chen,cameron.chen24186@example.com,Philadelphia,Northeast,2022-02-06,,Retail Store
C000791,Alex,Johnson,alex.johnson791@example.com,Los Angeles,West,2022-03-25,Silver,Referral
C003821,Cameron,Garcia,cameron.garcia3821@example.com,New York,Northeast,2025-07-18,,Organic
C026479,Morgan,Rivera,morgan.rivera26479@example.com,Boston,Northeast,2025-10-11,Silver,Paid Search
C024238,Alex,Turner,alex.turner24238@example.com,Minneapolis,Midwest,2025-06-12,Silver,Social
C011503,Emerson,Rivera,emerson.rivera11503@example.com,Detroit,Midwest,2021-06-27,Silver,Organic
C001835,Casey,Martinez,casey.martinez1835@example.com,Atlanta,South,2024-02-10,Silver,Referral
C025431,Casey,Patel,casey.patel25431@example.com,Austin,South,2025-01-06,,Referral
C020045,Avery,Adams,avery.adams20045@example.com,Detroit,Midwest,2023-10-01,Gold,Social
C006485,Avery,Adams,avery.adams6485@example.com,Philadelphia,Northeast,2023-01-09,,Paid Search
C016811,Drew,Smith,drew.smith16811@example.com,Los Angeles,West,2023-10-12,,Organic
C021894,Avery,Smith,avery.smith21894@example.com,Pittsburgh,Northeast,2025-01-28,Platinum,Referral
C001589,Avery,Lee,avery.lee1589@example.com,Phoenix,West,2025-04-25,,Organic
C006251,Sam,Johnson,sam.johnson6251@example.com,Philadelphia,Northeast,2025-04-25,,Paid Search
C025340,Drew,Davis,drew.davis25340@example.com,Charlotte,South,2024-05-12,,Retail Store
C015840,Alex,Lee,alex.lee15840@example.com,Pittsburgh,Northeast,2022-09-20,Gold,Organic
C005129,Casey,Rivera,casey.rivera5129@example.com,New York,Northeast,2024-04-06,,Retail Store
C026923,Kai,Turner,kai.turner26923@example.com,Pittsburgh,Northeast,2022-03-26,Silver,Organic
C022799,Sam,Brooks,sam.brooks22799@example.com,Los Angeles,West,2022-10-12,Silver,Paid Search
C023693,Cameron,Hughes,cameron.hughes23693@example.com,Seattle,West,2022-03-02,Silver,Paid Search
C004094,Parker,Chen,parker.chen4094@example.com,Minneapolis,Midwest,2022-02-16,Gold,Organic
C027035,Avery,Chen,avery.chen27035@example.com,Dallas,South,2024-06-20,Platinum,Retail Store
C017901,Riley,Kim,riley.kim17901@example.com,Providence,Northeast,2022-04-12,Silver,Paid Search
C016704,Sam,Garcia,sam.garcia16704@example.com,Detroit,Midwest,2023-02-05,,Paid Search
C025694,Drew,Turner,drew.turner25694@example.com,Nashville,South,2024-09-16,Gold,Organic
C012456,Casey,Turner,casey.turner12456@example.com,Phoenix,West,2022-02-14,Gold,Organic
C020392,Taylor,Brooks,taylor.brooks20392@example.com,Philadelphia,Northeast,2024-02-08,,Social
C004570,Riley,Rivera,riley.rivera4570@example.com,Providence,Northeast,2021-04-03,,Social
C004344,Sam,Martinez,sam.martinez4344@example.com,Charlotte,South,2023-04-13,Silver,Social
C026874,Emerson,Patel,emerson.patel26874@example.com,,South,2022-07-26,Silver,Retail Store
C005785,Taylor,Martinez,taylor.martinez5785@example.com,Philadelphia,Northeast,2025-04-03,Gold,Paid Search
C007919,Emerson,Johnson,emerson.johnson7919@example.com,Minneapolis,Midwest,2025-03-11,Silver,Retail Store
C023212,Morgan,Lee,morgan.lee23212@example.com,Denver,West,2022-02-16,,Retail Store
C004105,Taylor,Kim,taylor.kim4105@example.com,Austin,South,2022-04-05,,Paid Search
C021602,Parker,Hughes,parker.hughes21602@example.com,Austin,South,2022-03-05,,Paid Search
C029705,Alex,Davis,alex.davis29705@example.com,Minneapolis,Midwest,2024-07-04,Platinum,Retail Store
C024790,Sam,Garcia,sam.garcia24790@example.com,Pittsburgh,Northeast,2022-08-19,,Paid Search
C005928,Jordan,Davis,jordan.davis5928@example.com,Pittsburgh,Northeast,2022-10-28,,Paid Search
C009683,Avery,Kim,avery.kim9683@example.com,Charlotte,South,2021-09-07,,Organic
C008212,Parker,Turner,parker.turner8212@example.com,Chicago,Midwest,2021-01-14,Platinum,Paid Search
C020445,Morgan,Patel,morgan.patel20445@example.com,Los Angeles,West,2025-06-21,Platinum,Paid Search
C029215,Riley,Brooks,riley.brooks29215@example.com,Providence,Northeast,2025-08-12,Silver,Organic
C026407,Avery,Kim,avery.kim26407@example.com,Los Angeles,West,2025-10-21,,Paid Search
C003266,Kai,Adams,kai.adams3266@example.com,Denver,West,2021-05-31,,Organic
C002389,Quinn,Turner,quinn.turner2389@example.com,Seattle,West,2025-05-21,Silver,Paid Search
C002498,Drew,Patel,drew.patel2498@example.com,Seattle,West,2021-11-22,Silver,Retail Store
C016271,Emerson,Garcia,emerson.garcia16271@example.com,Columbus,Midwest,2022-03-19,,Paid Search
C011258,Sam,Johnson,sam.johnson11258@example.com,Minneapolis,Midwest,2023-08-22,Gold,Organic
C012682,Casey,Kim,casey.kim12682@example.com,Pittsburgh,Northeast,2022-06-11,Silver,Organic
C004204,Parker,Hughes,parker.hughes4204@example.com,Portland,West,2024-08-18,Silver,Retail Store
C019671,Casey,Lee,casey.lee19671@example.com,Nashville,South,2023-12-31,,Social
C015429,Drew,Adams,drew.adams15429@example.com,Pittsburgh,Northeast,2022-10-20,Gold,Social
C013545,Parker,Johnson,parker.johnson13545@example.com,Minneapolis,Midwest,2021-11-25,,Social
C005046,Morgan,Turner,morgan.turner5046@example.com,Columbus,Midwest,2024-07-11,Silver,Social
C005187,Drew,Turner,drew.turner5187@example.com,Dallas,South,2021-07-14,,Paid Search
C026483,Quinn,Lee,quinn.lee26483@example.com,Dallas,South,2022-05-24,Gold,Paid Search
C028418,Riley,Hughes,riley.hughes28418@example.com,Boston,Northeast,2021-01-25,,Paid Search
C028990,Alex,Chen,alex.chen28990@example.com,Charlotte,South,2021-10-23,,Retail Store
C007582,Parker,Martinez,parker.martinez7582@example.com,Nashville,South,2023-07-24,Gold,Referral
C006484,Avery,Kim,avery.kim6484@example.com,Pittsburgh,Northeast,2023-01-04,Gold,Referral
C026475,Quinn,Davis,quinn.davis26475@example.com,Austin,South,2024-12-22,,Referral
C021354,Parker,Garcia,parker.garcia21354@example.com,Portland,West,2024-12-04,,Referral
C008410,Avery,Garcia,avery.garcia8410@example.com,Providence,Northeast,2021-11-25,Silver,Paid Search
C000047,Jordan,Johnson,jordan.johnson47@example.com,Chicago,Midwest,2022-08-08,Gold,Social
C015618,Emerson,Turner,emerson.turner15618@example.com,Pittsburgh,Northeast,2024-02-19,Gold,Referral
C018969,Riley,Turner,riley.turner18969@example.com,Minneapolis,Midwest,2021-04-26,Platinum,Paid Search
C014306,Cameron,Smith,cameron.smith14306@example.com,Nashville,South,2025-03-18,,Social
C010190,Avery,Smith,avery.smith10190@example.com,Detroit,Midwest,2024-05-02,Silver,Social
C029000,Cameron,Smith,cameron.smith29000@example.com,Phoenix,West,2022-11-08,,Retail Store
C029418,Cameron,Johnson,cameron.johnson29418@example.com,Columbus,Midwest,2024-04-29,Silver,Paid Search
C017384,Morgan,Brooks,morgan.brooks17384@example.com,Minneapolis,Midwest,2023-10-28,Silver,Paid Search
C003580,Kai,Johnson,kai.johnson3580@example.com,Pittsburgh,Northeast,2022-12-28,,Organic
C027095,Taylor,Garcia,taylor.garcia27095@example.com,New York,Northeast,2022-05-01,Gold,Organic
C012284,Casey,Hughes,casey.hughes12284@example.com,Phoenix,West,2021-09-06,Silver,Social
C017093,Avery,Turner,avery.turner17093@example.com,Atlanta,South,2022-04-06,,Paid Search
C010203,Cameron,Hughes,cameron.hughes10203@example.com,Dallas,South,2021-07-23,Silver,Retail Store
C029747,Morgan,Martinez,morgan.martinez29747@example.com,Seattle,West,2024-10-20,Silver,Social
C010466,Taylor,Adams,taylor.adams10466@example.com,Phoenix,West,2023-12-13,,Referral
C026028,Quinn,Hughes,quinn.hughes26028@example.com,Dallas,South,2024-09-08,Gold,Social
C023067,Quinn,Johnson,quinn.johnson23067@example.com,Boston,Northeast,2025-03-08,Silver,Referral
C025229,Sam,Hughes,sam.hughes25229@example.com,Indianapolis,Midwest,2022-03-03,,Organic
C017167,Riley,Hughes,riley.hughes17167@example.com,Phoenix,West,2021-03-26,,Organic
C029723,Kai,Brooks,kai.brooks29723@example.com,Boston,Northeast,2024-05-05,,Retail Store
C000244,Parker,Lee,parker.lee244@example.com,Indianapolis,Midwest,2022-01-20,Gold,Retail Store
C029273,Casey,Davis,casey.davis29273@example.com,Denver,West,2025-09-14,,Paid Search
C024742,Parker,Turner,parker.turner24742@example.com,Columbus,Midwest,2021-03-23,,Paid Search
C017117,Cameron,Smith,cameron.smith17117@example.com,Columbus,Midwest,2025-01-31,,Paid Search
C011445,Kai,Adams,kai.adams11445@example.com,Seattle,West,2021-02-05,Silver,Retail Store
C022749,Cameron,Chen,cameron.chen22749@example.com,Portland,West,2023-04-09,,Retail Store
C004422,Jordan,Chen,jordan.chen4422@example.com,Philadelphia,Northeast,2025-02-28,Silver,Organic
C002951,Riley,Johnson,riley.johnson2951@example.com,Portland,West,2025-08-02,,Retail Store
C024809,Drew,Turner,drew.turner24809@example.com,Chicago,Midwest,2021-06-28,,Retail Store
C004029,Morgan,Kim,morgan.kim4029@example.com,Dallas,South,2025-02-10,Silver,Organic
C024576,Casey,Patel,casey.patel24576@example.com,Denver,West,2021-05-07,Gold,Retail Store
C001662,Parker,Smith,parker.smith1662@example.com,Chicago,Midwest,2024-07-14,,Paid Search
C017958,Morgan,Garcia,morgan.garcia17958@example.com,Columbus,Midwest,2022-09-01,Platinum,Social
C024782,Jordan,Chen,jordan.chen24782@example.com,Philadelphia,Northeast,2024-01-14,Silver,Paid Search
C016994,Alex,Patel,alex.patel16994@example.com,Detroit,Midwest,2025-07-19,,Social
C014688,Casey,Smith,casey.smith14688@example.com,Boston,Northeast,2024-08-08,,Referral
C020800,Taylor,Rivera,taylor.rivera20800@example.com,Charlotte,South,2021-08-14,,Retail Store
C024647,Avery,Davis,avery.davis24647@example.com,Portland,West,2023-12-14,Gold,Referral
C015288,Morgan,Rivera,morgan.rivera15288@example.com,Phoenix,West,2025-08-12,,Paid Search
C010125,Cameron,Chen,cameron.chen10125@example.com,Boston,Northeast,2022-05-18,,Organic
C012229,Cameron,Martinez,cameron.martinez12229@example.com,Austin,South,2022-12-01,Platinum,Organic
C007476,Alex,Brooks,alex.brooks7476@example.com,Minneapolis,Midwest,2025-10-19,Silver,Paid Search
C005805,Casey,Turner,casey.turner5805@example.com,Charlotte,South,2021-01-24,,Organic
C003711,Riley,Rivera,riley.rivera3711@example.com,Dallas,South,2022-05-17,,Organic
C024103,Emerson,Johnson,emerson.johnson24103@example.com,Philadelphia,Northeast,2022-02-10,Gold,Social
C003032,Sam,Smith,sam.smith3032@example.com,Philadelphia,Northeast,2021-05-07,,Paid Search
C001938,Kai,Davis,kai.davis1938@example.com,Columbus,Midwest,2021-03-08,,Retail Store
C005454,Riley,Rivera,riley.rivera5454@example.com,Dallas,South,2023-04-12,,Organic
C007999,Kai,Turner,kai.turner7999@example.com,Chicago,Midwest,2025-04-10,Silver,Organic
C025180,Sam,Garcia,sam.garcia25180@example.com,Providence,Northeast,2024-09-07,Platinum,Social
C017776,Kai,Rivera,kai.rivera17776@example.com,Austin,South,2022-11-21,,Referral
C029517,Casey,Patel,casey.patel29517@example.com,Minneapolis,Midwest,2024-04-14,,Paid Search
C029659,Cameron,Brooks,cameron.brooks29659@example.com,Portland,West,2023-11-02,,Organic
C026454,Riley,Smith,riley.smith26454@example.com,Dallas,South,2023-05-27,,Paid Search
C021483,Taylor,Adams,taylor.adams21483@example.com,Pittsburgh,Northeast,2022-11-29,,Organic
C010856,Kai,Martinez,kai.martinez10856@example.com,Charlotte,South,2023-03-19, gold ,Retail Store
C028235,Jordan,Brooks,jordan.brooks28235@example.com,Charlotte,South,2024-11-17,Gold,Social
C010040,Avery,Kim,avery.kim10040@example.com,Atlanta,South,2024-06-13,Gold,Paid Search
C001283,Emerson,Chen,emerson.chen1283@example.com,Denver,West,2023-12-19,,Paid Search
C015462,Kai,Chen,kai.chen15462@example.com,Minneapolis,Midwest,2023-01-27,Silver,Paid Search
C004352,Alex,Lee,alex.lee4352@example.com,Detroit,Midwest,2024-06-09,Silver,Retail Store
C007648,Morgan,Davis,morgan.davis7648@example.com,Portland,West,2023-01-20,,Retail Store
C026256,Jordan,Kim,jordan.kim26256@example.com,New York,Northeast,2025-06-11,,Retail Store
C003844,Kai,Turner,kai.turner3844@example.com,Atlanta,South,2025-01-02,,Organic
C021784,Taylor,Lee,taylor.lee21784@example.com,Chicago,Midwest,2024-12-23,Silver,Social
C005825,Drew,Brooks,drew.brooks5825@example.com,Seattle,West,2021-04-29,Silver,Referral
C021131,Alex,Garcia,alex.garcia21131@example.com,Charlotte,South,2022-07-06,Gold,Paid Search
C012591,Taylor,Lee,taylor.lee12591@example.com,Phoenix,West,2022-11-04,Gold,Organic
C005116,Morgan,Chen,morgan.chen5116@example.com,Boston,Northeast,2023-10-23,,Organic
C013587,Quinn,Chen,quinn.chen13587@example.com,Nashville,South,2021-05-01,Gold,Retail Store
C022561,Sam,Davis,sam.davis22561@example.com,Denver,West,2022-02-06,Silver,Retail Store
C007574,Sam,Brooks,sam.brooks7574@example.com,Providence,Northeast,2022-01-30,,Organic
C017522,Taylor,Brooks,taylor.brooks17522@example.com,Providence,Northeast,2024-10-25,,Referral
C007614,Riley,Turner,riley.turner7614@example.com,Denver,West,2024-09-06,,Organic
C011292,Parker,Lee,parker.lee11292@example.com,Portland,West,2021-04-23,Silver,Referral
C018427,Parker,Hughes,parker.hughes18427@example.com,Charlotte,South,2025-01-03,,Social
C019960,Drew,Patel,drew.patel19960@example.com,Austin,South,2021-10-30,,Paid Search
C016557,Riley,Brooks,riley.brooks16557@example.com,Atlanta,South,2022-05-31,,Retail Store
C012703,Morgan,Lee,morgan.lee12703@example.com,Nashville,South,2021-07-16,,Organic
C011062,Jordan,Adams,jordan.adams11062@example.com,Minneapolis,Midwest,2024-01-29,,Organic
C006146,Kai,Rivera,kai.rivera6146@example.com,Phoenix,West,2025-02-20,,Organic
C011283,Taylor,Garcia,taylor.garcia11283@example.com,Denver,West,2023-11-22,Gold,Social
C004373,Casey,Hughes,casey.hughes4373@example.com,Indianapolis,Midwest,2021-11-22,Silver,Retail Store
C009876,Avery,Kim,avery.kim9876@example.com,Indianapolis,Midwest,2021-01-21,,Paid Search
C019296,Quinn,Patel,quinn.patel19296@example.com,Philadelphia,Northeast,2024-01-05,,Retail Store
C025289,Casey,Hughes,casey.hughes25289@example.com,Atlanta,South,2024-12-05,Gold,Social
C023792,Avery,Lee,avery.lee23792@example.com,Nashville,South,2021-09-06,Silver,Retail Store
C023668,Morgan,Patel,morgan.patel23668@example.com,Charlotte,South,2024-04-20,,Paid Search
C005283,Quinn,Smith,quinn.smith5283@example.com,Los Angeles,West,2023-11-29,,Social
C005215,Sam,Patel,sam.patel5215@example.com,Denver,West,2023-11-25,,Paid Search
C000053,Sam,Brooks,sam.brooks53@example.com,Nashville,South,2023-07-09,Silver,Retail Store
C019356,Jordan,Lee,jordan.lee19356@example.com,Los Angeles,West,2023-06-17,,Retail Store
C017445,Avery,Adams,avery.adams17445@example.com,Columbus,Midwest,2025-01-01,Silver,Paid Search
C003354,Sam,Turner,sam.turner3354@example.com,Austin,South,2025-05-05,Silver,Social
C024972,Avery,Smith,avery.smith24972@example.com,Dallas,South,2022-10-12,Silver,Retail Store
C025104,Parker,Garcia,parker.garcia25104@example.com,Phoenix,West,2025-07-11,Silver,Retail Store
C023335,Riley,Kim,riley.kim23335@example.com,Atlanta,South,2025-02-08,Gold,Retail Store
C018755,Quinn,Smith,quinn.smith18755@example.com,Providence,Northeast,2023-04-25,Platinum,Retail Store
C026788,Sam,Garcia,sam.garcia26788@example.com,Providence,Northeast,2022-02-23,Gold,Organic
C014447,Avery,Martinez,avery.martinez14447@example.com,Atlanta,South,2023-10-29,,Social
C017320,Sam,Adams,sam.adams17320@example.com,Indianapolis,Midwest,2023-07-14,Silver,Organic
C019978,Quinn,Adams,quinn.adams19978@example.com,Dallas,South,2022-12-20,,Referral
C006789,Kai,Adams,kai.adams6789@example.com,Phoenix,West,2024-07-26,Silver,Referral
C010009,Cameron,Rivera,cameron.rivera10009@example.com,Philadelphia,Northeast,2022-11-22,,Organic
C001599,Drew,Johnson,drew.johnson1599@example.com,Chicago,Midwest,2023-12-12,,Organic
C021991,Casey,Brooks,casey.brooks21991@example.com,Nashville,South,2023-04-29,Gold,Retail Store
C005728,Alex,Lee,alex.lee5728@example.com,Austin,South,2022-09-08,,Organic
C000211,Morgan,Chen,morgan.chen211@example.com,Los Angeles,West,2023-07-21,,Paid Search
C012012,Cameron,Turner,cameron.turner12012@example.com,Boston,Northeast,2023-06-27,,Social
C023503,Drew,Davis,drew.davis23503@example.com,Charlotte,South,2022-04-23,Silver,Organic
C024460,Quinn,Garcia,quinn.garcia24460@example.com,Portland,West,2023-02-21,Gold,Organic
C019176,Drew,Brooks,drew.brooks19176@example.com,Denver,West,2021-08-13,Gold,Organic
C002141,Drew,Rivera,drew.rivera2141@example.com,Philadelphia,Northeast,2021-02-06,,Organic
C004304,Kai,Turner,kai.turner4304@example.com,New York,Northeast,2024-04-24,Silver,Organic
C011454,Jordan,Adams,jordan.adams11454@example.com,New York,Northeast,2024-04-24,Gold,Paid Search
C014576,Taylor,Turner,taylor.turner14576@example.com,Indianapolis,Midwest,2024-09-01,,Organic
C006396,Drew,Smith,drew.smith6396@example.com,Indianapolis,Midwest,2024-03-28,Platinum,Retail Store
C010386,Kai,Hughes,kai.hughes10386@example.com,Columbus,Midwest,2022-06-05,Gold,Paid Search
C022569,Taylor,Garcia,taylor.garcia22569@example.com,Boston,Northeast,2023-04-07,,Social
C014754,Avery,Garcia,avery.garcia14754@example.com,Denver,West,2025-10-11,,Referral
C024076,Emerson,Garcia,emerson.garcia24076@example.com,Dallas,South,2024-10-31,Silver,Paid Search
C017787,Alex,Chen,alex.chen17787@example.com,Chicago,Midwest,2022-04-18,,Referral
C014404,Morgan,Martinez,morgan.martinez14404@example.com,Charlotte,South,2022-06-01,,Retail Store
C000502,Alex,Davis,alex.davis502@example.com,Los Angeles,West,2022-07-11,Silver,Paid Search
C023010,Kai,Davis,kai.davis23010@example.com,Los Angeles,West,2023-04-20,Silver,Social
C016993,Quinn,Lee,quinn.lee16993@example.com,Dallas,South,2025-10-28,Gold,Social
C012543,Drew,Rivera,drew.rivera12543@example.com,Portland,West,2021-07-07,,Retail Store
C016419,Cameron,Adams,cameron.adams16419@example.com,Columbus,Midwest,2025-06-18,,Paid Search
C027951,Parker,Lee,parker.lee27951@example.com,Los Angeles,West,2024-05-26,,Paid Search
C017006,Jordan,Chen,jordan.chen17006@example.com,Charlotte,South,2025-07-13,,Social
C009988,Riley,Kim,riley.kim9988@example.com,Dallas,South,2024-01-01,,Paid Search
C026915,Alex,Lee,alex.lee26915@example.com,Denver,West,2023-10-11,,Organic
C016651,Parker,Rivera,parker.rivera16651@example.com,Dallas,South,2022-09-08,Silver,Organic
C017928,Kai,Johnson,kai.johnson17928@example.com,Atlanta,South,2025-03-07,Silver,Retail Store
C008714,Avery,Martinez,avery.martinez8714@example.com,Austin,South,2021-02-23,,Retail Store
C029124,Cameron,Hughes,cameron.hughes29124@example.com,Atlanta,South,2024-08-05,Platinum,Social
C019982,Casey,Brooks,casey.brooks19982@example.com,Nashville,South,2025-04-29,,Paid Search
C010060,Riley,Smith,riley.smith10060@example.com,Providence,Northeast,2023-09-30,Silver,Social
C007452,Quinn,Johnson,quinn.johnson7452@example.com,Atlanta,South,2024-12-22,,Retail Store
C026457,Quinn,Smith,quinn.smith26457@example.com,New York,Northeast,2025-08-14,,Social
C024408,Sam,Lee,sam.lee24408@example.com,Phoenix,West,2024-06-07,Gold,Referral
C009321,Quinn,Brooks,quinn.brooks9321@example.com,Philadelphia,Northeast,2023-02-24,,Organic
C021369,Quinn,Lee,quinn.lee21369@example.com,Phoenix,West,2022-05-15,Silver,Organic
C004914,Alex,Patel,alex.patel4914@example.com,Chicago,Midwest,2021-04-15,Silver,Retail Store
C019508,Drew,Brooks,drew.brooks19508@example.com,Providence,Northeast,2025-10-30,,Retail Store
C024241,Casey,Brooks,casey.brooks24241@example.com,Denver,West,2023-06-24,,Organic
C006224,Emerson,Brooks,emerson.brooks6224@example.com,Atlanta,South,2024-10-15,Silver,Paid Search
C005237,Riley,Lee,riley.lee5237@example.com,Pittsburgh,Northeast,2022-07-09,Gold,Social
C029732,Emerson,Garcia,emerson.garcia29732@example.com,Providence,Northeast,2024-03-19,,Organic
C018732,Taylor,Martinez,taylor.martinez18732@example.com,Dallas,South,2022-09-02,Gold,Organic
C004121,Emerson,Adams,emerson.adams4121@example.com,Pittsburgh,Northeast,2025-05-13,Silver,Retail Store
C029357,Alex,Turner,alex.turner29357@example.com,Chicago,Midwest,2022-08-02,Silver,Organic
C028916,Emerson,Turner,emerson.turner28916@example.com,Portland,West,2025-03-04,,Organic
C005658,Casey,Davis,casey.davis5658@example.com,Minneapolis,Midwest,2023-09-11,,Social
C003194,Riley,Brooks,riley.brooks3194@example.com,Los Angeles,West,2021-04-15,Silver,Organic
C021291,Drew,Martinez,drew.martinez21291@example.com,Nashville,South,2021-09-21,Gold,Paid Search
C024522,Cameron,Davis,cameron.davis24522@example.com,Los Angeles,West,2022-05-05,,Paid Search
C003163,Jordan,Chen,jordan.chen3163@example.com,Phoenix,West,2024-12-05,,Organic
C011968,Casey,Kim,casey.kim11968@example.com,Minneapolis,Midwest,2024-12-12,,Retail Store
C008942,Kai,Rivera,kai.rivera8942@example.com,Chicago,Midwest,2024-02-20,Gold,Social
C011190,Casey,Turner,casey.turner11190@example.com,Austin,South,2023-03-18,Gold,Retail Store
C026146,Emerson,Turner,emerson.turner26146@example.com,Chicago,Midwest,2025-04-20,Silver,Paid Search
C012918,Alex,Rivera,alex.rivera12918@example.com,Charlotte,South,2025-11-06,Platinum,Referral
C001739,Parker,Garcia,parker.garcia1739@example.com,Boston,Northeast,2024-06-16,,Referral
C014009,Sam,Turner,sam.turner14009@example.com,Charlotte,South,2023-01-09,,Organic
C008619,Jordan,Patel,jordan.patel8619@example.com,Charlotte,South,2022-03-15,Silver,Social
C013163,Cameron,Martinez,cameron.martinez13163@example.com,Pittsburgh,Northeast,2025-09-02,Silver,Organic
C011316,Drew,Hughes,drew.hughes11316@example.com,Columbus,Midwest,2021-01-25,Gold,Social
C009699,Parker,Lee,parker.lee9699@example.com,Dallas,South,2023-02-21,Silver,Social
C020834,Cameron,Davis,cameron.davis20834@example.com,Austin,South,2022-03-13,Silver,Retail Store
C019473,Cameron,Adams,cameron.adams19473@example.com,Atlanta,South,2021-05-23,Silver,Social
C013886,Alex,Kim,alex.kim13886@example.com,Los Angeles,West,2023-07-31,Gold,Retail Store
C010063,Jordan,Rivera,jordan.rivera10063@example.com,Seattle,West,2025-11-13,,Organic
C011914,Jordan,Kim,jordan.kim11914@example.com,Pittsburgh,Northeast,2023-04-12,Silver,Referral
C029238,Morgan,Rivera,morgan.rivera29238@example.com,Columbus,Midwest,2022-02-15,Platinum,Organic
C025240,Cameron,Smith,cameron.smith25240@example.com,Pittsburgh,Northeast,2024-06-12,,Social
C029788,Riley,Garcia,riley.garcia29788@example.com,Pittsburgh,Northeast,2022-03-03,Platinum,Retail Store
C014898,Taylor,Garcia,taylor.garcia14898@example.com,Denver,West,2025-09-13,,Retail Store
C009873,Alex,Kim,alex.kim9873@example.com,Boston,Northeast,2022-09-25,Gold,Retail Store
C019807,Jordan,Chen,jordan.chen19807@example.com,Denver,West,2021-12-01,,Social
C009402,Jordan,Martinez,jordan.martinez9402@example.com,Phoenix,West,2022-03-27,,Organic
C006949,Quinn,Brooks,quinn.brooks6949@example.com,Columbus,Midwest,2025-11-14,,Paid Search
C024376,Riley,Chen,riley.chen24376@example.com,Philadelphia,Northeast,2023-05-03,Silver,Organic
C028009,Jordan,Kim,jordan.kim28009@example.com,Indianapolis,Midwest,2025-10-12,Silver,Organic
C012403,Jordan,Adams,jordan.adams12403@example.com,Columbus,Midwest,2025-04-22,,Retail Store
C007654,Alex,Adams,alex.adams7654@example.com,Columbus,Midwest,2023-01-08,,Paid Search
C028676,Alex,Garcia,alex.garcia28676@example.com,Columbus,Midwest,2022-12-06,,Paid Search
C026388,Sam,Lee,sam.lee26388@example.com,Philadelphia,Northeast,2022-08-28,,Social
C002961,Cameron,Patel,cameron.patel2961@example.com,Chicago,Midwest,2022-03-09,,Social
C006434,Avery,Turner,avery.turner6434@example.com,Indianapolis,Midwest,2022-04-26,Gold,Referral
C018725,Cameron,Hughes,cameron.hughes18725@example.com,Phoenix,West,2025-05-26,,Organic
C020283,Quinn,Martinez,quinn.martinez20283@example.com,Dallas,South,2024-10-18,Silver,Social
C007210,Emerson,Rivera,emerson.rivera7210@example.com,Austin,South,2024-06-25,Silver,Referral
C013316,Parker,Turner,parker.turner13316@example.com,Boston,Northeast,2023-09-11,,Paid Search
C023589,Jordan,Johnson,jordan.johnson23589@example.com,Providence,Northeast,2022-11-12,Silver,Retail Store
C003830,Cameron,Patel,cameron.patel3830@example.com,Chicago,Midwest,2021-02-18,Silver,Organic
C002843,Morgan,Johnson,morgan.johnson2843@example.com,Indianapolis,Midwest,2023-10-19,,Retail Store
C003054,Avery,Hughes,avery.hughes3054@example.com,New York,Northeast,2024-10-27,,Social
C006731,Taylor,Lee,taylor.lee6731@example.com,Denver,West,2022-07-19,,Paid Search
C011512,Quinn,Davis,quinn.davis11512@example.com,Detroit,Midwest,2021-11-29,,Paid Search
C013062,Avery,Martinez,avery.martinez13062@example.com,New York,Northeast,2021-10-06,Silver,Paid Search
C017548,Riley,Martinez,riley.martinez17548@example.com,Phoenix,West,2022-05-18,Gold,Retail Store
C025748,Sam,Chen,sam.chen25748@example.com,Seattle,West,2021-05-05,,Paid Search
C012260,Avery,Turner,avery.turner12260@example.com,New York,Northeast,2021-09-28,,Social
C009085,Kai,Davis,kai.davis9085@example.com,Boston,Northeast,2023-04-01,,Social
C015054,Alex,Adams,alex.adams15054@example.com,Austin,South,2022-07-23,,Social
C015031,Riley,Patel,riley.patel15031@example.com,Charlotte,South,2023-03-30,,Social
C011629,Riley,Brooks,riley.brooks11629@example.com,Pittsburgh,Northeast,2022-11-05,,Referral
C017898,Casey,Lee,casey.lee17898@example.com,Philadelphia,Northeast,2022-05-05,Gold,Organic
C015839,Parker,Davis,parker.davis15839@example.com,Providence,Northeast,2022-04-28,Silver,Organic
C027651,Morgan,Patel,morgan.patel27651@example.com,Seattle,West,2022-04-10,Gold,Organic
C008659,Quinn,Patel,quinn.patel8659@example.com,Charlotte,South,2023-05-02,Gold,Paid Search
C003428,Kai,Smith,kai.smith3428@example.com,Dallas,South,2025-07-27,Platinum,Referral
C014005,Cameron,Garcia,cameron.garcia14005@example.com,Los Angeles,West,2025-06-26,,Referral
C015738,Casey,Turner,casey.turner15738@example.com,Atlanta,South,2022-05-08,,Referral
C014836,Avery,Davis,avery.davis14836@example.com,Portland,West,2021-03-01,Gold,Paid Search
C026572,Cameron,Brooks,cameron.brooks26572@example.com,Austin,South,2024-09-22,,Organic
C027449,Alex,Hughes,alex.hughes27449@example.com,Austin,South,2021-05-12,Silver,Paid Search
C020986,Drew,Hughes,drew.hughes20986@example.com,Charlotte,South,2022-06-10,Silver,Retail Store
C003173,Morgan,Martinez,morgan.martinez3173@example.com,Austin,South,2021-12-30,Silver,Social
C025474,Drew,Adams,drew.adams25474@example.com,Charlotte,South,2025-10-27,Silver,Organic
C028654,Avery,Johnson,avery.johnson28654@example.com,Boston,Northeast,2024-08-03,,Referral
C009170,Alex,Brooks,alex.brooks9170@example.com,Philadelphia,Northeast,2021-11-25,Silver,Referral
C003930,Parker,Lee,parker.lee3930@example.com,Dallas,South,2023-11-24,Silver,Paid Search
C016834,Parker,Patel,parker.patel16834@example.com,Charlotte,South,2021-03-07,Silver,Retail Store
C006249,Kai,Johnson,kai.johnson6249@example.com,Chicago,Midwest,2024-12-25,,Organic
C018598,Cameron,Hughes,cameron.hughes18598@example.com,Boston,Northeast,2025-05-09,Silver,Retail Store
C002062,Kai,Adams,kai.adams2062@example.com,Charlotte,South,2025-10-28,,Social
C002565,Parker,Rivera,parker.rivera2565@example.com,Seattle,west,2025-08-22,,Paid Search
C023787,Avery,Chen,avery.chen23787@example.com,Boston,Northeast,2025-09-13,,Organic
C014406,Taylor,Patel,taylor.patel14406@example.com,Chicago,Midwest,2024-11-01,,Organic
C017247,Alex,Adams,alex.adams17247@example.com,Indianapolis,Midwest,2021-02-27,Silver,Retail Store
C029428,Sam,Rivera,sam.rivera29428@example.com,Minneapolis,Midwest,2021-06-08,Silver,Organic
C023833,Casey,Kim,casey.kim23833@example.com,Nashville,South,2025-07-01,,Social
C001967,Morgan,Turner,morgan.turner1967@example.com,Austin,South,2024-06-26,Gold,Retail Store
C023091,Kai,Brooks,kai.brooks23091@example.com,Columbus,Midwest,2024-07-30,,Organic
C021314,Cameron,Patel,cameron.patel21314@example.com,Providence,Northeast,2021-03-24,,Referral
C005097,Cameron,Rivera,cameron.rivera5097@example.com,Columbus,Midwest,2024-08-22,,Organic
C002901,Parker,Patel,parker.patel2901@example.com,New York,Northeast,2021-04-15,Silver,Referral
C001691,Kai,Davis,kai.davis1691@example.com,Detroit,Midwest,2021-02-02,Silver,Organic
C018522,Parker,Turner,parker.turner18522@example.com,Pittsburgh,Northeast,2021-04-20,Silver,Retail Store
C004414,Morgan,Brooks,morgan.brooks4414@example.com,Nashville,South,2025-02-03,Gold,Retail Store
C000507,Cameron,Smith,cameron.smith507@example.com,Detroit,Midwest,2023-10-24,,Organic
C002044,Taylor,Turner,taylor.turner2044@example.com,Atlanta,South,2021-11-05,,Referral
C019591,Jordan,Garcia,jordan.garcia19591@example.com,Atlanta,South,2024-03-31,Gold,Social
C023168,Morgan,Chen,morgan.chen23168@example.com,Detroit,Midwest,2025-10-10,Silver,Paid Search
C016720,Alex,Davis,alex.davis16720@example.com,Charlotte,South,2021-01-23,,Organic
C017496,Jordan,Smith,jordan.smith17496@example.com,Boston,Northeast,2022-12-27,,Paid Search
C011289,Kai,Rivera,kai.rivera11289@example.com,Denver,West,2025-06-23,,Organic
C006405,Casey,Smith,casey.smith6405@example.com,Nashville,South,2022-04-21,Gold,Organic
C026639,Drew,Chen,drew.chen26639@example.com,Providence,Northeast,2023-05-22,Silver,Retail Store
C024075,Cameron,Patel,cameron.patel24075@example.com,Dallas,South,2024-02-16,Silver,Paid Search
C015421,Morgan,Johnson,morgan.johnson15421@example.com,Charlotte,South,2023-06-04,Silver,Paid Search
C006187,Taylor,Adams,taylor.adams6187@example.com,Columbus,Midwest,2021-07-01,Silver,Organic
C021821,Alex,Kim,alex.kim21821@example.com,Atlanta,South,2022-10-21,,Referral
C010644,Emerson,Martinez,emerson.martinez10644@example.com,Minneapolis,Midwest,2023-11-08,Gold,Paid Search
C018981,Sam,Adams,sam.adams18981@example.com,Seattle,West,2023-12-31,Silver,Referral
C020318,Cameron,Johnson,cameron.johnson20318@example.com,Dallas,South,2022-03-27,,Referral
C026759,Drew,Rivera,drew.rivera26759@example.com,Denver,West,2022-07-16,Silver,Social
C007787,Jordan,Hughes,jordan.hughes7787@example.com,Denver,West,2021-08-13,Silver,Paid Search
C020823,Morgan,Johnson,morgan.johnson20823@example.com,Los Angeles,West,2025-04-23,,Paid Search
C029039,Sam,Patel,sam.patel29039@example.com,Denver,West,2024-04-05,Silver,Retail Store
C013996,Casey,Turner,casey.turner13996@example.com,Minneapolis,Midwest,2025-04-30,Gold,Paid Search
C001570,Avery,Chen,avery.chen1570@example.com,Los Angeles,West,2023-08-04,,Organic
C023309,Casey,Turner,casey.turner23309@example.com,Indianapolis,Midwest,2021-04-16,Gold,Paid Search
C024358,Sam,Martinez,sam.martinez24358@example.com,Detroit,Midwest,2023-08-23,Gold,Paid Search
C025311,Casey,Lee,casey.lee25311@example.com,Charlotte,South,2021-09-08,Silver,Paid Search
C016503,Casey,Brooks,casey.brooks16503@example.com,Indianapolis,Midwest,2022-05-15,Platinum,Referral
C028698,Sam,Smith,sam.smith28698@example.com,Columbus,Midwest,2022-10-27,,Social
C013067,Kai,Lee,kai.lee13067@example.com,Austin,South,2024-04-11,Silver,Referral
C011770,Drew,Hughes,drew.hughes11770@example.com,Phoenix,West,2021-02-15,,Referral
C022566,Sam,Turner,sam.turner22566@example.com,Philadelphia,Northeast,2025-10-17,Gold,Paid Search
C009713,Emerson,Smith,emerson.smith9713@example.com,Portland,West,2025-04-17,Silver,Social
C014875,Quinn,Johnson,quinn.johnson14875@example.com,Boston,Northeast,2022-05-22,,Paid Search
C006742,Sam,Johnson,sam.johnson6742@example.com,Nashville,South,2022-12-30,Silver,Organic
C013318,Avery,Johnson,avery.johnson13318@example.com,Dallas,South,2022-07-10,Gold,Referral
C001267,Riley,Rivera,riley.rivera1267@example.com,Los Angeles,West,2023-08-28,Silver,Social
C012837,Morgan,Smith,morgan.smith12837@example.com,Boston,Northeast,2022-10-02,Silver,Retail Store
C001303,Avery,Chen,avery.chen1303@example.com,Detroit,Midwest,2023-04-11,Gold,Organic
C025559,Jordan,Lee,jordan.lee25559@example.com,Philadelphia,Northeast,2023-01-18,,Retail Store
C018041,Quinn,Kim,quinn.kim18041@example.com,Portland,West,2025-09-10,,Organic
C026602,Quinn,Johnson,quinn.johnson26602@example.com,Phoenix,West,2023-09-24,,Retail Store
C001969,Riley,Turner,riley.turner1969@example.com,Columbus,Midwest,2024-03-10,Gold,Organic
C019805,Taylor,Chen,taylor.chen19805@example.com,Chicago,Midwest,2025-02-13,,Paid Search
C014245,Drew,Adams,drew.adams14245@example.com,Pittsburgh,Northeast,2024-07-28,,Paid Search
C003116,Morgan,Turner,morgan.turner3116@example.com,Atlanta,South,2024-06-30,,Retail Store
C003640,Alex,Smith,alex.smith3640@example.com,Chicago,Midwest,2022-11-26,Gold,Social
C001963,Cameron,Chen,cameron.chen1963@example.com,Boston,Northeast,2023-08-10,,Referral
C011926,Drew,Chen,drew.chen11926@example.com,Denver,West,2023-01-27,,Social
C022198,Quinn,Adams,quinn.adams22198@example.com,Dallas,South,2023-02-06,,Social
C006463,Alex,Davis,alex.davis6463@example.com,Los Angeles,West,2025-08-08,Silver,Paid Search
C009444,Cameron,Johnson,cameron.johnson9444@example.com,Philadelphia,Northeast,2021-06-12,Gold,Organic
C001048,Avery,Smith,avery.smith1048@example.com,Pittsburgh,Northeast,2025-04-30,Silver,Social
C020889,Emerson,Martinez,emerson.martinez20889@example.com,Los Angeles,West,2021-01-14,,Retail Store
C017497,Emerson,Davis,emerson.davis17497@example.com,Dallas,South,2023-02-16,Gold,Paid Search
C011417,Emerson,Lee,emerson.lee11417@example.com,Pittsburgh,Northeast,2023-06-26,,Organic
C027810,Casey,Chen,casey.chen27810@example.com,Phoenix,West,2025-11-18,,Social
C022876,Sam,Davis,sam.davis22876@example.com,Los Angeles,West,2025-03-08,Silver,Retail Store
C029852,Quinn,Johnson,quinn.johnson29852@example.com,New York,Northeast,2024-05-24,Silver,Paid Search
C006389,Parker,Davis,parker.davis6389@example.com,Columbus,Midwest,2024-08-18,,Paid Search
C001759,Parker,Hughes,parker.hughes1759@example.com,Detroit,Midwest,2022-01-06,,Referral
C011434,Sam,Smith,sam.smith11434@example.com,Denver,West,2022-05-10,Silver,Organic
C029543,Cameron,Hughes,cameron.hughes29543@example.com,Columbus,Midwest,2025-04-15,Silver,Retail Store
C008732,Riley,Brooks,riley.brooks8732@example.com,Minneapolis,Midwest,2021-09-02,,Social
C012399,Avery,Martinez,avery.martinez12399@example.com,Dallas,South,2025-05-02,,Referral
C022719,Kai,Turner,kai.turner22719@example.com,Charlotte,South,2021-11-22,,Retail Store
C025466,Drew,Martinez,drew.martinez25466@example.com,Austin,South,2024-04-13,,Organic
C010822,Avery,Martinez,avery.martinez10822@example.com,New York,Northeast,2024-01-01,,Retail Store
C022201,Taylor,Turner,taylor.turner22201@example.com,Dallas,South,2025-03-28,Gold,Social
C017225,Sam,Chen,sam.chen17225@example.com,Los Angeles,West,2025-11-29,,Organic
C024931,Casey,Johnson,casey.johnson24931@example.com,Charlotte,South,2021-04-29,,Social
C006481,Quinn,Martinez,quinn.martinez6481@example.com,Philadelphia,Northeast,2025-09-09,,Social
C014751,Morgan,Hughes,morgan.hughes14751@example.com,,South,2022-05-09,Gold,Organic
C012921,Sam,Rivera,sam.rivera12921@example.com,Boston,Northeast,2024-05-27,Platinum,Retail Store
C009756,Riley,Rivera,riley.rivera9756@example.com,Charlotte,South,2024-01-03,Silver,Paid Search
C019886,Jordan,Patel,jordan.patel19886@example.com,Charlotte,South,2022-06-18,Silver,Social
C027812,Quinn,Lee,quinn.lee27812@example.com,Nashville,South,2023-10-12,Silver,Social
C022870,Drew,Adams,drew.adams22870@example.com,Atlanta,South,2023-07-15,,Social
C015603,Casey,Garcia,casey.garcia15603@example.com,Minneapolis,Midwest,2023-09-14,,Organic
C013582,Cameron,Hughes,cameron.hughes13582@example.com,Portland,West,2022-01-08,,Retail Store
C021553,Kai,Martinez,kai.martinez21553@example.com,Dallas,South,2024-03-02,,Retail Store
C029950,Avery,Chen,avery.chen29950@example.com,Denver,West,2025-01-24,,Retail Store
C006758,Sam,Rivera,sam.rivera6758@example.com,Detroit,Midwest,2021-08-20,Silver,Retail Store
C002755,Riley,Davis,riley.davis2755@example.com,Pittsburgh,Northeast,2025-11-04,Silver,Organic
C016430,Kai,Martinez,kai.martinez16430@example.com,Detroit,Midwest,2022-07-07,,Social
C007421,Casey,Adams,casey.adams7421@example.com,Pittsburgh,Northeast,2023-01-06,Silver,Paid Search
C000981,Parker,Brooks,parker.brooks981@example.com,Philadelphia,Northeast,2021-12-13,Silver,Organic
C026019,Avery,Hughes,avery.hughes26019@example.com,Columbus,Midwest,2023-03-29,,Organic
C018404,Riley,Lee,riley.lee18404@example.com,Atlanta,South,2023-11-11,Silver,Paid Search
C008635,Casey,Rivera,casey.rivera8635@example.com,Pittsburgh,Northeast,2022-07-12,Silver,Paid Search
C000335,Kai,Smith,kai.smith335@example.com,Seattle,West,2024-04-19,,Retail Store
C014728,Jordan,Brooks,jordan.brooks14728@example.com,Nashville,South,2021-08-05,,Retail Store
C017542,Taylor,Brooks,taylor.brooks17542@example.com,Portland,West,2023-01-24,Gold,Paid Search
C025823,Taylor,Patel,taylor.patel25823@example.com,New York,Northeast,2024-03-01,Gold,Referral
C021962,Drew,Martinez,drew.martinez21962@example.com,Nashville,South,2024-07-03,Silver,Organic
C023663,Sam,Smith,sam.smith23663@example.com,Philadelphia,Northeast,2023-04-19,,Social
C008640,Sam,Johnson,sam.johnson8640@example.com,Minneapolis,Midwest,2023-04-01,,Referral
C028032,Drew,Lee,drew.lee28032@example.com,Detroit,Midwest,2021-07-22,Silver,Social
C022651,Casey,Hughes,casey.hughes22651@example.com,Minneapolis,Midwest,2025-11-05,Silver,Paid Search
C014764,Jordan,Johnson,jordan.johnson14764@example.com,Providence,Northeast,2022-03-16,Silver,Paid Search
C009267,Parker,Adams,parker.adams9267@example.com,Austin,South,2021-01-07,,Paid Search
C010715,Casey,Brooks,casey.brooks10715@example.com,Detroit,Midwest,2021-05-25,Silver,Retail Store
C004348,Kai,Smith,kai.smith4348@example.com,Philadelphia,Northeast,2022-09-11,,Referral
C023144,Parker,Chen,parker.chen23144@example.com,Minneapolis,Midwest,2021-10-27,Gold,Social
C019262,Avery,Hughes,avery.hughes19262@example.com,Columbus,Midwest,2024-06-19,Silver,Organic
C022714,Casey,Rivera,casey.rivera22714@example.com,Boston,Northeast,2024-07-13,Silver,Referral
C000275,Emerson,Patel,emerson.patel275@example.com,Dallas,South,2025-06-27,,Referral
C010366,Morgan,Hughes,morgan.hughes10366@example.com,Minneapolis,Midwest,2025-08-01,,Organic
C012120,Quinn,Johnson,quinn.johnson12120@example.com,Pittsburgh,Northeast,2021-05-01,,Retail Store
C005524,Drew,Johnson,drew.johnson5524@example.com,Providence,Northeast,2021-10-30,,Organic
C025275,Jordan,Johnson,jordan.johnson25275@example.com,Indianapolis,Midwest,2022-05-25,,Retail Store
C028856,Kai,Smith,kai.smith28856@example.com,Charlotte,South,2025-02-12,,Social
C010728,Parker,Chen,parker.chen10728@example.com,Columbus,Midwest,2025-06-10,Silver,Referral
C017266,Riley,Smith,riley.smith17266@example.com,Pittsburgh,Northeast,2023-02-27,,Organic
C022544,Cameron,Garcia,cameron.garcia22544@example.com,Los Angeles,West,2021-05-01,Gold,Organic
C005473,Parker,Rivera,parker.rivera5473@example.com,Denver,West,2021-08-06,Silver,Organic
C018599,Alex,Smith,alex.smith18599@example.com,Atlanta,South,2021-05-07,,Retail Store
C021091,Avery,Lee,avery.lee21091@example.com,Dallas,South,2022-10-09,Silver,Referral
C012407,Sam,Rivera,sam.rivera12407@example.com,Dallas,South,2024-05-30,Gold,Organic
C017069,Drew,Davis,drew.davis17069@example.com,Indianapolis,Midwest,2023-06-14,Gold,Paid Search
C020312,Parker,Smith,parker.smith20312@example.com,Providence,Northeast,2022-04-09,Silver,Organic
C020019,Kai,Turner,kai.turner20019@example.com,Nashville,South,2021-11-07,,Retail Store
C004992,Casey,Davis,casey.davis4992@example.com,New York,Northeast,2025-01-12,Gold,Referral
C001397,Emerson,Rivera,emerson.rivera1397@example.com,Dallas,South,2024-03-26,,Social
C012433,Morgan,Hughes,morgan.hughes12433@example.com,Austin,South,2021-06-04,,Social
C015278,Riley,Patel,riley.patel15278@example.com,,Midwest,2023-07-25,,Paid Search
C011334,Morgan,Chen,morgan.chen11334@example.com,Phoenix,West,2021-05-17,,Retail Store
C017220,Casey,Turner,casey.turner17220@example.com,Charlotte,South,2025-08-12,,Social
C021505,Avery,Rivera,avery.rivera21505@example.com,Seattle,West,2022-03-16,Gold,Organic
C020821,Casey,Brooks,casey.brooks20821@example.com,Portland,West,2021-07-10,Silver,Paid Search
C006071,Morgan,Rivera,morgan.rivera6071@example.com,Los Angeles,West,2023-10-18,,Social
C009062,Drew,Johnson,drew.johnson9062@example.com,Boston,Northeast,2025-09-08,Gold,Organic
C000658,Cameron,Kim,cameron.kim658@example.com,Charlotte,South,2021-04-24,Silver,Social
C008506,Kai,Martinez,kai.martinez8506@example.com,Los Angeles,West,2022-12-29,Silver,Organic
C028815,Alex,Rivera,alex.rivera28815@example.com,Boston,Northeast,2022-05-05,Gold,Organic
C006903,Avery,Martinez,avery.martinez6903@example.com,Austin,South,2021-06-30,Gold,Organic
C024419,Kai,Hughes,kai.hughes24419@example.com,Austin,South,2023-01-14,Silver,Paid Search
C001435,Jordan,Brooks,jordan.brooks1435@example.com,Minneapolis,Midwest,2021-10-05,Silver,Organic
C018125,Kai,Rivera,kai.rivera18125@example.com,Seattle,West,2022-06-10,Silver,Social
C008864,Jordan,Turner,jordan.turner8864@example.com,Boston,Northeast,2021-10-12,Platinum,Organic
C006129,Casey,Garcia,casey.garcia6129@example.com,Indianapolis,Midwest,2022-05-18,Silver,Social
C029894,Avery,Brooks,avery.brooks29894@example.com,Seattle,West,2021-02-05,,Social
C000944,Avery,Kim,avery.kim944@example.com,Denver,West,2024-08-02,,Social
C007487,Morgan,Patel,morgan.patel7487@example.com,Indianapolis,Midwest,2022-11-22,Platinum,Organic
C003929,Casey,Martinez,casey.martinez3929@example.com,Minneapolis,Midwest,2021-04-22,Gold,Retail Store
C009385,Riley,Martinez,riley.martinez9385@example.com,Columbus,Midwest,2023-02-03,Platinum,Referral
C011192,Drew,Garcia,drew.garcia11192@example.com,Charlotte,South,2021-04-25,,Social
C019312,Quinn,Adams,quinn.adams19312@example.com,Portland,West,2024-01-17,,Organic
C020157,Drew,Martinez,drew.martinez20157@example.com,Providence,Northeast,2024-02-15,Gold,Referral
C029673,Alex,Davis,alex.davis29673@example.com,Charlotte,South,2021-04-04,,Organic
C026395,Drew,Hughes,drew.hughes26395@example.com,New York,Northeast,2024-06-26,Silver,Social
C017796,Avery,Garcia,avery.garcia17796@example.com,Pittsburgh,Northeast,2021-06-25,Gold,Social
C005222,Riley,Johnson,riley.johnson5222@example.com,Los Angeles,West,2023-01-02,,Referral
C011718,Kai,Rivera,kai.rivera11718@example.com,Minneapolis,Midwest,2025-01-17,,Organic
C020628,Quinn,Martinez,quinn.martinez20628@example.com,Nashville,South,2023-12-31,,Organic
C003579,Jordan,Kim,jordan.kim3579@example.com,Austin,South,2021-09-06,,Referral
C008529,Cameron,Chen,cameron.chen8529@example.com,Seattle,West,2022-06-16,,Referral
C013310,Kai,Martinez,kai.martinez13310@example.com,Phoenix,West,2024-08-28,,Paid Search
C021923,Avery,Martinez,avery.martinez21923@example.com,Dallas,South,2024-09-12,,Paid Search
C000906,Emerson,Brooks,emerson.brooks906@example.com,Indianapolis,Midwest,2024-01-10,Gold,Retail Store
C007841,Kai,Davis,kai.davis7841@example.com,Charlotte,South,2024-04-09,,Social
C002618,Jordan,Brooks,jordan.brooks2618@example.com,Austin,South,2021-05-24,Silver,Paid Search
C024337,Parker,Hughes,parker.hughes24337@example.com,Seattle,West,2023-03-30,Silver,Paid Search
C006952,Jordan,Turner,jordan.turner6952@example.com,Providence,Northeast,2025-06-02,,Paid Search
C011404,Kai,Garcia,kai.garcia11404@example.com,Providence,Northeast,2022-07-28,,Social
C008970,Avery,Rivera,avery.rivera8970@example.com,Charlotte,South,2021-01-09,Gold,Paid Search
C021485,Riley,Garcia,riley.garcia21485@example.com,Los Angeles,West,2024-11-04,Silver,Paid Search
C011582,Casey,Lee,casey.lee11582@example.com,New York,Northeast,2021-10-17,,Referral
C021888,Riley,Johnson,riley.johnson21888@example.com,Providence,Northeast,2021-09-30,Silver,Social
C009927,Morgan,Brooks,morgan.brooks9927@example.com,Nashville,South,2022-08-23,,Retail Store
C018791,Parker,Lee,parker.lee18791@example.com,Dallas,South,2022-03-26,Gold,Organic
C003059,Casey,Davis,casey.davis3059@example.com,Detroit,Midwest,2024-04-10,,Paid Search
C028663,Drew,Johnson,drew.johnson28663@example.com,Seattle,West,2022-05-02,,Social
C008145,Emerson,Kim,emerson.kim8145@example.com,Phoenix,west,2022-09-24,Silver,Social
C017449,Kai,Turner,kai.turner17449@example.com,Denver,West,2021-11-23,Gold,Referral
C016747,Kai,Johnson,kai.johnson16747@example.com,Nashville,South,2024-09-20,Silver,Referral
C022772,Quinn,Rivera,quinn.rivera22772@example.com,Nashville,South,2023-08-13,Silver,Retail Store
C022391,Morgan,Chen,morgan.chen22391@example.com,Dallas,South,2024-04-15,,Referral
C015819,Drew,Davis,drew.davis15819@example.com,Denver,West,2023-12-23,Silver,Paid Search
C016738,Avery,Garcia,avery.garcia16738@example.com,Providence,Northeast,2021-03-26,Silver,Retail Store
C028437,Avery,Martinez,avery.martinez28437@example.com,Portland,West,2021-04-16,Silver,Retail Store
C006889,Alex,Johnson,alex.johnson6889@example.com,Indianapolis,Midwest,2022-08-17,,Organic
C016604,Taylor,Rivera,taylor.rivera16604@example.com,Providence,Northeast,2022-01-08,Silver,Social
C004603,Emerson,Kim,emerson.kim4603@example.com,Indianapolis,Midwest,2025-09-03,,Organic
C015484,Kai,Davis,kai.davis15484@example.com,Indianapolis,Midwest,2025-02-11,,Referral
C006825,Morgan,Chen,morgan.chen6825@example.com,Charlotte,South,2022-07-24,,Retail Store
C000331,Quinn,Brooks,quinn.brooks331@example.com,Charlotte,South,2023-02-16,,Organic
C025444,Kai,Martinez,kai.martinez25444@example.com,Denver,West,2022-12-16,Gold,Referral
C019698,Morgan,Martinez,morgan.martinez19698@example.com,Denver,West,2021-11-03,Silver,Paid Search
C011816,Sam,Patel,sam.patel11816@example.com,Denver,West,2023-08-20,,Referral
C028100,Casey,Kim,casey.kim28100@example.com,Boston,Northeast,2022-02-22,SILVER,Referral
C020258,Casey,Adams,casey.adams20258@example.com,Pittsburgh,Northeast,2025-11-08,,Organic
C014243,Drew,Rivera,drew.rivera14243@example.com,Charlotte,South,2025-07-28,Silver,Retail Store
C022998,Morgan,Rivera,morgan.rivera22998@example.com,Providence,Northeast,2024-02-28,,Paid Search
C015080,Riley,Kim,riley.kim15080@example.com,Portland,West,2022-01-21,Silver,Retail Store
C002287,Avery,Smith,avery.smith2287@example.com,Columbus,Midwest,2021-09-04,Silver,Organic
C029204,Casey,Patel,casey.patel29204@example.com,Charlotte,South,2022-01-15,,Social
C023596,Quinn,Chen,quinn.chen23596@example.com,Charlotte,South,2024-12-18,,Retail Store
C020169,Morgan,Hughes,morgan.hughes20169@example.com,Denver,West,2021-02-18,Silver,Paid Search
C010959,Avery,Lee,avery.lee10959@example.com,Boston,Northeast,2022-11-18,Gold,Retail Store
C004297,Morgan,Johnson,morgan.johnson4297@example.com,Indianapolis,Midwest,2021-04-04,Platinum,Referral
C004750,Alex,Chen,alex.chen4750@example.com,Charlotte,South,2023-06-05,,Social
C012711,Drew,Patel,drew.patel12711@example.com,Atlanta,South,2022-11-21,Silver,Paid Search
C023468,Taylor,Lee,taylor.lee23468@example.com,Providence,Northeast,2022-10-18,Silver,Retail Store
C021869,Morgan,Turner,morgan.turner21869@example.com,,Midwest,2022-07-15,Silver,Referral
C001183,Jordan,Davis,jordan.davis1183@example.com,Minneapolis,Midwest,2023-03-06,,Referral
C004773,Parker,Martinez,parker.martinez4773@example.com,Nashville,South,2022-11-26,,Referral
C029742,Quinn,Martinez,quinn.martinez29742@example.com,Minneapolis,Midwest,2022-07-31,Gold,Paid Search
C020957,Alex,Smith,alex.smith20957@example.com,Phoenix,West,2023-09-21,Gold,Organic
C012987,Sam,Adams,sam.adams12987@example.com,Los Angeles,West,2023-01-14,,Organic
C005536,Morgan,Johnson,morgan.johnson5536@example.com,Portland,West,2022-08-03,,Retail Store
C011583,Emerson,Turner,emerson.turner11583@example.com,Atlanta,South,2023-03-07,,Paid Search
C009392,Morgan,Brooks,morgan.brooks9392@example.com,New York,Northeast,2022-12-20,,Referral
C024471,Jordan,Chen,jordan.chen24471@example.com,Portland,West,2024-07-14,,Retail Store
C007793,Quinn,Adams,quinn.adams7793@example.com,Nashville,South,2023-06-30,Silver,Social
C027295,Drew,Lee,drew.lee27295@example.com,Austin,South,2022-08-28,Gold,Organic
C016681,Emerson,Patel,emerson.patel16681@example.com,Chicago,Midwest,2025-10-02,Silver,Referral
C014619,Quinn,Patel,quinn.patel14619@example.com,Phoenix,West,2022-05-15,,Referral
C003549,Parker,Rivera,parker.rivera3549@example.com,Dallas,South,2023-03-22,,Paid Search
C026757,Drew,Patel,drew.patel26757@example.com,Denver,West,2025-01-28,Silver,Organic
C028248,Riley,Patel,riley.patel28248@example.com,Portland,West,2021-07-18,,Retail Store
C023835,Riley,Hughes,riley.hughes23835@example.com,Pittsburgh,Northeast,2025-05-21,Silver,Paid Search
C005438,Taylor,Brooks,taylor.brooks5438@example.com,New York,Northeast,2024-10-13,,Referral
C020062,Riley,Martinez,riley.martinez20062@example.com,Seattle,West,2021-08-07,,Social
C012537,Drew,Smith,drew.smith12537@example.com,Columbus,Midwest,2023-04-17,,Organic
C021003,Kai,Johnson,kai.johnson21003@example.com,Austin,South,2022-12-13,Platinum,Retail Store
C012585,Riley,Adams,riley.adams12585@example.com,Atlanta,South,2022-02-01,Gold,Organic
C012595,Riley,Adams,riley.adams12595@example.com,Pittsburgh,Northeast,2024-10-02,,Paid Search
C010134,Drew,Chen,drew.chen10134@example.com,Portland,West,2022-12-31,Silver,Social
C022268,Avery,Turner,avery.turner22268@example.com,Providence,Northeast,2025-01-08,,Paid Search
C011069,Quinn,Davis,quinn.davis11069@example.com,Nashville,South,2025-07-16,Platinum,Referral
C017557,Jordan,Adams,jordan.adams17557@example.com,Boston,Northeast,2022-06-01,Silver,Retail Store
C010497,Taylor,Chen,taylor.chen10497@example.com,Providence,Northeast,2021-09-02,,Organic
C021968,Quinn,Patel,quinn.patel21968@example.com,Charlotte,South,2021-10-12,Gold,Paid Search
C003395,Riley,Turner,riley.turner3395@example.com,Pittsburgh,Northeast,2021-08-06,Silver,Organic
C021252,Taylor,Lee,taylor.lee21252@example.com,Indianapolis,Midwest,2023-08-03,Silver,Retail Store
C022543,Alex,Patel,alex.patel22543@example.com,Charlotte,South,2021-09-18,Silver,Organic
C010002,Sam,Adams,sam.adams10002@example.com,New York,Northeast,2024-02-04,,Organic
C006441,Cameron,Chen,cameron.chen6441@example.com,Pittsburgh,Northeast,2024-04-06,Silver,Organic
C005041,Casey,Adams,casey.adams5041@example.com,Providence,Northeast,2024-03-02,,Social
C005599,Emerson,Hughes,emerson.hughes5599@example.com,Nashville,South,2022-10-29,,Retail Store
C022686,Alex,Garcia,alex.garcia22686@example.com,Minneapolis,Midwest,2021-12-14,,Organic
C008296,Quinn,Hughes,quinn.hughes8296@example.com,Phoenix,West,2023-05-12,Platinum,Retail Store
C017244,Parker,Johnson,parker.johnson17244@example.com,Portland,West,2021-04-10,Gold,Social
C015985,Cameron,Turner,cameron.turner15985@example.com,Indianapolis,Midwest,2022-11-12,Silver,Organic
C005573,Cameron,Johnson,cameron.johnson5573@example.com,Nashville,South,2021-05-09,Silver,Paid Search
C029256,Cameron,Hughes,cameron.hughes29256@example.com,Charlotte,South,2024-04-10,,Social
C028529,Emerson,Garcia,emerson.garcia28529@example.com,Dallas,South,2025-02-21,Silver,Paid Search
C022040,Sam,Kim,sam.kim22040@example.com,Philadelphia,Northeast,2021-11-07,,Paid Search
C009947,Parker,Davis,parker.davis9947@example.com,Dallas,South,2023-12-20,,Organic
C026332,Cameron,Martinez,cameron.martinez26332@example.com,Dallas,South,2022-11-17,,Paid Search
C023813,Drew,Adams,drew.adams23813@example.com,Portland,West,2023-01-09,,Retail Store
C001665,Jordan,Adams,jordan.adams1665@example.com,New York,Northeast,2021-07-22,,Social
C021780,Avery,Johnson,avery.johnson21780@example.com,Atlanta,South,2022-06-16,,Retail Store
C029551,Sam,Turner,sam.turner29551@example.com,Austin,South,2022-07-18,,Organic
C023704,Riley,Turner,riley.turner23704@example.com,Portland,West,2024-07-12,Silver,Organic
C023240,Taylor,Garcia,taylor.garcia23240@example.com,Dallas,South,2021-12-11,Silver,Organic
C027487,Parker,Chen,parker.chen27487@example.com,Charlotte,South,2023-02-20,Silver,Referral
C022086,Jordan,Davis,jordan.davis22086@example.com,Providence,Northeast,2022-04-28,Silver,Referral
C006880,Jordan,Chen,jordan.chen6880@example.com,Los Angeles,West,2023-04-26,Gold,Paid Search
C017035,Taylor,Davis,taylor.davis17035@example.com,Minneapolis,Midwest,2022-03-08,Silver,Organic
C012742,Drew,Martinez,drew.martinez12742@example.com,Chicago,Midwest,2025-07-14,Silver,Social
C008911,Sam,Smith,sam.smith8911@example.com,Indianapolis,Midwest,2023-03-25,,Organic
C004784,Cameron,Smith,cameron.smith4784@example.com,New York,Northeast,2023-09-17,Silver,Social
C025916,Alex,Rivera,alex.rivera25916@example.com,Minneapolis,Midwest,2024-12-06,Silver,Organic
C010877,Cameron,Patel,cameron.patel10877@example.com,Boston,Northeast,2021-05-04,Gold,Organic
C008162,Casey,Chen,casey.chen8162@example.com,Philadelphia,Northeast,2021-09-22,,Organic
C012844,Jordan,Garcia,jordan.garcia12844@example.com,,South,2024-12-10,Platinum,Paid Search
C021097,Kai,Chen,kai.chen21097@example.com,Austin,South,2023-06-12,,Paid Search
C027801,Casey,Kim,casey.kim27801@example.com,Philadelphia,Northeast,2022-05-15,Silver,Organic
C005926,Emerson,Lee,emerson.lee5926@example.com,Dallas,South,2024-10-01,Gold,Organic
C014354,Avery,Brooks,avery.brooks14354@example.com,Portland,West,2021-03-02,Gold,Organic
C007327,Jordan,Turner,jordan.turner7327@example.com,Columbus,Midwest,2021-11-27,,Social
C000289,Alex,Kim,alex.kim289@example.com,Phoenix,West,2021-05-31,Gold,Paid Search
C003526,Drew,Brooks,drew.brooks3526@example.com,Denver,West,2025-02-25,Silver,Paid Search
C027658,Casey,Adams,casey.adams27658@example.com,Denver,West,2022-05-01,,Organic
C007781,Riley,Johnson,riley.johnson7781@example.com,Boston,Northeast,2025-01-03,,Organic
C014725,Sam,Garcia,sam.garcia14725@example.com,Nashville,South,2021-11-01,Gold,Organic
C025984,Emerson,Johnson,emerson.johnson25984@example.com,Austin,South,2021-03-22,Silver,Referral
C023346,Sam,Rivera,sam.rivera23346@example.com,Denver,West,2025-02-21,Gold,Organic
C000122,Emerson,Johnson,emerson.johnson122@example.com,Indianapolis,Midwest,2022-09-13,,Organic
C011962,Parker,Lee,parker.lee11962@example.com,Denver,West,2021-09-23,,Referral
C002715,Emerson,Smith,emerson.smith2715@example.com,New York,Northeast,2024-11-28,Silver,Social
C000891,Quinn,Chen,quinn.chen891@example.com,New York,Northeast,2022-12-15,Silver,Paid Search
C001244,Casey,Chen,casey.chen1244@example.com,Providence,Northeast,2021-03-26,Platinum,Retail Store
C014543,Quinn,Garcia,quinn.garcia14543@example.com,Charlotte,South,2021-02-21,Gold,Organic
C027770,Cameron,Kim,cameron.kim27770@example.com,Pittsburgh,Northeast,2025-02-20,,Retail Store
C019867,Riley,Patel,riley.patel19867@example.com,Phoenix,West,2022-11-25,Silver,Social
C017674,Emerson,Lee,emerson.lee17674@example.com,Seattle,West,2023-12-02,Silver,Paid Search
C018603,Avery,Martinez,avery.martinez18603@example.com,Columbus,Midwest,2022-06-12,,Paid Search
C009173,Taylor,Kim,taylor.kim9173@example.com,Chicago,Midwest,2024-07-30,,Retail Store
C007569,Alex,Lee,alex.lee7569@example.com,Minneapolis,Midwest,2021-04-28,Gold,Paid Search
C028628,Riley,Davis,riley.davis28628@example.com,Portland,West,2021-11-03,,Paid Search
C005534,Casey,Brooks,casey.brooks5534@example.com,Nashville,South,2021-03-05,Silver,Social
C015182,Sam,Kim,sam.kim15182@example.com,Philadelphia,Northeast,2021-06-12,,Retail Store
C021346,Cameron,Johnson,cameron.johnson21346@example.com,Denver,West,2023-01-17,Gold,Retail Store
C015378,Sam,Kim,sam.kim15378@example.com,Charlotte,South,2022-07-25,Gold,Organic
C017502,Parker,Chen,parker.chen17502@example.com,Detroit,Midwest,2025-07-19,,Referral
C028550,Avery,Garcia,avery.garcia28550@example.com,Phoenix,West,2021-08-05,,Organic
C009247,Taylor,Hughes,taylor.hughes9247@example.com,New York,Northeast,2025-04-24,,Organic
C000703,Sam,Turner,sam.turner703@example.com,Seattle,West,2022-04-29,,Referral
C011627,Sam,Johnson,sam.johnson11627@example.com,Austin,South,2025-03-04,Silver,Organic
C013054,Casey,Chen,casey.chen13054@example.com,Boston,Northeast,2024-05-01,Silver,Retail Store
C005689,Jordan,Rivera,jordan.rivera5689@example.com,Austin,South,2024-05-19,Silver,Paid Search
C013928,Avery,Brooks,avery.brooks13928@example.com,Minneapolis,Midwest,2022-03-04,Gold,Social
C007376,Quinn,Brooks,quinn.brooks7376@example.com,Dallas,South,2025-05-20,,Retail Store
C018673,Casey,Kim,casey.kim18673@example.com,Detroit,Midwest,2023-11-10,Silver,Social
C024449,Drew,Adams,drew.adams24449@example.com,Indianapolis,Midwest,2022-03-06,,Paid Search
C027052,Emerson,Chen,emerson.chen27052@example.com,Austin,South,2025-04-09,Gold,Social
C022124,Avery,Kim,avery.kim22124@example.com,Detroit,Midwest,2021-08-18,,Social
C013358,Avery,Chen,avery.chen13358@example.com,Portland,West,2022-08-14,,Social
C004480,Parker,Smith,parker.smith4480@example.com,Boston,Northeast,2024-03-27,,Organic
C026328,Cameron,Johnson,cameron.johnson26328@example.com,Los Angeles,West,2023-08-17,,Organic
C012365,Cameron,Rivera,cameron.rivera12365@example.com,Detroit,Midwest,2024-05-20,,Social
C026399,Sam,Hughes,sam.hughes26399@example.com,Indianapolis,Midwest,2022-01-01,,Paid Search
C001036,Kai,Turner,kai.turner1036@example.com,Indianapolis,Midwest,2022-06-26,Silver,Retail Store
C016762,Quinn,Davis,quinn.davis16762@example.com,Providence,Northeast,2022-11-14,,Paid Search
C028768,Jordan,Kim,jordan.kim28768@example.com,Indianapolis,Midwest,2024-01-26,Gold,Retail Store
C027908,Parker,Davis,parker.davis27908@example.com,Nashville,South,2022-11-22,,Organic
C021817,Quinn,Martinez,quinn.martinez21817@example.com,Portland,West,2025-01-20,,Paid Search
C023209,Parker,Brooks,parker.brooks23209@example.com,Philadelphia,Northeast,2024-08-03,Gold,Retail Store
C003708,Taylor,Brooks,taylor.brooks3708@example.com,Atlanta,South,2021-03-11,,Organic
C007108,Alex,Johnson,alex.johnson7108@example.com,Denver,West,2023-09-17,,Paid Search
C029305,Alex,Kim,alex.kim29305@example.com,Philadelphia,Northeast,2021-07-31,,Paid Search
C011728,Riley,Rivera,riley.rivera11728@example.com,Atlanta,South,2022-12-11,,Referral
C010022,Emerson,Brooks,emerson.brooks10022@example.com,Nashville,South,2022-03-23,,Paid Search
C026263,Morgan,Patel,morgan.patel26263@example.com,Minneapolis,Midwest,2024-06-13,,Paid Search
C020142,Emerson,Garcia,emerson.garcia20142@example.com,Charlotte,South,2024-08-21,,Organic
C006917,Emerson,Hughes,emerson.hughes6917@example.com,Phoenix,West,2025-03-18,Silver,Organic
C014418,Taylor,Martinez,taylor.martinez14418@example.com,Indianapolis,Midwest,2025-03-09,Gold,Retail Store
C024388,Parker,Davis,parker.davis24388@example.com,Denver,West,2024-12-26,Silver,Retail Store
C011401,Quinn,Chen,quinn.chen11401@example.com,Dallas,South,2024-09-04,,Organic
C017352,Quinn,Turner,quinn.turner17352@example.com,New York,Northeast,2022-02-25,Gold,Social
C016526,Riley,Lee,riley.lee16526@example.com,Denver,West,2021-11-23,Silver,Retail Store
C014314,Drew,Brooks,drew.brooks14314@example.com,Columbus,Midwest,2025-09-01,Gold,Organic
C016216,Morgan,Hughes,morgan.hughes16216@example.com,Philadelphia,Northeast,2023-03-29,Gold,Organic
C017500,Jordan,Patel,jordan.patel17500@example.com,Boston,Northeast,2025-01-06,Gold,Organic
C009812,Morgan,Smith,morgan.smith9812@example.com,Atlanta,South,2023-10-21,Silver,Paid Search
C021124,Riley,Patel,riley.patel21124@example.com,Los Angeles,West,2023-11-19,,Social
C007653,Drew,Adams,drew.adams7653@example.com,Seattle,West,2024-09-07,Gold,Paid Search
C026622,Emerson,Hughes,emerson.hughes26622@example.com,,Northeast,2023-05-03,,Referral
C010017,Drew,Patel,drew.patel10017@example.com,Charlotte,South,2021-11-27,Silver,Referral
C008481,Emerson,Adams,emerson.adams8481@example.com,Pittsburgh,Northeast,2021-11-19,,Social
C013621,Jordan,Turner,jordan.turner13621@example.com,Chicago,Midwest,2023-03-14,Silver,Retail Store
C029855,Jordan,Rivera,jordan.rivera29855@example.com,Portland,West,2023-12-11,,Social
C002902,Alex,Kim,alex.kim2902@example.com,Detroit,Midwest,2025-05-02,Silver,Retail Store
C007601,Riley,Davis,riley.davis7601@example.com,Los Angeles,West,2025-03-25,Platinum,Social
C011248,Quinn,Hughes,quinn.hughes11248@example.com,Seattle,West,2022-01-28,Silver,Referral
C004439,Quinn,Garcia,quinn.garcia4439@example.com,Seattle,West,2022-06-08,,Organic
C019196,Kai,Brooks,kai.brooks19196@example.com,Pittsburgh,Northeast,2024-01-30,,Social
C018879,Cameron,Martinez,cameron.martinez18879@example.com,Dallas,South,2024-07-05,,Retail Store
C003489,Parker,Davis,parker.davis3489@example.com,Nashville,South,2022-05-09,Silver,Paid Search
C000716,Casey,Rivera,casey.rivera716@example.com,Austin,South,2021-08-09,Silver,Referral
C006935,Sam,Rivera,sam.rivera6935@example.com,Chicago,Midwest,2023-03-04,Silver,Retail Store
C006135,Avery,Garcia,avery.garcia6135@example.com,Austin,South,2022-06-08,,Retail Store
C011161,Drew,Chen,drew.chen11161@example.com,Phoenix,West,2024-05-07,Gold,Paid Search
C029812,Drew,Smith,drew.smith29812@example.com,Columbus,Midwest,2025-06-16,,Paid Search
C012194,Kai,Turner,kai.turner12194@example.com,Boston,Northeast,2025-09-21,,Paid Search
C021789,Kai,Smith,kai.smith21789@example.com,Boston,Northeast,2021-12-21,,Organic
C005305,Kai,Garcia,kai.garcia5305@example.com,Denver,West,2024-10-04,,Paid Search
C021027,Casey,Turner,casey.turner21027@example.com,Dallas,South,2023-12-21,Silver,Social
C001449,Drew,Davis,drew.davis1449@example.com,Charlotte,South,2021-12-29,Gold,Organic
C009148,Quinn,Lee,quinn.lee9148@example.com,Phoenix,West,2025-07-26,Gold,Retail Store
C000402,Riley,Johnson,riley.johnson402@example.com,Chicago,Midwest,2022-06-05,Gold,Social
C014601,Parker,Johnson,parker.johnson14601@example.com,Austin,South,2022-01-20,Platinum,Organic
C027922,Cameron,Hughes,cameron.hughes27922@example.com,Dallas,South,2023-11-30,,Organic
C018653,Casey,Patel,casey.patel18653@example.com,Seattle,West,2025-10-19,Silver,Paid Search
C016696,Drew,Smith,drew.smith16696@example.com,Charlotte,South,2025-06-16,Silver,Paid Search
C029475,Quinn,Adams,quinn.adams29475@example.com,Dallas,South,2021-01-14,,Social
C006657,Avery,Chen,avery.chen6657@example.com,Providence,Northeast,2023-12-02,Silver,Organic
C003397,Casey,Hughes,casey.hughes3397@example.com,Columbus,Midwest,2025-09-22,Silver,Paid Search
C016975,Quinn,Johnson,quinn.johnson16975@example.com,Pittsburgh,Northeast,2022-08-22,Platinum,Referral
C008371,Riley,Smith,riley.smith8371@example.com,Portland,West,2022-02-03,Gold,Retail Store
C012408,Quinn,Martinez,quinn.martinez12408@example.com,Columbus,Midwest,2022-03-18,Gold,Organic
C023786,Quinn,Smith,quinn.smith23786@example.com,Columbus,Midwest,2021-05-17,,Social
C009732,Cameron,Patel,cameron.patel9732@example.com,Providence,Northeast,2021-12-26,,Social
C023073,Emerson,Patel,emerson.patel23073@example.com,Boston,Northeast,2025-04-07,,Paid Search
C024083,Taylor,Patel,taylor.patel24083@example.com,Atlanta,South,2022-07-27,,Referral
C011944,Taylor,Johnson,taylor.johnson11944@example.com,Austin,South,2022-04-26,,Paid Search
C015571,Jordan,Kim,jordan.kim15571@example.com,Detroit,Midwest,2023-02-09,Gold,Retail Store
C004786,Quinn,Lee,quinn.lee4786@example.com,Nashville,South,2024-01-27,,Retail Store
C028152,Cameron,Smith,cameron.smith28152@example.com,Minneapolis,Midwest,2022-08-25,Silver,Organic
C013011,Parker,Patel,parker.patel13011@example.com,Seattle,West,2024-09-10,Silver,Social
C021243,Drew,Johnson,drew.johnson21243@example.com,Detroit,Midwest,2024-01-06,,Social
C028844,Emerson,Rivera,emerson.rivera28844@example.com,New York,Northeast,2021-12-15,,Paid Search
C003793,Quinn,Kim,quinn.kim3793@example.com,Detroit,Midwest,2022-01-23,Gold,Organic
C012634,Drew,Rivera,drew.rivera12634@example.com,Columbus,Midwest,2023-02-02,Silver,Referral
C008869,Avery,Brooks,avery.brooks8869@example.com,New York,Northeast,2022-08-13,Silver,Social
C016934,Jordan,Johnson,jordan.johnson16934@example.com,Boston,Northeast,2025-10-10,Gold,Organic
C016399,Avery,Chen,avery.chen16399@example.com,Charlotte,South,2022-06-11,Silver,Referral
C015481,Morgan,Lee,morgan.lee15481@example.com,Dallas,South,2021-11-09,Silver,Organic
C022612,Emerson,Martinez,emerson.martinez22612@example.com,Nashville,South,2021-12-07,Silver,Referral
C024948,Sam,Patel,sam.patel24948@example.com,Los Angeles,West,2025-04-09,Platinum,Paid Search
C013627,Jordan,Brooks,jordan.brooks13627@example.com,Atlanta,South,2023-03-11,Silver,Paid Search
C028869,Casey,Martinez,casey.martinez28869@example.com,Columbus,Midwest,2021-12-18,Platinum,Organic
C013484,Riley,Lee,riley.lee13484@example.com,Atlanta,South,2025-11-18,,Referral
C029601,Jordan,Chen,jordan.chen29601@example.com,Philadelphia,Northeast,2021-03-02,,Organic
C010994,Drew,Smith,drew.smith10994@example.com,Columbus,Midwest,2025-11-09,Silver,Paid Search
C004878,Riley,Garcia,riley.garcia4878@example.com,Indianapolis,Midwest,2022-01-20,,Retail Store
C022512,Avery,Chen,avery.chen22512@example.com,Chicago,Midwest,2023-06-29,Gold,Organic
C010580,Quinn,Brooks,quinn.brooks10580@example.com,Philadelphia,Northeast,2023-12-23,,Paid Search
C024638,Kai,Lee,kai.lee24638@example.com,Nashville,South,2023-03-17,,Retail Store
C025734,Drew,Davis,drew.davis25734@example.com,Atlanta,South,2025-11-12,,Paid Search
C014443,Quinn,Patel,quinn.patel14443@example.com,Austin,South,2022-08-02,Silver,Social
C028557,Emerson,Patel,emerson.patel28557@example.com,Seattle,West,2025-02-04,Gold,Social
C018630,Alex,Martinez,alex.martinez18630@example.com,Phoenix,West,2025-11-20,Platinum,Social
C007786,Parker,Adams,parker.adams7786@example.com,Pittsburgh,Northeast,2023-06-20,,Paid Search
C009288,Riley,Turner,riley.turner9288@example.com,Portland,West,2024-01-06,,Social
C020279,Parker,Chen,parker.chen20279@example.com,Los Angeles,West,2024-01-10,Silver,Paid Search
C017591,Jordan,Davis,jordan.davis17591@example.com,Nashville,South,2023-04-01,Gold,Organic
C022297,Kai,Rivera,kai.rivera22297@example.com,Los Angeles,West,2022-03-07,,Social
C029519,Casey,Garcia,casey.garcia29519@example.com,Atlanta,South,2024-06-06,,Social
C025543,Morgan,Garcia,morgan.garcia25543@example.com,Pittsburgh,Northeast,2023-02-01,,Referral
C001511,Sam,Johnson,sam.johnson1511@example.com,Austin,South,2023-12-31,,Retail Store
C023132,Sam,Kim,sam.kim23132@example.com,Nashville,South,2025-01-04,,Organic
C004340,Kai,Rivera,kai.rivera4340@example.com,Boston,Northeast,2021-02-20,,Organic
C023386,Parker,Johnson,parker.johnson23386@example.com,Seattle,West,2023-01-16,,Social
C002120,Avery,Johnson,avery.johnson2120@example.com,Chicago,Midwest,2021-04-11,,Paid Search
C025764,Sam,Brooks,sam.brooks25764@example.com,Phoenix,West,2023-02-20,Silver,Social
C029293,Riley,Turner,riley.turner29293@example.com,Columbus,Midwest,2021-08-16,,Retail Store
C008762,Morgan,Hughes,morgan.hughes8762@example.com,Phoenix,West,2023-04-10,,Paid Search
C007114,Sam,Johnson,sam.johnson7114@example.com,Boston,Northeast,2021-02-19,,Referral
C024203,Quinn,Martinez,quinn.martinez24203@example.com,Columbus,Midwest,2025-01-26,Silver,Paid Search
C011176,Alex,Patel,alex.patel11176@example.com,Atlanta,South,2023-03-14,,Organic
C018153,Avery,Kim,avery.kim18153@example.com,Portland,West,2021-12-10,,Social
C014417,Morgan,Rivera,morgan.rivera14417@example.com,Indianapolis,Midwest,2023-09-29,Silver,Organic
C029869,Avery,Garcia,avery.garcia29869@example.com,Boston,Northeast,2022-11-04,,Referral
C004845,Sam,Martinez,sam.martinez4845@example.com,Detroit,Midwest,2022-05-31,,Retail Store
C021047,Taylor,Garcia,taylor.garcia21047@example.com,Philadelphia,Northeast,2023-06-21,Silver,Retail Store
C000200,Cameron,Chen,cameron.chen200@example.com,Denver,West,2021-01-05,Silver,Organic
C014170,Cameron,Brooks,cameron.brooks14170@example.com,Seattle,West,2025-02-21,Silver,Retail Store
C003456,Casey,Adams,casey.adams3456@example.com,Indianapolis,Midwest,2021-02-16,,Social
C005980,Casey,Johnson,casey.johnson5980@example.com,New York,Northeast,2024-04-24,Silver,Organic
C012093,Quinn,Hughes,quinn.hughes12093@example.com,Nashville,South,2025-09-20,Gold,Social
C005571,Taylor,Davis,taylor.davis5571@example.com,Detroit,Midwest,2021-12-20,Silver,Organic
C003593,Casey,Adams,casey.adams3593@example.com,Dallas,South,2021-02-13,,Paid Search
C020641,Riley,Smith,riley.smith20641@example.com,Chicago,Midwest,2021-09-22,,Organic
C001338,Cameron,Rivera,cameron.rivera1338@example.com,Nashville,South,2024-02-23,,Referral
C012463,Taylor,Patel,taylor.patel12463@example.com,Atlanta,South,2023-09-07,Silver,Paid Search
C007828,Sam,Brooks,sam.brooks7828@example.com,Nashville,South,2023-11-08,,Retail Store
C006836,Jordan,Lee,jordan.lee6836@example.com,Dallas,South,2023-05-20,Silver,Organic
C004820,Avery,Patel,avery.patel4820@example.com,Denver,West,2021-07-10,Gold,Paid Search
C012691,Kai,Rivera,kai.rivera12691@example.com,Charlotte,South,2022-01-13,Gold,Retail Store
C021269,Avery,Johnson,avery.johnson21269@example.com,Dallas,South,2021-04-15,,Paid Search
C010218,Avery,Johnson,avery.johnson10218@example.com,Nashville,South,2024-01-02,Platinum,Paid Search
C010782,Emerson,Martinez,emerson.martinez10782@example.com,Portland,West,2024-02-07,Gold,Retail Store
C018066,Avery,Garcia,avery.garcia18066@example.com,Minneapolis,Midwest,2021-10-26,Gold,Social
C007031,Casey,Brooks,casey.brooks7031@example.com,Nashville,South,2023-11-29,Silver,Retail Store
C004071,Sam,Smith,sam.smith4071@example.com,Austin,South,2022-08-31,Silver,Social
C001946,Morgan,Martinez,morgan.martinez1946@example.com,Phoenix,West,2025-11-07,,Social
C009903,Drew,Chen,drew.chen9903@example.com,Indianapolis,Midwest,2022-11-02,,Retail Store
C004247,Cameron,Davis,cameron.davis4247@example.com,Atlanta,South,2023-06-29,,Organic
C015430,Quinn,Adams,quinn.adams15430@example.com,Atlanta,South,2025-04-08,Silver,Paid Search
C014504,Taylor,Hughes,taylor.hughes14504@example.com,New York,Northeast,2023-05-19,Gold,Retail Store
C004451,Quinn,Martinez,quinn.martinez4451@example.com,Dallas,South,2024-12-09,Silver,Organic
C013476,Jordan,Kim,jordan.kim13476@example.com,Phoenix,West,2023-03-26,Gold,Retail Store
C002773,Taylor,Davis,taylor.davis2773@example.com,Portland,West,2021-02-26,,Paid Search
C028039,Riley,Lee,riley.lee28039@example.com,Pittsburgh,Northeast,2025-07-28,Silver,Paid Search
C028992,Riley,Smith,riley.smith28992@example.com,Austin,South,2024-09-01,Gold,Paid Search
C006635,Emerson,Adams,emerson.adams6635@example.com,Pittsburgh,Northeast,2025-05-17,Gold,Organic
C009905,Sam,Patel,sam.patel9905@example.com,Minneapolis,Midwest,2021-12-29,,Referral
C012594,Sam,Lee,sam.lee12594@example.com,Chicago,Midwest,2022-08-15,,Social
C001415,Casey,Garcia,casey.garcia1415@example.com,Charlotte,South,2021-04-27,,Retail Store
C016184,Drew,Hughes,drew.hughes16184@example.com,Seattle,West,2022-09-03,,Organic
C028626,Jordan,Johnson,jordan.johnson28626@example.com,Columbus,Midwest,2025-07-13,Gold,Organic
C008780,Casey,Brooks,casey.brooks8780@example.com,Atlanta,South,2021-06-20,,Social
C021642,Emerson,Johnson,emerson.johnson21642@example.com,Boston,Northeast,2024-09-05,Platinum,Paid Search
C022865,Kai,Kim,kai.kim22865@example.com,Denver,West,2024-06-02,Silver,Paid Search
C014249,Taylor,Davis,taylor.davis14249@example.com,Chicago,Midwest,2024-01-08,Silver,Paid Search
C000145,Parker,Adams,parker.adams145@example.com,Philadelphia,Northeast,2021-10-29,Silver,Organic
C023333,Sam,Smith,sam.smith23333@example.com,Pittsburgh,Northeast,2023-10-18,Gold,Retail Store
C029560,Cameron,Patel,cameron.patel29560@example.com,Nashville,South,2022-11-04,Gold,Paid Search
C001051,Drew,Adams,drew.adams1051@example.com,Austin,South,2022-01-01,,Retail Store
C023234,Sam,Garcia,sam.garcia23234@example.com,Chicago,Midwest,2022-08-31,,Organic
C020468,Alex,Patel,alex.patel20468@example.com,Phoenix,West,2025-01-25,,Retail Store
C012692,Morgan,Hughes,morgan.hughes12692@example.com,Phoenix,West,2021-11-27,Silver,Organic
C009195,Taylor,Patel,taylor.patel9195@example.com,Austin,South,2021-07-05,Silver,Organic
C001513,Drew,Brooks,drew.brooks1513@example.com,Charlotte,South,2024-04-22,Silver,Retail Store
C006493,Jordan,Brooks,jordan.brooks6493@example.com,Phoenix,West,2023-10-13,Platinum,Paid Search
C011467,Kai,Kim,kai.kim11467@example.com,Nashville,South,2021-02-26,,Organic
C010230,Emerson,Martinez,emerson.martinez10230@example.com,Pittsburgh,Northeast,2021-05-23,Silver,Social
C023310,Casey,Turner,casey.turner23310@example.com,Boston,Northeast,2025-01-10,Gold,Organic
C025419,Drew,Chen,drew.chen25419@example.com,Portland,West,2024-11-30,,Retail Store
C022346,Emerson,Lee,emerson.lee22346@example.com,Pittsburgh,Northeast,2023-09-15,Gold,Organic
C014223,Cameron,Patel,cameron.patel14223@example.com,Seattle,West,2023-08-22,,Retail Store
C016639,Kai,Brooks,kai.brooks16639@example.com,Denver,West,2023-10-10,,Paid Search
C003028,Parker,Johnson,parker.johnson3028@example.com,Detroit,Midwest,2021-02-27,,Organic
C019280,Cameron,Smith,cameron.smith19280@example.com,Indianapolis,Midwest,2023-05-09,,Organic
C016585,Morgan,Turner,morgan.turner16585@example.com,Minneapolis,Midwest,2021-05-08,,Organic
C014698,Cameron,Johnson,cameron.johnson14698@example.com,Portland,West,2025-01-14,,Social
C025816,Morgan,Smith,morgan.smith25816@example.com,Charlotte,South,2022-12-21,,Organic
C001819,Taylor,Martinez,taylor.martinez1819@example.com,Charlotte,South,2025-01-12,Silver,Retail Store
C022973,Taylor,Johnson,taylor.johnson22973@example.com,Atlanta,South,2024-09-19,,Social
C019884,Parker,Adams,parker.adams19884@example.com,Philadelphia,Northeast,2023-11-08,,Retail Store
C007851,Cameron,Turner,cameron.turner7851@example.com,Portland,West,2021-04-10,Silver,Retail Store
C020329,Avery,Adams,avery.adams20329@example.com,Nashville,South,2023-02-26,,Retail Store
C024204,Kai,Turner,kai.turner24204@example.com,Phoenix,West,2025-10-13,,Paid Search
C009398,Riley,Kim,riley.kim9398@example.com,Providence,Northeast,2022-12-22,Silver,Paid Search
C015784,Parker,Chen,parker.chen15784@example.com,Philadelphia,Northeast,2021-02-08,,Social
C018369,Drew,Johnson,drew.johnson18369@example.com,Boston,Northeast,2021-02-10,Gold,Organic
C016346,Kai,Garcia,kai.garcia16346@example.com,Dallas,South,2021-07-31,Gold,Referral
C017288,Casey,Adams,casey.adams17288@example.com,Atlanta,South,2021-11-24,,Referral
C029027,Quinn,Smith,quinn.smith29027@example.com,Nashville,South,2021-07-24,Silver,Organic
C028817,Sam,Turner,sam.turner28817@example.com,Pittsburgh,Northeast,2022-11-09,Silver,Organic
C020883,Kai,Rivera,kai.rivera20883@example.com,Phoenix,West,2025-10-03,Gold,Organic
C018271,Parker,Turner,parker.turner18271@example.com,Boston,Northeast,2024-04-06,Gold,Organic
C018354,Casey,Davis,casey.davis18354@example.com,New York,Northeast,2021-07-15,Gold,Social
C017688,Cameron,Hughes,cameron.hughes17688@example.com,Atlanta,South,2024-02-20,Gold,Paid Search
C007504,Drew,Turner,drew.turner7504@example.com,Providence,Northeast,2021-10-20,Gold,Referral
C005876,Riley,Patel,riley.patel5876@example.com,Philadelphia,Northeast,2023-10-10,Silver,Referral
C011859,Jordan,Brooks,jordan.brooks11859@example.com,Chicago,Midwest,2024-06-21,Silver,Organic
C019663,Quinn,Turner,quinn.turner19663@example.com,Detroit,Midwest,2022-05-12,Gold,Retail Store
C002276,Kai,Kim,kai.kim2276@example.com,Chicago,Midwest,2021-10-26,Silver,Paid Search
C024456,Jordan,Davis,jordan.davis24456@example.com,Boston,Northeast,2022-05-25,Silver,Retail Store
C025254,Avery,Garcia,avery.garcia25254@example.com,Chicago,Midwest,2022-04-01,,Referral
C027021,Sam,Garcia,sam.garcia27021@example.com,Detroit,Midwest,2023-03-28,,Organic
C016660,Sam,Adams,sam.adams16660@example.com,Phoenix,West,2022-07-26,Gold,Retail Store
C016894,Emerson,Rivera,emerson.rivera16894@example.com,Charlotte,South,2024-04-10,,Retail Store
C006926,Drew,Johnson,drew.johnson6926@example.com,Nashville,South,2025-06-03,Silver,Paid Search
C019036,Taylor,Brooks,taylor.brooks19036@example.com,Phoenix,West,2022-12-10,Gold,Referral
C020704,Drew,Davis,drew.davis20704@example.com,New York,Northeast,2025-02-06,,Paid Search
C027935,Avery,Brooks,avery.brooks27935@example.com,Detroit,Midwest,2022-11-19,,Organic
C017472,Sam,Smith,sam.smith17472@example.com,Minneapolis,Midwest,2022-11-28,,Retail Store
C026054,Morgan,Patel,morgan.patel26054@example.com,Charlotte,South,2022-12-12,,Retail Store
C004956,Riley,Lee,riley.lee4956@example.com,Pittsburgh,Northeast,2024-05-06,Silver,Paid Search
C029344,Riley,Smith,riley.smith29344@example.com,Columbus,Midwest,2021-03-11,,Referral
C008391,Casey,Johnson,casey.johnson8391@example.com,Minneapolis,Midwest,2025-07-24,Silver,Organic
C026542,Alex,Lee,alex.lee26542@example.com,Nashville,South,2023-09-07,,Social
C024149,Sam,Turner,sam.turner24149@example.com,Dallas,South,2022-08-01,Silver,Paid Search
C024469,Kai,Chen,kai.chen24469@example.com,Austin,South,2021-11-12,Gold,Organic
C016606,Cameron,Garcia,cameron.garcia16606@example.com,Boston,Northeast,2023-10-21,Silver,Organic
C021764,Riley,Davis,riley.davis21764@example.com,Minneapolis,Midwest,2024-11-08,,Retail Store
C029485,Cameron,Smith,cameron.smith29485@example.com,Dallas,South,2025-09-11,,Organic
C006253,Quinn,Brooks,quinn.brooks6253@example.com,Minneapolis,Midwest,2021-01-06,,Organic
C022503,Emerson,Rivera,emerson.rivera22503@example.com,Providence,Northeast,2023-05-02,,Paid Search
C004323,Sam,Adams,sam.adams4323@example.com,Providence,Northeast,2024-11-20,Gold,Organic
C002636,Taylor,Johnson,taylor.johnson2636@example.com,Columbus,Midwest,2025-03-31,,Organic
C021631,Alex,Adams,alex.adams21631@example.com,Providence,Northeast,2025-01-09,Gold,Retail Store
C023024,Kai,Hughes,kai.hughes23024@example.com,Charlotte,South,2022-02-13,,Retail Store
C028684,Cameron,Garcia,cameron.garcia28684@example.com,Charlotte,South,2024-01-17,,Organic
C005136,Quinn,Adams,quinn.adams5136@example.com,Pittsburgh,Northeast,2025-10-25,Platinum,Paid Search
C026232,Emerson,Chen,emerson.chen26232@example.com,Portland,West,2022-02-17,Gold,Organic
C027368,Casey,Chen,casey.chen27368@example.com,Phoenix,West,2023-02-24,,Organic
C014749,Avery,Kim,avery.kim14749@example.com,Los Angeles,West,2021-10-18,Silver,Referral
C008630,Emerson,Martinez,emerson.martinez8630@example.com,Minneapolis,Midwest,2022-06-17,,Organic
C028201,Emerson,Turner,emerson.turner28201@example.com,Boston,Northeast,2021-05-07,,Retail Store
C019378,Avery,Turner,avery.turner19378@example.com,Detroit,Midwest,2024-04-18,,Social
C003790,Casey,Patel,casey.patel3790@example.com,Dallas,South,2022-06-21,,Paid Search
C025456,Taylor,Kim,taylor.kim25456@example.com,Atlanta,South,2022-04-10,,Referral
C025162,Sam,Johnson,sam.johnson25162@example.com,Seattle,West,2023-02-25,Gold,Retail Store
C012597,Jordan,Chen,jordan.chen12597@example.com,Portland,West,2022-12-21,Silver,Social
C025385,Alex,Rivera,alex.rivera25385@example.com,Atlanta,South,2024-11-24,Gold,Paid Search
C026261,Parker,Garcia,parker.garcia26261@example.com,New York,Northeast,2021-10-18,Silver,Retail Store
C016571,Drew,Rivera,drew.rivera16571@example.com,Dallas,South,2024-03-23,Silver,Paid Search
C016584,Drew,Patel,drew.patel16584@example.com,Philadelphia,Northeast,2022-07-28,Platinum,Organic
C007800,Emerson,Johnson,emerson.johnson7800@example.com,Providence,Northeast,2021-03-07,,Social
C024810,Casey,Smith,casey.smith24810@example.com,Dallas,South,2024-01-24,,Organic
C024397,Alex,Smith,alex.smith24397@example.com,Atlanta,South,2022-05-15,Silver,Paid Search
C020337,Sam,Garcia,sam.garcia20337@example.com,New York,Northeast,2025-06-20,Gold,Organic
C019468,Cameron,Chen,cameron.chen19468@example.com,Denver,West,2024-03-31,,Retail Store
C022069,Riley,Garcia,riley.garcia22069@example.com,Austin,South,2022-05-21,Silver,Organic
C026208,Drew,Davis,drew.davis26208@example.com,Minneapolis,Midwest,2021-04-17,Silver,Retail Store
C025638,Sam,Patel,sam.patel25638@example.com,Charlotte,South,2021-05-23,Platinum,Paid Search
C013156,Alex,Patel,alex.patel13156@example.com,Indianapolis,Midwest,2025-06-21,,Organic
C019061,Drew,Garcia,drew.garcia19061@example.com,Charlotte,South,2023-08-06,,Retail Store
C009000,Cameron,Smith,cameron.smith9000@example.com,Denver,West,2022-12-11,,Paid Search
C007287,Sam,Adams,sam.adams7287@example.com,Austin,South,2025-01-29,,Retail Store
C009919,Jordan,Davis,jordan.davis9919@example.com,Phoenix,West,2022-06-29,Platinum,Retail Store
C015337,Taylor,Garcia,taylor.garcia15337@example.com,Phoenix,West,2025-03-20,Platinum,Referral
C002137,Emerson,Garcia,emerson.garcia2137@example.com,Charlotte,South,2022-08-26,,Social
C008736,Parker,Davis,parker.davis8736@example.com,Philadelphia,Northeast,2024-03-14,,Paid Search
C008035,Riley,Brooks,riley.brooks8035@example.com,Charlotte,South,2021-03-07,Silver,Retail Store
C027082,Cameron,Adams,cameron.adams27082@example.com,Nashville,South,2025-07-15,,Retail Store
C029695,Drew,Smith,drew.smith29695@example.com,Columbus,Midwest,2023-11-26,Silver,Referral
C018470,Emerson,Lee,emerson.lee18470@example.com,Minneapolis,Midwest,2023-01-28,Silver,Referral
C007889,Sam,Kim,sam.kim7889@example.com,Los Angeles,West,2021-01-16,,Paid Search
C025906,Sam,Chen,sam.chen25906@example.com,Pittsburgh,Northeast,2024-06-03,Platinum,Organic
C021479,Parker,Garcia,parker.garcia21479@example.com,Austin,South,2021-04-24,,Organic
C004166,Avery,Martinez,avery.martinez4166@example.com,Pittsburgh,Northeast,2021-06-26,,Paid Search
C011029,Emerson,Patel,emerson.patel11029@example.com,Atlanta,South,2021-04-12,,Retail Store
C012137,Casey,Turner,casey.turner12137@example.com,Providence,Northeast,2023-06-06,Gold,Organic
C024372,Sam,Brooks,sam.brooks24372@example.com,Denver,West,2022-09-01,,Referral
C009548,Cameron,Kim,cameron.kim9548@example.com,Dallas,South,2025-01-09,,Referral
C010611,Drew,Johnson,drew.johnson10611@example.com,Austin,South,2023-12-04,Gold,Social
C012386,Avery,Smith,avery.smith12386@example.com,Boston,Northeast,2022-02-26,,Organic
C009001,Riley,Adams,riley.adams9001@example.com,Denver,West,2023-12-04,Silver,Retail Store
C006689,Drew,Martinez,drew.martinez6689@example.com,Dallas,South,2024-04-25,Silver,Retail Store
C011652,Sam,Martinez,sam.martinez11652@example.com,Indianapolis,Midwest,2023-10-25,Gold,Social
C007013,Casey,Davis,casey.davis7013@example.com,Columbus,Midwest,2024-04-08,,Referral
C017269,Avery,Brooks,avery.brooks17269@example.com,Indianapolis,Midwest,2023-11-08,,Retail Store
C027175,Sam,Martinez,sam.martinez27175@example.com,Pittsburgh,Northeast,2021-05-20,Platinum,Organic
C000262,Avery,Patel,avery.patel262@example.com,New York,Northeast,2023-09-09,,Retail Store
C013401,Jordan,Davis,jordan.davis13401@example.com,Nashville,South,2024-07-14,Gold,Referral
C021868,Casey,Adams,casey.adams21868@example.com,Minneapolis,Midwest,2021-07-30,Gold,Social
C027567,Avery,Brooks,avery.brooks27567@example.com,Columbus,Midwest,2025-11-18,,Organic
C015290,Cameron,Turner,cameron.turner15290@example.com,Charlotte,South,2022-08-28,,Referral
C025992,Casey,Smith,casey.smith25992@example.com,Nashville,South,2023-02-11,Silver,Referral
C006759,Morgan,Chen,morgan.chen6759@example.com,Nashville,South,2023-03-17,Silver,Referral
C015498,Drew,Patel,drew.patel15498@example.com,Boston,Northeast,2025-08-10,,Paid Search
C015392,Alex,Davis,alex.davis15392@example.com,Charlotte,South,2024-05-26,Silver,Organic
C022671,Sam,Turner,sam.turner22671@example.com,Philadelphia,Northeast,2024-02-16,Platinum,Retail Store
C018191,Cameron,Lee,cameron.lee18191@example.com,Atlanta,South,2025-06-14,Gold,Organic
C019861,Alex,Lee,alex.lee19861@example.com,Los Angeles,West,2025-04-19,,Social
C007034,Taylor,Lee,taylor.lee7034@example.com,Nashville,South,2021-03-16,Silver,Referral
C017409,Avery,Lee,avery.lee17409@example.com,Boston,Northeast,2025-01-05,,Referral
C008050,Taylor,Lee,taylor.lee8050@example.com,,West,2022-12-25,,Referral
C026085,Cameron,Garcia,cameron.garcia26085@example.com,Providence,Northeast,2024-02-14,,Organic
C022522,Jordan,Lee,jordan.lee22522@example.com,Austin,South,2024-05-09,Platinum,Organic
C007500,Quinn,Smith,quinn.smith7500@example.com,Phoenix,West,2023-09-26,Gold,Retail Store
C014816,Kai,Brooks,kai.brooks14816@example.com,Denver,West,2021-08-30,Silver,Referral
C028970,Cameron,Chen,cameron.chen28970@example.com,Columbus,Midwest,2025-01-11,Silver,Organic
C013657,Morgan,Chen,morgan.chen13657@example.com,Portland,West,2024-04-18,Silver,Organic
C000657,Jordan,Brooks,jordan.brooks657@example.com,Indianapolis,Midwest,2025-11-05,,Organic
C007902,Jordan,Brooks,jordan.brooks7902@example.com,Boston,Northeast,2025-10-03,Silver,Retail Store
C015801,Casey,Smith,casey.smith15801@example.com,Atlanta,South,2022-05-04,,Retail Store
C004405,Sam,Davis,sam.davis4405@example.com,New York,Northeast,2025-10-07,,Retail Store
C028784,Kai,Patel,kai.patel28784@example.com,Austin,South,2024-03-31,,Social
C005340,Alex,Patel,alex.patel5340@example.com,Atlanta,South,2023-08-09,,Paid Search
C006189,Quinn,Smith,quinn.smith6189@example.com,Minneapolis,Midwest,2025-07-30,Silver,Referral
C014995,Parker,Brooks,parker.brooks14995@example.com,Dallas,South,2023-04-02,Silver,Paid Search
C007885,Kai,Kim,kai.kim7885@example.com,Detroit,Midwest,2023-01-13,Silver,Organic
C004257,Taylor,Lee,taylor.lee4257@example.com,Denver,West,2024-12-21,,Retail Store
C013100,Avery,Martinez,avery.martinez13100@example.com,Philadelphia,Northeast,2024-08-01,Gold,Retail Store
C006150,Cameron,Garcia,cameron.garcia6150@example.com,Portland,West,2022-06-20,Silver,Paid Search
C005285,Cameron,Chen,cameron.chen5285@example.com,Boston,Northeast,2024-02-10,Silver,Organic
C016218,Sam,Martinez,sam.martinez16218@example.com,Austin,South,2022-09-02,Gold,Paid Search
C008461,Cameron,Lee,cameron.lee8461@example.com,Seattle,West,2025-06-25,,Retail Store
C005680,Kai,Chen,kai.chen5680@example.com,Dallas,South,2024-09-09,,Retail Store
C005006,Alex,Hughes,alex.hughes5006@example.com,Nashville,South,2025-09-02,Silver,Social
C001445,Kai,Chen,kai.chen1445@example.com,Columbus,Midwest,2023-06-29,,Organic
C014615,Casey,Garcia,casey.garcia14615@example.com,Dallas,South,2023-10-29,,Organic
C019443,Avery,Brooks,avery.brooks19443@example.com,Austin,South,2025-08-05,Silver,Retail Store
C010213,Sam,Turner,sam.turner10213@example.com,Philadelphia,Northeast,2025-01-24,Silver,Paid Search
C024746,Alex,Chen,alex.chen24746@example.com,Seattle,West,2024-07-13,Silver,Paid Search
C015583,Avery,Kim,avery.kim15583@example.com,Philadelphia,Northeast,2021-07-21,,Social
C024625,Morgan,Rivera,morgan.rivera24625@example.com,Providence,Northeast,2022-03-29,Silver,Retail Store
C029675,Avery,Lee,avery.lee29675@example.com,Chicago,Midwest,2025-10-24,Gold,Paid Search
C002868,Alex,Rivera,alex.rivera2868@example.com,Austin,South,2024-12-25,Gold,Organic
C005976,Drew,Hughes,drew.hughes5976@example.com,Indianapolis,Midwest,2021-05-22,,Paid Search
C013192,Emerson,Chen,emerson.chen13192@example.com,Nashville,South,2024-09-10,Silver,Organic
C008980,Jordan,Kim,jordan.kim8980@example.com,Dallas,South,2023-01-12,Silver,Social
C019402,Emerson,Davis,emerson.davis19402@example.com,Dallas,South,2021-02-13,,Paid Search
C020994,Sam,Turner,sam.turner20994@example.com,Seattle,West,2024-03-05,Platinum,Paid Search
C025234,Casey,Smith,casey.smith25234@example.com,Chicago,Midwest,2023-05-14,,Retail Store
C013611,Casey,Smith,casey.smith13611@example.com,Columbus,Midwest,2025-11-02,Silver,Paid Search
C025649,Parker,Martinez,parker.martinez25649@example.com,Detroit,Midwest,2024-12-04,,Organic
C010414,Sam,Hughes,sam.hughes10414@example.com,Denver,West,2022-09-18,Silver,Paid Search
C024017,Drew,Chen,drew.chen24017@example.com,Boston,Northeast,2025-01-27,Silver,Referral
C003807,Taylor,Davis,taylor.davis3807@example.com,Indianapolis,Midwest,2025-07-02,Gold,Paid Search
C009656,Kai,Turner,kai.turner9656@example.com,Nashville,South,2025-06-30,Silver,Organic
C029515,Alex,Patel,alex.patel29515@example.com,Boston,Northeast,2025-10-04,,Paid Search
C027999,Morgan,Lee,morgan.lee27999@example.com,Providence,Northeast,2022-01-19,,Organic
C001490,Riley,Kim,riley.kim1490@example.com,Minneapolis,Midwest,2022-08-22,,Retail Store
C012731,Parker,Davis,parker.davis12731@example.com,Portland,West,2021-03-17,Gold,Referral
C015001,Alex,Martinez,alex.martinez15001@example.com,Indianapolis,Midwest,2021-10-21,Silver,Social
C020722,Morgan,Lee,morgan.lee20722@example.com,Detroit,Midwest,2023-03-03,,Paid Search
C025239,Cameron,Hughes,cameron.hughes25239@example.com,Atlanta,South,2021-12-23,,Organic
C014790,Quinn,Smith,quinn.smith14790@example.com,Atlanta,South,2022-06-04,Platinum,Organic
C028782,Morgan,Martinez,morgan.martinez28782@example.com,Denver,West,2024-09-24,,Retail Store
C001367,Emerson,Lee,emerson.lee1367@example.com,Detroit,Midwest,2024-05-29,Silver,Referral
C023459,Quinn,Hughes,quinn.hughes23459@example.com,New York,Northeast,2021-09-26,Silver,Referral
C004740,Quinn,Brooks,quinn.brooks4740@example.com,Phoenix,West,2021-10-28,,Retail Store
C008467,Jordan,Lee,jordan.lee8467@example.com,Minneapolis,Midwest,2024-10-08,Silver,Retail Store
C026528,Jordan,Turner,jordan.turner26528@example.com,Phoenix,West,2025-05-02,,Social
C008611,Parker,Smith,parker.smith8611@example.com,Charlotte,South,2023-11-22,,Retail Store
C004885,Casey,Kim,casey.kim4885@example.com,Atlanta,South,2023-08-09,Silver,Retail Store
C011332,Riley,Smith,riley.smith11332@example.com,Atlanta,South,2022-03-07,Silver,Paid Search
C003602,Emerson,Davis,emerson.davis3602@example.com,Austin,South,2021-09-15,Platinum,Social
C008761,Emerson,Smith,emerson.smith8761@example.com,Seattle,West,2022-07-22,,Referral
C014530,Morgan,Martinez,morgan.martinez14530@example.com,Philadelphia,Northeast,2025-08-26,Gold,Organic
C002465,Taylor,Hughes,taylor.hughes2465@example.com,Boston,Northeast,2022-02-19,,Paid Search
C012864,Taylor,Patel,taylor.patel12864@example.com,Detroit,Midwest,2022-11-27,,Paid Search
C005672,Sam,Turner,sam.turner5672@example.com,Indianapolis,Midwest,2023-07-18,,Organic
C003046,Jordan,Rivera,jordan.rivera3046@example.com,Nashville,South,2025-10-31,Silver,Referral
C003185,Jordan,Garcia,jordan.garcia3185@example.com,Seattle,West,2023-05-08,Silver,Paid Search
C014312,Drew,Hughes,drew.hughes14312@example.com,Providence,Northeast,2022-05-30,,Paid Search
C004116,Casey,Kim,casey.kim4116@example.com,New York,Northeast,2024-01-29,Gold,Paid Search
C025576,Casey,Chen,casey.chen25576@example.com,Dallas,South,2021-01-24,,Organic
C000812,Avery,Davis,avery.davis812@example.com,Atlanta,South,2024-10-01,,Paid Search
C005221,Parker,Adams,parker.adams5221@example.com,Los Angeles,West,2021-05-21,Silver,Paid Search
C009645,Cameron,Patel,cameron.patel9645@example.com,Charlotte,South,2024-10-21,,Referral
C023406,Sam,Johnson,sam.johnson23406@example.com,Indianapolis,Midwest,2021-05-21,Gold,Paid Search
C006050,Avery,Chen,avery.chen6050@example.com,Nashville,South,2022-04-09,Silver,Retail Store
C014462,Drew,Lee,drew.lee14462@example.com,Seattle,West,2024-07-20,,Organic
C000368,Parker,Lee,parker.lee368@example.com,New York,Northeast,2024-03-21,,Organic
C008828,Avery,Johnson,avery.johnson8828@example.com,Providence,Northeast,2024-01-30,Gold,Retail Store
C027024,Kai,Patel,kai.patel27024@example.com,Detroit,Midwest,2025-03-27,Platinum,Organic
C027007,Kai,Brooks,kai.brooks27007@example.com,Columbus,Midwest,2025-09-13,,Retail Store
C014320,Drew,Kim,drew.kim14320@example.com,Austin,South,2024-10-07,Gold,Paid Search
C015853,Alex,Martinez,alex.martinez15853@example.com,Austin,South,2025-01-07,,Paid Search
C014879,Riley,Adams,riley.adams14879@example.com,Philadelphia,Northeast,2025-07-10,Gold,Social
C000128,Taylor,Garcia,taylor.garcia128@example.com,Nashville,South,2024-11-11,Silver,Paid Search
C021207,Cameron,Kim,cameron.kim21207@example.com,Dallas,South,2022-03-26,Silver,Retail Store
C000874,Cameron,Kim,cameron.kim874@example.com,Austin,South,2021-02-10,Gold,Organic
C024481,Taylor,Kim,taylor.kim24481@example.com,Nashville,South,2025-03-10,Platinum,Paid Search
C012059,Avery,Turner,avery.turner12059@example.com,Boston,Northeast,2022-11-15,Gold,Retail Store
C015058,Taylor,Lee,taylor.lee15058@example.com,Charlotte,South,2021-02-02,Gold,Social
C020760,Parker,Hughes,parker.hughes20760@example.com,Austin,South,2025-07-14,Silver,Organic
C017996,Riley,Rivera,riley.rivera17996@example.com,Portland,West,2024-06-07,Silver,Paid Search
C000457,Jordan,Brooks,jordan.brooks457@example.com,Pittsburgh,Northeast,2022-11-10,,Retail Store
C022896,Quinn,Chen,quinn.chen22896@example.com,Columbus,Midwest,2022-12-13,Gold,Organic
C016517,Casey,Brooks,casey.brooks16517@example.com,Dallas,South,2025-05-20,,Organic
C019045,Parker,Turner,parker.turner19045@example.com,Los Angeles,West,2022-06-23,Silver,Social
C008705,Jordan,Davis,jordan.davis8705@example.com,Detroit,Midwest,2021-09-11,,Paid Search
C012814,Riley,Patel,riley.patel12814@example.com,Pittsburgh,Northeast,2021-12-02,Silver,Organic
C003843,Casey,Garcia,casey.garcia3843@example.com,Chicago,Midwest,2021-06-22,Silver,Organic
C015300,Morgan,Davis,morgan.davis15300@example.com,Atlanta,South,2024-09-07,Silver,Retail Store
C002406,Alex,Kim,alex.kim2406@example.com,Charlotte,South,2021-08-03,,Organic
C027187,Emerson,Hughes,emerson.hughes27187@example.com,Phoenix,West,2022-01-23,Silver,Paid Search
C009184,Kai,Davis,kai.davis9184@example.com,Minneapolis,Midwest,2025-06-01,,Organic
C010528,Emerson,Garcia,emerson.garcia10528@example.com,Chicago,Midwest,2022-06-04,,Paid Search
C013041,Taylor,Kim,taylor.kim13041@example.com,Detroit,Midwest,2022-11-11,,Referral
C014837,Riley,Lee,riley.lee14837@example.com,Pittsburgh,Northeast,2025-06-24,Silver,Social
C016982,Alex,Rivera,alex.rivera16982@example.com,Seattle,West,2022-09-10,,Organic
C003777,Morgan,Davis,morgan.davis3777@example.com,Boston,Northeast,2021-06-12,,Referral
C012741,Sam,Rivera,sam.rivera12741@example.com,Detroit,Midwest,2022-05-15,,Organic
C026059,Taylor,Hughes,taylor.hughes26059@example.com,Dallas,South,2022-03-09,Silver,Retail Store
C005981,Taylor,Johnson,taylor.johnson5981@example.com,Detroit,Midwest,2025-06-07,,Social
C015343,Jordan,Patel,jordan.patel15343@example.com,Los Angeles,West,2021-04-25,Gold,Social
C020442,Taylor,Patel,taylor.patel20442@example.com,Boston,Northeast,2023-02-19,,Retail Store
C021440,Morgan,Johnson,morgan.johnson21440@example.com,Indianapolis,Midwest,2021-08-02,Silver,Organic
C012970,Taylor,Hughes,taylor.hughes12970@example.com,Austin,South,2023-04-23,,Paid Search
C015275,Avery,Brooks,avery.brooks15275@example.com,Boston,Northeast,2024-04-12,,Referral
C023350,Taylor,Turner,taylor.turner23350@example.com,Detroit,Midwest,2024-07-28,Gold,Retail Store
C019078,Drew,Smith,drew.smith19078@example.com,Charlotte,South,2021-11-26,Silver,Retail Store
C006827,Jordan,Hughes,jordan.hughes6827@example.com,Atlanta,South,2022-10-04,Gold,Organic
C015500,Avery,Chen,avery.chen15500@example.com,Nashville,South,2025-02-25,Gold,Referral
C007126,Drew,Chen,drew.chen7126@example.com,New York,Northeast,2021-11-17,Platinum,Organic
C020313,Parker,Patel,parker.patel20313@example.com,Atlanta,South,2023-06-27,,Retail Store
C029882,Taylor,Martinez,taylor.martinez29882@example.com,Austin,South,2025-11-27,Platinum,Social
C019538,Emerson,Garcia,emerson.garcia19538@example.com,Dallas,South,2023-04-10,Silver,Retail Store
C017914,Drew,Turner,drew.turner17914@example.com,Minneapolis,Midwest,2024-05-20,Gold,Social
C023513,Jordan,Johnson,jordan.johnson23513@example.com,Portland,West,2025-05-14,Silver,Organic
C012037,Quinn,Davis,quinn.davis12037@example.com,Chicago,Midwest,2024-10-02,Silver,Referral
C009607,Cameron,Brooks,cameron.brooks9607@example.com,Philadelphia,Northeast,2022-04-13,,Social
C008376,Sam,Adams,sam.adams8376@example.com,Columbus,Midwest,2023-12-20,,Paid Search
C026088,Taylor,Hughes,taylor.hughes26088@example.com,Nashville,South,2021-01-02,Silver,Retail Store
C025441,Morgan,Rivera,morgan.rivera25441@example.com,Atlanta,South,2021-12-21,Gold,Organic
C024540,Parker,Martinez,parker.martinez24540@example.com,Austin,South,2024-07-25,,Retail Store
C000537,Taylor,Hughes,taylor.hughes537@example.com,Indianapolis,Midwest,2024-09-26,,Paid Search
C028318,Parker,Lee,parker.lee28318@example.com,Portland,West,2025-10-31,Platinum,Social
C012182,Quinn,Lee,quinn.lee12182@example.com,Philadelphia,Northeast,2022-09-19,Silver,Organic
C027199,Sam,Garcia,sam.garcia27199@example.com,Austin,South,2021-11-21,Silver,Organic
C011294,Avery,Turner,avery.turner11294@example.com,Phoenix,West,2023-01-25,Platinum,Retail Store
C006897,Quinn,Garcia,quinn.garcia6897@example.com,Nashville,South,2025-01-28,,Retail Store
C013364,Casey,Davis,casey.davis13364@example.com,Indianapolis,Midwest,2025-11-22,Silver,Referral
C003287,Drew,Chen,drew.chen3287@example.com,Detroit,Midwest,2022-07-10,Silver,Organic
C008083,Taylor,Johnson,taylor.johnson8083@example.com,Columbus,Midwest,2021-03-10,,Social
C026451,Parker,Brooks,parker.brooks26451@example.com,Los Angeles,West,2023-01-06,,Organic
C005344,Avery,Davis,avery.davis5344@example.com,Portland,West,2022-01-12,,Paid Search
C015758,Taylor,Hughes,taylor.hughes15758@example.com,Pittsburgh,Northeast,2023-10-24,Silver,Social
C017387,Cameron,Brooks,cameron.brooks17387@example.com,Chicago,Midwest,2022-12-31,Gold,Paid Search
C016318,Jordan,Martinez,jordan.martinez16318@example.com,Dallas,South,2022-11-10,,Social
C014338,Sam,Lee,sam.lee14338@example.com,Dallas,South,2022-01-18,,Retail Store
C006634,Cameron,Davis,cameron.davis6634@example.com,Dallas,South,2024-08-06,Silver,Social
C004606,Jordan,Johnson,jordan.johnson4606@example.com,Indianapolis,Midwest,2022-12-18,Gold,Retail Store
C023049,Jordan,Rivera,jordan.rivera23049@example.com,Denver,West,2021-07-21,,Referral
C027718,Jordan,Adams,jordan.adams27718@example.com,Austin,South,2023-11-05,,Organic
C023529,Avery,Rivera,avery.rivera23529@example.com,Denver,West,2023-08-04,,Social
C015514,Riley,Patel,riley.patel15514@example.com,New York,Northeast,2022-01-06,,Organic
C028499,Riley,Johnson,riley.johnson28499@example.com,Philadelphia,Northeast,2025-03-20,,Social
C008349,Sam,Kim,sam.kim8349@example.com,Dallas,South,2022-01-14,,Organic
C029349,Alex,Turner,alex.turner29349@example.com,Pittsburgh,Northeast,2023-08-20,Silver,Referral
C004038,Kai,Martinez,kai.martinez4038@example.com,Charlotte,South,2024-05-08,Gold,Social
C002567,Sam,Smith,sam.smith2567@example.com,Philadelphia,Northeast,2024-08-22,,Referral
C015663,Kai,Adams,kai.adams15663@example.com,Seattle,West,2025-10-14,Silver,Organic
C019935,Riley,Martinez,riley.martinez19935@example.com,Phoenix,West,2025-02-26,Gold,Paid Search
C011375,Taylor,Hughes,taylor.hughes11375@example.com,Columbus,Midwest,2022-06-30,,Organic
C003001,Morgan,Rivera,morgan.rivera3001@example.com,Phoenix,West,2024-10-19,Silver,Social
C007336,Drew,Martinez,drew.martinez7336@example.com,Atlanta,South,2023-03-07,,Retail Store
C021094,Jordan,Adams,jordan.adams21094@example.com,Dallas,South,2025-03-25,Silver,Social
C010334,Jordan,Garcia,jordan.garcia10334@example.com,Philadelphia,Northeast,2023-06-08,,Paid Search
C002974,Avery,Lee,avery.lee2974@example.com,Nashville,South,2025-08-21,Gold,Organic
C007506,Casey,Patel,casey.patel7506@example.com,Detroit,Midwest,2021-02-23,,Organic
C010306,Parker,Adams,parker.adams10306@example.com,Denver,West,2021-04-16,Silver,Referral
C019010,Morgan,Smith,morgan.smith19010@example.com,Providence,Northeast,2021-05-03,Silver,Paid Search
C016535,Sam,Hughes,sam.hughes16535@example.com,New York,Northeast,2023-06-30,,Paid Search
C010245,Cameron,Brooks,cameron.brooks10245@example.com,Austin,South,2024-09-03,Gold,Organic
C013659,Drew,Brooks,drew.brooks13659@example.com,Phoenix,West,2021-04-18,,Organic
C024334,Casey,Hughes,casey.hughes24334@example.com,Dallas,South,2023-02-22,,Social
C021537,Quinn,Hughes,quinn.hughes21537@example.com,Chicago,Midwest,2024-11-30,Silver,Organic
C005450,Alex,Rivera,alex.rivera5450@example.com,Chicago,Midwest,2025-09-09,Platinum,Social
C028598,Cameron,Lee,cameron.lee28598@example.com,Detroit,Midwest,2023-10-23,Silver,Paid Search
C021515,Sam,Turner,sam.turner21515@example.com,Nashville,South,2023-09-26,Silver,Paid Search
C022230,Riley,Brooks,riley.brooks22230@example.com,Dallas,South,2023-10-18,Gold,Organic
C004585,Jordan,Johnson,jordan.johnson4585@example.com,Phoenix,West,2025-08-09,,Paid Search
C025835,Alex,Martinez,alex.martinez25835@example.com,Boston,Northeast,2025-08-15,Silver,Organic
C029340,Taylor,Brooks,taylor.brooks29340@example.com,Austin,South,2021-09-21,,Organic
C007268,Quinn,Turner,quinn.turner7268@example.com,Columbus,Midwest,2025-06-11,Silver,Organic
C004085,Taylor,Patel,taylor.patel4085@example.com,Denver,West,2021-11-16,,Organic
C012111,Taylor,Rivera,taylor.rivera12111@example.com,Phoenix,West,2025-11-17,,Paid Search
C016913,Quinn,Johnson,quinn.johnson16913@example.com,Austin,South,2024-09-11,,Retail Store
C020234,Avery,Lee,avery.lee20234@example.com,Chicago,Midwest,2023-01-27,,Organic
C007440,Emerson,Brooks,emerson.brooks7440@example.com,Detroit,Midwest,2021-09-01,Silver,Referral
C015120,Cameron,Brooks,cameron.brooks15120@example.com,Minneapolis,Midwest,2023-12-24,Platinum,Paid Search
C011205,Drew,Garcia,drew.garcia11205@example.com,Boston,Northeast,2022-10-06,Silver,Retail Store
C002642,Kai,Adams,kai.adams2642@example.com,Providence,Northeast,2024-10-10,Gold,Retail Store
C021644,Jordan,Martinez,jordan.martinez21644@example.com,Providence,Northeast,2025-08-21,,Social
C009332,Drew,Garcia,drew.garcia9332@example.com,Los Angeles,West,2022-11-09,Silver,Social
C026600,Kai,Brooks,kai.brooks26600@example.com,Austin,South,2025-04-22,Silver,Referral
C014571,Avery,Davis,avery.davis14571@example.com,Indianapolis,Midwest,2021-01-15,Gold,Paid Search
C011960,Emerson,Johnson,emerson.johnson11960@example.com,Los Angeles,West,2022-01-28,,Paid Search
C011437,Casey,Davis,casey.davis11437@example.com,Detroit,Midwest,2024-02-18,Gold,Organic
C029616,Alex,Johnson,alex.johnson29616@example.com,Chicago,Midwest,2025-11-14,Silver,Paid Search
C007559,Cameron,Johnson,cameron.johnson7559@example.com,Boston,Northeast,2023-07-11,,Organic
C000972,Avery,Kim,avery.kim972@example.com,Indianapolis,Midwest,2025-01-28,Silver,Paid Search
C001454,Parker,Kim,parker.kim1454@example.com,Dallas,South,2021-03-11,,Paid Search
C000881,Drew,Rivera,drew.rivera881@example.com,Dallas,South,2022-10-14,,Retail Store
C003387,Emerson,Johnson,emerson.johnson3387@example.com,Charlotte,South,2024-03-17,Silver,Organic
C024606,Kai,Davis,kai.davis24606@example.com,Los Angeles,West,2022-04-08,,Paid Search
C002464,Quinn,Chen,quinn.chen2464@example.com,Seattle,West,2025-08-18,,Organic
C006978,Cameron,Lee,cameron.lee6978@example.com,Denver,West,2022-04-04,Silver,Paid Search
C012746,Alex,Smith,alex.smith12746@example.com,Phoenix,West,2025-09-25,,Paid Search
C013469,Alex,Turner,alex.turner13469@example.com,Dallas,South,2022-08-12,Silver,Retail Store
C009688,Alex,Hughes,alex.hughes9688@example.com,Portland,West,2025-11-08,Silver,Social
C018304,Quinn,Patel,quinn.patel18304@example.com,Chicago,Midwest,2021-04-23,Silver,Paid Search
C025592,Jordan,Adams,jordan.adams25592@example.com,Boston,Northeast,2024-08-14,,Paid Search
C015919,Quinn,Martinez,quinn.martinez15919@example.com,Portland,West,2021-08-20,Gold,Paid Search
C027521,Cameron,Turner,cameron.turner27521@example.com,Seattle,West,2025-08-24,,Social
C022940,Morgan,Turner,morgan.turner22940@example.com,Nashville,South,2022-04-20,,Organic
C009562,Sam,Johnson,sam.johnson9562@example.com,,Midwest,2025-06-28,Silver,Referral
C029725,Cameron,Johnson,cameron.johnson29725@example.com,Nashville,South,2024-03-06,,Retail Store
C023036,Avery,Chen,avery.chen23036@example.com,Providence,Northeast,2021-08-27,Silver,Social
C010128,Quinn,Chen,quinn.chen10128@example.com,Austin,South,2023-03-10,,Paid Search
C011216,Jordan,Lee,jordan.lee11216@example.com,Austin,South,2025-02-06,,Social
C010882,Casey,Martinez,casey.martinez10882@example.com,Atlanta,South,2023-05-05,Silver,Organic
C008138,Casey,Davis,casey.davis8138@example.com,Atlanta,South,2023-02-25,,Organic
C026989,Avery,Lee,avery.lee26989@example.com,Portland,West,2022-09-04,Platinum,Retail Store
C018308,Jordan,Patel,jordan.patel18308@example.com,Atlanta,South,2025-05-04,,Paid Search
C017912,Sam,Johnson,sam.johnson17912@example.com,New York,Northeast,2024-07-22,,Referral
C020593,Alex,Chen,alex.chen20593@example.com,Austin,South,2021-11-08,Gold,Retail Store
C028369,Drew,Kim,drew.kim28369@example.com,Phoenix,West,2022-01-31,,Retail Store
C001742,Quinn,Kim,quinn.kim1742@example.com,Pittsburgh,Northeast,2023-02-27,,Paid Search
C016424,Avery,Patel,avery.patel16424@example.com,New York,Northeast,2022-12-31,Platinum,Retail Store
C011005,Casey,Turner,casey.turner11005@example.com,Boston,Northeast,2025-03-26,,Paid Search
C004950,Casey,Adams,casey.adams4950@example.com,Philadelphia,Northeast,2025-03-27,Silver,Retail Store
C028780,Drew,Kim,drew.kim28780@example.com,Atlanta,South,2023-01-21,Silver,Paid Search
C003024,Quinn,Adams,quinn.adams3024@example.com,Atlanta,South,2023-02-20,Silver,Social
C002584,Sam,Patel,sam.patel2584@example.com,Los Angeles,West,2022-05-06,,Retail Store
C015100,Sam,Lee,sam.lee15100@example.com,Nashville,South,2022-08-27,Silver,Social
C020166,Morgan,Lee,morgan.lee20166@example.com,Chicago,Midwest,2022-10-09,,Paid Search
C026339,Quinn,Adams,quinn.adams26339@example.com,Dallas,South,2022-06-12,,Paid Search
C004851,Taylor,Martinez,taylor.martinez4851@example.com,Atlanta,South,2022-08-13,Silver,Organic
C029622,Cameron,Davis,cameron.davis29622@example.com,Los Angeles,West,2021-03-04,Silver,Organic
C029664,Casey,Adams,casey.adams29664@example.com,Indianapolis,Midwest,2024-11-15,,Paid Search
C022706,Alex,Rivera,alex.rivera22706@example.com,Columbus,Midwest,2024-11-03,,Organic
C021482,Emerson,Davis,emerson.davis21482@example.com,Columbus,Midwest,2025-03-09,Silver,Paid Search
C026179,Parker,Turner,parker.turner26179@example.com,Dallas,South,2023-12-24,Platinum,Retail Store
C027446,Riley,Hughes,riley.hughes27446@example.com,Charlotte,South,2024-11-06,Silver,Paid Search
C001724,Sam,Chen,sam.chen1724@example.com,New York,Northeast,2025-08-27,,Paid Search
C008486,Jordan,Chen,jordan.chen8486@example.com,Seattle,West,2023-10-27,Gold,Organic
C000347,Drew,Hughes,drew.hughes347@example.com,Nashville,South,2022-08-04,,Organic
C013029,Alex,Chen,alex.chen13029@example.com,Chicago,Midwest,2021-09-11,Silver,Retail Store
C008822,Emerson,Adams,emerson.adams8822@example.com,Boston,Northeast,2024-08-22,,Retail Store
C025677,Drew,Chen,drew.chen25677@example.com,Portland,West,2022-06-05,,Retail Store
C007535,Avery,Hughes,avery.hughes7535@example.com,New York,Northeast,2025-11-19,,Retail Store
C023390,Drew,Davis,drew.davis23390@example.com,Pittsburgh,Northeast,2021-05-04,Silver,Social
C021580,Morgan,Martinez,morgan.martinez21580@example.com,Providence,Northeast,2024-10-24,,Organic
C008887,Drew,Turner,drew.turner8887@example.com,Providence,Northeast,2021-09-18,,Social
C024885,Casey,Rivera,casey.rivera24885@example.com,Pittsburgh,Northeast,2023-11-20,,Social
C010505,Quinn,Davis,quinn.davis10505@example.com,Detroit,Midwest,2025-07-09,Silver,Organic
C007302,Kai,Rivera,kai.rivera7302@example.com,Dallas,South,2024-06-12,Gold,Organic
C020024,Morgan,Garcia,morgan.garcia20024@example.com,Denver,West,2021-08-06,Platinum,Organic
C025810,Riley,Martinez,riley.martinez25810@example.com,Seattle,West,2024-05-22,,Paid Search
C003051,Parker,Adams,parker.adams3051@example.com,Providence,Northeast,2024-03-26,Gold,Organic
C029522,Riley,Martinez,riley.martinez29522@example.com,Phoenix,West,2024-10-05,Silver,Paid Search
C011336,Avery,Smith,avery.smith11336@example.com,Dallas,South,2024-07-26,Silver,Social
C024040,Riley,Johnson,riley.johnson24040@example.com,Minneapolis,Midwest,2022-01-24,Silver,Organic
C007749,Cameron,Patel,cameron.patel7749@example.com,Chicago,Midwest,2022-06-25,Platinum,Referral
C009382,Parker,Kim,parker.kim9382@example.com,Los Angeles,West,2024-08-04,,Social
C010934,Kai,Martinez,kai.martinez10934@example.com,Pittsburgh,Northeast,2022-11-18,Silver,Organic
C006033,Casey,Johnson,casey.johnson6033@example.com,Nashville,South,2021-10-18,,Paid Search
C009622,Emerson,Lee,emerson.lee9622@example.com,Austin,South,2021-11-19,Gold,Referral
C002725,Quinn,Garcia,quinn.garcia2725@example.com,Minneapolis,Midwest,2023-12-31,Silver,Organic
C018009,Casey,Lee,casey.lee18009@example.com,Pittsburgh,Northeast,2022-09-24,,Paid Search
C010899,Parker,Patel,parker.patel10899@example.com,,Northeast,2023-08-19,,Organic
C021376,Parker,Hughes,parker.hughes21376@example.com,Atlanta,South,2024-12-12,Silver,Organic
C010987,Quinn,Lee,quinn.lee10987@example.com,New York,Northeast,2021-08-18,,Paid Search
C004739,Jordan,Turner,jordan.turner4739@example.com,Indianapolis,Midwest,2024-03-20,,Retail Store
C004833,Alex,Rivera,alex.rivera4833@example.com,Providence,Northeast,2025-11-19,,Organic
C008091,Drew,Davis,drew.davis8091@example.com,Charlotte,South,2021-10-05,Silver,Social
C012933,Cameron,Chen,cameron.chen12933@example.com,Philadelphia,Northeast,2025-08-15,Silver,Organic
C021860,Avery,Johnson,avery.johnson21860@example.com,Austin,South,2025-10-28,,Organic
C009117,Avery,Rivera,avery.rivera9117@example.com,Los Angeles,West,2024-10-27,,Referral
C015135,Sam,Lee,sam.lee15135@example.com,Austin,South,2025-07-06,,Organic
C010393,Drew,Garcia,drew.garcia10393@example.com,Dallas,South,2021-04-18,Silver,Retail Store
C029412,Emerson,Patel,emerson.patel29412@example.com,Atlanta,South,2025-01-05,Silver,Organic
C024368,Morgan,Rivera,morgan.rivera24368@example.com,Phoenix,West,2024-09-25,Gold,Organic
C002172,Sam,Garcia,sam.garcia2172@example.com,Providence,Northeast,2025-09-10,Gold,Social
C025144,Taylor,Davis,taylor.davis25144@example.com,Minneapolis,Midwest,2021-12-31,,Paid Search
C024331,Sam,Turner,sam.turner24331@example.com,Chicago,Midwest,2022-01-12,Silver,Paid Search
C004660,Parker,Kim,parker.kim4660@example.com,New York,Northeast,2022-02-08,,Organic
C017118,Taylor,Lee,taylor.lee17118@example.com,Columbus,Midwest,2025-11-23,Gold,Referral
C013790,Cameron,Patel,cameron.patel13790@example.com,Nashville,South,2022-05-31,Silver,Paid Search
C029967,Riley,Turner,riley.turner29967@example.com,Seattle,West,2023-01-15,,Organic
C001995,Riley,Kim,riley.kim1995@example.com,Dallas,South,2021-06-17,Silver,Paid Search
C016116,Jordan,Kim,jordan.kim16116@example.com,Austin,South,2022-03-23,Silver,Organic
C019279,Riley,Kim,riley.kim19279@example.com,Charlotte,South,2021-08-14,,Organic
C003499,Emerson,Hughes,emerson.hughes3499@example.com,Seattle,West,2022-09-17,Silver,Paid Search
C000486,Quinn,Smith,quinn.smith486@example.com,Chicago,Midwest,2021-09-01,Silver,Organic
C012793,Avery,Brooks,avery.brooks12793@example.com,Providence,Northeast,2024-05-29,Silver,Retail Store
C005027,Jordan,Smith,jordan.smith5027@example.com,Pittsburgh,Northeast,2023-09-13,Platinum,Organic
C013370,Alex,Chen,alex.chen13370@example.com,Providence,Northeast,2024-08-11,Gold,Paid Search
C028607,Taylor,Garcia,taylor.garcia28607@example.com,Philadelphia,Northeast,2023-04-20,,Organic
C005253,Casey,Kim,casey.kim5253@example.com,Indianapolis,Midwest,2023-02-18,Gold,Organic
C014958,Riley,Davis,riley.davis14958@example.com,Columbus,Midwest,2024-10-31,,Organic
C003567,Casey,Lee,casey.lee3567@example.com,Austin,South,2025-01-16,Gold,Paid Search
C008674,Morgan,Martinez,morgan.martinez8674@example.com,Providence,Northeast,2021-01-13,,Paid Search
C021624,Riley,Patel,riley.patel21624@example.com,Austin,South,2021-04-06,,Organic
C009162,Cameron,Martinez,cameron.martinez9162@example.com,New York,Northeast,2023-09-21,Platinum,Social
C015939,Drew,Smith,drew.smith15939@example.com,Philadelphia,Northeast,2022-10-31,,Retail Store
C019084,Morgan,Garcia,morgan.garcia19084@example.com,Indianapolis,Midwest,2022-10-03,,Social
C017645,Casey,Smith,casey.smith17645@example.com,Phoenix,West,2023-03-25,,Organic
C015077,Taylor,Adams,taylor.adams15077@example.com,Minneapolis,Midwest,2021-04-08,,Paid Search
C029866,Drew,Johnson,drew.johnson29866@example.com,Indianapolis,Midwest,2025-01-09,,Organic
C025265,Taylor,Smith,taylor.smith25265@example.com,Phoenix,West,2024-01-16,,Retail Store
C028079,Casey,Davis,casey.davis28079@example.com,Minneapolis,Midwest,2025-01-11,,Paid Search
C024553,Avery,Patel,avery.patel24553@example.com,Dallas,South,2022-12-21,Silver,Social
C026027,Jordan,Chen,jordan.chen26027@example.com,Chicago,Midwest,2021-07-25,Gold,Organic
C006030,Avery,Kim,avery.kim6030@example.com,Phoenix,West,2021-06-18,Platinum,Social
C009993,Riley,Martinez,riley.martinez9993@example.com,Providence,Northeast,2025-05-11,,Referral
C025324,Quinn,Garcia,quinn.garcia25324@example.com,Denver,West,2021-07-28,Platinum,Paid Search
C015295,Riley,Garcia,riley.garcia15295@example.com,Austin,South,2025-07-28,Silver,Organic
C028837,Quinn,Kim,quinn.kim28837@example.com,New York,Northeast,2024-04-25,Silver,Paid Search
C024126,Alex,Adams,alex.adams24126@example.com,Philadelphia,Northeast,2024-12-17,Silver,Retail Store
C017586,Taylor,Davis,taylor.davis17586@example.com,New York,Northeast,2024-06-07,Silver,Organic
C021944,Quinn,Lee,quinn.lee21944@example.com,Nashville,South,2024-09-15,,Organic
C005577,Alex,Patel,alex.patel5577@example.com,Indianapolis,Midwest,2022-11-29,,Organic
C007722,Parker,Brooks,parker.brooks7722@example.com,Austin,South,2024-09-30,,Organic
C022889,Morgan,Martinez,morgan.martinez22889@example.com,Atlanta,South,2024-10-21,Silver,Retail Store
C002650,Emerson,Chen,emerson.chen2650@example.com,New York,Northeast,2024-10-28,,Organic
C022742,Quinn,Brooks,quinn.brooks22742@example.com,Indianapolis,Midwest,2024-04-21,Gold,Organic
C008958,Drew,Hughes,drew.hughes8958@example.com,Pittsburgh,Northeast,2024-06-20,,Social
C015316,Morgan,Hughes,morgan.hughes15316@example.com,Nashville,South,2022-07-19,,Organic
C002580,Jordan,Garcia,jordan.garcia2580@example.com,Portland,West,2025-03-08,Silver,Retail Store
C008973,Parker,Adams,parker.adams8973@example.com,Los Angeles,West,2022-05-07,,Organic
C015011,Casey,Lee,casey.lee15011@example.com,Detroit,Midwest,2023-02-11,,Paid Search
C018387,Kai,Adams,kai.adams18387@example.com,Seattle,West,2024-03-31,,Referral
C013131,Sam,Patel,sam.patel13131@example.com,Chicago,Midwest,2022-01-04,Gold,Retail Store
C011498,Drew,Brooks,drew.brooks11498@example.com,Nashville,South,2021-08-13,Silver,Retail Store
C005800,Jordan,Garcia,jordan.garcia5800@example.com,Detroit,Midwest,2022-11-11,Silver,Paid Search
C027910,Sam,Lee,sam.lee27910@example.com,Dallas,South,2025-03-06,,Referral
C010508,Casey,Martinez,casey.martinez10508@example.com,Dallas,South,2022-03-26,Gold,Organic
C002806,Riley,Chen,riley.chen2806@example.com,Portland,West,2022-08-05,,Paid Search
C026854,Quinn,Kim,quinn.kim26854@example.com,Portland,West,2021-11-02,Platinum,Retail Store
C020493,Cameron,Patel,cameron.patel20493@example.com,Los Angeles,West,2023-09-17,Platinum,Organic
C000292,Parker,Rivera,parker.rivera292@example.com,New York,Northeast,2025-04-20,Platinum,Organic
C009335,Kai,Patel,kai.patel9335@example.com,Chicago,Midwest,2025-03-27,Silver,Social
C012560,Cameron,Rivera,cameron.rivera12560@example.com,Phoenix,West,2024-04-10,Silver,Retail Store
C021522,Cameron,Adams,cameron.adams21522@example.com,Atlanta,South,2024-04-26,Platinum,Referral
C015787,Alex,Smith,alex.smith15787@example.com,Portland,West,2024-05-23,Silver,Organic
C028485,Drew,Hughes,drew.hughes28485@example.com,Indianapolis,Midwest,2023-06-24,Silver,Organic
C017310,Taylor,Adams,taylor.adams17310@example.com,Pittsburgh,Northeast,2023-10-29,Silver,Organic
C010621,Alex,Rivera,alex.rivera10621@example.com,Seattle,West,2022-03-31,,Paid Search
C016240,Alex,Martinez,alex.martinez16240@example.com,Denver,West,2022-08-09,Gold,Referral
C013272,Avery,Davis,avery.davis13272@example.com,Los Angeles,West,2024-02-21,,Paid Search
C007677,Sam,Martinez,sam.martinez7677@example.com,Portland,West,2023-02-25,,Organic
C015489,Avery,Chen,avery.chen15489@example.com,Denver,West,2025-10-07,,Organic
C004514,Jordan,Martinez,jordan.martinez4514@example.com,Pittsburgh,Northeast,2023-03-30,Silver,Retail Store
C026665,Drew,Hughes,drew.hughes26665@example.com,Portland,West,2022-03-31,,Retail Store
C002950,Parker,Adams,parker.adams2950@example.com,Atlanta,South,2022-05-11,,Referral
C001766,Kai,Chen,kai.chen1766@example.com,Boston,Northeast,2024-04-19,,Retail Store
C005659,Kai,Patel,kai.patel5659@example.com,Nashville,South,2022-03-25,,Referral
C006479,Avery,Rivera,avery.rivera6479@example.com,Denver,West,2025-01-20,Platinum,Referral
C006068,Riley,Johnson,riley.johnson6068@example.com,Philadelphia,Northeast,2022-05-20,,Referral
C016179,Riley,Turner,riley.turner16179@example.com,Philadelphia,Northeast,2025-09-30,,Retail Store
C018364,Quinn,Smith,quinn.smith18364@example.com,Los Angeles,West,2022-04-06,,Paid Search
C003886,Casey,Lee,casey.lee3886@example.com,Dallas,South,2022-02-18,,Organic
C004700,Morgan,Lee,morgan.lee4700@example.com,Chicago,Midwest,2025-02-03,Silver,Organic
C022334,Quinn,Davis,quinn.davis22334@example.com,Nashville,South,2023-12-31,Gold,Paid Search
C023686,Drew,Garcia,drew.garcia23686@example.com,Nashville,South,2021-06-11,,Retail Store
C020625,Kai,Johnson,kai.johnson20625@example.com,Minneapolis,Midwest,2024-06-29,Gold,Social
C013885,Sam,Kim,sam.kim13885@example.com,Austin,South,2023-04-19,Gold,Referral
C027519,Taylor,Martinez,taylor.martinez27519@example.com,Pittsburgh,Northeast,2022-02-23,Gold,Social
C013863,Morgan,Chen,morgan.chen13863@example.com,Denver,West,2024-07-06,,Paid Search
C027157,Kai,Kim,kai.kim27157@example.com,Chicago,Midwest,2024-08-27,,Retail Store
C028076,Emerson,Davis,emerson.davis28076@example.com,Los Angeles,West,2025-07-23,Gold,Social
C024834,Emerson,Smith,emerson.smith24834@example.com,Pittsburgh,Northeast,2025-07-28,Silver,Paid Search
C014854,Parker,Martinez,parker.martinez14854@example.com,Boston,Northeast,2024-01-12,,Social
C018937,Morgan,Chen,morgan.chen18937@example.com,Boston,Northeast,2022-12-13,Silver,Organic
C007899,Sam,Hughes,sam.hughes7899@example.com,Philadelphia,Northeast,2024-10-30,,Social
C011071,Parker,Chen,parker.chen11071@example.com,Atlanta,South,2025-11-21,,Social
C029864,Avery,Lee,avery.lee29864@example.com,Philadelphia,Northeast,2021-03-29,,Retail Store
C025821,Cameron,Adams,cameron.adams25821@example.com,Denver,West,2023-09-13,Silver,Organic
C005140,Emerson,Patel,emerson.patel5140@example.com,Pittsburgh,Northeast,2024-11-09,Platinum,Referral
C004891,Riley,Patel,riley.patel4891@example.com,Denver,West,2025-03-24,Silver,Organic
C004187,Emerson,Chen,emerson.chen4187@example.com,Providence,Northeast,2022-05-01,Gold,Paid Search
C022267,Drew,Adams,drew.adams22267@example.com,Dallas,South,2025-11-26,Silver,Organic
C014089,Drew,Turner,drew.turner14089@example.com,Indianapolis,Midwest,2021-10-11,,Organic
C013638,Taylor,Patel,taylor.patel13638@example.com,Phoenix,West,2025-07-14,,Paid Search
C006905,Avery,Brooks,avery.brooks6905@example.com,Seattle,West,2023-09-23,,Retail Store
C014810,Drew,Kim,drew.kim14810@example.com,Detroit,Midwest,2023-05-26,Gold,Social
C004789,Quinn,Davis,quinn.davis4789@example.com,Nashville,South,2025-06-09,Platinum,Referral
C000742,Alex,Patel,alex.patel742@example.com,Detroit,Midwest,2022-10-17,,Social
C002798,Avery,Lee,avery.lee2798@example.com,Indianapolis,Midwest,2025-04-27,Platinum,Paid Search
C006658,Parker,Chen,parker.chen6658@example.com,Dallas,South,2025-06-15,,Paid Search
C029963,Kai,Smith,kai.smith29963@example.com,Chicago,Midwest,2022-10-08,Gold,Organic
C002550,Parker,Chen,parker.chen2550@example.com,Portland,West,2024-06-16,Gold,Organic
C028469,Kai,Garcia,kai.garcia28469@example.com,Austin,South,2022-08-22,,Retail Store
C019065,Morgan,Brooks,morgan.brooks19065@example.com,Providence,Northeast,2024-05-08,,Social
C016416,Cameron,Smith,cameron.smith16416@example.com,Chicago,Midwest,2021-01-09,,Organic
C025813,Casey,Lee,casey.lee25813@example.com,Charlotte,South,2021-01-29,Gold,Social
C005226,Jordan,Davis,jordan.davis5226@example.com,Boston,Northeast,2021-03-13,,Social
C021096,Taylor,Garcia,taylor.garcia21096@example.com,Providence,Northeast,2024-12-01,,Organic
C022860,Jordan,Chen,jordan.chen22860@example.com,Indianapolis,Midwest,2022-03-05,,Organic
C024650,Cameron,Lee,cameron.lee24650@example.com,Boston,Northeast,2025-05-07,,Social
C028390,Cameron,Brooks,cameron.brooks28390@example.com,Charlotte,South,2022-09-28,,Referral
C002497,Parker,Rivera,parker.rivera2497@example.com,Charlotte,South,2021-04-05,Platinum,Paid Search
C022287,Parker,Smith,parker.smith22287@example.com,Atlanta,South,2021-04-06,,Organic
C011249,Emerson,Chen,emerson.chen11249@example.com,Charlotte,South,2025-02-06,Silver,Retail Store
C013134,Cameron,Turner,cameron.turner13134@example.com,,Midwest,2024-11-30,Gold,Organic
C019101,Kai,Martinez,kai.martinez19101@example.com,Portland,West,2024-10-03,Silver,Organic
C008923,Parker,Rivera,parker.rivera8923@example.com,Chicago,Midwest,2022-03-24,,Paid Search
C026134,Riley,Lee,riley.lee26134@example.com,Los Angeles,West,2023-03-31,Silver,Retail Store
C026980,Cameron,Smith,cameron.smith26980@example.com,Portland,West,2021-12-31,,Social
C029119,Jordan,Johnson,jordan.johnson29119@example.com,Charlotte,South,2023-06-20,Gold,Paid Search
C003107,Drew,Turner,drew.turner3107@example.com,Boston,Northeast,2025-08-07,Gold,Retail Store
C010651,Taylor,Rivera,taylor.rivera10651@example.com,Dallas,South,2021-01-05,Gold,Retail Store
C006429,Jordan,Garcia,jordan.garcia6429@example.com,Dallas,South,2022-07-09,Silver,Social
C001828,Cameron,Patel,cameron.patel1828@example.com,Boston,Northeast,2023-10-27,Silver,Referral
C016791,Avery,Garcia,avery.garcia16791@example.com,Austin,South,2022-10-15,Gold,Paid Search
C000641,Sam,Smith,sam.smith641@example.com,Indianapolis,Midwest,2025-04-30,,Referral
C019575,Quinn,Garcia,quinn.garcia19575@example.com,Atlanta,South,2023-02-13,Gold,Paid Search
C011814,Alex,Rivera,alex.rivera11814@example.com,Seattle,West,2025-07-24,Silver,Social
C029568,Quinn,Davis,quinn.davis29568@example.com,Pittsburgh,Northeast,2024-08-24,Silver,Organic
C025554,Parker,Brooks,parker.brooks25554@example.com,Austin,South,2025-04-09,Platinum,Retail Store
C024340,Quinn,Garcia,quinn.garcia24340@example.com,Boston,Northeast,2021-12-22,Silver,Social
C013279,Casey,Hughes,casey.hughes13279@example.com,Charlotte,South,2024-09-10,Silver,Referral
C029774,Morgan,Martinez,morgan.martinez29774@example.com,Nashville,South,2024-01-30,,Referral
C014109,Drew,Adams,drew.adams14109@example.com,Phoenix,West,2022-08-09,Gold,Referral
C022017,Drew,Garcia,drew.garcia22017@example.com,Philadelphia,Northeast,2022-08-02,Gold,Paid Search
C000954,Morgan,Martinez,morgan.martinez954@example.com,Minneapolis,Midwest,2021-09-22,Silver,Retail Store
C025329,Casey,Chen,casey.chen25329@example.com,Los Angeles,West,2025-01-21,,Paid Search
C004635,Casey,Smith,casey.smith4635@example.com,Austin,South,2022-08-03,Silver,Social
C002030,Alex,Hughes,alex.hughes2030@example.com,Phoenix,West,2021-11-04,,Retail Store
C009792,Quinn,Chen,quinn.chen9792@example.com,Seattle,West,2023-07-20,Silver,Social
C022115,Morgan,Hughes,morgan.hughes22115@example.com,Philadelphia,Northeast,2024-08-15,Gold,Referral
C020352,Parker,Rivera,parker.rivera20352@example.com,Portland,West,2022-07-11,Gold,Paid Search
C003050,Parker,Kim,parker.kim3050@example.com,Chicago,Midwest,2023-05-18,Silver,Paid Search
C017428,Taylor,Martinez,taylor.martinez17428@example.com,Atlanta,South,2021-09-05,Gold,Organic
C027000,Jordan,Garcia,jordan.garcia27000@example.com,Austin,South,2023-03-14,Silver,Social
C009052,Morgan,Turner,morgan.turner9052@example.com,Nashville,South,2024-07-21,,Organic
C017658,Emerson,Martinez,emerson.martinez17658@example.com,Dallas,South,2023-04-05,Gold,Referral
C005069,Avery,Davis,avery.davis5069@example.com,Denver,West,2023-08-19,Gold,Organic
C020137,Morgan,Kim,morgan.kim20137@example.com,New York,Northeast,2021-01-16,Gold,Retail Store
C002311,Parker,Lee,parker.lee2311@example.com,Dallas,South,2023-03-02,,Retail Store
C013633,Cameron,Patel,cameron.patel13633@example.com,Los Angeles,West,2024-08-13,Gold,Organic
C028319,Quinn,Lee,quinn.lee28319@example.com,Atlanta,South,2021-01-12,Gold,Referral
C016920,Morgan,Lee,morgan.lee16920@example.com,Dallas,South,2023-12-21,Gold,Retail Store
C012426,Emerson,Patel,emerson.patel12426@example.com,Columbus,Midwest,2022-05-05,Silver,Retail Store
C019317,Kai,Hughes,kai.hughes19317@example.com,Dallas,South,2022-04-06,,Organic
C005287,Cameron,Martinez,cameron.martinez5287@example.com,Chicago,Midwest,2023-01-05,,Organic
C029949,Taylor,Kim,taylor.kim29949@example.com,New York,Northeast,2023-12-08,Platinum,Paid Search
C026904,Taylor,Rivera,taylor.rivera26904@example.com,Seattle,West,2021-06-20,,Referral
C028153,Jordan,Brooks,jordan.brooks28153@example.com,Indianapolis,Midwest,2023-01-29,,Referral
C015812,Morgan,Lee,morgan.lee15812@example.com,Pittsburgh,Northeast,2024-04-25,Silver,Referral
C001203,Kai,Turner,kai.turner1203@example.com,Charlotte,South,2025-04-03,Silver,Social
C028416,Avery,Chen,avery.chen28416@example.com,Philadelphia,Northeast,2025-10-03,,Paid Search
C000481,Sam,Johnson,sam.johnson481@example.com,Denver,West,2024-07-24,Gold,Paid Search
C012822,Morgan,Hughes,morgan.hughes12822@example.com,Austin,South,2022-07-07,Silver,Paid Search
C014286,Avery,Brooks,avery.brooks14286@example.com,Seattle,West,2024-06-01,,Organic
C026803,Quinn,Patel,quinn.patel26803@example.com,Phoenix,West,2024-02-12,,Organic
C022586,Morgan,Johnson,morgan.johnson22586@example.com,Atlanta,South,2024-06-21,Silver,Retail Store
C009682,Cameron,Adams,cameron.adams9682@example.com,Pittsburgh,Northeast,2022-10-04,,Organic
C014757,Avery,Turner,avery.turner14757@example.com,New York,Northeast,2024-11-30,Silver,Paid Search
C008651,Drew,Lee,drew.lee8651@example.com,Columbus,Midwest,2024-08-31,,Retail Store
C001323,Avery,Brooks,avery.brooks1323@example.com,Denver,West,2022-11-28,Platinum,Social
C013309,Alex,Rivera,alex.rivera13309@example.com,Austin,South,2022-01-29,,Retail Store
C016542,Drew,Davis,drew.davis16542@example.com,Indianapolis,Midwest,2025-02-16,Gold,Paid Search
C029269,Drew,Davis,drew.davis29269@example.com,Nashville,south,2021-05-05,,Paid Search
C015987,Kai,Kim,kai.kim15987@example.com,New York,Northeast,2022-09-28,,Social
C010072,Riley,Turner,riley.turner10072@example.com,Austin,South,2023-02-01,,Referral
C022422,Avery,Lee,avery.lee22422@example.com,Atlanta,South,2021-07-14,,Referral
C008014,Drew,Rivera,drew.rivera8014@example.com,,Northeast,2023-03-15,Gold,Paid Search
C017937,Casey,Adams,casey.adams17937@example.com,Charlotte,South,2022-02-09,,Referral
C005679,Alex,Johnson,alex.johnson5679@example.com,Boston,Northeast,2024-04-08,Silver,Paid Search
C019126,Alex,Johnson,alex.johnson19126@example.com,Pittsburgh,Northeast,2022-03-06,,Referral
C009129,Taylor,Rivera,taylor.rivera9129@example.com,Columbus,Midwest,2025-09-06,,Referral
C007496,Casey,Chen,casey.chen7496@example.com,Atlanta,South,2024-02-11,,Social
C013639,Alex,Johnson,alex.johnson13639@example.com,Philadelphia,Northeast,2021-01-18,,Paid Search
C028205,Drew,Kim,drew.kim28205@example.com,Philadelphia,Northeast,2023-11-26,,Paid Search
C022976,Morgan,Kim,morgan.kim22976@example.com,Boston,Northeast,2024-03-14,Silver,Organic
C028867,Parker,Patel,parker.patel28867@example.com,Seattle,West,2024-02-10,Silver,Paid Search
C020802,Cameron,Davis,cameron.davis20802@example.com,,Northeast,2021-08-14,Silver,Social
C013064,Casey,Patel,casey.patel13064@example.com,Seattle,West,2024-10-25,,Referral
C000928,Riley,Chen,riley.chen928@example.com,Pittsburgh,Northeast,2024-04-19,Gold,Retail Store
C008059,Taylor,Adams,taylor.adams8059@example.com,Detroit,Midwest,2025-11-29,Silver,Referral
C007937,Avery,Davis,avery.davis7937@example.com,Boston,Northeast,2022-11-17,Silver,Social
C011933,Avery,Smith,avery.smith11933@example.com,Phoenix,West,2022-01-09,Gold,Paid Search
C016636,Emerson,Johnson,emerson.johnson16636@example.com,Minneapolis,Midwest,2024-08-14,,Social
C023744,Morgan,Adams,morgan.adams23744@example.com,Boston,Northeast,2024-10-28,Silver,Social
C022172,Avery,Hughes,avery.hughes22172@example.com,Charlotte,South,2024-03-11,,Referral
C024247,Quinn,Davis,quinn.davis24247@example.com,Dallas,South,2023-03-04,Gold,Retail Store
C016136,Drew,Patel,drew.patel16136@example.com,Portland,West,2025-10-04,Gold,Retail Store
C026555,Taylor,Brooks,taylor.brooks26555@example.com,Minneapolis,Midwest,2021-04-12,Silver,Organic
C008048,Emerson,Chen,emerson.chen8048@example.com,Indianapolis,Midwest,2021-03-06,,Paid Search
C013846,Riley,Chen,riley.chen13846@example.com,Indianapolis,Midwest,2023-05-11,Silver,Social
C020870,Morgan,Garcia,morgan.garcia20870@example.com,Austin,South,2021-03-02,Silver,Paid Search
C022785,Emerson,Lee,emerson.lee22785@example.com,Los Angeles,West,2025-03-30,,Retail Store
C015576,Sam,Davis,sam.davis15576@example.com,Seattle,West,2025-08-14,Platinum,Paid Search
C026597,Quinn,Garcia,quinn.garcia26597@example.com,Seattle,West,2021-04-07,Silver,Social
C026428,Jordan,Johnson,jordan.johnson26428@example.com,Denver,West,2022-03-05,,Organic
C015059,Casey,Brooks,casey.brooks15059@example.com,Denver,West,2025-03-01,Gold,Retail Store
C015809,Sam,Garcia,sam.garcia15809@example.com,Nashville,South,2023-06-08,Silver,Paid Search
C012805,Kai,Brooks,kai.brooks12805@example.com,Denver,West,2022-09-30,,Retail Store
C024415,Alex,Brooks,alex.brooks24415@example.com,Los Angeles,West,2022-05-10,Silver,Paid Search
C011626,Parker,Chen,parker.chen11626@example.com,New York,Northeast,2025-01-31,,Retail Store
C002222,Jordan,Kim,jordan.kim2222@example.com,Columbus,Midwest,2024-04-29,Platinum,Social
C015538,Cameron,Hughes,cameron.hughes15538@example.com,Portland,West,2023-08-01,,Paid Search
C018305,Sam,Patel,sam.patel18305@example.com,Chicago,Midwest,2025-07-26,Gold,Social
C028334,Alex,Martinez,alex.martinez28334@example.com,Atlanta,South,2024-11-12,,Referral
C018267,Emerson,Adams,emerson.adams18267@example.com,Portland,West,2024-05-05,Gold,Retail Store
C029555,Riley,Smith,riley.smith29555@example.com,Columbus,Midwest,2023-08-10,Silver,Social
C008228,Emerson,Rivera,emerson.rivera8228@example.com,Providence,Northeast,2023-12-16,,Referral
C012302,Jordan,Chen,jordan.chen12302@example.com,Phoenix,West,2023-05-19,,Social
C014648,Jordan,Smith,jordan.smith14648@example.com,Charlotte,South,2025-11-24,,Retail Store
C029149,Cameron,Patel,cameron.patel29149@example.com,Seattle,West,2025-08-04,Silver,Paid Search
C012084,Quinn,Rivera,quinn.rivera12084@example.com,Nashville,South,2025-03-11,Silver,Paid Search
C007683,Jordan,Smith,jordan.smith7683@example.com,Phoenix,West,2021-08-25,,Social
C000513,Casey,Adams,casey.adams513@example.com,Providence,Northeast,2021-12-10,,Referral
C028429,Parker,Davis,parker.davis28429@example.com,Phoenix,West,2025-03-24,,Organic
C021341,Avery,Brooks,avery.brooks21341@example.com,Dallas,South,2023-08-02,,Organic
C015558,Parker,Johnson,parker.johnson15558@example.com,Charlotte,South,2025-04-16,Platinum,Retail Store
C028391,Cameron,Lee,cameron.lee28391@example.com,Dallas,South,2021-05-27,Platinum,Organic
C018777,Sam,Lee,sam.lee18777@example.com,Pittsburgh,Northeast,2021-04-28,Gold,Social
C012705,Sam,Kim,sam.kim12705@example.com,Austin,South,2022-07-05,Silver,Organic
C025168,Jordan,Chen,jordan.chen25168@example.com,Nashville,South,2023-10-22,Silver,Organic
C026836,Emerson,Kim,emerson.kim26836@example.com,Phoenix,West,2025-04-28,,Organic
C028631,Casey,Kim,casey.kim28631@example.com,New York,Northeast,2022-06-26,Silver,Organic
C028243,Sam,Smith,sam.smith28243@example.com,Nashville,South,2024-11-26,Platinum,Organic
C001457,Emerson,Hughes,emerson.hughes1457@example.com,Austin,South,2022-10-25,,Organic
C020036,Avery,Turner,avery.turner20036@example.com,Columbus,Midwest,2025-01-11,Silver,Social
C008215,Quinn,Martinez,quinn.martinez8215@example.com,Atlanta,South,2022-08-08,,Organic
C028822,Morgan,Garcia,morgan.garcia28822@example.com,Nashville,South,2022-10-24,Gold,Retail Store
C008395,Emerson,Johnson,emerson.johnson8395@example.com,Seattle,West,2025-05-29,Platinum,Retail Store
C024335,Parker,Lee,parker.lee24335@example.com,Boston,Northeast,2022-10-25,Gold,Retail Store
C012424,Alex,Chen,alex.chen12424@example.com,Portland,West,2024-01-29,Gold,Paid Search
C020285,Cameron,Johnson,cameron.johnson20285@example.com,Minneapolis,Midwest,2023-03-18,,Social
C018335,Alex,Brooks,alex.brooks18335@example.com,Chicago,Midwest,2022-04-07,Silver,Paid Search
C025701,Alex,Hughes,alex.hughes25701@example.com,Minneapolis,Midwest,2025-07-03,Gold,Retail Store
C020606,Parker,Davis,parker.davis20606@example.com,Seattle,West,2022-10-05,Silver,Paid Search
C023119,Morgan,Kim,morgan.kim23119@example.com,Columbus,Midwest,2024-01-03,,Organic
C029029,Riley,Patel,riley.patel29029@example.com,Portland,West,2022-07-10,,Organic
C004059,Drew,Adams,drew.adams4059@example.com,Indianapolis,Midwest,2022-10-22,Silver,Social
C006288,Avery,Patel,avery.patel6288@example.com,Los Angeles,West,2024-06-25,Silver,Paid Search
C004255,Kai,Rivera,kai.rivera4255@example.com,Providence,Northeast,2023-09-11,,Paid Search
C003781,Casey,Chen,casey.chen3781@example.com,Seattle,West,2025-07-23,Silver,Referral
C009799,Sam,Chen,sam.chen9799@example.com,Phoenix,West,2023-03-11,,Paid Search
C027514,Avery,Turner,avery.turner27514@example.com,Los Angeles,West,2021-04-08,Gold,Paid Search
C020967,Sam,Garcia,sam.garcia20967@example.com,Seattle,West,2021-07-28,Gold,Referral
C006881,Riley,Smith,riley.smith6881@example.com,New York,Northeast,2021-12-25,Silver,Social
C027994,Kai,Lee,kai.lee27994@example.com,Phoenix,West,2021-03-31,,Organic
C015673,Casey,Brooks,casey.brooks15673@example.com,Charlotte,South,2024-12-05,,Social
C010013,Casey,Hughes,casey.hughes10013@example.com,Atlanta,South,2024-05-09,,Paid Search
C016340,Avery,Adams,avery.adams16340@example.com,Charlotte,South,2025-02-09,,Social
C028197,Quinn,Lee,quinn.lee28197@example.com,Columbus,Midwest,2022-01-24,,Referral
C029900,Cameron,Brooks,cameron.brooks29900@example.com,Nashville,South,2023-03-01,,Referral
C002956,Drew,Davis,drew.davis2956@example.com,Boston,Northeast,2025-03-27,Platinum,Social
C014308,Casey,Patel,casey.patel14308@example.com,Indianapolis,Midwest,2023-01-03,,Organic
C012134,Parker,Martinez,parker.martinez12134@example.com,Phoenix,West,2024-01-24,,Organic
C029833,Avery,Garcia,avery.garcia29833@example.com,Atlanta,South,2021-05-04,,Social
C026702,Taylor,Johnson,taylor.johnson26702@example.com,Philadelphia,Northeast,2022-07-09,,Social
C005565,Drew,Lee,drew.lee5565@example.com,Chicago,Midwest,2022-05-25,,Retail Store
C006127,Sam,Smith,sam.smith6127@example.com,Philadelphia,Northeast,2023-12-26,Silver,Paid Search
C029989,Jordan,Garcia,jordan.garcia29989@example.com,Providence,Northeast,2023-12-23,,Paid Search
C000231,Jordan,Rivera,jordan.rivera231@example.com,Portland,West,2023-04-11,Gold,Organic
C025198,Alex,Rivera,alex.rivera25198@example.com,Denver,West,2022-08-16,,Social
C006259,Taylor,Johnson,taylor.johnson6259@example.com,Los Angeles,West,2023-01-23,Silver,Organic
C013127,Cameron,Davis,cameron.davis13127@example.com,Indianapolis,Midwest,2023-01-16,Gold,Social
C015362,Casey,Smith,casey.smith15362@example.com,Boston,Northeast,2021-10-29,,Organic
C003779,Alex,Smith,alex.smith3779@example.com,Detroit,Midwest,2024-01-07,,Organic
C009689,Avery,Davis,avery.davis9689@example.com,Indianapolis,Midwest,2023-12-02,Silver,Retail Store
C015110,Avery,Brooks,avery.brooks15110@example.com,Detroit,Midwest,2023-11-01,,Social
C002763,Morgan,Adams,morgan.adams2763@example.com,New York,Northeast,2024-01-07,Silver,Organic
C010780,Drew,Hughes,drew.hughes10780@example.com,Philadelphia,Northeast,2021-12-10,Gold,Social
C025515,Quinn,Smith,quinn.smith25515@example.com,Dallas,South,2022-12-13,Gold,Organic
C024120,Parker,Brooks,parker.brooks24120@example.com,Pittsburgh,Northeast,2022-01-04,Gold,Referral
C010186,Jordan,Hughes,jordan.hughes10186@example.com,Seattle,West,2022-01-06,Silver,Retail Store
C023318,Morgan,Rivera,morgan.rivera23318@example.com,Chicago,Midwest,2025-04-10,Silver,Referral
C020543,Cameron,Brooks,cameron.brooks20543@example.com,Nashville,South,2024-12-26,,Organic
C009533,Kai,Adams,kai.adams9533@example.com,Boston,Northeast,2021-06-15,SILVER,Retail Store
C001554,Kai,Davis,kai.davis1554@example.com,Columbus,Midwest,2022-07-09,,Retail Store
C027318,Avery,Turner,avery.turner27318@example.com,Nashville,South,2024-01-17,,Referral
C013174,Sam,Rivera,sam.rivera13174@example.com,Philadelphia,Northeast,2023-03-26,,Paid Search
C008940,Alex,Davis,alex.davis8940@example.com,Austin,South,2021-05-18,,Paid Search
C023791,Jordan,Davis,jordan.davis23791@example.com,Austin,South,2025-08-15,,Referral
C020654,Taylor,Turner,taylor.turner20654@example.com,Pittsburgh,Northeast,2021-04-06,,Referral
C019797,Casey,Chen,casey.chen19797@example.com,Boston,Northeast,2025-01-30,Silver,Retail Store
C012866,Drew,Turner,drew.turner12866@example.com,Phoenix,West,2022-12-07,,Organic
C020772,Cameron,Martinez,cameron.martinez20772@example.com,Detroit,Midwest,2025-05-28,,Retail Store
C007389,Taylor,Johnson,taylor.johnson7389@example.com,Seattle,West,2022-12-26,,Organic
C023051,Avery,Rivera,avery.rivera23051@example.com,Columbus,Midwest,2025-06-28,Gold,Social
C023767,Taylor,Lee,taylor.lee23767@example.com,Phoenix,West,2023-06-21,,Referral
C024799,Jordan,Brooks,jordan.brooks24799@example.com,Phoenix,West,2021-06-29,,Social
C022186,Morgan,Smith,morgan.smith22186@example.com,Phoenix,West,2024-09-19,,Paid Search
C016275,Drew,Kim,drew.kim16275@example.com,Phoenix,West,2024-01-12,,Organic
C010655,Riley,Hughes,riley.hughes10655@example.com,Minneapolis,Midwest,2025-01-02,,Referral
C008058,Taylor,Smith,taylor.smith8058@example.com,Phoenix,West,2022-07-20,Silver,Organic
C003917,Alex,Martinez,alex.martinez3917@example.com,Minneapolis,Midwest,2021-06-30,,Organic
C003495,Quinn,Johnson,quinn.johnson3495@example.com,Denver,West,2023-02-16,,Retail Store
C017032,Drew,Rivera,drew.rivera17032@example.com,Dallas,South,2022-08-06,,Organic
C001902,Alex,Davis,alex.davis1902@example.com,Chicago,Midwest,2023-11-24,,Organic
C023980,Casey,Brooks,casey.brooks23980@example.com,Boston,Northeast,2023-02-16,Silver,Referral
C024491,Morgan,Rivera,morgan.rivera24491@example.com,Phoenix,West,2021-04-07,,Paid Search
C025729,Cameron,Patel,cameron.patel25729@example.com,Indianapolis,Midwest,2024-09-13,Silver,Retail Store
C020572,Taylor,Patel,taylor.patel20572@example.com,Providence,Northeast,2021-11-10,Silver,Organic
C027086,Taylor,Lee,taylor.lee27086@example.com,Columbus,Midwest,2023-06-26,,Retail Store
C001337,Parker,Johnson,parker.johnson1337@example.com,Philadelphia,Northeast,2024-01-21,,Social
C015136,Riley,Chen,riley.chen15136@example.com,Dallas,South,2023-08-21,Platinum,Social
C029658,Taylor,Smith,taylor.smith29658@example.com,Chicago,Midwest,2022-07-12,,Social
C025412,Sam,Johnson,sam.johnson25412@example.com,Columbus,Midwest,2023-01-27,Silver,Retail Store
C019773,Parker,Brooks,parker.brooks19773@example.com,Columbus,Midwest,2021-05-31,Gold,Social
C023458,Sam,Hughes,sam.hughes23458@example.com,Atlanta,South,2024-01-03,,Social
C001471,Drew,Kim,drew.kim1471@example.com,Pittsburgh,Northeast,2025-11-15,,Retail Store
C020862,Alex,Johnson,alex.johnson20862@example.com,Chicago,Midwest,2024-02-22,,Organic
C024464,Taylor,Hughes,taylor.hughes24464@example.com,Austin,South,2025-10-23,,Retail Store
C005465,Alex,Turner,alex.turner5465@example.com,Portland,West,2025-11-22,Gold,Organic
C002904,Parker,Lee,parker.lee2904@example.com,Los Angeles,West,2023-02-02,,Retail Store
C018512,Sam,Garcia,sam.garcia18512@example.com,Pittsburgh,Northeast,2023-07-02,Silver,Organic
C019315,Jordan,Smith,jordan.smith19315@example.com,Portland,West,2021-03-24,Gold,Retail Store
C003595,Parker,Johnson,parker.johnson3595@example.com,Denver,West,2022-05-30,Gold,Paid Search
C001643,Casey,Brooks,casey.brooks1643@example.com,Boston,Northeast,2021-03-02,Silver,Social
C026592,Morgan,Chen,morgan.chen26592@example.com,Minneapolis,Midwest,2023-08-18,Silver,Paid Search
C004901,Taylor,Hughes,taylor.hughes4901@example.com,Atlanta,South,2021-11-02,Silver,Paid Search
C023675,Jordan,Martinez,jordan.martinez23675@example.com,Denver,West,2024-02-09,,Retail Store
C027191,Riley,Davis,riley.davis27191@example.com,Chicago,Midwest,2024-10-18,Platinum,Referral
C005854,Emerson,Johnson,emerson.johnson5854@example.com,Philadelphia,Northeast,2022-09-25,,Paid Search
C016404,Avery,Rivera,avery.rivera16404@example.com,Los Angeles,West,2023-02-22,,Paid Search
C004547,Casey,Johnson,casey.johnson4547@example.com,Pittsburgh,Northeast,2023-07-12,,Social
C018910,Kai,Adams,kai.adams18910@example.com,Phoenix,West,2023-05-06,Silver,Organic
C029416,Casey,Brooks,casey.brooks29416@example.com,Charlotte,South,2024-08-11,,Organic
C012969,Quinn,Turner,quinn.turner12969@example.com,Atlanta,South,2023-08-18,,Social
C004221,Sam,Turner,sam.turner4221@example.com,Charlotte,South,2022-11-05,,Organic
C005036,Quinn,Smith,quinn.smith5036@example.com,Minneapolis,Midwest,2023-07-13,,Retail Store
C006174,Casey,Lee,casey.lee6174@example.com,New York,Northeast,2023-12-01,Silver,Paid Search
C012740,Cameron,Lee,cameron.lee12740@example.com,Minneapolis,Midwest,2024-09-20,Silver,Paid Search
C016835,Sam,Kim,sam.kim16835@example.com,Indianapolis,Midwest,2021-04-30,,Social
C006461,Quinn,Hughes,quinn.hughes6461@example.com,Pittsburgh,Northeast,2025-10-19,Silver,Organic
C002134,Cameron,Adams,cameron.adams2134@example.com,Los Angeles,West,2024-05-30,Silver,Organic
C005955,Riley,Davis,riley.davis5955@example.com,Philadelphia,Northeast,2025-06-22,Gold,Social
C011964,Casey,Kim,casey.kim11964@example.com,Philadelphia,Northeast,2023-01-12,Silver,Retail Store
C008148,Quinn,Lee,quinn.lee8148@example.com,New York,Northeast,2021-11-29,,Paid Search
C027726,Cameron,Smith,cameron.smith27726@example.com,Phoenix,West,2021-02-12,,Organic
C021334,Riley,Brooks,riley.brooks21334@example.com,Atlanta,South,2024-03-13,,Organic
C008201,Jordan,Rivera,jordan.rivera8201@example.com,Pittsburgh,Northeast,2022-08-05,Silver,Social
C012369,Sam,Garcia,sam.garcia12369@example.com,New York,Northeast,2022-12-09,Platinum,Organic
C001216,Sam,Davis,sam.davis1216@example.com,Dallas,South,2021-09-13,Gold,Organic
C015023,Cameron,Davis,cameron.davis15023@example.com,Dallas,South,2023-07-01,Silver,Retail Store
C008872,Riley,Turner,riley.turner8872@example.com,Denver,West,2023-05-07,,Referral
C022560,Kai,Rivera,kai.rivera22560@example.com,Providence,Northeast,2025-05-08,,Organic
C008031,Emerson,Smith,emerson.smith8031@example.com,Chicago,Midwest,2023-10-09,,Organic
C010557,Jordan,Chen,jordan.chen10557@example.com,Columbus,Midwest,2021-01-15,,Organic
C009568,Emerson,Hughes,emerson.hughes9568@example.com,Providence,Northeast,2024-06-10,,Referral
C015181,Emerson,Adams,emerson.adams15181@example.com,Pittsburgh,Northeast,2025-02-27,,Social
C025733,Jordan,Chen,jordan.chen25733@example.com,Chicago,Midwest,2025-02-17,,Social
C028866,Emerson,Chen,emerson.chen28866@example.com,Seattle,West,2022-06-20,,Organic
C025687,Drew,Rivera,drew.rivera25687@example.com,Austin,South,2024-03-30,Silver,Organic
C001716,Casey,Brooks,casey.brooks1716@example.com,Detroit,Midwest,2025-02-19,Platinum,Organic
C002486,Avery,Martinez,avery.martinez2486@example.com,Philadelphia,Northeast,2021-05-01,,Retail Store
C020732,Avery,Brooks,avery.brooks20732@example.com,New York,Northeast,2024-07-16,,Organic
C016686,Sam,Turner,sam.turner16686@example.com,Philadelphia,Northeast,2021-05-16,,Paid Search
C004521,Quinn,Chen,quinn.chen4521@example.com,Nashville,South,2021-11-12,Silver,Referral
C014813,Emerson,Turner,emerson.turner14813@example.com,Seattle,West,2022-06-25,Silver,Organic
C023355,Quinn,Kim,quinn.kim23355@example.com,Dallas,South,2021-07-23,Silver,Retail Store
C011263,Taylor,Rivera,taylor.rivera11263@example.com,Portland,West,2025-05-18,Silver,Retail Store
C022221,Taylor,Adams,taylor.adams22221@example.com,Philadelphia,Northeast,2021-04-18,Silver,Organic
C013034,Jordan,Garcia,jordan.garcia13034@example.com,Providence,Northeast,2022-10-22,,Organic
C027428,Cameron,Patel,cameron.patel27428@example.com,Phoenix,West,2022-07-08,Gold,Referral
C023745,Taylor,Johnson,taylor.johnson23745@example.com,Portland,West,2025-03-24,,Social
C010095,Emerson,Smith,emerson.smith10095@example.com,Phoenix,West,2022-06-13,Silver,Organic
C020131,Parker,Chen,parker.chen20131@example.com,Dallas,South,2024-08-26,Silver,Organic
C008197,Casey,Chen,casey.chen8197@example.com,Philadelphia,Northeast,2021-03-12,,Referral
C020848,Alex,Smith,alex.smith20848@example.com,Pittsburgh,Northeast,2021-04-14,Silver,Organic
C013856,Quinn,Kim,quinn.kim13856@example.com,Charlotte,South,2024-07-08,Silver,Social
C028266,Parker,Lee,parker.lee28266@example.com,Charlotte,South,2021-01-30,,Organic
C012575,Drew,Hughes,drew.hughes12575@example.com,Boston,Northeast,2022-04-03,,Paid Search
C008241,Quinn,Patel,quinn.patel8241@example.com,Austin,South,2021-03-13,,Paid Search
C004171,Casey,Patel,casey.patel4171@example.com,Indianapolis,Midwest,2021-05-29,,Organic
C011092,Jordan,Lee,jordan.lee11092@example.com,Indianapolis,Midwest,2021-11-12,,Paid Search
C002852,Casey,Patel,casey.patel2852@example.com,Columbus,Midwest,2025-11-17,Silver,Social
C001890,Taylor,Martinez,taylor.martinez1890@example.com,Seattle,West,2024-06-12,Platinum,Referral
C020085,Kai,Kim,kai.kim20085@example.com,Boston,Northeast,2022-02-12,Silver,Paid Search
C014262,Riley,Kim,riley.kim14262@example.com,Los Angeles,West,2022-03-28,,Referral
C014007,Drew,Lee,drew.lee14007@example.com,Seattle,West,2024-07-28,,Organic
C021017,Emerson,Rivera,emerson.rivera21017@example.com,Denver,West,2024-04-20,Silver,Social
C022861,Jordan,Kim,jordan.kim22861@example.com,New York,Northeast,2025-02-07,Gold,Social
C018099,Alex,Turner,alex.turner18099@example.com,Austin,South,2024-09-04,Silver,Social
C006152,Emerson,Chen,emerson.chen6152@example.com,New York,Northeast,2023-01-03,,Paid Search
C003442,Parker,Smith,parker.smith3442@example.com,Denver,West,2022-01-19,Silver,Retail Store
C017078,Emerson,Lee,emerson.lee17078@example.com,Boston,Northeast,2021-07-22,,Organic
C022113,Cameron,Smith,cameron.smith22113@example.com,Seattle,West,2021-05-22,Gold,Organic
C021744,Casey,Kim,casey.kim21744@example.com,Seattle,West,2021-05-26,,Paid Search
C024004,Parker,Chen,parker.chen24004@example.com,New York,Northeast,2021-02-25,Gold,Retail Store
C016937,Parker,Martinez,parker.martinez16937@example.com,New York,Northeast,2025-07-21,Gold,Organic
C002919,Emerson,Rivera,emerson.rivera2919@example.com,Providence,Northeast,2021-09-07,Gold,Paid Search
C004345,Sam,Davis,sam.davis4345@example.com,Boston,Northeast,2024-01-21,,Retail Store
C018127,Avery,Chen,avery.chen18127@example.com,Dallas,South,2025-07-13,Gold,Retail Store
C018994,Alex,Lee,alex.lee18994@example.com,Phoenix,West,2025-06-23,,Social
C000937,Riley,Kim,riley.kim937@example.com,Seattle,West,2021-12-07,Platinum,Organic
C018655,Quinn,Rivera,quinn.rivera18655@example.com,Indianapolis,Midwest,2022-12-20,Silver,Social
C029981,Kai,Adams,kai.adams29981@example.com,Dallas,South,2025-10-26,,Referral
C017049,Sam,Kim,sam.kim17049@example.com,Austin,South,2023-07-01,Silver,Organic
C010778,Quinn,Brooks,quinn.brooks10778@example.com,Indianapolis,Midwest,2023-09-24,Silver,Paid Search
C000753,Parker,Hughes,parker.hughes753@example.com,Los Angeles,West,2024-09-14,Gold,Paid Search
C003493,Kai,Chen,kai.chen3493@example.com,New York,Northeast,2022-12-29,,Paid Search
C014412,Jordan,Brooks,jordan.brooks14412@example.com,Denver,West,2022-01-26,,Organic
C013203,Morgan,Lee,morgan.lee13203@example.com,Pittsburgh,Northeast,2021-12-13,Platinum,Organic
C028157,Drew,Patel,drew.patel28157@example.com,Charlotte,South,2025-09-05,Gold,Paid Search
C016972,Jordan,Adams,jordan.adams16972@example.com,New York,Northeast,2023-08-27,Gold,Retail Store
C013798,Cameron,Hughes,cameron.hughes13798@example.com,Portland,West,2022-04-05,,Social
C026548,Sam,Turner,sam.turner26548@example.com,Denver,West,2022-05-18,Silver,Retail Store
C013521,Jordan,Martinez,jordan.martinez13521@example.com,Atlanta,South,2023-02-03,Silver,Organic
C014767,Emerson,Johnson,emerson.johnson14767@example.com,Denver,West,2023-08-10,,Organic
C023870,Alex,Lee,alex.lee23870@example.com,Portland,West,2024-03-28,Platinum,Organic
C024787,Morgan,Turner,morgan.turner24787@example.com,Charlotte,South,2021-04-18,Silver,Organic
C021513,Cameron,Lee,cameron.lee21513@example.com,Atlanta,South,2022-06-04,,Organic
C023615,Kai,Patel,kai.patel23615@example.com,Seattle,West,2025-06-28,Gold,Paid Search
C010444,Riley,Martinez,riley.martinez10444@example.com,Pittsburgh,Northeast,2023-09-09,,Retail Store
C008181,Morgan,Lee,morgan.lee8181@example.com,Nashville,South,2021-01-20,,Referral
C001148,Morgan,Lee,morgan.lee1148@example.com,Minneapolis,Midwest,2024-05-11,Silver,Referral
C020861,Casey,Smith,casey.smith20861@example.com,Dallas,South,2025-11-23,,Referral
C013292,Sam,Kim,sam.kim13292@example.com,Portland,West,2025-08-03,Platinum,Social
C006770,Drew,Davis,drew.davis6770@example.com,Minneapolis,Midwest,2022-08-01,,Paid Search
C013499,Sam,Davis,sam.davis13499@example.com,Indianapolis,Midwest,2021-03-11,,Social
C004752,Riley,Brooks,riley.brooks4752@example.com,Charlotte,South,2024-06-11,,Paid Search
C027944,Taylor,Brooks,taylor.brooks27944@example.com,Denver,West,2024-01-19,Gold,Referral
C023992,Riley,Smith,riley.smith23992@example.com,Providence,Northeast,2024-01-30,,Social
C006837,Quinn,Turner,quinn.turner6837@example.com,Indianapolis,Midwest,2022-10-04,,Paid Search
C017841,Parker,Turner,parker.turner17841@example.com,Seattle,West,2021-07-23,Silver,Organic
C019173,Emerson,Brooks,emerson.brooks19173@example.com,Portland,West,2023-07-28,,Paid Search
C025884,Kai,Chen,kai.chen25884@example.com,Seattle,West,2022-04-12,Silver,Organic
C028714,Morgan,Kim,morgan.kim28714@example.com,Seattle,west,2024-11-10,Silver,Social
C011817,Riley,Hughes,riley.hughes11817@example.com,Columbus,Midwest,2025-06-05,Gold,Retail Store
C020219,Riley,Johnson,riley.johnson20219@example.com,Detroit,Midwest,2024-08-28,Silver,Referral
C024201,Taylor,Turner,taylor.turner24201@example.com,Seattle,West,2025-11-21,Silver,Social
C026320,Parker,Garcia,parker.garcia26320@example.com,Pittsburgh,Northeast,2023-12-28,Silver,Paid Search
C008226,Jordan,Turner,jordan.turner8226@example.com,Charlotte,South,2024-09-16,Silver,Paid Search
C026922,Riley,Rivera,riley.rivera26922@example.com,Philadelphia,Northeast,2023-12-01,,Referral
C017905,Morgan,Turner,morgan.turner17905@example.com,Atlanta,South,2023-07-19,Silver,Organic
C024723,Riley,Patel,riley.patel24723@example.com,Denver,West,2023-05-23,Silver,Organic
C011678,Jordan,Davis,jordan.davis11678@example.com,Detroit,Midwest,2021-11-18,Silver,Social
C019385,Riley,Brooks,riley.brooks19385@example.com,Dallas,South,2022-05-12,Silver,Organic
C026068,Morgan,Rivera,morgan.rivera26068@example.com,Nashville,South,2021-01-17,Silver,Organic
C017285,Cameron,Patel,cameron.patel17285@example.com,Phoenix,West,2022-08-09,,Organic
C017554,Jordan,Turner,jordan.turner17554@example.com,Seattle,West,2021-06-05,Silver,Social
C018124,Jordan,Chen,jordan.chen18124@example.com,Charlotte,South,2023-07-19,Gold,Paid Search
C028686,Morgan,Patel,morgan.patel28686@example.com,Dallas,South,2023-02-27,,Social
C005395,Casey,Johnson,casey.johnson5395@example.com,Seattle,West,2025-09-07,Silver,Paid Search
C008863,Alex,Chen,alex.chen8863@example.com,Chicago,Midwest,2022-09-12,,Referral
C014960,Sam,Adams,sam.adams14960@example.com,Nashville,South,2022-03-06,,Organic
C014580,Cameron,Chen,cameron.chen14580@example.com,Boston,Northeast,2023-04-05,,Referral
C007686,Kai,Martinez,kai.martinez7686@example.com,Phoenix,West,2022-01-27,,Paid Search
C001046,Alex,Martinez,alex.martinez1046@example.com,Austin,South,2024-11-12,,Paid Search
C003309,Drew,Chen,drew.chen3309@example.com,Philadelphia,Northeast,2021-04-24,,Organic
C023110,Taylor,Lee,taylor.lee23110@example.com,Providence,Northeast,2022-10-09,Silver,Paid Search
C013688,Alex,Martinez,alex.martinez13688@example.com,Philadelphia,Northeast,2024-05-05,Silver,Organic
C022109,Sam,Adams,sam.adams22109@example.com,New York,Northeast,2022-03-02,Gold,Referral
C027185,Morgan,Smith,morgan.smith27185@example.com,Pittsburgh,Northeast,2022-02-19,Gold,Social
C021922,Emerson,Johnson,emerson.johnson21922@example.com,Philadelphia,Northeast,2022-03-21,Silver,Retail Store
C005611,Drew,Chen,drew.chen5611@example.com,Minneapolis,Midwest,2022-10-16,,Retail Store
C004844,Morgan,Adams,morgan.adams4844@example.com,Phoenix,West,2021-10-25,Silver,Referral
C021451,Alex,Adams,alex.adams21451@example.com,Los Angeles,West,2022-11-13,Gold,Organic
C003663,Jordan,Brooks,jordan.brooks3663@example.com,Charlotte,South,2023-03-28,Silver,Paid Search
C016357,Sam,Garcia,sam.garcia16357@example.com,Providence,Northeast,2023-05-14,,Retail Store
C011033,Casey,Johnson,casey.johnson11033@example.com,Columbus,Midwest,2025-10-12,Silver,Social
C001531,Drew,Turner,drew.turner1531@example.com,Pittsburgh,Northeast,2024-07-23,Silver,Referral
C016241,Emerson,Kim,emerson.kim16241@example.com,Portland,West,2025-03-05,Platinum,Organic
C003639,Emerson,Adams,emerson.adams3639@example.com,Philadelphia,Northeast,2025-03-13,Gold,Organic
C006001,Drew,Rivera,drew.rivera6001@example.com,Atlanta,South,2023-05-17,Silver,Paid Search
C024795,Cameron,Garcia,cameron.garcia24795@example.com,Minneapolis,Midwest,2024-03-14,Gold,Organic
C013678,Emerson,Brooks,emerson.brooks13678@example.com,Boston,Northeast,2023-03-20,Gold,Retail Store
C025756,Parker,Garcia,parker.garcia25756@example.com,Phoenix,West,2021-06-28,Silver,Retail Store
C004597,Jordan,Adams,jordan.adams4597@example.com,Nashville,South,2025-09-02,,Referral
C025969,Riley,Chen,riley.chen25969@example.com,Columbus,Midwest,2021-10-11,Silver,Retail Store
C003285,Taylor,Turner,taylor.turner3285@example.com,Atlanta,South,2025-04-16,Gold,Organic
C017434,Casey,Davis,casey.davis17434@example.com,Portland,West,2022-07-30,Silver,Paid Search
C022837,Quinn,Davis,quinn.davis22837@example.com,Nashville,South,2022-09-30,,Retail Store
C008207,Emerson,Johnson,emerson.johnson8207@example.com,New York,Northeast,2023-07-31,Gold,Organic
C028147,Kai,Lee,kai.lee28147@example.com,Phoenix,West,2025-09-17,Platinum,Social
C010813,Taylor,Martinez,taylor.martinez10813@example.com,Dallas,South,2023-09-21,Gold,Social
C022764,Cameron,Johnson,cameron.johnson22764@example.com,Philadelphia,Northeast,2024-11-19,,Retail Store
C006527,Parker,Chen,parker.chen6527@example.com,Atlanta,South,2021-11-13,,Social
C009565,Parker,Hughes,parker.hughes9565@example.com,Indianapolis,Midwest,2023-08-12,Silver,Retail Store
C028575,Riley,Hughes,riley.hughes28575@example.com,Detroit,Midwest,2024-10-08,,Retail Store
C011195,Casey,Turner,casey.turner11195@example.com,Seattle,West,2025-04-18,,Social
C005156,Avery,Adams,avery.adams5156@example.com,Denver,West,2023-08-08,Silver,Paid Search
C029271,Parker,Adams,parker.adams29271@example.com,Philadelphia,Northeast,2022-12-18,,Social
C008649,Alex,Martinez,alex.martinez8649@example.com,Nashville,South,2023-05-23,,Organic
C008959,Casey,Davis,casey.davis8959@example.com,Pittsburgh,Northeast,2021-08-17,Silver,Retail Store
C009939,Jordan,Brooks,jordan.brooks9939@example.com,Nashville,South,2024-10-22,Silver,Organic
C022242,Alex,Chen,alex.chen22242@example.com,Portland,West,2024-01-04,Silver,Retail Store
C006205,Taylor,Kim,taylor.kim6205@example.com,Seattle,West,2024-12-13,Platinum,Paid Search
C027715,Kai,Chen,kai.chen27715@example.com,Philadelphia,Northeast,2021-09-12,Gold,Organic
C011901,Morgan,Johnson,morgan.johnson11901@example.com,Atlanta,South,2023-05-08,,Paid Search
C006528,Taylor,Turner,taylor.turner6528@example.com,Indianapolis,Midwest,2025-06-13,Gold,Retail Store
C013903,Quinn,Kim,quinn.kim13903@example.com,Austin,South,2022-03-20,Silver,Retail Store
C008195,Drew,Hughes,drew.hughes8195@example.com,Providence,Northeast,2025-03-04,Platinum,Social
C013378,Taylor,Adams,taylor.adams13378@example.com,Atlanta,South,2021-03-04,,Paid Search
C026634,Jordan,Brooks,jordan.brooks26634@example.com,Charlotte,South,2023-12-04,Silver,Referral
C017009,Morgan,Kim,morgan.kim17009@example.com,Denver,West,2024-02-07,Silver,Organic
C008325,Drew,Chen,drew.chen8325@example.com,Austin,South,2024-06-20,,Organic
C013488,Taylor,Martinez,taylor.martinez13488@example.com,Dallas,South,2025-11-17,,Paid Search
C003726,Avery,Rivera,avery.rivera3726@example.com,Denver,West,2023-07-15,Silver,Paid Search
C021248,Drew,Kim,drew.kim21248@example.com,Austin,South,2025-09-09,Silver,Retail Store
C011846,Cameron,Lee,cameron.lee11846@example.com,Pittsburgh,Northeast,2024-12-24,Silver,Retail Store
C014041,Kai,Lee,kai.lee14041@example.com,Boston,Northeast,2024-02-01,,Organic
C005816,Jordan,Garcia,jordan.garcia5816@example.com,Philadelphia,Northeast,2025-06-18,,Organic
C002727,Casey,Lee,casey.lee2727@example.com,Dallas,South,2025-07-04,,Organic
C015166,Taylor,Patel,taylor.patel15166@example.com,Atlanta,South,2021-03-21,Silver,Paid Search
C020162,Kai,Chen,kai.chen20162@example.com,Los Angeles,West,2021-03-03,Silver,Paid Search
C010954,Jordan,Lee,jordan.lee10954@example.com,Indianapolis,Midwest,2025-11-23,,Retail Store
C011265,Avery,Martinez,avery.martinez11265@example.com,Phoenix,West,2021-02-16,,Paid Search
C029906,Sam,Martinez,sam.martinez29906@example.com,Denver,West,2025-01-10,,Organic
C001948,Cameron,Turner,cameron.turner1948@example.com,Atlanta,South,2024-08-04,,Paid Search
C025418,Riley,Brooks,riley.brooks25418@example.com,Nashville,South,2021-09-02,,Paid Search
C000533,Quinn,Chen,quinn.chen533@example.com,Columbus,Midwest,2021-09-04,Silver,Social
C023672,Casey,Martinez,casey.martinez23672@example.com,Providence,Northeast,2022-07-17,,Retail Store
C018338,Jordan,Adams,jordan.adams18338@example.com,Columbus,Midwest,2021-06-28,,Paid Search
C026010,Morgan,Rivera,morgan.rivera26010@example.com,Denver,West,2025-06-02,Silver,Organic
C018055,Emerson,Turner,emerson.turner18055@example.com,Portland,West,2022-06-26,,Paid Search
C022831,Sam,Lee,sam.lee22831@example.com,Indianapolis,Midwest,2023-06-16,Gold,Referral
C001613,Quinn,Brooks,quinn.brooks1613@example.com,Chicago,Midwest,2021-06-02,Silver,Paid Search
C017017,Riley,Adams,riley.adams17017@example.com,Seattle,West,2022-11-19,Silver,Retail Store
C004646,Taylor,Hughes,taylor.hughes4646@example.com,Phoenix,West,2025-01-08,Silver,Referral
C023405,Cameron,Lee,cameron.lee23405@example.com,Columbus,Midwest,2024-09-28,Silver,Organic
C022329,Riley,Kim,riley.kim22329@example.com,Seattle,West,2021-11-29,,Retail Store
C012676,Taylor,Garcia,taylor.garcia12676@example.com,Columbus,Midwest,2021-03-04,Silver,Social
C004772,Casey,Garcia,casey.garcia4772@example.com,Nashville,South,2023-12-13,Silver,Social
C001960,Kai,Lee,kai.lee1960@example.com,New York,Northeast,2022-09-17,,Social
C024318,Drew,Kim,drew.kim24318@example.com,Denver,West,2025-05-14,,Organic
C005333,Riley,Chen,riley.chen5333@example.com,Denver,West,2023-01-07,,Retail Store
C013562,Emerson,Rivera,emerson.rivera13562@example.com,Philadelphia,Northeast,2024-01-07,Silver,Retail Store
C018906,Jordan,Kim,jordan.kim18906@example.com,Nashville,South,2023-12-21,Gold,Organic
C018171,Quinn,Brooks,quinn.brooks18171@example.com,Columbus,Midwest,2021-07-17,,Organic
C006335,Alex,Chen,alex.chen6335@example.com,Portland,West,2024-04-07,Gold,Retail Store
C010014,Morgan,Rivera,morgan.rivera10014@example.com,Los Angeles,West,2021-06-27,,Paid Search
C006004,Kai,Johnson,kai.johnson6004@example.com,Atlanta,South,2025-08-26,,Paid Search
C028116,Cameron,Johnson,cameron.johnson28116@example.com,Charlotte,South,2022-05-26,,Social
C016907,Drew,Davis,drew.davis16907@example.com,Nashville,South,2021-12-11,Gold,Organic
C017867,Drew,Hughes,drew.hughes17867@example.com,Chicago,Midwest,2024-09-30,Silver,Paid Search
C024475,Drew,Smith,drew.smith24475@example.com,Austin,South,2022-12-09,Silver,Social
C019842,Jordan,Adams,jordan.adams19842@example.com,Detroit,Midwest,2023-12-03,,Organic
C021766,Parker,Lee,parker.lee21766@example.com,New York,Northeast,2025-11-12,,Organic
C006483,Parker,Lee,parker.lee6483@example.com,Columbus,Midwest,2024-05-07,,Retail Store
C007595,Avery,Turner,avery.turner7595@example.com,Atlanta,South,2024-05-14,Silver,Organic
C027996,Jordan,Rivera,jordan.rivera27996@example.com,Nashville,South,2022-04-03,Silver,Paid Search
C001114,Morgan,Hughes,morgan.hughes1114@example.com,Dallas,South,2023-08-14,Gold,Organic
C000036,Riley,Smith,riley.smith36@example.com,Detroit,Midwest,2021-07-18,,Social
C001731,Kai,Garcia,kai.garcia1731@example.com,Nashville,South,2023-12-10,,Organic
C026608,Cameron,Lee,cameron.lee26608@example.com,Austin,South,2024-02-16,,Paid Search
C025154,Sam,Martinez,sam.martinez25154@example.com,Seattle,West,2024-02-21,,Retail Store
C007546,Jordan,Davis,jordan.davis7546@example.com,Phoenix,west,2025-07-28,,Paid Search
C022161,Sam,Garcia,sam.garcia22161@example.com,Philadelphia,Northeast,2024-04-27,Silver,Organic
C001472,Avery,Davis,avery.davis1472@example.com,Pittsburgh,Northeast,2023-03-07,Platinum,Social
C020770,Morgan,Martinez,morgan.martinez20770@example.com,Portland,West,2024-09-22,Platinum,Paid Search
C019637,Kai,Patel,kai.patel19637@example.com,Charlotte,South,2021-01-24,Gold,Referral
C027364,Sam,Rivera,sam.rivera27364@example.com,Minneapolis,Midwest,2022-10-05,Silver,Social
C013345,Kai,Rivera,kai.rivera13345@example.com,Dallas,South,2022-02-22,Silver,Paid Search
C003449,Parker,Lee,parker.lee3449@example.com,Charlotte,South,2022-02-07,Platinum,Social
C007580,Avery,Johnson,avery.johnson7580@example.com,Denver,West,2025-05-21,,Referral
C022592,Cameron,Rivera,cameron.rivera22592@example.com,Providence,Northeast,2024-04-20,,Referral
C029021,Cameron,Kim,cameron.kim29021@example.com,Seattle,West,2023-04-02,Gold,Organic
C001423,Drew,Hughes,drew.hughes1423@example.com,Dallas,South,2024-06-14,,Retail Store
C013890,Sam,Smith,sam.smith13890@example.com,Columbus,Midwest,2025-05-31,,Social
C017991,Alex,Brooks,alex.brooks17991@example.com,Portland,West,2025-07-12,,Organic
C017814,Morgan,Rivera,morgan.rivera17814@example.com,Portland,West,2025-10-03,,Social
C002056,Casey,Smith,casey.smith2056@example.com,Charlotte,South,2021-11-05,,Paid Search
C014128,Avery,Adams,avery.adams14128@example.com,Columbus,Midwest,2023-12-11,Silver,Referral
C016294,Parker,Davis,parker.davis16294@example.com,Atlanta,South,2021-03-06,Gold,Paid Search
C024829,Alex,Johnson,alex.johnson24829@example.com,Austin,South,2023-01-20,Silver,Paid Search
C023664,Sam,Davis,sam.davis23664@example.com,Indianapolis,Midwest,2021-01-26,,Paid Search
C006745,Riley,Turner,riley.turner6745@example.com,Dallas,South,2024-07-12,,Organic
C010970,Parker,Kim,parker.kim10970@example.com,Philadelphia,Northeast,2022-08-19,Gold,Organic
C018190,Kai,Kim,kai.kim18190@example.com,Columbus,Midwest,2025-06-21,,Social
C007977,Cameron,Davis,cameron.davis7977@example.com,Philadelphia,Northeast,2024-12-16,Gold,Social
C027110,Casey,Martinez,casey.martinez27110@example.com,Detroit,Midwest,2024-06-16,,Social
C014835,Drew,Johnson,drew.johnson14835@example.com,New York,Northeast,2021-01-05,Silver,Organic
C014951,Riley,Smith,riley.smith14951@example.com,Indianapolis,Midwest,2021-07-11,,Social
C001636,Quinn,Patel,quinn.patel1636@example.com,Pittsburgh,Northeast,2024-11-10,Gold,Retail Store
C010691,Kai,Rivera,kai.rivera10691@example.com,Atlanta,South,2023-06-09,,Paid Search
C026465,Jordan,Rivera,jordan.rivera26465@example.com,Portland,West,2023-05-26,,Social
C024327,Kai,Rivera,kai.rivera24327@example.com,Austin,South,2023-03-13,,Retail Store
C012234,Morgan,Davis,morgan.davis12234@example.com,Denver,West,2021-11-11,Silver,Organic
C012650,Parker,Davis,parker.davis12650@example.com,Phoenix,West,2023-05-08,,Paid Search
C027205,Avery,Rivera,avery.rivera27205@example.com,Los Angeles,West,2021-04-17,,Retail Store
C025493,Cameron,Turner,cameron.turner25493@example.com,Los Angeles,West,2022-01-16,,Social
C017453,Avery,Garcia,avery.garcia17453@example.com,Nashville,South,2021-01-24,Gold,Paid Search
C027635,Jordan,Lee,jordan.lee27635@example.com,Los Angeles,West,2025-08-25,Platinum,Organic
C024219,Drew,Adams,drew.adams24219@example.com,Phoenix,West,2024-10-10,,Organic
C022655,Alex,Hughes,alex.hughes22655@example.com,Detroit,Midwest,2024-10-19,Silver,Retail Store
C027182,Casey,Davis,casey.davis27182@example.com,Indianapolis,Midwest,2025-05-05,,Paid Search
C000383,Parker,Chen,parker.chen383@example.com,Pittsburgh,Northeast,2021-10-31,,Organic
C003170,Alex,Chen,alex.chen3170@example.com,Seattle,West,2025-07-11,Gold,Retail Store
C004169,Riley,Kim,riley.kim4169@example.com,New York,Northeast,2023-11-01,Platinum,Organic
C020006,Riley,Martinez,riley.martinez20006@example.com,Columbus,Midwest,2021-08-21,Platinum,Organic
C023710,Jordan,Patel,jordan.patel23710@example.com,Providence,Northeast,2024-07-10,,Paid Search
C027864,Cameron,Chen,cameron.chen27864@example.com,Denver,West,2022-12-07,,Paid Search
C013819,Quinn,Johnson,quinn.johnson13819@example.com,Chicago,Midwest,2023-01-23,Silver,Retail Store
C016008,Drew,Martinez,drew.martinez16008@example.com,New York,Northeast,2023-05-27,Silver,Retail Store
C019848,Kai,Turner,kai.turner19848@example.com,Austin,South,2025-11-16,Silver,Retail Store
C012458,Alex,Garcia,alex.garcia12458@example.com,Providence,Northeast,2025-11-14,Silver,Paid Search
C028785,Alex,Hughes,alex.hughes28785@example.com,Providence,Northeast,2022-02-01,,Organic
C020905,Morgan,Turner,morgan.turner20905@example.com,Columbus,Midwest,2023-06-12,Silver,Organic
C008779,Taylor,Chen,taylor.chen8779@example.com,Portland,West,2021-07-17,Silver,Paid Search
C018131,Kai,Adams,kai.adams18131@example.com,Nashville,South,2024-05-18,Silver,Organic
C028510,Cameron,Johnson,cameron.johnson28510@example.com,New York,Northeast,2022-04-24,Silver,Referral
C007304,Alex,Johnson,alex.johnson7304@example.com,Austin,South,2025-10-29,Silver,Organic
C019275,Avery,Johnson,avery.johnson19275@example.com,Portland,West,2025-05-20,,Paid Search
C028518,Morgan,Martinez,morgan.martinez28518@example.com,Providence,Northeast,2024-03-11,,Social
C026543,Parker,Johnson,parker.johnson26543@example.com,Nashville,South,2021-09-19,Platinum,Paid Search
C002010,Drew,Brooks,drew.brooks2010@example.com,Atlanta,South,2024-03-31,Platinum,Organic
C028852,Morgan,Adams,morgan.adams28852@example.com,Seattle,West,2023-10-19,Silver,Social
C018633,Morgan,Lee,morgan.lee18633@example.com,Seattle,West,2024-01-17,,Organic
C011772,Alex,Chen,alex.chen11772@example.com,Philadelphia,Northeast,2022-05-02,Gold,Paid Search
C019932,Quinn,Kim,quinn.kim19932@example.com,Columbus,Midwest,2022-12-14,Gold,Paid Search
C015774,Riley,Patel,riley.patel15774@example.com,Boston,Northeast,2021-10-19,,Organic
C026298,Drew,Davis,drew.davis26298@example.com,Boston,Northeast,2022-01-03,,Paid Search
C013742,Drew,Rivera,drew.rivera13742@example.com,Austin,South,2025-02-19,,Retail Store
C012838,Emerson,Garcia,emerson.garcia12838@example.com,Charlotte,South,2024-03-03,Gold,Organic
C020478,Kai,Davis,kai.davis20478@example.com,Denver,West,2023-06-18,,Paid Search
C010631,Quinn,Lee,quinn.lee10631@example.com,Boston,Northeast,2022-02-28,Silver,Organic
C021144,Sam,Rivera,sam.rivera21144@example.com,Portland,West,2021-11-15,,Paid Search
C009566,Casey,Adams,casey.adams9566@example.com,Detroit,Midwest,2025-07-16,,Organic
C001347,Emerson,Adams,emerson.adams1347@example.com,Charlotte,South,2022-09-11,Silver,Paid Search
C018336,Emerson,Hughes,emerson.hughes18336@example.com,Portland,West,2021-03-29,,Paid Search
C028115,Taylor,Davis,taylor.davis28115@example.com,Nashville,South,2021-01-04,Silver,Social
C008399,Quinn,Patel,quinn.patel8399@example.com,Indianapolis,Midwest,2025-06-09,,Organic
C000719,Emerson,Garcia,emerson.garcia719@example.com,Boston,Northeast,2023-04-18,,Organic
C001772,Casey,Smith,casey.smith1772@example.com,Columbus,Midwest,2021-03-21,Gold,Social
C024815,Quinn,Martinez,quinn.martinez24815@example.com,Pittsburgh,Northeast,2022-09-05,Silver,Organic
C022519,Morgan,Martinez,morgan.martinez22519@example.com,Phoenix,West,2025-03-27,Silver,Organic
C002405,Kai,Garcia,kai.garcia2405@example.com,Los Angeles,West,2022-07-13,,Paid Search
C024310,Riley,Chen,riley.chen24310@example.com,Philadelphia,Northeast,2023-05-17,,Retail Store
C027934,Parker,Rivera,parker.rivera27934@example.com,Providence,Northeast,2025-10-21,Gold,Referral
C025639,Cameron,Patel,cameron.patel25639@example.com,Denver,West,2022-10-24,,Organic
C010601,Taylor,Brooks,taylor.brooks10601@example.com,Atlanta,South,2024-08-13,Silver,Referral
C011506,Drew,Turner,drew.turner11506@example.com,Detroit,Midwest,2021-10-24,,Social
C003875,Kai,Turner,kai.turner3875@example.com,Atlanta,South,2025-02-04,Gold,Retail Store
C019862,Riley,Rivera,riley.rivera19862@example.com,Columbus,Midwest,2021-04-09,Silver,Organic
C002596,Cameron,Rivera,cameron.rivera2596@example.com,Los Angeles,West,2025-03-28,,Paid Search
C002005,Casey,Rivera,casey.rivera2005@example.com,Indianapolis,Midwest,2024-05-03,Silver,Retail Store
C003636,Riley,Hughes,riley.hughes3636@example.com,Portland,West,2025-07-27,Gold,Referral
C015988,Jordan,Turner,jordan.turner15988@example.com,Charlotte,South,2022-08-17,Silver,Referral
C025572,Taylor,Kim,taylor.kim25572@example.com,Boston,Northeast,2021-04-05,,Social
C007526,Sam,Adams,sam.adams7526@example.com,Philadelphia,Northeast,2021-08-27,Silver,Retail Store
C022088,Sam,Adams,sam.adams22088@example.com,Philadelphia,Northeast,2023-09-17,Silver,Retail Store
C007446,Casey,Turner,casey.turner7446@example.com,Columbus,Midwest,2021-11-13,Silver,Referral
C002409,Sam,Lee,sam.lee2409@example.com,Providence,Northeast,2021-06-25,,Retail Store
C015559,Taylor,Brooks,taylor.brooks15559@example.com,Columbus,Midwest,2022-09-30,Silver,Organic
C002143,Riley,Chen,riley.chen2143@example.com,Nashville,South,2024-02-14,,Retail Store
C022363,Riley,Turner,riley.turner22363@example.com,,Northeast,2023-09-25,Silver,Paid Search
C025297,Kai,Turner,kai.turner25297@example.com,Nashville,South,2024-12-20,,Social
C022993,Emerson,Adams,emerson.adams22993@example.com,Detroit,Midwest,2023-04-12,,Organic
C029841,Quinn,Turner,quinn.turner29841@example.com,Charlotte,South,2022-02-26,Silver,Social
C008179,Taylor,Johnson,taylor.johnson8179@example.com,Pittsburgh,Northeast,2023-06-24,Gold,Referral
C014024,Quinn,Hughes,quinn.hughes14024@example.com,Charlotte,South,2024-01-13,Silver,Retail Store
C025470,Kai,Rivera,kai.rivera25470@example.com,Columbus,Midwest,2025-08-02,Silver,Paid Search
C024513,Drew,Garcia,drew.garcia24513@example.com,Phoenix,West,2022-04-24,Silver,Social
C011225,Drew,Martinez,drew.martinez11225@example.com,Minneapolis,Midwest,2024-03-29,,Organic
C009215,Parker,Patel,parker.patel9215@example.com,New York,Northeast,2024-06-04,Silver,Paid Search
C021237,Parker,Martinez,parker.martinez21237@example.com,Denver,West,2022-12-27,,Referral
C021456,Avery,Johnson,avery.johnson21456@example.com,Indianapolis,Midwest,2025-06-09,Gold,Social
C028794,Morgan,Johnson,morgan.johnson28794@example.com,Phoenix,West,2022-07-14,Platinum,Retail Store
C008477,Jordan,Turner,jordan.turner8477@example.com,Chicago,Midwest,2023-01-15,,Paid Search
C004990,Emerson,Patel,emerson.patel4990@example.com,Charlotte,South,2022-02-26,,Organic
C010883,Avery,Brooks,avery.brooks10883@example.com,Columbus,Midwest,2022-04-11,,Paid Search
C005462,Quinn,Adams,quinn.adams5462@example.com,Pittsburgh,Northeast,2021-09-17,Platinum,Paid Search
C006393,Casey,Hughes,casey.hughes6393@example.com,Charlotte,South,2023-08-10,,Retail Store
C012877,Drew,Hughes,drew.hughes12877@example.com,Charlotte,South,2023-03-05,Silver,Paid Search
C017245,Avery,Kim,avery.kim17245@example.com,Dallas,South,2023-03-09,,Social
C002948,Morgan,Patel,morgan.patel2948@example.com,Philadelphia,Northeast,2024-11-29,,Paid Search
C013985,Emerson,Garcia,emerson.garcia13985@example.com,Atlanta,South,2023-03-11,Gold,Retail Store
C013260,Jordan,Patel,jordan.patel13260@example.com,Minneapolis,Midwest,2021-12-13,,Referral
C016176,Parker,Smith,parker.smith16176@example.com,Portland,West,2024-06-22,,Paid Search
C006704,Quinn,Martinez,quinn.martinez6704@example.com,Austin,South,2022-08-17,,Paid Search
C018789,Morgan,Brooks,morgan.brooks18789@example.com,Dallas,South,2023-10-03,Silver,Organic
C007579,Casey,Martinez,casey.martinez7579@example.com,Providence,Northeast,2021-02-28,,Referral
C009397,Avery,Hughes,avery.hughes9397@example.com,Charlotte,South,2023-12-28,Silver,Referral
C010320,Morgan,Chen,morgan.chen10320@example.com,Detroit,Midwest,2022-06-05,Gold,Retail Store
C023512,Alex,Hughes,alex.hughes23512@example.com,Seattle,West,2023-06-05,,Referral
C028690,Jordan,Hughes,jordan.hughes28690@example.com,Charlotte,South,2023-02-09,,Paid Search
C016234,Drew,Martinez,drew.martinez16234@example.com,Seattle,West,2023-05-23,,Retail Store
C023924,Quinn,Turner,quinn.turner23924@example.com,Austin,South,2021-02-01,Silver,Social
C012283,Riley,Chen,riley.chen12283@example.com,Denver,West,2025-06-30,Gold,Social
C010183,Emerson,Lee,emerson.lee10183@example.com,Atlanta,South,2022-06-22,Silver,Paid Search
C027212,Morgan,Johnson,morgan.johnson27212@example.com,Seattle,West,2023-11-11,Silver,Organic
C011528,Cameron,Brooks,cameron.brooks11528@example.com,Pittsburgh,Northeast,2025-09-13,Gold,Retail Store
C004502,Jordan,Smith,jordan.smith4502@example.com,,South,2025-10-14,Silver,Paid Search
C019081,Morgan,Kim,morgan.kim19081@example.com,Los Angeles,West,2021-10-10,,Referral
C023425,Emerson,Brooks,emerson.brooks23425@example.com,New York,Northeast,2024-09-22,Gold,Retail Store
C017231,Taylor,Garcia,taylor.garcia17231@example.com,New York,Northeast,2024-02-08,,Retail Store
C024565,Riley,Lee,riley.lee24565@example.com,Providence,Northeast,2025-09-01,,Paid Search
C002753,Emerson,Brooks,emerson.brooks2753@example.com,Columbus,Midwest,2025-04-02,Silver,Paid Search
C024767,Emerson,Kim,emerson.kim24767@example.com,Austin,South,2025-07-16,Gold,Referral
C024667,Sam,Davis,sam.davis24667@example.com,Seattle,West,2023-08-01,,Paid Search
C007279,Parker,Martinez,parker.martinez7279@example.com,Chicago,Midwest,2023-04-04,,Retail Store
C017804,Parker,Patel,parker.patel17804@example.com,Portland,West,2024-11-01,,Paid Search
C004161,Quinn,Lee,quinn.lee4161@example.com,Minneapolis,Midwest,2025-09-15,,Retail Store
C001667,Avery,Rivera,avery.rivera1667@example.com,Pittsburgh,Northeast,2023-03-19,,Social
C006254,Kai,Davis,kai.davis6254@example.com,Minneapolis,Midwest,2024-10-21,Silver,Organic
C003471,Taylor,Turner,taylor.turner3471@example.com,Seattle,West,2022-06-16,,Organic
C008427,Cameron,Kim,cameron.kim8427@example.com,Denver,West,2023-05-25,,Paid Search
C021939,Jordan,Brooks,jordan.brooks21939@example.com,Atlanta,South,2021-10-31,Silver,Organic
C011322,Jordan,Brooks,jordan.brooks11322@example.com,Austin,South,2024-12-17,,Organic
C022311,Casey,Hughes,casey.hughes22311@example.com,Portland,West,2025-05-28,Silver,Organic
C004814,Riley,Johnson,riley.johnson4814@example.com,Charlotte,South,2023-01-22,Silver,Organic
C003271,Morgan,Brooks,morgan.brooks3271@example.com,New York,Northeast,2024-02-05,,Organic
C026398,Quinn,Smith,quinn.smith26398@example.com,Indianapolis,Midwest,2024-03-30,,Paid Search
C018549,Sam,Rivera,sam.rivera18549@example.com,Columbus,Midwest,2021-09-10,Gold,Organic
C018613,Riley,Adams,riley.adams18613@example.com,Los Angeles,West,2022-10-01,Gold,Retail Store
C000994,Jordan,Turner,jordan.turner994@example.com,Chicago,Midwest,2022-01-19,Silver,Organic
C004342,Emerson,Adams,emerson.adams4342@example.com,Nashville,South,2022-04-12,,Organic
C027256,Emerson,Davis,emerson.davis27256@example.com,Pittsburgh,Northeast,2025-09-01,,Organic
C005043,Alex,Chen,alex.chen5043@example.com,Austin,South,2025-08-13,,Referral
C012651,Quinn,Johnson,quinn.johnson12651@example.com,Denver,West,2023-11-27,,Referral
C020522,Morgan,Chen,morgan.chen20522@example.com,Austin,South,2025-10-12,Silver,Organic
C011616,Morgan,Martinez,morgan.martinez11616@example.com,Detroit,Midwest,2023-04-15,,Paid Search
C026210,Kai,Patel,kai.patel26210@example.com,Columbus,Midwest,2023-03-12,,Retail Store
C012759,Taylor,Lee,taylor.lee12759@example.com,Dallas,South,2025-07-06,Gold,Social
C006700,Quinn,Turner,quinn.turner6700@example.com,Boston,Northeast,2023-05-29,Gold,Referral
C014965,Parker,Hughes,parker.hughes14965@example.com,Portland,West,2024-02-17,,Social
C016852,Taylor,Smith,taylor.smith16852@example.com,Chicago,Midwest,2022-08-10,Silver,Organic
C028578,Alex,Hughes,alex.hughes28578@example.com,Boston,Northeast,2023-09-05,,Referral
C020240,Quinn,Martinez,quinn.martinez20240@example.com,Pittsburgh,Northeast,2023-08-31,,Organic
C013986,Cameron,Chen,cameron.chen13986@example.com,Providence,Northeast,2025-07-08,Gold,Referral
C024798,Avery,Lee,avery.lee24798@example.com,Charlotte,South,2024-09-19,Silver,Retail Store
C017830,Quinn,Smith,quinn.smith17830@example.com,Minneapolis,Midwest,2021-10-22,,Organic
C018591,Cameron,Adams,cameron.adams18591@example.com,Seattle,West,2025-01-06,Silver,Paid Search
C000803,Jordan,Turner,jordan.turner803@example.com,Columbus,Midwest,2023-05-18,Silver,Social
C014718,Jordan,Garcia,jordan.garcia14718@example.com,Dallas,South,2023-07-15,Silver,Paid Search
C028194,Taylor,Smith,taylor.smith28194@example.com,Denver,West,2021-12-05,,Organic
C013815,Alex,Davis,alex.davis13815@example.com,Austin,South,2021-03-01,Silver,Social
C007673,Drew,Garcia,drew.garcia7673@example.com,Indianapolis,Midwest,2023-05-07,,Referral
C018834,Casey,Davis,casey.davis18834@example.com,Denver,West,2023-10-13,,Paid Search
C010088,Kai,Johnson,kai.johnson10088@example.com,Denver,West,2022-11-26,,Referral
C019549,Quinn,Johnson,quinn.johnson19549@example.com,Seattle,West,2024-12-16,,Social
C005184,Sam,Adams,sam.adams5184@example.com,Columbus,Midwest,2022-01-31,,Paid Search
C012203,Riley,Hughes,riley.hughes12203@example.com,Providence,Northeast,2024-07-25,Gold,Social
C010276,Cameron,Turner,cameron.turner10276@example.com,New York,Northeast,2025-09-23,Silver,Organic
C020256,Avery,Adams,avery.adams20256@example.com,Austin,South,2025-07-09,Silver,Social
C018529,Riley,Martinez,riley.martinez18529@example.com,Providence,Northeast,2023-10-29,Silver,Retail Store
C014352,Sam,Johnson,sam.johnson14352@example.com,Seattle,West,2022-02-02,Silver,Social
C014060,Emerson,Patel,emerson.patel14060@example.com,Detroit,Midwest,2024-08-22,Gold,Referral
C004795,Parker,Rivera,parker.rivera4795@example.com,Nashville,South,2021-11-10,Gold,Referral
C008471,Casey,Smith,casey.smith8471@example.com,Chicago,Midwest,2022-06-02,,Social
C007732,Emerson,Chen,emerson.chen7732@example.com,Austin,South,2024-06-21,,Paid Search
C006506,Jordan,Garcia,jordan.garcia6506@example.com,Phoenix,West,2023-12-25,,Social
C024909,Casey,Kim,casey.kim24909@example.com,Columbus,Midwest,2021-10-01,,Organic
C008517,Riley,Patel,riley.patel8517@example.com,Phoenix,West,2021-07-24,Silver,Paid Search
C000737,Kai,Lee,kai.lee737@example.com,Los Angeles,West,2025-08-06,Gold,Referral
C006621,Alex,Chen,alex.chen6621@example.com,Columbus,Midwest,2021-04-30,Silver,Organic
C019048,Cameron,Kim,cameron.kim19048@example.com,Denver,West,2025-10-04,Silver,Organic
C017432,Emerson,Kim,emerson.kim17432@example.com,Los Angeles,West,2021-06-11,,Referral
C004743,Emerson,Turner,emerson.turner4743@example.com,Seattle,West,2021-02-20,Platinum,Paid Search
C000284,Emerson,Garcia,emerson.garcia284@example.com,New York,Northeast,2025-10-25,,Social
C019760,Quinn,Davis,quinn.davis19760@example.com,Charlotte,South,2021-05-17,,Retail Store
C021227,Casey,Lee,casey.lee21227@example.com,Pittsburgh,Northeast,2025-02-25,,Social
C025176,Alex,Patel,alex.patel25176@example.com,Nashville,South,2024-05-08,Silver,Paid Search
C013843,Kai,Hughes,kai.hughes13843@example.com,Providence,Northeast,2023-10-22,Platinum,Social
C002251,Riley,Adams,riley.adams2251@example.com,Nashville,South,2022-09-03,Platinum,Paid Search
C002260,Drew,Garcia,drew.garcia2260@example.com,Philadelphia,Northeast,2025-04-27,,Retail Store
C003452,Avery,Martinez,avery.martinez3452@example.com,Philadelphia,Northeast,2025-07-29,,Referral
C005349,Casey,Chen,casey.chen5349@example.com,Minneapolis,Midwest,2023-05-27,,Social
C021087,Sam,Garcia,sam.garcia21087@example.com,Austin,South,2025-04-19,,Retail Store
C006025,Cameron,Hughes,cameron.hughes6025@example.com,Providence,Northeast,2025-04-22,Silver,Social
C009774,Parker,Hughes,parker.hughes9774@example.com,Philadelphia,Northeast,2024-04-07,Platinum,Organic
C008239,Kai,Lee,kai.lee8239@example.com,Boston,Northeast,2021-09-17,,Paid Search
C028419,Jordan,Martinez,jordan.martinez28419@example.com,Atlanta,South,2024-05-07,,Social
C015326,Kai,Kim,kai.kim15326@example.com,Los Angeles,West,2025-08-26,Gold,Retail Store
C011548,Riley,Johnson,riley.johnson11548@example.com,Columbus,Midwest,2021-09-12,Silver,Organic
C023099,Quinn,Chen,quinn.chen23099@example.com,Detroit,Midwest,2023-03-16,,Paid Search
C009962,Casey,Brooks,casey.brooks9962@example.com,Indianapolis,Midwest,2023-04-20,Gold,Paid Search
C010945,Sam,Rivera,sam.rivera10945@example.com,Seattle,West,2024-08-26,,Social
C025978,Parker,Hughes,parker.hughes25978@example.com,Providence,Northeast,2022-05-28,,Paid Search
C005019,Avery,Lee,avery.lee5019@example.com,New York,Northeast,2023-07-05,,Paid Search
C007537,Kai,Patel,kai.patel7537@example.com,Detroit,Midwest,2021-08-05,Gold,Social
C004818,Taylor,Kim,taylor.kim4818@example.com,Denver,West,2025-01-10,,Paid Search
C007354,Parker,Davis,parker.davis7354@example.com,Pittsburgh,Northeast,2025-08-28,Silver,Retail Store
C007203,Cameron,Patel,cameron.patel7203@example.com,Indianapolis,Midwest,2023-07-18,Gold,Referral
C010382,Avery,Patel,avery.patel10382@example.com,Denver,West,2023-01-22,Silver,Retail Store
C003703,Sam,Rivera,sam.rivera3703@example.com,Atlanta,South,2022-03-10,,Retail Store
C026755,Cameron,Kim,cameron.kim26755@example.com,Phoenix,West,2025-04-13,Gold,Retail Store
C018372,Alex,Davis,alex.davis18372@example.com,Detroit,Midwest,2023-04-17,,Retail Store
C008484,Cameron,Smith,cameron.smith8484@example.com,Charlotte,South,2025-01-19,,Paid Search
C009290,Morgan,Kim,morgan.kim9290@example.com,Minneapolis,Midwest,2022-05-26,Silver,Paid Search
C015417,Kai,Martinez,kai.martinez15417@example.com,Denver,West,2022-12-09,Silver,Paid Search
C017162,Taylor,Kim,taylor.kim17162@example.com,Charlotte,South,2024-01-24,Silver,Referral
C008903,Cameron,Chen,cameron.chen8903@example.com,Dallas,South,2025-09-25,,Retail Store
C003947,Emerson,Lee,emerson.lee3947@example.com,Chicago,Midwest,2023-12-20,,Paid Search
C009503,Sam,Lee,sam.lee9503@example.com,Austin,South,2022-01-29,Platinum,Paid Search
C025954,Casey,Adams,casey.adams25954@example.com,Minneapolis,Midwest,2021-10-18,Platinum,Retail Store
C019264,Alex,Johnson,alex.johnson19264@example.com,Providence,Northeast,2021-09-06,Silver,Retail Store
C015976,Sam,Kim,sam.kim15976@example.com,Boston,Northeast,2021-03-04,,Organic
C001806,Taylor,Turner,taylor.turner1806@example.com,New York,Northeast,2024-11-21,,Organic
C007113,Avery,Hughes,avery.hughes7113@example.com,Detroit,Midwest,2021-04-18,Silver,Social
C017903,Jordan,Brooks,jordan.brooks17903@example.com,Denver,West,2021-10-15,,Organic
C024621,Riley,Brooks,riley.brooks24621@example.com,Boston,Northeast,2024-10-16,,Organic
C023137,Casey,Rivera,casey.rivera23137@example.com,Charlotte,South,2025-09-08,,Organic
C005158,Riley,Adams,riley.adams5158@example.com,Los Angeles,West,2023-03-15,Silver,Organic
C027292,Sam,Davis,sam.davis27292@example.com,New York,Northeast,2024-11-20,,Paid Search
C002317,Emerson,Johnson,emerson.johnson2317@example.com,Austin,South,2024-04-27,,Retail Store
C011891,Sam,Brooks,sam.brooks11891@example.com,Austin,South,2024-04-09,Silver,Organic
C015916,Quinn,Brooks,quinn.brooks15916@example.com,Boston,Northeast,2022-06-17,Gold,Social
C018183,Drew,Garcia,drew.garcia18183@example.com,Philadelphia,Northeast,2023-05-10,SILVER,Paid Search
C016273,Taylor,Patel,taylor.patel16273@example.com,Seattle,West,2022-07-30,,Paid Search
C006238,Riley,Davis,riley.davis6238@example.com,Boston,Northeast,2021-11-09,,Organic
C029505,Casey,Kim,casey.kim29505@example.com,Boston,Northeast,2021-07-25,Silver,Social
C015000,Quinn,Rivera,quinn.rivera15000@example.com,Nashville,South,2024-07-10,Gold,Social
C029284,Emerson,Martinez,emerson.martinez29284@example.com,Los Angeles,West,2025-08-20,Platinum,Paid Search
C022954,Kai,Brooks,kai.brooks22954@example.com,Chicago,Midwest,2025-02-18,,Organic
C002085,Sam,Smith,sam.smith2085@example.com,Portland,West,2021-12-24,,Paid Search
C004149,Taylor,Kim,taylor.kim4149@example.com,Providence,Northeast,2024-12-06,Silver,Social
C003330,Emerson,Rivera,emerson.rivera3330@example.com,Phoenix,West,2023-03-30,Platinum,Organic
C009059,Emerson,Rivera,emerson.rivera9059@example.com,Pittsburgh,Northeast,2023-08-24,,Referral
C019225,Taylor,Chen,taylor.chen19225@example.com,Columbus,Midwest,2022-05-08,,Social
C027882,Quinn,Smith,quinn.smith27882@example.com,Providence,Northeast,2024-05-05,Silver,Paid Search
C023534,Taylor,Garcia,taylor.garcia23534@example.com,Charlotte,South,2021-11-29,Silver,Retail Store
C020792,Quinn,Rivera,quinn.rivera20792@example.com,Portland,West,2025-01-02,Silver,Social
C002875,Drew,Hughes,drew.hughes2875@example.com,Atlanta,South,2022-12-26,,Retail Store
C011842,Morgan,Hughes,morgan.hughes11842@example.com,Nashville,South,2021-07-02,,Referral
C023518,Kai,Smith,kai.smith23518@example.com,Boston,Northeast,2022-08-21,Silver,Paid Search
C024147,Alex,Brooks,alex.brooks24147@example.com,Atlanta,South,2022-03-09,,Organic
C014577,Kai,Kim,kai.kim14577@example.com,Minneapolis,Midwest,2023-05-19,Gold,Referral
C025127,Casey,Adams,casey.adams25127@example.com,Atlanta,South,2024-07-17,Silver,Retail Store
C026681,Morgan,Lee,morgan.lee26681@example.com,Nashville,South,2021-11-10,Silver,Organic
C007768,Jordan,Turner,jordan.turner7768@example.com,Boston,Northeast,2024-05-31,,Paid Search
C020950,Sam,Martinez,sam.martinez20950@example.com,Austin,South,2024-11-19,Silver,Retail Store
C004708,Drew,Kim,drew.kim4708@example.com,Indianapolis,Midwest,2025-02-10,,Social
C009518,Drew,Turner,drew.turner9518@example.com,Phoenix,West,2023-05-07,Silver,Organic
C015786,Sam,Adams,sam.adams15786@example.com,Minneapolis,Midwest,2021-04-26,,Social
C026711,Avery,Hughes,avery.hughes26711@example.com,Pittsburgh,Northeast,2022-12-20,Silver,Social
C024561,Quinn,Garcia,quinn.garcia24561@example.com,Atlanta,South,2025-07-26,,Organic
C014059,Avery,Adams,avery.adams14059@example.com,Los Angeles,West,2023-01-09,,Paid Search
C024024,Morgan,Brooks,morgan.brooks24024@example.com,Minneapolis,Midwest,2024-07-17,,Social
C027271,Kai,Davis,kai.davis27271@example.com,Minneapolis,Midwest,2021-09-26,,Referral
C019607,Avery,Chen,avery.chen19607@example.com,Charlotte,South,2024-12-16,Silver,Referral
C024990,Morgan,Garcia,morgan.garcia24990@example.com,Dallas,South,2023-09-02,,Retail Store
C017299,Drew,Martinez,drew.martinez17299@example.com,Dallas,South,2022-06-10,Platinum,Referral
C022687,Cameron,Chen,cameron.chen22687@example.com,Denver,West,2022-10-01,,Organic
C026821,Morgan,Turner,morgan.turner26821@example.com,Nashville,South,2022-01-22,Silver,Paid Search
C010430,Parker,Turner,parker.turner10430@example.com,Providence,Northeast,2024-09-26,,Referral
C015193,Casey,Rivera,casey.rivera15193@example.com,Minneapolis,Midwest,2023-01-27,Gold,Paid Search
C018498,Drew,Hughes,drew.hughes18498@example.com,Chicago,Midwest,2021-04-18,Silver,Social
C029427,Jordan,Hughes,jordan.hughes29427@example.com,Denver,West,2022-01-12,Gold,Organic
C023851,Sam,Davis,sam.davis23851@example.com,Seattle,West,2021-08-01,Silver,Organic
C000281,Jordan,Kim,jordan.kim281@example.com,Dallas,South,2025-09-06,,Organic
C025408,Drew,Kim,drew.kim25408@example.com,Seattle,West,2024-07-28,Silver,Organic
C020622,Riley,Johnson,riley.johnson20622@example.com,Portland,West,2025-03-06,,Referral
C019940,Jordan,Brooks,jordan.brooks19940@example.com,Minneapolis,Midwest,2021-05-29,Silver,Retail Store
C006636,Cameron,Brooks,cameron.brooks6636@example.com,Providence,Northeast,2024-11-15,,Paid Search
C006423,Casey,Kim,casey.kim6423@example.com,Detroit,Midwest,2022-08-31,,Referral
C011068,Quinn,Rivera,quinn.rivera11068@example.com,Phoenix,West,2021-08-22,SILVER,Organic
C027572,Kai,Adams,kai.adams27572@example.com,Denver,West,2025-03-19,SILVER,Paid Search
C016708,Cameron,Turner,cameron.turner16708@example.com,Indianapolis,Midwest,2023-05-10,,Referral
C024869,Jordan,Adams,jordan.adams24869@example.com,Philadelphia,Northeast,2021-09-23,,Social
C019636,Quinn,Smith,quinn.smith19636@example.com,Seattle,West,2023-07-30,,Social
C009241,Casey,Brooks,casey.brooks9241@example.com,Columbus,Midwest,2025-11-09,,Organic
C004953,Parker,Chen,parker.chen4953@example.com,Austin,South,2022-01-23,,Retail Store
C012531,Drew,Chen,drew.chen12531@example.com,Seattle,West,2025-07-03,,Organic
C006351,Morgan,Patel,morgan.patel6351@example.com,Dallas,South,2023-01-16,,Social
C004157,Cameron,Martinez,cameron.martinez4157@example.com,Dallas,South,2024-10-24,Silver,Organic
C003770,Cameron,Brooks,cameron.brooks3770@example.com,Providence,Northeast,2025-03-05,Gold,Retail Store
C028772,Parker,Patel,parker.patel28772@example.com,Austin,South,2023-07-12,Gold,Paid Search
C023215,Riley,Turner,riley.turner23215@example.com,Seattle,West,2025-08-16,Silver,Paid Search
C028107,Drew,Hughes,drew.hughes28107@example.com,Phoenix,West,2023-12-09,Silver,Organic
C024896,Casey,Brooks,casey.brooks24896@example.com,Denver,West,2025-07-12,,Paid Search
C020287,Jordan,Patel,jordan.patel20287@example.com,Seattle,West,2024-05-27,,Referral
C014321,Alex,Patel,alex.patel14321@example.com,Charlotte,South,2025-06-02,Silver,Retail Store
C027937,Kai,Adams,kai.adams27937@example.com,Denver,West,2022-03-29,Silver,Referral
C015046,Cameron,Lee,cameron.lee15046@example.com,Minneapolis,Midwest,2024-04-16,,Paid Search
C001180,Alex,Chen,alex.chen1180@example.com,Phoenix,West,2024-01-01,,Referral
C006188,Casey,Adams,casey.adams6188@example.com,Phoenix,West,2021-01-15,Gold,Referral
C020185,Casey,Lee,casey.lee20185@example.com,Detroit,Midwest,2025-01-08,Silver,Social
C004975,Kai,Chen,kai.chen4975@example.com,Boston,Northeast,2025-11-24,,Social
C010445,Quinn,Smith,quinn.smith10445@example.com,Nashville,South,2024-01-06,Silver,Social
C028122,Alex,Kim,alex.kim28122@example.com,Dallas,South,2025-09-26,,Organic
C022240,Avery,Turner,avery.turner22240@example.com,Detroit,Midwest,2023-07-08,Silver,Referral
C020997,Casey,Kim,casey.kim20997@example.com,Charlotte,South,2025-09-29,,Paid Search
C023844,Taylor,Adams,taylor.adams23844@example.com,Charlotte,South,2022-04-11,,Paid Search
C014153,Cameron,Johnson,cameron.johnson14153@example.com,Philadelphia,Northeast,2024-09-22,SILVER,Organic
C013746,Kai,Rivera,kai.rivera13746@example.com,Atlanta,South,2022-03-29,Silver,Organic
C011777,Quinn,Rivera,quinn.rivera11777@example.com,Chicago,Midwest,2022-05-24,,Social
C007030,Casey,Lee,casey.lee7030@example.com,Pittsburgh,Northeast,2022-10-27,Silver,Paid Search
C021811,Kai,Turner,kai.turner21811@example.com,Charlotte,South,2025-04-15,Silver,Social
C008874,Parker,Johnson,parker.johnson8874@example.com,Pittsburgh,Northeast,2022-09-25,Gold,Social
C007229,Kai,Kim,kai.kim7229@example.com,Columbus,Midwest,2025-11-19,,Retail Store
C015714,Taylor,Martinez,taylor.martinez15714@example.com,Seattle,West,2023-11-20,,Paid Search
C020724,Casey,Smith,casey.smith20724@example.com,Charlotte,South,2021-11-11,,Organic
C019988,Sam,Johnson,sam.johnson19988@example.com,Phoenix,West,2025-06-23,Gold,Social
C005698,Sam,Martinez,sam.martinez5698@example.com,Austin,South,2025-06-18,,Organic
C028801,Cameron,Hughes,cameron.hughes28801@example.com,Nashville,South,2022-10-30,Silver,Retail Store
C004035,Morgan,Davis,morgan.davis4035@example.com,Phoenix,West,2021-10-19,,Organic
C016098,Casey,Johnson,casey.johnson16098@example.com,Boston,Northeast,2022-11-23,Silver,Retail Store
C019417,Drew,Turner,drew.turner19417@example.com,Minneapolis,Midwest,2022-12-05,Silver,Paid Search
C019474,Avery,Rivera,avery.rivera19474@example.com,Detroit,Midwest,2025-10-21,Silver,Organic
C001122,Avery,Rivera,avery.rivera1122@example.com,Nashville,South,2024-10-03,,Referral
C010227,Cameron,Davis,cameron.davis10227@example.com,Philadelphia,Northeast,2021-07-12,Silver,Paid Search
C026034,Casey,Patel,casey.patel26034@example.com,Los Angeles,West,2025-05-09,,Paid Search
C022710,Taylor,Hughes,taylor.hughes22710@example.com,Dallas,South,2023-10-17,,Paid Search
C028224,Casey,Turner,casey.turner28224@example.com,Columbus,Midwest,2022-12-29,,Organic
C000960,Cameron,Garcia,cameron.garcia960@example.com,Minneapolis,Midwest,2024-08-25,,Referral
C002363,Quinn,Patel,quinn.patel2363@example.com,Philadelphia,Northeast,2025-10-21,Silver,Retail Store
C007222,Drew,Lee,drew.lee7222@example.com,Providence,Northeast,2024-09-08,,Paid Search
C004286,Avery,Turner,avery.turner4286@example.com,Indianapolis,Midwest,2021-07-04,,Organic
C022546,Sam,Rivera,sam.rivera22546@example.com,Seattle,West,2024-03-03,,Organic
C017868,Casey,Hughes,casey.hughes17868@example.com,Austin,South,2021-09-17,,Organic
C004916,Cameron,Lee,cameron.lee4916@example.com,Los Angeles,West,2022-05-15,Silver,Paid Search
C011492,Quinn,Hughes,quinn.hughes11492@example.com,Charlotte,South,2024-08-07,Gold,Retail Store
C024942,Taylor,Martinez,taylor.martinez24942@example.com,Charlotte,South,2021-12-06,Gold,Social
C017190,Avery,Brooks,avery.brooks17190@example.com,Indianapolis,Midwest,2025-05-07,Silver,Organic
C006216,Kai,Kim,kai.kim6216@example.com,Phoenix,West,2024-09-01,Silver,Paid Search
C005426,Avery,Johnson,avery.johnson5426@example.com,Portland,West,2025-04-20,Gold,Organic
C016360,Morgan,Turner,morgan.turner16360@example.com,New York,Northeast,2024-04-06,Gold,Organic
C021115,Kai,Hughes,kai.hughes21115@example.com,Minneapolis,Midwest,2025-05-01,,Paid Search
C007883,Cameron,Adams,cameron.adams7883@example.com,Charlotte,South,2025-10-29,,Organic
C010736,Quinn,Kim,quinn.kim10736@example.com,Dallas,South,2023-07-10,,Paid Search
C020443,Emerson,Hughes,emerson.hughes20443@example.com,Phoenix,West,2022-03-18,Silver,Retail Store
C005554,Casey,Rivera,casey.rivera5554@example.com,Providence,Northeast,2022-11-15,Gold,Paid Search
C010360,Alex,Martinez,alex.martinez10360@example.com,Detroit,Midwest,2023-03-28,Silver,Paid Search
C020373,Riley,Brooks,riley.brooks20373@example.com,Atlanta,South,2023-11-10,,Retail Store
C009189,Cameron,Turner,cameron.turner9189@example.com,Atlanta,South,2024-07-13,,Organic
C017403,Jordan,Rivera,jordan.rivera17403@example.com,Dallas,South,2024-05-10,Silver,Organic
C009545,Avery,Rivera,avery.rivera9545@example.com,Austin,South,2023-04-10,,Social
C006530,Jordan,Johnson,jordan.johnson6530@example.com,Dallas,South,2021-07-02,Silver,Paid Search
C010106,Cameron,Smith,cameron.smith10106@example.com,Phoenix,West,2025-05-22,Platinum,Paid Search
C024216,Riley,Garcia,riley.garcia24216@example.com,Chicago,Midwest,2021-01-14,,Organic
C005778,Sam,Davis,sam.davis5778@example.com,Portland,West,2021-03-11,Gold,Paid Search
C021220,Emerson,Kim,emerson.kim21220@example.com,Charlotte,South,2021-01-13,Silver,Retail Store
C026843,Morgan,Johnson,morgan.johnson26843@example.com,Los Angeles,West,2023-05-23,Silver,Retail Store
C021612,Casey,Kim,casey.kim21612@example.com,Minneapolis,Midwest,2023-10-18,Silver,Organic
C018933,Morgan,Johnson,morgan.johnson18933@example.com,Atlanta,South,2021-09-21,Silver,Paid Search
C022630,Kai,Turner,kai.turner22630@example.com,Nashville,South,2023-11-13,Silver,Organic
C001164,Kai,Garcia,kai.garcia1164@example.com,Pittsburgh,Northeast,2022-03-19,,Retail Store
C001176,Drew,Brooks,drew.brooks1176@example.com,Dallas,South,2024-10-14,Silver,Organic
C009039,Drew,Lee,drew.lee9039@example.com,Dallas,South,2022-05-26,Gold,Paid Search
C014303,Alex,Smith,alex.smith14303@example.com,Phoenix,West,2024-05-18,Silver,Referral
C029449,Riley,Patel,riley.patel29449@example.com,Austin,South,2024-08-30,Silver,Social
C028942,Jordan,Turner,jordan.turner28942@example.com,Austin,South,2024-05-11,,Social
C014234,Drew,Kim,drew.kim14234@example.com,Pittsburgh,Northeast,2025-09-13,,Paid Search
C004852,Cameron,Brooks,cameron.brooks4852@example.com,Dallas,South,2021-02-03,,Organic
C026736,Drew,Chen,drew.chen26736@example.com,Providence,Northeast,2023-09-20,,Retail Store
C004210,Quinn,Patel,quinn.patel4210@example.com,Columbus,Midwest,2024-10-22,,Social
C008841,Taylor,Smith,taylor.smith8841@example.com,Portland,West,2022-07-02,Silver,Organic
C002278,Sam,Kim,sam.kim2278@example.com,Philadelphia,Northeast,2022-08-02,Gold,Social
C018350,Morgan,Brooks,morgan.brooks18350@example.com,Phoenix,West,2025-02-24,,Organic
C003190,Quinn,Adams,quinn.adams3190@example.com,Seattle,West,2024-01-14,,Retail Store
C026223,Riley,Kim,riley.kim26223@example.com,Portland,West,2021-09-24,,Referral
C015510,Emerson,Chen,emerson.chen15510@example.com,Charlotte,South,2025-01-05,Gold,Retail Store
C008006,Kai,Lee,kai.lee8006@example.com,Dallas,South,2021-12-14,,Organic
C022567,Sam,Smith,sam.smith22567@example.com,Boston,Northeast,2021-02-08,Silver,Referral
C004321,Kai,Smith,kai.smith4321@example.com,Boston,Northeast,2024-07-26,,Social
