order_id,customer_id,order_date,channel,store_id,order_status,payment_method,shipping_fee
O0000002,C026208,2023-01-01,Online,,Returned,Debit Card,6.83
O0000028,C000289,2023-01-01,Store,S014,Completed,Debit Card,0.0
O0000034,C001054,2023-01-01,Store,S001,Completed,Credit Card,0.0
O0000041,C014085,2023-01-01,Online,,Completed,Credit Card,11.69
O0000046,C005641,2023-01-01,Store,S013,Completed,Debit Card,0.0
O0000055,C022113,2023-01-01,Store,S014,Completed,Digital Wallet,0.0
O0000056,C000200,2023-01-01,Store,S014,Completed,Debit Card,0.0
O0000063,C022221,2023-01-01,Store,S003,Returned,Credit Card,0.0
O0000071,C024625,2023-01-02,Online,,Completed,Credit Card,2.31
O0000074,C015844,2023-01-02,Online,,Completed,Debit Card,3.54
O0000079,C001191,2023-01-02,Pickup,S012,Completed,Digital Wallet,0.0
O0000081,C004852,2023-01-02,Store,S007,Completed,Credit Card,0.0
O0000095,C017428,2023-01-02,Store,S007,Returned,Digital Wallet,0.0
O0000106,C013493,2023-01-02,Online,,Completed,Credit Card,12.32
O0000122,C003032,2023-01-03,Pickup,S004,Completed,Digital Wallet,0.0
O0000130,C004171,2023-01-03,Pickup,S011,Completed,Debit Card,0.0
O0000144,C014771,2023-01-03,Store,S005,Completed,Digital Wallet,0.0
O0000149,C004743,2023-01-03,Pickup,S015,Completed,Debit Card,0.0
O0000155,C025173,2023-01-03,Store,S008,Completed,Digital Wallet,0.0
O0000157,C014960,2023-01-03,Store,S007,Completed,Credit Card,0.0
O0000161,C004439,2023-01-03,Store,S013,Completed,Credit Card,0.0
O0000169,C014875,2023-01-03,Online,,Completed,Credit Card,1.68
O0000171,C008526,2023-01-03,Online,,Completed,Debit Card,8.25
O0000181,C017901,2023-01-04,Online,,Completed,Credit Card,3.26
O0000190,C019940,2023-01-04,Online,,Completed,Debit Card,0.25
O0000192,C029601,2023-01-04,Online,,Completed,Debit Card,10.42
O0000215,C007537,2023-01-04,Online,,Completed,Digital Wallet,5.17
O0000229,C007749,2023-01-04,Pickup,S010,Completed,Debit Card,0.0
O0000232,C003383,2023-01-05,Pickup,S009,Completed,Digital Wallet,0.0
O0000233,C017615,2023-01-05,Online,,Completed,Credit Card,9.99
O0000234,C010125,2023-01-05,Store,S003,Completed,Debit Card,0.0
O0000242,C006910,2023-01-05,Store,S014,Completed,Debit Card,0.0
O0000252,C014836,2023-01-05,Pickup,S013,Completed,Credit Card,0.0
O0000253,C017868,2023-01-05,Pickup,S006,Completed,Digital Wallet,0.0
O0000267,C000502,2023-01-05,Store,S015,Returned,Credit Card,0.0
O0000271,C024415,2023-01-05,Online,,Returned,Credit Card,7.74
O0000272,C017776,2023-01-05,Pickup,S007,Completed,Debit Card,0.0
O0000273,C013518,2023-01-05,Store,S003,Completed,Credit Card,0.0
O0000279,C000289,2023-01-05,Online,,Completed,Digital Wallet,4.64
O0000304,C011678,2023-01-06,Pickup,S009,Completed,Digital Wallet,0.0
O0000315,C018549,2023-01-06,Online,,Completed,Credit Card,10.83
O0000333,C003708,2023-01-07,Online,,Completed,Digital Wallet,2.74
O0000337,C002321,2023-01-07,Online,,Completed,Credit Card,1.66
O0000351,C015638,2023-01-07,Online,,Completed,Digital Wallet,2.82
O0000355,C017078,2023-01-07,Store,S002,Completed,Debit Card,0.0
O0000357,C010985,2023-01-07,Pickup,S003,Completed,Credit Card,0.0
O0000360,C001691,2023-01-07,Store,S011,Completed,Digital Wallet,0.0
O0000369,C012574,2023-01-07,Online,,Completed,Credit Card,11.89
O0000375,C026388,2023-01-07,Store,S004,Completed,Credit Card,0.0
O0000393,C015294,2023-01-08,Online,,Returned,Digital Wallet,5.13
O0000397,C024469,2023-01-08,Store,S007,Completed,Credit Card,0.0
O0000408,C029443,2023-01-08,Store,S001,Completed,Digital Wallet,0.0
O0000416,C010386,2023-01-08,Pickup,S011,Completed,Credit Card,0.0
O0000417,C004166,2023-01-08,Store,S001,Completed,Credit Card,0.0
O0000423,C013358,2023-01-08,Online,,Completed,Digital Wallet,24.29
O0000439,C028794,2023-01-09,Online,,Completed,Digital Wallet,4.01
O0000454,C002085,2023-01-09,Pickup,S014,Completed,Credit Card,0.0
O0000455,C011512,2023-01-09,Store,S009,Completed,Debit Card,0.0
O0000468,C012386,2023-01-09,Store,S004,Completed,Debit Card,0.0
O0000481,C011592,2023-01-10,Store,S003,Completed,Gift Card,0.0
O0000501,C027271,2023-01-10,Online,,Completed,Credit Card,13.18
O0000506,C015802,2023-01-10,Store,S005,Completed,Credit Card,0.0
O0000513,C010740,2023-01-10,Online,,Completed,Credit Card,3.12
O0000514,C016585,2023-01-10,Online,,Cancelled,Digital Wallet,8.51
O0000516,C020800,2023-01-10,Store,S005,Completed,Credit Card,0.0
O0000528,C000145,2023-01-10,Store,S001,Returned,Credit Card,0.0
O0000529,C007526,2023-01-10,Store,S003,Completed,Credit Card,0.0
O0000551,C029293,2023-01-11,Online,,Completed,Credit Card,11.75
O0000552,C002886,2023-01-11,Store,S005,Completed,Digital Wallet,0.0
O0000556,C021314,2023-01-11,Store,S004,Completed,Credit Card,0.0
O0000558,C026298,2023-01-11,Pickup,S003,Completed,Gift Card,0.0
O0000562,C023518,2023-01-11,Online,,Completed,Digital Wallet,2.84
O0000568,C017449,2023-01-11,Store,S016,Completed,Credit Card,0.0
O0000573,C027908,2023-01-11,Store,S007,Cancelled,Digital Wallet,0.0
O0000580,C010657,2023-01-12,Store,S016,Completed,Credit Card,0.0
O0000582,C003595,2023-01-12,Online,,Completed,Gift Card,3.15
O0000599,C013102,2023-01-12,Store,S004,Completed,Credit Card,0.0
O0000605,C005287,2023-01-12,Online,,Completed,Credit Card,10.06
O0000610,C015100,2023-01-12,Store,S006,Completed,Credit Card,0.0
O0000613,C028990,2023-01-12,Store,S005,Completed,Debit Card,0.0
O0000619,C027103,2023-01-12,Store,S016,Returned,Debit Card,0.0
O0000628,C024147,2023-01-12,Pickup,S006,Completed,Gift Card,0.0
O0000642,C004340,2023-01-13,Store,S001,Completed,Credit Card,0.0
O0000649,C000675,2023-01-13,Pickup,S005,Returned,Digital Wallet,0.0
O0000662,C006482,2023-01-13,Store,S007,Completed,Digital Wallet,0.0
O0000671,C009243,2023-01-13,Store,S001,Completed,Debit Card,0.0
O0000686,C013903,2023-01-13,Store,S008,Completed,Credit Card,0.0
O0000687,C011667,2023-01-13,Online,,Completed,Credit Card,9.53
O0000690,C009253,2023-01-13,Store,S003,Completed,Digital Wallet,0.0
O0000701,C021968,2023-01-14,Online,,Completed,Credit Card,1.86
O0000707,C014444,2023-01-14,Pickup,S009,Completed,Credit Card,0.0
O0000709,C027831,2023-01-14,Online,,Cancelled,Digital Wallet,3.47
O0000713,C029658,2023-01-14,Online,,Completed,Debit Card,10.56
O0000714,C027801,2023-01-14,Online,,Completed,Credit Card,13.99
O0000720,C006530,2023-01-14,Online,,Completed,Digital Wallet,2.7
O0000731,C012418,2023-01-14,Store,S014,Completed,Credit Card,0.0
O0000734,C027367,2023-01-14,Pickup,S009,Completed,Gift Card,0.0
O0000735,C004740,2023-01-14,Online,,Completed,Digital Wallet,15.98
O0000755,C013619,2023-01-14,Pickup,S007,Completed,Credit Card,0.0
O0000760,C014749,2023-01-14,Pickup,S015,Completed,Debit Card,0.0
O0000765,C021742,2023-01-14,Store,S007,Completed,Credit Card,0.0
O0000790,C000716,2023-01-15,Store,S005,Completed,Digital Wallet,0.0
O0000792,C029219,2023-01-15,Online,,Completed,Debit Card,2.23
O0000794,C001340,2023-01-15,Store,S010,Completed,Digital Wallet,0.0
O0000798,C025813,2023-01-15,Store,S008,Completed,Credit Card,0.0
O0000801,C007501,2023-01-15,Store,S010,Completed,Digital Wallet,0.0
O0000811,C011683,2023-01-15,Store,S001,Completed,Credit Card,0.0
O0000816,C001279,2023-01-16,Online,,Completed,Debit Card,12.08
O0000854,C016584,2023-01-16,Store,S004,Completed,Digital Wallet,0.0
O0000858,C029833,2023-01-16,Store,S005,Completed,Gift Card,0.0
O0000878,C011498,2023-01-17,Store,S006,Completed,Credit Card,0.0
O0000896,C028631,2023-01-17,Online,,Completed,Credit Card,11.51
O0000917,C020318,2023-01-17,Online,,Completed,Digital Wallet,7.03
O0000921,C020553,2023-01-17,Online,,Completed,Credit Card,3.56
O0000927,C025444,2023-01-18,Store,S013,Completed,Credit Card,0.0
O0000928,C027994,2023-01-18,Online,,Completed,Debit Card,4.03
O0000929,C021144,2023-01-18,Store,S016,Completed,Gift Card,0.0
O0000933,C006940,2023-01-18,Online,,Completed,Debit Card,9.49
O0000949,C001772,2023-01-18,Online,,Completed,Debit Card,7.9
O0000954,C023589,2023-01-18,Online,,Completed,Credit Card,7.25
O0000979,C012284,2023-01-19,Pickup,S014,Completed,Gift Card,0.0
O0000990,C007851,2023-01-19,Pickup,S015,Cancelled,Credit Card,0.0
O0000995,C007389,2023-01-19,Store,S014,Completed,Digital Wallet,0.0
O0001000,C016551,2023-01-19,Store,S002,Completed,Credit Card,0.0
O0001003,C022221,2023-01-19,Online,,Completed,Credit Card,5.17
O0001008,C009444,2023-01-19,Store,S001,Completed,Digital Wallet,0.0
O0001022,C022257,2023-01-19,Online,,Completed,Digital Wallet,5.97
O0001035,C023163,2023-01-20,Store,S003,Completed,Digital Wallet,0.0
O0001041,C027908,2023-01-20,Pickup,S007,Completed,Gift Card,0.0
O0001045,C000244,2023-01-20,Online,,Completed,Digital Wallet,4.56
O0001050,C023842,2023-01-20,Store,S014,Completed,Debit Card,0.0
O0001058,C026027,2023-01-20,Online,,Completed,Debit Card,1.49
O0001068,C003489,2023-01-20,Online,,Completed,Credit Card,11.78
O0001072,C017830,2023-01-20,Pickup,S009,Completed,Digital Wallet,0.0
O0001073,C027175,2023-01-20,Online,,Completed,Credit Card,4.34
O0001074,C005437,2023-01-20,Online,,Completed,Credit Card,4.27
O0001092,C022543,2023-01-21,Online,,Completed,Debit Card,1.82
O0001097,C021483,2023-01-21,Store,S004,Completed,Debit Card,0.0
O0001099,C008083,2023-01-21,Online,,Completed,Credit Card,3.06
O0001101,C018341,2023-01-21,Pickup,S012,Completed,Debit Card,0.0
O0001132,C000742,2023-01-21,Online,,Returned,Credit Card,3.11
O0001137,C015786,2023-01-21,Online,,Completed,Debit Card,3.49
O0001138,C003161,2023-01-21,Pickup,S010,Returned,Digital Wallet,0.0
O0001159,C001340,2023-01-22,Store,S009,Completed,Credit Card,0.0
O0001162,C020257,2023-01-22,Online,,Returned,Debit Card,6.03
O0001170,C004071,2023-01-22,Store,S008,Completed,Digital Wallet,0.0
O0001171,C025444,2023-01-22,Store,S016,Completed,Digital Wallet,0.0
O0001172,C022113,2023-01-22,Online,,Completed,Debit Card,4.56
O0001189,C029340,2023-01-22,Online,,Completed,Credit Card,21.41
O0001194,C027098,2023-01-22,Pickup,S009,Returned,Digital Wallet,0.0
O0001198,C010400,2023-01-22,Pickup,S007,Completed,Gift Card,0.0
O0001202,C019940,2023-01-22,Store,S010,Completed,Credit Card,0.0
O0001203,C010815,2023-01-22,Online,,Completed,Credit Card,7.14
O0001211,C011277,2023-01-22,Online,,Completed,Credit Card,14.45
O0001218,C005237,2023-01-23,Store,S004,Completed,Debit Card,0.0
O0001223,C003580,2023-01-23,Store,S004,Completed,Debit Card,0.0
O0001233,C000289,2023-01-23,Online,,Returned,Credit Card,10.69
O0001239,C022422,2023-01-23,Online,,Completed,Credit Card,8.03
O0001240,C000279,2023-01-23,Online,,Completed,Credit Card,6.53
O0001253,C026854,2023-01-23,Store,S015,Completed,Digital Wallet,0.0
O0001255,C018835,2023-01-23,Store,S015,Completed,Digital Wallet,0.0
O0001271,C019036,2023-01-24,Online,,Completed,Credit Card,6.74
O0001276,C022287,2023-01-24,Store,S008,Completed,Credit Card,0.0
O0001284,C003917,2023-01-24,Online,,Completed,Debit Card,4.22
O0001292,C019187,2023-01-24,Pickup,S006,Completed,Credit Card,0.0
O0001296,C023069,2023-01-24,Store,S007,Completed,Credit Card,0.0
O0001300,C014725,2023-01-24,Store,S008,Completed,Debit Card,0.0
O0001304,C021881,2023-01-24,Online,,Completed,Credit Card,9.93
O0001326,C016335,2023-01-25,Online,,Completed,Credit Card,8.95
O0001331,C002251,2023-01-25,Online,,Completed,Credit Card,2.29
O0001348,C004985,2023-01-25,Pickup,S001,Completed,Debit Card,0.0
O0001354,C014171,2023-01-25,Store,S004,Returned,Digital Wallet,0.0
O0001362,C029985,2023-01-25,Store,S016,Completed,Credit Card,0.0
O0001389,C021440,2023-01-25,Store,S009,Completed,Credit Card,0.0
O0001393,C027996,2023-01-25,Online,,Completed,Credit Card,6.27
O0001396,C003580,2023-01-25,Online,,Cancelled,Credit Card,10.66
O0001414,C002486,2023-01-26,Online,,Completed,Credit Card,2.14
O0001415,C006704,2023-01-26,Pickup,S007,Completed,Credit Card,0.0
O0001423,C003593,2023-01-26,Store,S007,Completed,Gift Card,0.0
O0001444,C025978,2023-01-26,Store,S001,Completed,Debit Card,0.0
O0001462,C016783,2023-01-26,Store,S005,Completed,Debit Card,0.0
O0001466,C027937,2023-01-26,Store,S013,Completed,Digital Wallet,0.0
O0001471,C027994,2023-01-26,Store,S016,Completed,Debit Card,0.0
O0001473,C010382,2023-01-26,Online,,Completed,Credit Card,6.32
O0001479,C016470,2023-01-27,Store,S005,Returned,Credit Card,0.0
O0001487,C013619,2023-01-27,Online,,Cancelled,Gift Card,8.32
O0001495,C028469,2023-01-27,Online,,Completed,Credit Card,0.45
O0001498,C019078,2023-01-27,Pickup,S005,Completed,Credit Card,0.0
O0001500,C010017,2023-01-27,Store,S005,Completed,Debit Card,0.0
O0001502,C021144,2023-01-27,Pickup,S014,Completed,Credit Card,0.0
O0001516,C028186,2023-01-27,Online,,Completed,Credit Card,23.82
O0001517,C001104,2023-01-27,Online,,Completed,Credit Card,11.4
O0001524,C019045,2023-01-27,Online,,Completed,Credit Card,1.54
O0001528,C012288,2023-01-27,Store,S009,Completed,Gift Card,0.0
O0001540,C005721,2023-01-28,Online,,Completed,Gift Card,13.08
O0001556,C015481,2023-01-28,Store,S008,Returned,Credit Card,0.0
O0001565,C021131,2023-01-28,Pickup,S008,Completed,Credit Card,0.0
O0001567,C007937,2023-01-28,Online,,Completed,Credit Card,14.16
O0001579,C010769,2023-01-28,Online,,Completed,Debit Card,11.82
O0001582,C022377,2023-01-28,Pickup,S014,Completed,Debit Card,0.0
O0001585,C015913,2023-01-28,Pickup,S010,Completed,Credit Card,0.0
O0001590,C015802,2023-01-28,Store,S007,Completed,Debit Card,0.0
O0001596,C015412,2023-01-29,Online,,Completed,Digital Wallet,6.07
O0001599,C018073,2023-01-29,Online,,Completed,Digital Wallet,1.03
O0001607,C012866,2023-01-29,Store,S013,Completed,Debit Card,0.0
O0001613,C025884,2023-01-29,Online,,Completed,Digital Wallet,9.6
O0001616,C022247,2023-01-29,Store,S012,Completed,Credit Card,0.0
O0001618,C004286,2023-01-29,Pickup,S009,Completed,Debit Card,0.0
O0001619,C008481,2023-01-29,Store,S001,Completed,Credit Card,0.0
O0001624,C008352,2023-01-29,Online,,Completed,Digital Wallet,2.32
O0001627,C014984,2023-01-29,Online,,Completed,Digital Wallet,2.22
O0001636,C018655,2023-01-29,Store,S012,Completed,Debit Card,0.0
O0001639,C027684,2023-01-29,Store,S015,Completed,Debit Card,0.0
O0001645,C001732,2023-01-29,Online,,Completed,Debit Card,3.65
O0001655,C012368,2023-01-30,Online,,Completed,Credit Card,1.44
O0001670,C004373,2023-01-30,Online,,Completed,Credit Card,1.33
O0001671,C012741,2023-01-30,Store,S010,Cancelled,Credit Card,0.0
O0001675,C003800,2023-01-30,Store,S015,Completed,Digital Wallet,0.0
O0001680,C024147,2023-01-30,Store,S006,Completed,Debit Card,0.0
O0001695,C023468,2023-01-30,Store,S004,Completed,Debit Card,0.0
O0001708,C004439,2023-01-31,Pickup,S016,Completed,Gift Card,0.0
O0001723,C020236,2023-01-31,Online,,Completed,Debit Card,2.63
O0001724,C012284,2023-01-31,Store,S013,Completed,Credit Card,0.0
O0001726,C012864,2023-01-31,Store,S012,Completed,Credit Card,0.0
O0001734,C011154,2023-01-31,Store,S006,Completed,Credit Card,0.0
O0001738,C021190,2023-01-31,Store,S004,Completed,Debit Card,0.0
O0001745,C027654,2023-01-31,Store,S012,Completed,Digital Wallet,0.0
O0001746,C019932,2023-01-31,Store,S012,Returned,Debit Card,0.0
O0001754,C021440,2023-01-31,Online,,Completed,Gift Card,5.61
O0001765,C022759,2023-02-01,Store,S003,Completed,Digital Wallet,0.0
O0001778,C001451,2023-02-01,Online,,Completed,Digital Wallet,8.14
O0001783,C027094,2023-02-01,Online,,Completed,Gift Card,1.62
O0001789,C011277,2023-02-01,Online,,CANCELLED,Digital Wallet,5.23
O0001801,C008355,2023-02-01,Store,S011,Completed,Credit Card,0.0
O0001808,C014728,2023-02-02,Online,,Completed,Credit Card,9.89
O0001810,C029753,2023-02-02,Online,,Completed,Credit Card,1.82
O0001813,C006758,2023-02-02,Online,,Completed,Credit Card,3.73
O0001815,C028217,2023-02-02,Online,,Completed,Debit Card,4.59
O0001816,C025088,2023-02-02,Online,,Completed,Debit Card,11.07
O0001818,C020384,2023-02-02,Online,,Completed,Credit Card,13.54
O0001834,C008630,2023-02-02,Online,,Completed,Debit Card,12.81
O0001843,C013345,2023-02-02,Store,S005,Completed,Credit Card,0.0
O0001846,C010183,2023-02-02,Pickup,S006,Completed,Digital Wallet,0.0
O0001850,C016240,2023-02-02,Store,S013,Cancelled,Credit Card,0.0
O0001858,C012102,2023-02-02,Online,,Completed,Credit Card,2.91
O0001864,C026274,2023-02-03,Online,,Completed,Digital Wallet,2.13
O0001878,C017796,2023-02-03,Online,,Completed,Credit Card,4.56
O0001892,C000881,2023-02-03,Store,S005,Completed,Debit Card,0.0
O0001893,C024576,2023-02-03,Online,,Completed,Credit Card,12.23
O0001898,C015786,2023-02-03,Online,,Returned,Credit Card,16.74
O0001899,C019417,2023-02-03,Store,S009,Completed,Credit Card,0.0
O0001910,C024149,2023-02-03,Online,,Completed,Credit Card,7.74
O0001916,C012478,2023-02-03,Store,S007,Completed,Credit Card,0.0
O0001933,C005624,2023-02-04,Store,S002,Returned,Credit Card,0.0
O0001935,C028510,2023-02-04,Online,,Completed,Debit Card,11.17
O0001944,C014728,2023-02-04,Pickup,S008,Completed,Credit Card,0.0
O0001961,C004814,2023-02-04,Store,S006,Completed,Credit Card,0.0
O0001964,C002919,2023-02-04,Online,,Completed,Debit Card,12.37
O0001966,C000665,2023-02-04,Store,S014,Completed,Digital Wallet,0.0
O0001996,C008980,2023-02-05,Online,,Completed,Digital Wallet,8.68
O0002000,C023578,2023-02-05,Online,,Completed,Credit Card,9.79
O0002013,C016271,2023-02-05,Store,S009,Completed,Digital Wallet,0.0
O0002020,C010227,2023-02-05,Store,S003,Completed,Digital Wallet,0.0
O0002024,C010095,2023-02-05,Online,,Completed,Credit Card,4.32
O0002029,C009195,2023-02-05,Online,,Completed,Digital Wallet,1.57
O0002035,C029603,2023-02-05,Store,S004,Completed,Debit Card,0.0
O0002044,C018040,2023-02-05,Online,,Completed,Gift Card,1.89
O0002061,C018841,2023-02-06,Online,,Completed,Debit Card,2.37
O0002067,C020071,2023-02-06,Online,,Completed,Digital Wallet,2.18
O0002068,C005611,2023-02-06,Store,S012,Completed,Credit Card,0.0
O0002076,C019010,2023-02-06,Online,,Completed,Credit Card,9.77
O0002078,C017715,2023-02-06,Store,S004,Completed,Credit Card,0.0
O0002084,C002347,2023-02-06,Store,S002,Completed,Digital Wallet,0.0
O0002085,C021267,2023-02-06,Pickup,S006,Completed,Credit Card,0.0
O0002087,C015343,2023-02-06,Store,S013,Completed,Credit Card,0.0
O0002089,C022422,2023-02-06,Pickup,S007,Completed,Credit Card,0.0
O0002091,C011548,2023-02-06,Store,S011,Completed,Debit Card,0.0
O0002097,C006940,2023-02-06,Online,,Completed,Debit Card,5.87
O0002098,C027176,2023-02-06,Pickup,S005,Completed,Digital Wallet,0.0
O0002107,C004990,2023-02-06,Online,,Completed,Credit Card,7.39
O0002116,C001216,2023-02-07,Store,S007,Completed,Credit Card,0.0
O0002132,C010014,2023-02-07,Store,S013,Completed,Debit Card,0.0
O0002147,C028676,2023-02-07,Online,,Completed,Credit Card,5.18
O0002150,C000145,2023-02-07,Online,,Completed,Credit Card,7.15
O0002159,C025254,2023-02-07,Store,S012,Completed,Digital Wallet,0.0
O0002161,C011683,2023-02-07,Pickup,S003,Completed,Credit Card,0.0
O0002173,C020318,2023-02-08,Store,S008,Completed,Credit Card,0.0
O0002174,C027254,2023-02-08,Online,,Completed,Debit Card,6.8
O0002195,C011623,2023-02-08,Pickup,S010,Completed,Credit Card,0.0
O0002198,C013572,2023-02-08,Online,,Returned,Credit Card,13.65
O0002200,C002541,2023-02-08,Store,S007,Completed,Credit Card,0.0
O0002210,C026120,2023-02-09,Store,S001,Completed,Credit Card,0.0
O0002222,C011294,2023-02-09,Online,,Completed,Credit Card,0.8
O0002235,C028990,2023-02-09,Store,S005,Completed,Credit Card,0.0
O0002241,C028100,2023-02-09,Online,,Completed,Credit Card,4.3
O0002242,C015462,2023-02-09,Pickup,S011,Cancelled,Digital Wallet,0.0
O0002249,C021451,2023-02-09,Online,,Completed,Credit Card,0.45
O0002250,C000665,2023-02-09,Pickup,S014,Completed,Digital Wallet,0.0
O0002256,C009483,2023-02-09,Store,S012,Completed,Digital Wallet,0.0
O0002257,C018888,2023-02-09,Online,,Completed,Credit Card,8.09
O0002266,C007938,2023-02-10,Store,S015,Completed,Credit Card,0.0
O0002270,C029742,2023-02-10,Online,,Completed,Debit Card,6.08
O0002272,C017557,2023-02-10,Online,,Cancelled,Gift Card,1.09
O0002277,C028100,2023-02-10,Online,,Completed,Debit Card,10.35
O0002285,C020028,2023-02-10,Store,S003,Completed,Credit Card,0.0
O0002286,C000867,2023-02-10,Online,,Completed,Credit Card,3.66
O0002331,C004743,2023-02-11,Online,,Completed,Credit Card,9.78
O0002333,C001347,2023-02-11,Online,,Completed,Digital Wallet,2.43
O0002338,C020200,2023-02-11,Online,,Cancelled,Debit Card,3.75
O0002355,C017336,2023-02-11,Pickup,S003, complete ,Credit Card,0.0
O0002356,C006129,2023-02-11,Pickup,S010,Completed,Credit Card,0.0
O0002357,C000402,2023-02-11,Online,,Completed,Credit Card,8.17
O0002358,C026681,2023-02-11,Online,,Completed,Credit Card,5.96
O0002360,C012682,2023-02-11,Store,S003,Completed,Digital Wallet,0.0
O0002368,C016967,2023-02-11,Pickup,S014,Completed,Digital Wallet,0.0
O0002370,C004904,2023-02-11,Online,,Completed,Credit Card,14.09
O0002376,C027254,2023-02-11,Online,,Completed,Credit Card,9.87
O0002379,C014951,2023-02-11,Store,S010,Completed,Credit Card,0.0
O0002381,C004570,2023-02-11,Store,S001,Completed,Gift Card,0.0
O0002382,C029613,2023-02-11,Online,,Completed,Digital Wallet,13.85
O0002383,C027295,2023-02-11,Online,,Completed,Credit Card,4.67
O0002388,C011629,2023-02-12,Online,,Completed,Gift Card,8.59
O0002390,C026681,2023-02-12,Store,S007,Completed,Credit Card,0.0
O0002392,C016791,2023-02-12,Store,S006,Completed,Digital Wallet,0.0
O0002397,C008675,2023-02-12,Store,S001,Completed,Credit Card,0.0
O0002403,C005546,2023-02-12,Online,,Completed,Debit Card,2.76
O0002408,C006621,2023-02-12,Online,,Completed,Digital Wallet,7.05
O0002411,C012591,2023-02-12,Online,,Completed,Credit Card,13.66
O0002418,C022368,2023-02-12,Store,S014,Completed,Credit Card,0.0
O0002421,C015949,2023-02-12,Online,,Completed,Debit Card,12.46
O0002436,C016116,2023-02-12,Store,S005,Completed,Credit Card,0.0
O0002437,C015002,2023-02-12,Pickup,S009,Completed,Digital Wallet,0.0
O0002444,C002384,2023-02-12,Store,S007,Completed,Credit Card,0.0
O0002448,C027449,2023-02-12,Store,S008,Completed,Credit Card,0.0
O0002451,C020800,2023-02-12,Store,S006,Completed,Debit Card,0.0
O0002455,C018364,2023-02-13,Store,S014,Completed,Credit Card,0.0
O0002459,C011624,2023-02-13,Online,,Cancelled,Credit Card,8.47
O0002463,C017042,2023-02-13,Store,S004,Returned,Debit Card,0.0
O0002464,C004703,2023-02-13,Pickup,S006,Completed,Credit Card,0.0
O0002471,C003474,2023-02-13,Store,S008,Completed,Debit Card,0.0
O0002476,C015228,2023-02-13,Store,S007,Completed,Credit Card,0.0
O0002483,C011353,2023-02-13,Store,S002,Completed,Gift Card,0.0
O0002486,C017285,2023-02-13,Store,S015,Completed,Digital Wallet,0.0
O0002492,C003475,2023-02-13,Store,S014,Completed,Credit Card,0.0
O0002499,C010039,2023-02-13,Store,S009,Completed,Credit Card,0.0
O0002505,C024449,2023-02-14,Store,S010,Completed,Credit Card,0.0
O0002518,C014330,2023-02-14,Store,S002,Completed,Debit Card,0.0
O0002529,C027295,2023-02-14,Pickup,S008,Completed,Debit Card,0.0
O0002530,C016416,2023-02-14,Store,S012,Completed,Credit Card,0.0
O0002532,C015786,2023-02-14,Online,,Completed,Digital Wallet,10.24
O0002534,C019272,2023-02-14,Store,S003,Completed,Digital Wallet,0.0
O0002548,C012386,2023-02-14,Store,S004,Completed,Credit Card,0.0
O0002561,C023664,2023-02-14,Store,S009,Completed,Credit Card,0.0
O0002577,C027098,2023-02-15,Store,S012,Completed,Credit Card,0.0
O0002580,C022086,2023-02-15,Online,,Cancelled,Debit Card,2.98
O0002581,C008940,2023-02-15,Store,S008,Completed,Debit Card,0.0
O0002610,C004990,2023-02-15,Store,S005,Completed,Debit Card,0.0
O0002611,C013819,2023-02-15,Online,,Completed,Digital Wallet,7.72
O0002614,C014171,2023-02-16,Store,S001,Completed,Credit Card,0.0
O0002616,C023049,2023-02-16,Online,,Returned,Credit Card,5.9
O0002625,C009607,2023-02-16,Online,,Completed,Digital Wallet,5.76
O0002635,C025425,2023-02-16,Pickup,S011,Completed,Debit Card,0.0
O0002636,C003659,2023-02-16,Online,,Completed,Debit Card,8.44
O0002646,C021467,2023-02-16,Store,S015,Completed,Credit Card,0.0
O0002647,C027069,2023-02-16,Store,S016,Completed,Credit Card,0.0
O0002651,C015343,2023-02-16,Store,S015,Completed,Debit Card,0.0
O0002674,C015981,2023-02-17,Pickup,S016,Completed,Debit Card,0.0
O0002684,C000937,2023-02-17,Store,S015,Completed,Credit Card,0.0
O0002708,C001699,2023-02-17,Pickup,S013,Completed,Credit Card,0.0
O0002725,C022257,2023-02-17,Online,,Completed,Digital Wallet,3.72
O0002729,C012408,2023-02-17,Online,,Completed,Credit Card,14.23
O0002730,C001938,2023-02-18,Store,S012,Completed,Credit Card,0.0
O0002731,C027271,2023-02-18,Pickup,S011,Completed,Credit Card,0.0
O0002743,C019807,2023-02-18,Store,S013,Completed,Credit Card,0.0
O0002746,C022687,2023-02-18,Pickup,S016,Completed,Credit Card,0.0
O0002747,C014619,2023-02-18,Pickup,S014,Completed,Credit Card,0.0
O0002756,C006903,2023-02-18,Online,,Completed,Credit Card,9.74
O0002770,C020127,2023-02-18,Store,S006,Completed,Credit Card,0.0
O0002771,C018702,2023-02-18,Pickup,S004,Completed,Credit Card,0.0
O0002772,C014338,2023-02-18,Store,S008,Completed,Credit Card,0.0
O0002777,C029344,2023-02-18,Pickup,S012,Completed,Credit Card,0.0
O0002781,C000874,2023-02-18,Store,S006,Completed,Credit Card,0.0
O0002783,C016486,2023-02-18,Online,,Cancelled,Debit Card,2.47
O0002793,C018304,2023-02-18,Pickup,S010,Completed,Digital Wallet,0.0
O0002800,C001488,2023-02-19,Pickup,S010,Completed,Credit Card,0.0
O0002805,C005502,2023-02-19,Store,S013,Completed,Gift Card,0.0
O0002806,C029505,2023-02-19,Store,S003,Completed,Digital Wallet,0.0
O0002817,C013962,2023-02-19,Store,S009,Returned,Debit Card,0.0
O0002819,C009903,2023-02-19,Pickup,S010,Completed,Digital Wallet,0.0
O0002823,C001164,2023-02-19,Online,,Completed,Debit Card,1.65
O0002827,C001665,2023-02-19,Store,S003,Completed,Digital Wallet,0.0
O0002829,C026332,2023-02-19,Pickup,S006,Completed,Credit Card,0.0
O0002831,C011074,2023-02-19,Online,,Completed,Credit Card,11.31
O0002838,C000200,2023-02-19,Store,S016,Completed,Credit Card,0.0
O0002848,C001685,2023-02-19,Store,S002,Returned,Credit Card,0.0
O0002853,C020606,2023-02-20,Online,,Completed,Digital Wallet,4.18
O0002857,C028526,2023-02-20,Online,,Completed,Debit Card,10.51
O0002860,C003691,2023-02-20,Store,S015,Completed,Credit Card,0.0
O0002863,C019317,2023-02-20,Pickup,S008,Completed,Credit Card,0.0
O0002886,C015987,2023-02-20,Store,S004,Completed,Digital Wallet,0.0
O0002895,C011741,2023-02-20,Online,,Completed,Digital Wallet,2.61
O0002906,C001960,2023-02-21,Store,S001,Completed,Debit Card,0.0
O0002907,C023588,2023-02-21,Pickup,S006,Completed,Digital Wallet,0.0
O0002911,C026555,2023-02-21,Store,S010,Completed,Digital Wallet,0.0
O0002926,C015080,2023-02-21,Store,S013,Completed,Credit Card,0.0
O0002931,C006509,2023-02-21,Store,S008,Completed,Digital Wallet,0.0
O0002934,C006978,2023-02-21,Online,,Completed,Credit Card,4.96
O0002936,C016686,2023-02-21,Online,,Completed,Credit Card,8.82
O0002965,C025144,2023-02-22,Online,,Completed,Credit Card,4.03
O0002966,C029358,2023-02-22,Store,S014,Completed,Digital Wallet,0.0
O0002967,C026598,2023-02-22,Online,,Completed,Credit Card,18.72
O0002976,C029815,2023-02-22,Online,,Completed,Debit Card,3.04
O0002977,C001091,2023-02-22,Store,S003,Completed,Digital Wallet,0.0
O0002978,C008181,2023-02-22,Store,S006,Completed,Credit Card,0.0
O0002984,C006509,2023-02-22,Store,S008,Completed,Debit Card,0.0
O0002987,C017901,2023-02-22,Online,,Completed,Credit Card,1.52
O0002993,C026546,2023-02-22,Online,,Completed,Credit Card,15.03
O0002994,C012369,2023-02-22,Store,S002,Completed,Digital Wallet,0.0
O0003009,C011944,2023-02-23,Pickup,S005,Completed,Digital Wallet,0.0
O0003015,C005333,2023-02-23,Pickup,S016,Completed,Debit Card,0.0
O0003026,C007469,2023-02-23,Online,,Completed,Credit Card,4.55
O0003030,C011944,2023-02-23,Store,S005,Completed,Credit Card,0.0
O0003031,C027295,2023-02-23,Pickup,S006,Completed,Digital Wallet,0.0
O0003032,C013041,2023-02-23,Store,S011,Completed,Credit Card,0.0
O0003034,C017958,2023-02-23,Online,,Completed,Digital Wallet,11.64
O0003035,C015985,2023-02-23,Store,S010,Completed,Credit Card,0.0
O0003036,C009682,2023-02-23,Online,,Completed,Credit Card,7.93
O0003052,C015802,2023-02-23,Store,S006,Completed,Credit Card,0.0
O0003067,C009903,2023-02-24,Store,S012,Completed,Credit Card,0.0
O0003070,C009332,2023-02-24,Store,S015,Completed,Debit Card,0.0
O0003079,C017960,2023-02-24,Store,S006,Completed,Credit Card,0.0
O0003090,C004743,2023-02-24,Pickup,S014,Completed,Credit Card,0.0
O0003091,C017035,2023-02-24,Pickup,S012,Completed,Credit Card,0.0
O0003100,C021505,2023-02-24,Online,,Cancelled,Credit Card,10.11
O0003102,C023863,2023-02-24,Store,S006,Completed,Digital Wallet,0.0
O0003109,C017757,2023-02-24,Store,S010,Completed,Credit Card,0.0
O0003111,C022110,2023-02-24,Online,,Completed,Credit Card,4.4
O0003134,C011592,2023-02-25,Pickup,S002,Completed,Credit Card,0.0
O0003136,C022017,2023-02-25,Online,,Completed,Debit Card,11.43
O0003146,C018937,2023-02-25,Online,,Completed,Digital Wallet,3.63
O0003151,C018876,2023-02-25,Online,,Completed,Credit Card,12.55
O0003152,C020834,2023-02-25,Store,S006,Completed,Gift Card,0.0
O0003157,C002765,2023-02-25,Store,S005,Completed,Credit Card,0.0
O0003161,C022501,2023-02-25,Pickup,S002,Completed,Credit Card,0.0
O0003162,C012607,2023-02-25,Store,S007,Completed,Debit Card,0.0
O0003164,C004171,2023-02-25,Pickup,S009,Completed,Credit Card,0.0
O0003184,C007487,2023-02-25,Online,,Completed,Credit Card,3.63
O0003188,C012974,2023-02-25,Pickup,S016,Completed,Digital Wallet,0.0
O0003209,C015011,2023-02-26,Online,,Completed,Credit Card,3.84
O0003227,C025884,2023-02-26,Online,,Completed,Credit Card,9.69
O0003235,C027935,2023-02-26,Store,S010,Completed,Credit Card,0.0
O0003239,C003493,2023-02-26,Store,S001,Completed,Digital Wallet,0.0
O0003248,C006509,2023-02-26,Store,S006,Completed,Credit Card,0.0
O0003252,C025559,2023-02-26,Online,,Completed,Credit Card,2.25
O0003255,C002486,2023-02-27,Store,S004,Completed,Digital Wallet,0.0
O0003261,C011772,2023-02-27,Pickup,S003,Completed,Debit Card,0.0
O0003277,C000280,2023-02-27,Store,S011,Returned,Debit Card,0.0
O0003281,C006033,2023-02-27,Store,S007,Completed,Credit Card,0.0
O0003284,C012676,2023-02-27,Online,,Completed,Digital Wallet,4.09
O0003287,C000748,2023-02-27,Online,,Completed,Credit Card,13.18
O0003288,C027935,2023-02-27,Pickup,S010,Completed,Credit Card,0.0
O0003290,C006030,2023-02-27,Store,S015,Completed,Credit Card,0.0
O0003291,C026759,2023-02-27,Online,,Completed,Debit Card,0.74
O0003294,C028718,2023-02-27,Online,,Returned,Debit Card,2.8
O0003296,C013746,2023-02-27,Store,S005,Completed,Debit Card,0.0
O0003303,C023024,2023-02-28,Online,,Completed,Credit Card,7.73
O0003305,C011029,2023-02-28,Online,,Completed,Credit Card,4.85
O0003321,C012619,2023-02-28,Store,S015,Completed,Debit Card,0.0
O0003328,C014984,2023-02-28,Pickup,S013,Completed,Digital Wallet,0.0
O0003337,C002056,2023-02-28,Online,,Completed,Debit Card,5.26
O0003343,C005035,2023-02-28,Online,,Completed,Credit Card,5.21
O0003350,C023309,2023-02-28,Store,S009,Completed,Credit Card,0.0
O0003351,C003674,2023-02-28,Online,,Completed,Debit Card,1.07
O0003355,C005605,2023-02-28,Online,,Completed,Credit Card,8.85
O0003366,C009253,2023-03-01,Store,S002,Completed,Digital Wallet,0.0
O0003374,C028510,2023-03-01,Online,,Completed,Digital Wallet,7.86
O0003394,C009503,2023-03-01,Online,,Returned,Credit Card,3.89
O0003402,C029218,2023-03-01,Pickup,S004,Completed,Credit Card,0.0
O0003423,C017977,2023-03-02,Online,,Completed,Digital Wallet,9.34
O0003431,C025638,2023-03-02,Online,,Completed,Digital Wallet,4.03
O0003443,C021091,2023-03-02,Store,S008,Completed,Credit Card,0.0
O0003445,C026923,2023-03-02,Online,,Completed,Debit Card,4.97
O0003459,C022124,2023-03-02,Store,S012,Completed,Credit Card,0.0
O0003461,C016984,2023-03-02,Online,,Cancelled,Debit Card,3.45
O0003473,C001191,2023-03-02,Pickup,S012,Completed,Digital Wallet,0.0
O0003475,C006532,2023-03-02,Pickup,S003,Completed,Debit Card,0.0
O0003480,C017042,2023-03-02,Store,S004,Completed,Credit Card,0.0
O0003486,C029613,2023-03-02,Online,,Completed,Debit Card,2.35
O0003489,C010983,2023-03-03,Store,S013,Completed,Digital Wallet,0.0
O0003490,C008940,2023-03-03,Online,,Completed,Debit Card,3.27
O0003492,C010657,2023-03-03,Store,S016,Completed,Gift Card,0.0
O0003500,C024157,2023-03-03,Online,,Completed,Digital Wallet,5.7
O0003501,C006539,2023-03-03,Store,S014,Completed,Credit Card,0.0
O0003526,C018785,2023-03-03,Pickup,S008,Completed,Credit Card,0.0
O0003527,C012574,2023-03-03,Store,S002,Completed,Digital Wallet,0.0
O0003542,C006825,2023-03-03,Online,,Completed,Credit Card,12.0
O0003547,C006135,2023-03-03,Online,,Completed,Debit Card,14.65
O0003552,C011074,2023-03-03,Online,,Completed,Digital Wallet,3.94
O0003553,C024513,2023-03-03,Store,S014,Completed,Credit Card,0.0
O0003557,C015066,2023-03-04,Online,,Completed,Digital Wallet,7.18
O0003559,C003283,2023-03-04,Pickup,S005,Completed,Credit Card,0.0
O0003570,C005462,2023-03-04,Online,,Completed,Credit Card,9.75
O0003579,C016558,2023-03-04,Online,,Completed,Digital Wallet,6.5
O0003589,C019940,2023-03-04,Online,,Completed,Digital Wallet,21.73
O0003613,C001938,2023-03-05,Pickup,S012,Returned,Digital Wallet,0.0
O0003618,C014262,2023-03-05,Online,,Completed,Credit Card,4.83
O0003627,C013131,2023-03-05,Online,,Completed,Credit Card,4.24
O0003631,C020593,2023-03-05,Store,S006,Completed,Debit Card,0.0
O0003633,C019315,2023-03-05,Online,,Completed,Credit Card,13.57
O0003634,C002030,2023-03-05,Online,,Returned,Digital Wallet,4.93
O0003639,C021483,2023-03-05,Store,S001,Completed,Debit Card,0.0
O0003663,C025444,2023-03-05,Online,,Completed,Digital Wallet,3.36
O0003667,C007389,2023-03-06,Store,S014,Completed,Digital Wallet,0.0
O0003674,C007504,2023-03-06,Store,S001,Completed,Digital Wallet,0.0
O0003675,C025978,2023-03-06,Store,S004,Completed,Credit Card,0.0
O0003685,C010230,2023-03-06,Store,S004,Completed,Credit Card,0.0
O0003688,C026931,2023-03-06,Online,,Completed,Credit Card,1.1
O0003691,C008048,2023-03-06,Online,,Completed,Credit Card,8.71
O0003694,C011496,2023-03-06,Online,,Completed,Debit Card,7.21
O0003699,C029475,2023-03-06,Online,,Completed,Credit Card,13.7
O0003704,C009683,2023-03-06,Online,,Completed,Credit Card,4.56
O0003705,C025444,2023-03-06,Online,,Completed,Debit Card,2.8
O0003710,C001665,2023-03-06,Online,,Completed,Gift Card,6.71
O0003722,C010095,2023-03-06,Pickup,S015,Completed,Credit Card,0.0
O0003746,C001924,2023-03-07,Online,,Completed,Debit Card,5.96
O0003753,C004085,2023-03-07,Store,S016,Completed,Digital Wallet,0.0
O0003757,C029340,2023-03-07,Online,,Completed,Credit Card,12.26
O0003763,C017352,2023-03-07,Store,S001,Completed,Digital Wallet,0.0
O0003764,C020654,2023-03-07,Store,S002,Completed,Digital Wallet,0.0
O0003775,C000739,2023-03-07,Online,,Completed,Digital Wallet,6.39
O0003779,C028100,2023-03-07,Store,S004,Completed,Credit Card,0.0
O0003784,C012691,2023-03-07,Online,,Completed,Credit Card,7.9
O0003785,C015801,2023-03-07,Online,,Completed,Digital Wallet,6.54
O0003802,C029788,2023-03-08,Pickup,S003,Completed,Digital Wallet,0.0
O0003803,C013815,2023-03-08,Store,S008,Completed,Debit Card,0.0
O0003810,C007446,2023-03-08,Online,,Completed,Credit Card,3.63
O0003820,C023629,2023-03-08,Pickup,S008,Completed,Credit Card,0.0
O0003828,C004409,2023-03-08,Pickup,S001,Completed,Digital Wallet,0.0
O0003830,C020726,2023-03-08,Online,,Completed,Credit Card,6.16
O0003837,C018522,2023-03-08,Online,,Completed,Credit Card,1.09
O0003864,C000743,2023-03-09,Online,,Completed,Credit Card,8.15
O0003878,C016335,2023-03-09,Pickup,S016,Completed,Digital Wallet,0.0
O0003880,C009321,2023-03-09,Online,,Completed,Gift Card,6.86
O0003893,C002287,2023-03-09,Store,S009,Completed,Credit Card,0.0
O0003902,C025639,2023-03-09,Store,S014,Completed,Credit Card,0.0
O0003904,C000289,2023-03-09,Online,,Completed,Credit Card,3.54
O0003908,C006423,2023-03-10,Store,S010,Completed,Credit Card,0.0
O0003938,C009905,2023-03-10,Online,,Completed,Debit Card,5.87
O0003947,C009444,2023-03-10,Pickup,S004,Completed,Credit Card,0.0
O0003960,C004340,2023-03-10,Online,,Completed,Digital Wallet,5.27
O0003963,C028186,2023-03-10,Online,,Completed,Digital Wallet,8.21
O0003965,C020384,2023-03-11,Store,S001,Completed,Gift Card,0.0
O0003968,C026597,2023-03-11,Store,S013,Completed,Debit Card,0.0
O0003981,C019807,2023-03-11,Online,,Completed,Credit Card,1.09
O0003986,C014726,2023-03-11,Online,,Completed,Gift Card,13.45
O0003989,C027275,2023-03-11,Store,S004,Completed,Credit Card,0.0
O0004007,C008279,2023-03-11,Store,S015,Completed,Digital Wallet,0.0
O0004010,C016868,2023-03-11,Online,,Completed,Digital Wallet,3.76
O0004014,C009135,2023-03-11,Store,S003,Completed,Credit Card,0.0
O0004032,C021111,2023-03-12,Store,S011,Completed,Credit Card,0.0
O0004034,C029603,2023-03-12,Online,,Completed,Debit Card,1.06
O0004038,C000324,2023-03-12,Store,S010,Completed,Digital Wallet,0.0
O0004039,C001677,2023-03-12,Online,,Completed,Credit Card,1.55
O0004065,C019317,2023-03-12,Online,,Completed,Debit Card,11.13
O0004073,C018068,2023-03-12,Pickup,S007,Completed,Digital Wallet,0.0
O0004082,C001244,2023-03-12,Online,,Completed,Credit Card,10.04
O0004107,C025638,2023-03-13,Store,S008,Completed,Credit Card,0.0
O0004114,C013076,2023-03-13,Store,S005,Cancelled,Gift Card,0.0
O0004131,C000347,2023-03-13,Store,S005,Completed,Credit Card,0.0
O0004138,C010883,2023-03-13,Online,,Completed,Debit Card,4.47
O0004140,C027658,2023-03-13,Online,,Completed,Gift Card,3.78
O0004152,C004171,2023-03-14,Store,S009,Completed,Debit Card,0.0
O0004169,C022686,2023-03-14,Online,,Completed,Credit Card,0.59
O0004185,C025984,2023-03-14,Online,,Completed,Credit Card,6.94
O0004186,C027658,2023-03-14,Online,,Completed,Credit Card,3.11
O0004193,C022277,2023-03-15,Store,S002,Completed,Credit Card,0.0
O0004199,C018338,2023-03-15,Online,,Completed,Debit Card,4.02
O0004212,C004933,2023-03-15,Online,,Completed,Digital Wallet,7.49
O0004216,C018336,2023-03-15,Online,,Completed,Credit Card,3.6
O0004219,C029305,2023-03-15,Store,S001,Completed,Debit Card,0.0
O0004223,C016975,2023-03-15,Online,,Completed,Credit Card,3.55
O0004227,C012706,2023-03-15,Online,,Completed,Digital Wallet,4.12
O0004229,C020483,2023-03-15,Online,,Returned,Digital Wallet,4.83
O0004241,C014619,2023-03-15,Pickup,S015,Completed,Debit Card,0.0
O0004245,C028968,2023-03-15,Online,,Completed,Debit Card,0.61
O0004257,C016798,2023-03-15,Online,,Completed,Digital Wallet,2.35
O0004271,C011636,2023-03-16,Store,S016,Completed,Debit Card,0.0
O0004303,C002542,2023-03-16,Store,S008,Returned,Digital Wallet,0.0
O0004320,C025638,2023-03-16,Pickup,S006,Completed,Credit Card,0.0
O0004325,C024625,2023-03-16,Online,,Completed,Digital Wallet,10.12
O0004328,C002745,2023-03-16,Online,,Completed,Credit Card,9.48
O0004346,C020959,2023-03-17,Store,S006,Returned,Credit Card,0.0
O0004347,C021467,2023-03-17,Pickup,S016,Returned,Credit Card,0.0
O0004356,C005599,2023-03-17,Store,S007,Completed,Debit Card,0.0
O0004374,C012210,2023-03-17,Online,,Completed,Digital Wallet,7.18
O0004376,C017032,2023-03-17,Online,,Completed,Credit Card,10.6
O0004381,C017796,2023-03-17,Store,S001,Completed,Credit Card,0.0
O0004388,C029869,2023-03-17,Store,S004,Completed,Debit Card,0.0
O0004391,C024216,2023-03-17,Store,S012,Completed,Digital Wallet,0.0
O0004395,C006940,2023-03-17,Online,,Completed,Digital Wallet,3.96
O0004422,C022896,2023-03-18,Online,,Completed,Credit Card,10.95
O0004428,C024166,2023-03-18,Store,S012, complete ,Digital Wallet,0.0
O0004429,C001378,2023-03-18,Store,S013,Completed,Credit Card,0.0
O0004431,C017266,2023-03-18,Online,,Completed,Debit Card,12.24
O0004433,C026702,2023-03-18,Store,S001,Completed,Gift Card,0.0
O0004443,C028844,2023-03-18,Store,S004,Completed,Credit Card,0.0
O0004459,C016672,2023-03-18,Store,S005,Completed,Credit Card,0.0
O0004474,C003703,2023-03-19,Pickup,S005,Returned,Digital Wallet,0.0
O0004483,C025515,2023-03-19,Pickup,S005,Completed,Gift Card,0.0
O0004484,C023842,2023-03-19,Store,S016,Completed,Credit Card,0.0
O0004487,C004895,2023-03-19,Pickup,S016,Completed,Credit Card,0.0
O0004492,C028968,2023-03-19,Store,S012,Completed,Credit Card,0.0
O0004497,C010599,2023-03-19,Store,S005,Completed,Credit Card,0.0
O0004499,C025493,2023-03-19,Online,,Completed,Credit Card,2.4
O0004517,C003708,2023-03-19,Store,S006,Completed,Digital Wallet,0.0
O0004532,C009227,2023-03-19,Online,,Completed,Debit Card,9.56
O0004540,C022357,2023-03-19,Online,,Completed,Credit Card,5.64
O0004541,C017428,2023-03-19,Store,S008,Completed,Debit Card,0.0
O0004543,C015802,2023-03-19,Store,S005,Completed,Debit Card,0.0
O0004552,C002241,2023-03-20,Online,,Completed,Credit Card,7.07
O0004553,C029673,2023-03-20,Online,,Completed,Credit Card,7.86
O0004556,C006509,2023-03-20,Online,,Returned,Credit Card,5.89
O0004558,C023672,2023-03-20,Online,,Returned,Digital Wallet,3.94
O0004559,C023518,2023-03-20,Pickup,S003,Returned,Credit Card,0.0
O0004566,C010657,2023-03-20,Store,S016,Completed,Credit Card,0.0
O0004574,C001685,2023-03-20,Online,,Cancelled,Debit Card,3.13
O0004605,C021265,2023-03-21,Store,S014,Returned,Debit Card,0.0
O0004608,C008869,2023-03-21,Pickup,S003,Completed,Credit Card,0.0
O0004609,C022198,2023-03-21,Store,S007,Cancelled,Credit Card,0.0
O0004612,C025208,2023-03-21,Store,S003,Returned,Debit Card,0.0
O0004619,C000197,2023-03-21,Store,S006,Completed,Gift Card,0.0
O0004627,C000874,2023-03-21,Store,S006,Completed,Credit Card,0.0
O0004636,C023468,2023-03-21,Online,,Completed,Credit Card,4.07
O0004639,C020263,2023-03-21,Store,S012,Completed,Credit Card,0.0
O0004644,C018773,2023-03-21,Online,,Completed,Credit Card,3.59
O0004662,C023629,2023-03-22,Store,S008,Completed,Credit Card,0.0
O0004694,C014171,2023-03-22,Store,S003,Completed,Credit Card,0.0
O0004697,C001216,2023-03-22,Online,,Completed,Debit Card,5.89
O0004699,C003777,2023-03-22,Store,S003,Completed,Credit Card,0.0
O0004715,C025144,2023-03-23,Online,,Completed,Credit Card,9.18
O0004720,C017497,2023-03-23,Online,,Completed,Credit Card,9.46
O0004721,C024430,2023-03-23,Online,,Completed,Debit Card,5.61
O0004734,C021164,2023-03-23,Online,,Completed,Gift Card,6.27
O0004735,C016984,2023-03-23,Online,,Completed,Digital Wallet,5.95
O0004746,C022113,2023-03-23,Online,,Completed,Gift Card,2.2
O0004747,C024513,2023-03-23,Store,S016,Completed,Credit Card,0.0
O0004751,C024147,2023-03-23,Store,S008,Completed,Credit Card,0.0
O0004752,C008619,2023-03-23,Online,,Completed,Debit Card,6.91
O0004756,C016584,2023-03-24,Online,,Completed,Credit Card,5.76
O0004758,C006978,2023-03-24,Online,,Completed,Debit Card,5.22
O0004762,C024787,2023-03-24,Online,,Completed,Digital Wallet,6.89
O0004771,C002120,2023-03-24,Online,,Completed,Credit Card,2.81
O0004803,C001643,2023-03-24,Online,,Completed,Credit Card,9.03
O0004805,C017868,2023-03-24,Store,S006,Cancelled,Debit Card,0.0
O0004816,C015092,2023-03-24,Store,S002,Completed,Digital Wallet,0.0
O0004824,C016271,2023-03-24,Store,S012,Completed,Digital Wallet,0.0
O0004826,C004757,2023-03-24,Pickup,S004,Completed,Debit Card,0.0
O0004836,C023036,2023-03-25,Online,,Completed,Credit Card,3.0
O0004837,C017285,2023-03-25,Online,,Completed,Debit Card,3.69
O0004840,C014971,2023-03-25,Online,,Completed,Debit Card,7.61
O0004851,C019264,2023-03-25,Online,,Returned,Credit Card,2.98
O0004859,C026232,2023-03-25,Store,S015,Completed,Gift Card,0.0
O0004861,C024372,2023-03-25,Online,,Completed,Debit Card,7.84
O0004868,C012739,2023-03-25,Online,,Completed,Credit Card,4.11
O0004898,C020087,2023-03-25,Online,,Completed,Debit Card,5.26
O0004915,C026120,2023-03-26,Online,,Completed,Digital Wallet,11.58
O0004927,C021267,2023-03-26,Store,S007,Returned,Gift Card,0.0
O0004936,C007446,2023-03-26,Online,,Returned,Credit Card,16.08
O0004948,C020606,2023-03-26,Store,S016,Completed,Debit Card,0.0
O0004956,C025559,2023-03-26,Online,,Completed,Debit Card,2.39
O0004962,C020986,2023-03-26,Store,S006,Completed,Debit Card,0.0
O0004969,C023772,2023-03-26,Pickup,S008,Completed,Digital Wallet,0.0
O0004972,C005860,2023-03-26,Online,,Completed,Digital Wallet,1.18
O0004974,C012866,2023-03-26,Store,S015,Completed,Credit Card,0.0
O0004982,C007648,2023-03-26,Pickup,S014,Cancelled,Digital Wallet,0.0
O0004993,C008021,2023-03-27,Pickup,S013,Completed,Credit Card,0.0
O0004996,C011623,2023-03-27,Store,S012,Cancelled,Credit Card,0.0
O0005003,C011277,2023-03-27,Pickup,S005,Returned,Digital Wallet,0.0
O0005005,C003708,2023-03-27,Online,,Cancelled,Credit Card,8.2
O0005007,C016852,2023-03-27,Online,,Cancelled,Digital Wallet,2.15
O0005012,C023813,2023-03-27,Online,,Completed,Digital Wallet,4.07
O0005015,C005501,2023-03-27,Online,,Completed,Gift Card,2.66
O0005023,C010407,2023-03-27,Online,,Returned,Debit Card,5.47
O0005034,C013029,2023-03-27,Store,S011,Completed,Debit Card,0.0
O0005060,C017244,2023-03-28,Online,,Cancelled,Debit Card,8.12
O0005065,C001643,2023-03-28,Online,,Completed,Credit Card,10.65
O0005074,C024157,2023-03-28,Store,S015,Completed,Credit Card,0.0
O0005077,C019862,2023-03-28,Online,,Completed,Debit Card,4.23
O0005078,C012141,2023-03-28,Online,,Completed,Credit Card,4.9
O0005080,C006129,2023-03-28,Store,S010,Completed,Debit Card,0.0
O0005095,C009398,2023-03-28,Store,S001,Completed,Credit Card,0.0
O0005102,C011512,2023-03-28,Store,S010,Completed,Credit Card,0.0
O0005104,C018933,2023-03-28,Online,,Completed,Debit Card,1.68
O0005108,C018335,2023-03-28,Online,,Completed,Digital Wallet,2.44
O0005112,C018394,2023-03-28,Online,,Completed,Debit Card,3.99
O0005120,C004221,2023-03-29,Store,S005,Completed,Debit Card,0.0
O0005134,C009392,2023-03-29,Pickup,S004,Completed,Credit Card,0.0
O0005141,C011703,2023-03-29,Online,,Completed,Credit Card,11.71
O0005144,C013639,2023-03-29,Store,S002,Completed,Credit Card,0.0
O0005149,C014951,2023-03-29,Online,,Completed,Credit Card,7.78
O0005150,C002950,2023-03-29,Online,,Completed,Debit Card,6.87
O0005156,C005253,2023-03-29,Online,,Completed,Credit Card,10.4
O0005158,C026543,2023-03-29,Online,,Completed,Debit Card,5.94
O0005164,C000533,2023-03-29,Store,S010,Completed,Debit Card,0.0
O0005165,C021267,2023-03-29,Store,S006,Completed,Debit Card,0.0
O0005169,C018004,2023-03-29,Online,,Completed,Debit Card,4.32
O0005172,C006903,2023-03-29,Online,,Completed,Credit Card,10.54
O0005174,C021479,2023-03-29,Store,S006,Completed,Credit Card,0.0
O0005186,C017958,2023-03-30,Pickup,S011,Cancelled,Digital Wallet,0.0
O0005191,C003848,2023-03-30,Online,,Completed,Credit Card,11.35
O0005212,C020483,2023-03-30,Store,S009,Completed,Credit Card,0.0
O0005213,C021286,2023-03-30,Store,S013,Completed,Credit Card,0.0
O0005215,C029658,2023-03-30,Store,S010,Completed,Credit Card,0.0
O0005237,C009304,2023-03-30,Store,S009,Completed,Debit Card,0.0
O0005267,C026088,2023-03-31,Store,S007,Completed,Digital Wallet,0.0
O0005269,C010575,2023-03-31,Online,,Completed,Debit Card,0.88
O0005271,C002120,2023-03-31,Store,S012,Completed,Gift Card,0.0
O0005284,C015416,2023-03-31,Store,S005,Completed,Credit Card,0.0
O0005285,C024625,2023-03-31,Pickup,S004,Completed,Debit Card,0.0
O0005286,C009586,2023-03-31,Pickup,S013,Completed,Credit Card,0.0
O0005310,C028574,2023-04-01,Pickup,S002,Completed,Credit Card,0.0
O0005315,C029162,2023-04-01,Online,,Completed,Digital Wallet,2.95
O0005317,C009699,2023-04-01,Online,,Completed,Debit Card,6.34
O0005321,C018009,2023-04-01,Online,,Completed,Digital Wallet,2.74
O0005332,C015462,2023-04-01,Pickup,S011,Completed,Debit Card,0.0
O0005341,C027103,2023-04-01,Online,,Completed,Credit Card,5.87
O0005353,C003848,2023-04-01,Online,,Completed,Credit Card,6.31
O0005358,C026232,2023-04-02,Store,S016,Completed,Digital Wallet,0.0
O0005365,C021513,2023-04-02,Online,,Completed,Credit Card,1.87
O0005366,C011792,2023-04-02,Store,S012,Completed,Debit Card,0.0
O0005373,C027651,2023-04-02,Store,S014,Completed,Debit Card,0.0
O0005391,C029031,2023-04-02,Store,S001,Cancelled,Credit Card,0.0
O0005393,C005976,2023-04-02,Online,,Completed,Credit Card,2.55
O0005394,C002586,2023-04-02,Store,S001,Completed,Credit Card,0.0
O0005399,C026546,2023-04-02,Pickup,S001,Completed,Credit Card,0.0
O0005404,C020200,2023-04-02,Store,S004,Completed,Credit Card,0.0
O0005408,C008378,2023-04-02,Online,,Completed,Credit Card,5.36
O0005418,C009398,2023-04-02,Online,,Completed,Debit Card,15.96
O0005428,C008887,2023-04-02,Online,,Completed,Debit Card,1.17
O0005439,C028418,2023-04-03,Online,,Completed,Credit Card,3.19
O0005448,C002486,2023-04-03,Store,S002,Returned,Digital Wallet,0.0
O0005454,C025559,2023-04-03,Store,S001,Completed,Credit Card,0.0
O0005465,C024456,2023-04-03,Online,,Completed,Digital Wallet,2.16
O0005468,C028358,2023-04-03,Store,S007,Completed,Debit Card,0.0
O0005473,C004635,2023-04-03,Online,,Completed,Debit Card,4.34
O0005482,C000007,2023-04-03,Store,S011,Completed,Digital Wallet,0.0
O0005489,C015571,2023-04-03,Online,,Completed,Gift Card,2.32
O0005500,C000383,2023-04-04,Store,S004,Cancelled,Credit Card,0.0
O0005502,C001924,2023-04-04,Online,,Completed,Debit Card,5.18
O0005503,C025344,2023-04-04,Online,,Completed,Digital Wallet,2.74
O0005508,C028510,2023-04-04,Online,,Completed,Digital Wallet,6.66
O0005517,C025043,2023-04-04,Store,S005,Completed,Debit Card,0.0
O0005525,C008973,2023-04-04,Online,,Completed,Digital Wallet,1.94
O0005526,C008035,2023-04-04,Online,,Completed,Credit Card,7.57
O0005540,C028663,2023-04-04,Online,,Completed,Credit Card,6.37
O0005541,C024216,2023-04-04,Online,,Completed,Credit Card,10.05
O0005547,C021479,2023-04-04,Online,,Returned,Debit Card,8.01
O0005549,C024340,2023-04-04,Store,S004,Completed,Digital Wallet,0.0
O0005550,C024815,2023-04-04,Store,S004,Completed,Digital Wallet,0.0
O0005569,C025418,2023-04-05,Pickup,S008,Completed,Digital Wallet,0.0
O0005577,C014494,2023-04-05,Store,S002,Completed,Credit Card,0.0
O0005586,C007654,2023-04-05,Online,,Completed,Debit Card,22.71
O0005587,C007113,2023-04-05,Online,,Completed,Debit Card,6.71
O0005596,C007555,2023-04-05,Pickup,S005,Completed,Credit Card,0.0
O0005606,C028869,2023-04-06,Store,S010,Completed,Credit Card,0.0
O0005610,C029574,2023-04-06,Online,,Completed,Debit Card,15.71
O0005629,C025764,2023-04-06,Store,S015,Completed,Credit Card,0.0
O0005632,C015988,2023-04-06,Pickup,S008,Returned,Credit Card,0.0
O0005635,C028869,2023-04-06,Online,,Cancelled,Digital Wallet,8.47
O0005659,C000822,2023-04-06,Store,S005,Completed,Credit Card,0.0
O0005666,C022368,2023-04-07,Store,S016,Completed,Debit Card,0.0
O0005675,C022618,2023-04-07,Online,,Completed,Digital Wallet,5.33
O0005681,C025515,2023-04-07,Online,,Completed,Digital Wallet,1.7
O0005683,C002908,2023-04-07,Online,,Completed,Digital Wallet,2.3
O0005690,C002030,2023-04-07,Online,,Completed,Credit Card,13.04
O0005698,C008471,2023-04-07,Store,S012,Returned,Debit Card,0.0
O0005700,C030000,2023-04-07,Store,S012,Completed,Debit Card,0.0
O0005712,C004242,2023-04-07,Store,S004,Completed,Credit Card,0.0
O0005713,C002321,2023-04-07,Store,S006,Completed,Digital Wallet,0.0
O0005717,C015077,2023-04-08,Online,,Completed,Digital Wallet,3.68
O0005779,C025969,2023-04-09,Online,,Completed,Credit Card,10.6
O0005780,C002120,2023-04-09,Pickup,S011,Completed,Credit Card,0.0
O0005781,C006068,2023-04-09,Store,S003,Completed,Credit Card,0.0
O0005798,C014065,2023-04-09,Online,,Completed,Credit Card,4.03
O0005810,C026502,2023-04-09,Online,,Completed,Gift Card,0.36
O0005812,C005237,2023-04-09,Online,,Completed,Debit Card,4.8
O0005818,C029574,2023-04-09,Store,S001,Completed,Digital Wallet,0.0
O0005820,C011074,2023-04-09,Pickup,S012,Completed,Credit Card,0.0
O0005823,C029029,2023-04-09,Store,S015,Completed,Digital Wallet,0.0
O0005827,C020641,2023-04-09,Online,,Completed,Digital Wallet,8.12
O0005828,C024103,2023-04-09,Store,S004,Returned,Gift Card,0.0
O0005831,C021467,2023-04-09,Online,,Completed,Digital Wallet,6.25
O0005844,C013499,2023-04-10,Pickup,S011,Completed,Credit Card,0.0
O0005845,C015802,2023-04-10,Pickup,S005,Completed,Gift Card,0.0
O0005857,C023813,2023-04-10,Store,S014,Completed,Credit Card,0.0
O0005872,C022357,2023-04-10,Store,S004,Completed,Digital Wallet,0.0
O0005875,C022569,2023-04-10,Pickup,S002,Completed,Credit Card,0.0
O0005894,C021524,2023-04-11,Online,,Completed,Debit Card,3.61
O0005898,C023234,2023-04-11,Online,,Completed,Digital Wallet,19.1
O0005902,C015290,2023-04-11,Online,,Completed,Credit Card,7.59
O0005928,C017035,2023-04-11,Store,S010,Completed,Credit Card,0.0
O0005938,C012705,2023-04-11,Online,,Completed,Digital Wallet,7.74
O0005939,C009310,2023-04-11,Online,,Completed,Debit Card,6.17
O0005950,C002665,2023-04-12,Store,S003,Completed,Credit Card,0.0
O0005962,C011506,2023-04-12,Store,S011,Returned,Digital Wallet,0.0
O0005970,C008241,2023-04-12,Online,,Completed,Credit Card,1.23
O0005971,C016868,2023-04-12,Store,S008,Completed,Gift Card,0.0
O0005986,C006903,2023-04-12,Pickup,S007,Completed,Credit Card,0.0
O0005991,C016557,2023-04-12,Pickup,S005,Completed,Debit Card,0.0
O0005997,C014404,2023-04-12,Online,,Completed,Credit Card,7.14
O0006007,C008349,2023-04-12,Online,,Completed,Digital Wallet,6.08
O0006008,C025998,2023-04-12,Online,,Completed,Digital Wallet,10.63
O0006018,C013721,2023-04-13,Pickup,S007,Completed,Credit Card,0.0
O0006025,C002983,2023-04-13,Online,,Completed,Credit Card,2.01
O0006026,C027428,2023-04-13,Online,,Completed,Digital Wallet,4.82
O0006039,C029788,2023-04-13,Pickup,S002,Completed,Digital Wallet,0.0
O0006070,C012125,2023-04-13,Store,S013,Completed,Credit Card,0.0
O0006071,C003269,2023-04-13,Online,,Completed,Debit Card,10.13
O0006072,C005333,2023-04-13,Store,S013,Completed,Digital Wallet,0.0
O0006084,C014929,2023-04-14,Store,S002,Completed,Credit Card,0.0
O0006087,C004773,2023-04-14,Online,,Completed,Debit Card,13.59
O0006089,C013119,2023-04-14,Store,S001,Returned,Credit Card,0.0
O0006094,C011888,2023-04-14,Online,,Returned,Credit Card,2.55
O0006103,C012682,2023-04-14,Online,,Completed,Gift Card,8.4
O0006108,C029985,2023-04-14,Store,S014,Completed,Credit Card,0.0
O0006131,C006759,2023-04-15,Online,,Completed,Debit Card,0.86
O0006143,C012478,2023-04-15,Pickup,S008,Completed,Credit Card,0.0
O0006150,C024372,2023-04-15,Store,S013,Completed,Credit Card,0.0
O0006154,C004344,2023-04-15,Store,S006,Completed,Credit Card,0.0
O0006155,C025113,2023-04-15,Pickup,S012,Completed,Gift Card,0.0
O0006162,C024186,2023-04-15,Pickup,S001,Completed,Credit Card,0.0
O0006163,C011192,2023-04-15,Online,,Completed,Credit Card,6.53
O0006164,C015545,2023-04-15,Online,,Completed,Credit Card,13.62
O0006165,C029603,2023-04-15,Online,,Completed,Digital Wallet,2.2
O0006172,C025355,2023-04-15,Store,S011,Completed,Debit Card,0.0
O0006176,C017434,2023-04-15,Online,,Completed,Debit Card,6.02
O0006181,C028968,2023-04-15,Store,S009,Returned,Credit Card,0.0
O0006184,C023069,2023-04-15,Store,S005,Completed,Credit Card,0.0
O0006186,C016798,2023-04-15,Online,,Completed,Gift Card,5.94
O0006190,C018335,2023-04-15,Online,,Completed,Digital Wallet,6.83
O0006191,C000486,2023-04-15,Online,,Completed,Digital Wallet,6.46
O0006194,C000658,2023-04-15,Store,S006,Completed,Credit Card,0.0
O0006211,C002044,2023-04-16,Store,S005,Completed,Gift Card,0.0
O0006225,C013572,2023-04-16,Store,S007,Completed,Gift Card,0.0
O0006226,C009408,2023-04-16,Online,,Completed,Credit Card,4.29
O0006233,C021624,2023-04-16,Store,S006,Completed,Debit Card,0.0
O0006235,C029869,2023-04-16,Pickup,S002,Returned,Debit Card,0.0
O0006238,C008675,2023-04-16,Store,S003,Completed,Credit Card,0.0
O0006246,C016613,2023-04-16,Store,S007,Completed,Credit Card,0.0
O0006252,C007213,2023-04-16,Pickup,S015,Completed,Digital Wallet,0.0
O0006253,C023935,2023-04-16,Online,,Completed,Credit Card,11.92
O0006255,C025756,2023-04-16,Online,,Completed,Credit Card,4.02
O0006256,C013815,2023-04-16,Online,,Completed,Digital Wallet,6.37
O0006258,C029357,2023-04-16,Online,,Completed,Credit Card,4.27
O0006274,C011092,2023-04-17,Online,,Completed,Credit Card,10.04
O0006277,C025816,2023-04-17,Store,S006,Completed,Credit Card,0.0
O0006278,C011498,2023-04-17,Pickup,S005,Completed,Digital Wallet,0.0
O0006289,C000912,2023-04-17,Store,S016,Returned,Credit Card,0.0
O0006291,C009729,2023-04-17,Store,S013,Completed,Credit Card,0.0
O0006293,C026232,2023-04-17,Store,S016,Completed,Debit Card,0.0
O0006294,C008224,2023-04-17,Online,,Completed,Credit Card,5.23
O0006296,C000424,2023-04-17,Online,,Completed,Digital Wallet,13.47
O0006306,C029475,2023-04-17,Pickup,S008,Completed,Digital Wallet,0.0
O0006317,C018603,2023-04-17,Store,S009,Returned,Credit Card,0.0
O0006319,C003384,2023-04-17,Store,S002,Completed,Debit Card,0.0
O0006323,C026692,2023-04-17,Store,S006,Completed,Debit Card,0.0
O0006341,C018369,2023-04-18,Store,S004,Completed,Credit Card,0.0
O0006347,C022860,2023-04-18,Store,S010,Completed,Debit Card,0.0
O0006365,C021348,2023-04-18,Pickup,S009,Completed,Digital Wallet,0.0
O0006366,C012288,2023-04-18,Store,S009,Completed,Digital Wallet,0.0
O0006367,C027654,2023-04-18,Online,,Completed,Credit Card,3.07
O0006373,C026784,2023-04-18,Pickup,S005,Completed,Credit Card,0.0
O0006374,C001792,2023-04-18,Online,,Completed,Digital Wallet,4.21
O0006381,C002251,2023-04-19,Online,,Completed,Credit Card,0.71
O0006388,C014109,2023-04-19,Store,S013,Completed,Digital Wallet,0.0
O0006391,C009294,2023-04-19,Pickup,S011,Completed,Credit Card,0.0
O0006394,C002241,2023-04-19,Store,S014,Completed,Credit Card,0.0
O0006397,C006539,2023-04-19,Pickup,S015,Completed,Debit Card,0.0
O0006398,C021524,2023-04-19,Store,S015,Completed,Credit Card,0.0
O0006402,C010439,2023-04-19,Online,,Completed,Credit Card,2.35
O0006406,C029678,2023-04-19,Online,,Completed,Credit Card,2.3
O0006414,C018087,2023-04-19,Online,,Completed,Credit Card,7.61
O0006419,C011294,2023-04-19,Online,,Returned,Digital Wallet,10.31
O0006429,C010084,2023-04-19,Store,S003,Returned,Credit Card,0.0
O0006438,C015108,2023-04-19,Online,,Completed,Digital Wallet,20.49
O0006459,C027831,2023-04-20,Online,,Completed,Credit Card,1.93
O0006491,C010657,2023-04-20,Store,S013,Completed,Credit Card,0.0
O0006496,C028866,2023-04-20,Pickup,S013,Completed,Digital Wallet,0.0
O0006508,C007780,2023-04-20,Pickup,S006,Completed,Digital Wallet,0.0
O0006514,C006704,2023-04-20,Store,S008,Completed,Debit Card,0.0
O0006522,C025638,2023-04-21,Online,,Returned,Gift Card,3.62
O0006523,C022749,2023-04-21,Store,S015,Completed,Gift Card,0.0
O0006524,C027275,2023-04-21,Online,,Completed,Credit Card,1.89
O0006528,C029305,2023-04-21,Pickup,S001,Completed,Debit Card,0.0
O0006530,C008732,2023-04-21,Store,S009,Completed,Credit Card,0.0
O0006545,C018241,2023-04-21,Online,,Completed,Gift Card,3.53
O0006551,C028550,2023-04-21,Store,S013,Completed,Credit Card,0.0
O0006552,C024040,2023-04-21,Store,S012,Completed,Credit Card,0.0
O0006555,C000891,2023-04-21,Online,,Completed,Credit Card,4.61
O0006559,C023107,2023-04-21,Store,S012,Completed,Credit Card,0.0
O0006561,C010009,2023-04-21,Store,S004,Completed,Credit Card,0.0
O0006564,C022940,2023-04-21,Online,,Completed,Debit Card,1.96
O0006574,C021771,2023-04-21,Store,S013,Cancelled,Digital Wallet,0.0
O0006578,C025515,2023-04-21,Store,S007,Completed,Credit Card,0.0
O0006581,C000533,2023-04-21,Store,S010,Completed,Credit Card,0.0
O0006583,C018599,2023-04-21,Online,,Completed,Credit Card,10.19
O0006585,C020530,2023-04-21,Online,,Returned,Digital Wallet,14.5
O0006595,C011294,2023-04-22,Pickup,S015,Completed,Credit Card,0.0
O0006596,C027364,2023-04-22,Pickup,S011,Completed,Credit Card,0.0
O0006599,C005938,2023-04-22,Store,S002,Completed,Credit Card,0.0
O0006614,C003247,2023-04-22,Pickup,S005,Completed,Credit Card,0.0
O0006619,C013985,2023-04-22,Pickup,S008,Completed,Digital Wallet,0.0
O0006628,C018470,2023-04-22,Store,S010,Completed,Credit Card,0.0
O0006631,C028315,2023-04-22,Online,,Completed,Gift Card,3.22
O0006635,C006940,2023-04-22,Store,S009,Completed,Credit Card,0.0
O0006659,C010227,2023-04-22,Online,,Completed,Digital Wallet,3.03
O0006667,C011498,2023-04-23,Store,S006,Completed,Credit Card,0.0
O0006668,C013819,2023-04-23,Online,,Completed,Digital Wallet,8.21
O0006672,C005221,2023-04-23,Store,S014,Completed,Digital Wallet,0.0
O0006676,C023518,2023-04-23,Pickup,S004,Completed,Debit Card,0.0
O0006687,C011962,2023-04-23,Store,S014,Completed,Credit Card,0.0
O0006698,C022297,2023-04-23,Pickup,S014,Completed,Debit Card,0.0
O0006701,C016838,2023-04-23,Store,S009,Completed,Debit Card,0.0
O0006708,C009888,2023-04-23,Store,S013,Completed,Credit Card,0.0
O0006720,C020530,2023-04-23,Store,S003,Completed,Credit Card,0.0
O0006722,C029219,2023-04-23,Online,,Completed,Debit Card,1.42
O0006751,C012837,2023-04-24,Online,,Completed,Credit Card,3.22
O0006755,C004081,2023-04-24,Online,,Completed,Debit Card,3.28
O0006758,C023693,2023-04-24,Online,,Completed,Debit Card,5.27
O0006772,C011743,2023-04-24,Store,S009,Completed,Credit Card,0.0
O0006787,C023786,2023-04-24,Online,,Completed,Digital Wallet,2.67
O0006795,C013798,2023-04-24,Store,S016,Completed,Credit Card,0.0
O0006797,C005976,2023-04-24,Store,S012,Returned,Debit Card,0.0
O0006804,C015738,2023-04-25,Online,,Completed,Credit Card,16.08
O0006815,C010128,2023-04-25,Online,,Returned,Credit Card,3.02
O0006829,C020843,2023-04-25,Pickup,S001,Completed,Credit Card,0.0
O0006844,C021694,2023-04-25,Online,,Completed,Digital Wallet,4.97
O0006848,C016384,2023-04-25,Online,,Returned,Gift Card,6.33
O0006849,C001805,2023-04-25,Store,S008,Completed,Credit Card,0.0
O0006852,C025639,2023-04-25,Store,S013,Completed,Debit Card,0.0
O0006853,C029967,2023-04-25,Store,S016,Completed,Credit Card,0.0
O0006854,C000533,2023-04-25,Online,,Returned,Credit Card,12.16
O0006857,C013639,2023-04-25,Pickup,S003,Completed,Credit Card,0.0
O0006878,C000873,2023-04-25,Store,S007,Completed,Debit Card,0.0
O0006879,C018791,2023-04-25,Online,,Completed,Debit Card,6.0
O0006881,C005728,2023-04-26,Online,,Completed,Credit Card,16.86
O0006902,C011294,2023-04-26,Online,,Completed,Credit Card,4.89
O0006911,C002944,2023-04-26,Online,,Completed,Debit Card,0.57
O0006917,C004933,2023-04-26,Store,S009,Completed,Debit Card,0.0
O0006919,C015378,2023-04-26,Pickup,S006,Completed,Credit Card,0.0
O0006921,C026274,2023-04-26,Store,S013,Completed,Digital Wallet,0.0
O0006922,C006150,2023-04-26,Store,S015,Completed,Gift Card,0.0
O0006923,C012676,2023-04-26,Pickup,S011,Completed,Credit Card,0.0
O0006927,C008349,2023-04-26,Pickup,S008,Completed,Credit Card,0.0
O0006943,C024356,2023-04-27,Pickup,S001,Completed,Credit Card,0.0
O0006945,C008874,2023-04-27,Pickup,S001,Completed,Digital Wallet,0.0
O0006950,C018603,2023-04-27,Store,S009,Completed,Credit Card,0.0
O0006954,C006187,2023-04-27,Online,,Completed,Credit Card,8.89
O0006959,C010407,2023-04-27,Store,S010,Completed,Credit Card,0.0
O0006961,C009294,2023-04-27,Online,,Completed,Credit Card,15.42
O0006963,C005778,2023-04-27,Online,,Returned,Credit Card,6.94
O0006965,C000346,2023-04-27,Online,,Returned,Credit Card,11.23
O0006970,C024513,2023-04-27,Pickup,S013,Completed,Credit Card,0.0
O0006972,C007537,2023-04-27,Online,,Completed,Debit Card,4.52
O0006981,C016399,2023-04-27,Store,S007,Completed,Debit Card,0.0
O0006983,C020800,2023-04-27,Online,,Completed,Credit Card,1.81
O0006986,C029340,2023-04-27,Store,S007,Completed,Debit Card,0.0
O0006988,C029841,2023-04-27,Store,S005,Completed,Credit Card,0.0
O0006996,C026019,2023-04-27,Online,,Completed,Debit Card,2.41
O0007013,C001164,2023-04-28,Store,S001,Completed,Gift Card,0.0
O0007034,C018522,2023-04-28,Online,,Completed,Digital Wallet,2.6
O0007035,C029864,2023-04-28,Online,,Completed,Gift Card,20.82
O0007041,C023863,2023-04-28,Online,,Completed,Digital Wallet,1.4
O0007043,C029622,2023-04-28,Store,S014,Completed,Credit Card,0.0
O0007050,C003711,2023-04-28,Online,,Completed,Credit Card,10.87
O0007057,C012355,2023-04-28,Online,,Completed,Credit Card,5.12
O0007067,C000347,2023-04-28,Online,,Completed,Debit Card,8.57
O0007068,C008048,2023-04-29,Online,,Completed,Digital Wallet,7.94
O0007069,C009682,2023-04-29,Online,,Completed,Gift Card,5.51
O0007101,C006429,2023-04-29,Store,S007,Completed,Credit Card,0.0
O0007103,C022110,2023-04-29,Online,,Completed,Digital Wallet,7.15
O0007104,C011592,2023-04-29,Online,,Completed,Debit Card,13.36
O0007108,C008201,2023-04-29,Store,S004,Completed,Digital Wallet,0.0
O0007119,C020572,2023-04-29,Online,,Completed,Digital Wallet,6.77
O0007124,C014571,2023-04-29,Online,,Completed,Digital Wallet,6.08
O0007126,C029673,2023-04-29,Store,S007,Completed,Credit Card,0.0
O0007137,C021091,2023-04-30,Online,,Completed,Debit Card,16.66
O0007145,C028319,2023-04-30,Online,,Completed,Credit Card,7.48
O0007159,C020800,2023-04-30,Store,S008,Completed,Digital Wallet,0.0
O0007172,C002677,2023-04-30,Online,,Completed,Debit Card,10.3
O0007180,C005253,2023-04-30,Store,S012,Completed,Digital Wallet,0.0
O0007181,C022110,2023-04-30,Online,,Completed,Credit Card,6.82
O0007183,C017387,2023-04-30,Online,,Completed,Gift Card,8.07
O0007193,C022110,2023-04-30,Pickup,S012,Completed,Credit Card,0.0
O0007203,C015738,2023-04-30,Store,S005,Completed,Digital Wallet,0.0
O0007206,C028663,2023-04-30,Pickup,S015,Completed,Credit Card,0.0
O0007208,C025813,2023-04-30,Online,,Completed,Debit Card,4.94
O0007212,C011434,2023-05-01,Online,,Completed,Digital Wallet,9.28
O0007217,C029295,2023-05-01,Online,,Completed,Digital Wallet,1.24
O0007239,C011316,2023-05-01,Online,,Completed,Credit Card,5.53
O0007246,C027996,2023-05-01,Online,,Completed,Credit Card,6.89
O0007250,C018888,2023-05-01,Online,,Completed,Credit Card,3.1
O0007251,C008970,2023-05-01,Online,,Completed,Digital Wallet,5.91
O0007269,C028663,2023-05-01,Online,,Completed,Debit Card,1.25
O0007270,C011307,2023-05-01,Store,S012,Completed,Debit Card,0.0
O0007291,C003950,2023-05-02,Pickup,S008,Completed,Gift Card,0.0
O0007321,C026054,2023-05-02,Online,,Completed,Debit Card,15.23
O0007327,C028628,2023-05-02,Online,,Completed,Debit Card,3.45
O0007329,C029162,2023-05-02,Store,S008,Completed,Debit Card,0.0
O0007336,C024456,2023-05-02,Store,S004,Completed,Credit Card,0.0
O0007346,C001476,2023-05-03,Store,S016,Completed,Credit Card,0.0
O0007350,C007749,2023-05-03,Store,S011,Completed,Digital Wallet,0.0
O0007354,C018933,2023-05-03,Online,,Completed,Credit Card,3.14
O0007364,C009190,2023-05-03,Store,S003,Completed,Digital Wallet,0.0
O0007366,C009556,2023-05-03,Online,,Completed,Credit Card,17.53
O0007374,C000912,2023-05-03,Online,,Completed,Digital Wallet,8.72
O0007382,C004914,2023-05-03,Pickup,S010,Completed,Debit Card,0.0
O0007392,C013029,2023-05-03,Online,,Completed,Credit Card,4.97
O0007417,C023935,2023-05-04,Store,S009,Completed,Digital Wallet,0.0
O0007428,C022799,2023-05-04,Online,,Completed,Gift Card,2.08
O0007437,C010804,2023-05-04,Store,S005,Completed,Credit Card,0.0
O0007442,C016704,2023-05-04,Store,S011,Completed,Credit Card,0.0
O0007443,C010439,2023-05-04,Pickup,S007,Completed,Digital Wallet,0.0
O0007444,C002603,2023-05-04,Store,S001,Completed,Credit Card,0.0
O0007448,C011143,2023-05-04,Store,S002,Completed,Credit Card,0.0
O0007458,C014725,2023-05-04,Online,,Completed,Digital Wallet,2.98
O0007461,C014330,2023-05-04,Pickup,S002,Returned,Credit Card,0.0
O0007463,C007256,2023-05-04,Online,,Completed,Digital Wallet,15.14
O0007468,C026261,2023-05-04,Store,S001,Completed,Credit Card,0.0
O0007469,C000231,2023-05-04,Online,,Completed,Debit Card,11.23
O0007473,C013721,2023-05-04,Store,S007,Completed,Credit Card,0.0
O0007483,C008677,2023-05-05,Online,,Returned,Credit Card,14.5
O0007485,C002044,2023-05-05,Store,S007,Completed,Gift Card,0.0
O0007486,C015417,2023-05-05,Store,S016,Completed,Debit Card,0.0
O0007488,C021881,2023-05-05,Store,S016,Completed,Credit Card,0.0
O0007489,C025295,2023-05-05,Store,S002,Completed,Digital Wallet,0.0
O0007507,C029753,2023-05-05,Store,S006,Completed,Credit Card,0.0
O0007530,C003511,2023-05-05,Online,,Completed,Debit Card,3.53
O0007535,C012706,2023-05-05,Pickup,S008,Completed,Credit Card,0.0
O0007538,C024410,2023-05-06,Online,,Completed,Credit Card,8.0
O0007549,C015054,2023-05-06,Online,,Completed,Digital Wallet,7.39
O0007555,C005536,2023-05-06,Store,S016,Completed,Credit Card,0.0
O0007566,C020162,2023-05-06,Store,S016,Returned,Credit Card,0.0
O0007573,C016526,2023-05-06,Pickup,S015,Returned,Credit Card,0.0
O0007578,C011623,2023-05-06,Pickup,S011,Completed,Gift Card,0.0
O0007588,C013378,2023-05-06,Store,S005,Completed,Credit Card,0.0
O0007593,C018958,2023-05-06,Online,,Completed,Gift Card,2.48
O0007600,C024787,2023-05-06,Store,S008,Completed,Credit Card,0.0
O0007607,C003065,2023-05-06,Online,,Completed,Debit Card,6.71
O0007614,C004342,2023-05-07,Pickup,S007,Completed,Credit Card,0.0
O0007615,C018549,2023-05-07,Store,S009,Completed,Debit Card,0.0
O0007616,C010885,2023-05-07,Store,S016,Completed,Debit Card,0.0
O0007617,C025181,2023-05-07,Online,,Completed,Credit Card,1.43
O0007625,C002944,2023-05-07,Online,,Completed,Credit Card,5.06
O0007638,C028391,2023-05-07,Pickup,S006,Completed,Credit Card,0.0
O0007640,C003449,2023-05-07,Online,,Completed,Credit Card,6.9
O0007642,C015031,2023-05-07,Store,S006,Completed,Digital Wallet,0.0
O0007646,C013798,2023-05-07,Online,,Completed,Credit Card,2.13
O0007650,C003830,2023-05-07,Online,,Completed,Digital Wallet,4.34
O0007651,C013041,2023-05-07,Store,S011,Completed,Credit Card,0.0
O0007664,C006978,2023-05-07,Online,,Completed,Credit Card,7.5
O0007670,C028497,2023-05-07,Store,S005,Completed,Debit Card,0.0
O0007678,C024997,2023-05-08,Store,S008,Cancelled,Credit Card,0.0
O0007701,C024790,2023-05-08,Store,S001,Completed,Debit Card,0.0
O0007705,C012079,2023-05-08,Online,,Completed,Debit Card,3.82
O0007717,C007398,2023-05-08,Pickup,S004,Returned,Digital Wallet,0.0
O0007720,C022086,2023-05-08,Online,,Completed,Credit Card,2.6
O0007723,C008740,2023-05-08,Online,,Completed,Digital Wallet,0.73
O0007724,C010740,2023-05-08,Online,,Completed,Gift Card,5.87
O0007747,C004978,2023-05-09,Store,S015,Completed,Debit Card,0.0
O0007756,C011629,2023-05-09,Store,S002,Completed,Digital Wallet,0.0
O0007761,C014444,2023-05-09,Online,,Returned,Debit Card,19.89
O0007779,C015913,2023-05-09,Online,,Completed,Debit Card,12.72
O0007785,C005184,2023-05-09,Store,S010,Completed,Credit Card,0.0
O0007793,C009085,2023-05-10,Online,,Completed,Digital Wallet,9.09
O0007798,C020006,2023-05-10,Online,,Completed,Debit Card,2.86
O0007823,C000719,2023-05-10,Online,,Completed,Debit Card,4.94
O0007825,C027864,2023-05-10,Online,,Returned,Credit Card,6.85
O0007833,C011190,2023-05-10,Pickup,S006,Completed,Debit Card,0.0
O0007834,C012706,2023-05-10,Store,S006,Completed,Credit Card,0.0
O0007846,C023851,2023-05-10,Store,S014,Returned,Digital Wallet,0.0
O0007850,C029018,2023-05-10,Online,,Completed,Credit Card,2.32
O0007851,C023965,2023-05-10,Pickup,S001,Completed,Debit Card,0.0
O0007855,C013903,2023-05-10,Online,,Completed,Credit Card,1.25
O0007859,C021479,2023-05-11,Store,S005,Cancelled,Credit Card,0.0
O0007860,C011307,2023-05-11,Store,S009,Completed,Digital Wallet,0.0
O0007896,C014494,2023-05-11,Store,S001,Completed,Digital Wallet,0.0
O0007907,C016651,2023-05-11,Pickup,S006,Completed,Credit Card,0.0
O0007911,C001449,2023-05-11,Online,,Completed,Gift Card,0.75
O0007913,C016098,2023-05-11,Store,S002,Completed,Gift Card,0.0
O0007931,C009972,2023-05-12,Store,S005,Completed,Digital Wallet,0.0
O0007935,C015913,2023-05-12,Pickup,S010,Completed,Credit Card,0.0
O0007939,C009927,2023-05-12,Online,,Completed,Digital Wallet,4.22
O0007949,C011944,2023-05-12,Online,,Returned,Digital Wallet,2.56
O0007957,C022287,2023-05-12,Store,S006,Completed,Credit Card,0.0
O0007963,C020843,2023-05-12,Store,S003,Completed,Credit Card,0.0
O0007965,C022759,2023-05-12,Store,S002,Completed,Debit Card,0.0
O0007984,C010983,2023-05-12,Pickup,S016,Completed,Debit Card,0.0
O0008022,C028794,2023-05-13,Pickup,S016,Completed,Digital Wallet,0.0
O0008028,C018171,2023-05-13,Online,,Completed,Credit Card,4.99
O0008030,C002497,2023-05-13,Store,S007,Completed,Credit Card,0.0
O0008031,C024103,2023-05-13,Store,S001,Completed,Debit Card,0.0
O0008044,C010439,2023-05-13,Store,S007,Returned,Debit Card,0.0
O0008047,C020006,2023-05-13,Online,,Completed,Debit Card,4.6
O0008050,C026821,2023-05-13,Store,S005,Completed,Credit Card,0.0
O0008053,C006759,2023-05-13,Online,,Completed,Credit Card,3.36
O0008076,C015077,2023-05-14,Store,S009,Completed,Debit Card,0.0
O0008086,C028801,2023-05-14,Online,,Completed,Credit Card,2.95
O0008087,C008006,2023-05-14,Online,,Completed,Credit Card,3.16
O0008098,C018372,2023-05-14,Pickup,S011,Completed,Debit Card,0.0
O0008123,C028631,2023-05-14,Store,S001,Completed,Credit Card,0.0
O0008133,C011445,2023-05-14,Online,,Completed,Credit Card,10.44
O0008136,C011900,2023-05-14,Store,S004,Completed,Debit Card,0.0
O0008140,C001677,2023-05-14,Pickup,S011,Completed,Digital Wallet,0.0
O0008143,C024356,2023-05-15,Pickup,S003,Completed,Debit Card,0.0
O0008145,C012234,2023-05-15,Online,,Completed,Credit Card,6.37
O0008163,C009729,2023-05-15,Online,,Completed,Credit Card,9.59
O0008169,C002541,2023-05-15,Store,S008,Completed,Gift Card,0.0
O0008178,C020236,2023-05-15,Online,,Completed,Debit Card,13.53
O0008183,C009332,2023-05-15,Pickup,S015,Completed,Credit Card,0.0
O0008185,C026088,2023-05-15,Store,S006,Completed,Credit Card,0.0
O0008193,C016704,2023-05-15,Online,,Returned,Debit Card,1.94
O0008210,C022256,2023-05-15,Store,S011,Completed,Credit Card,0.0
O0008220,C013815,2023-05-16,Pickup,S007,Completed,Credit Card,0.0
O0008227,C024638,2023-05-16,Online,,Completed,Debit Card,6.89
O0008241,C024120,2023-05-16,Online,,Completed,Digital Wallet,2.88
O0008242,C000345,2023-05-16,Online,,Completed,Credit Card,3.72
O0008256,C029340,2023-05-16,Online,,Completed,Debit Card,7.81
O0008257,C024931,2023-05-16,Pickup,S006,Completed,Credit Card,0.0
O0008272,C009094,2023-05-17,Online,,Completed,Credit Card,6.36
O0008274,C028152,2023-05-17,Online,,Completed,Credit Card,13.72
O0008284,C005454,2023-05-17,Online,,Completed,Debit Card,2.64
O0008288,C018369,2023-05-17,Pickup,S003,Completed,Credit Card,0.0
O0008290,C025543,2023-05-17,Online,,Returned,Credit Card,3.46
O0008299,C026027,2023-05-17,Store,S012,Completed,Debit Card,0.0
O0008305,C027098,2023-05-17,Online,,Completed,Credit Card,3.24
O0008312,C003493,2023-05-17,Pickup,S001,Completed,Debit Card,0.0
O0008316,C005385,2023-05-17,Online,,Completed,Credit Card,5.39
O0008328,C004703,2023-05-18,Store,S006,Completed,Digital Wallet,0.0
O0008330,C006001,2023-05-18,Online,,Completed,Credit Card,4.42
O0008339,C020521,2023-05-18,Store,S003,Completed,Debit Card,0.0
O0008354,C011842,2023-05-18,Online,,Completed,Credit Card,8.42
O0008356,C002042,2023-05-18,Pickup,S009,Completed,Debit Card,0.0
O0008370,C025162,2023-05-18,Online,,Returned,Credit Card,5.22
O0008383,C000580,2023-05-19,Store,S005,Returned,Debit Card,0.0
O0008400,C012696,2023-05-19,Online,,Completed,Gift Card,10.64
O0008402,C025144,2023-05-19,Store,S010,Returned,Debit Card,0.0
O0008413,C026332,2023-05-19,Online,,Completed,Credit Card,13.4
O0008422,C025324,2023-05-19,Online,,Completed,Credit Card,7.38
O0008440,C005536,2023-05-20,Online,,Completed,Credit Card,2.39
O0008443,C011239,2023-05-20,Online,,Completed,Credit Card,13.96
O0008451,C018603,2023-05-20,Pickup,S012,Completed,Credit Card,0.0
O0008452,C025275,2023-05-20,Online,,Completed,Debit Card,2.49
O0008455,C015913,2023-05-20,Store,S012,Completed,Credit Card,0.0
O0008466,C021292,2023-05-20,Online,,Completed,Credit Card,12.29
O0008485,C008506,2023-05-20,Store,S013,Completed,Credit Card,0.0
O0008490,C020641,2023-05-20,Online,,Returned,Credit Card,0.96
O0008500,C012125,2023-05-20,Store,S016,Completed,Credit Card,0.0
O0008533,C021291,2023-05-21,Store,S007,Completed,Digital Wallet,0.0
O0008534,C028550,2023-05-21,Online,,Returned,Debit Card,7.19
O0008551,C006910,2023-05-21,Store,S014,Completed,Credit Card,0.0
O0008555,C001488,2023-05-21,Online,,Completed,Credit Card,4.63
O0008561,C004141,2023-05-21,Online,,Completed,Digital Wallet,3.09
O0008569,C005860,2023-05-22,Store,S001,Completed,Digital Wallet,0.0
O0008581,C014741,2023-05-22,Online,,Completed,Debit Card,4.69
O0008587,C004348,2023-05-22,Store,S002,Completed,Debit Card,0.0
O0008590,C028246,2023-05-22,Pickup,S008,Completed,Debit Card,0.0
O0008612,C025890,2023-05-22,Store,S016,Completed,Debit Card,0.0
O0008617,C016835,2023-05-22,Pickup,S012,Completed,Credit Card,0.0
O0008622,C024997,2023-05-22,Online,,Completed,Credit Card,5.5
O0008626,C008714,2023-05-22,Pickup,S006,Completed,Gift Card,0.0
O0008628,C012260,2023-05-22,Online,,Completed,Credit Card,3.39
O0008633,C001183,2023-05-23,Online,,Completed,Credit Card,14.67
O0008635,C025444,2023-05-23,Store,S016,Completed,Debit Card,0.0
O0008668,C024532,2023-05-23,Online,,Completed,Credit Card,1.39
O0008669,C021033,2023-05-23,Online,,Completed,Credit Card,1.15
O0008671,C014504,2023-05-23,Store,S003,Completed,Gift Card,0.0
O0008672,C002901,2023-05-23,Online,,Completed,Credit Card,5.01
O0008673,C018525,2023-05-23,Store,S005,Completed,Digital Wallet,0.0
O0008708,C014412,2023-05-24,Store,S015,Completed,Debit Card,0.0
O0008721,C014055,2023-05-24,Store,S009,Completed,Credit Card,0.0
O0008736,C009927,2023-05-24,Store,S008,Completed,Digital Wallet,0.0
O0008751,C016838,2023-05-25,Online,,Completed,Credit Card,10.4
O0008755,C009203,2023-05-25,Online,,Completed,Digital Wallet,1.48
O0008756,C002277,2023-05-25,Pickup,S013,Completed,Digital Wallet,0.0
O0008760,C027999,2023-05-25,Store,S004,Completed,Credit Card,0.0
O0008763,C002904,2023-05-25,Online,,Completed,Debit Card,7.75
O0008766,C009775,2023-05-25,Pickup,S003,Completed,Credit Card,0.0
O0008773,C003283,2023-05-25,Store,S008,Completed,Debit Card,0.0
O0008783,C026555,2023-05-25,Store,S011,Completed,Credit Card,0.0
O0008795,C013686,2023-05-25,Store,S012,Completed,Debit Card,0.0
O0008804,C003640,2023-05-25,Pickup,S010,Completed,Credit Card,0.0
O0008809,C024877,2023-05-26,Store,S004,Returned,Digital Wallet,0.0
O0008811,C026681,2023-05-26,Online,,Completed,Credit Card,3.11
O0008829,C016273,2023-05-26,Store,S016,Completed,Credit Card,0.0
O0008843,C013102,2023-05-26,Online,,Returned,Credit Card,2.89
O0008844,C016271,2023-05-26,Online,,Returned,Credit Card,1.65
O0008847,C006439,2023-05-26,Online,,Cancelled,Credit Card,13.19
O0008848,C018732,2023-05-26,Pickup,S006,Returned,Credit Card,0.0
O0008851,C006259,2023-05-26,Store,S015,Completed,Credit Card,0.0
O0008852,C007487,2023-05-26,Pickup,S009,Completed,Credit Card,0.0
O0008857,C007569,2023-05-26,Store,S012,Completed,Digital Wallet,0.0
O0008868,C009888,2023-05-26,Pickup,S014,Completed,Credit Card,0.0
O0008874,C016738,2023-05-26,Online,,Returned,Debit Card,3.87
O0008880,C007686,2023-05-26,Online,,Completed,Credit Card,3.88
O0008884,C023686,2023-05-26,Store,S005,Completed,Credit Card,0.0
O0008886,C003161,2023-05-26,Online,,Completed,Gift Card,11.01
O0008887,C026311,2023-05-26,Online,,Completed,Credit Card,5.34
O0008896,C024157,2023-05-27,Store,S015,Completed,Credit Card,0.0
O0008897,C028812,2023-05-27,Pickup,S010,Completed,Credit Card,0.0
O0008903,C019940,2023-05-27,Online,,Completed,Credit Card,6.2
O0008917,C002030,2023-05-27,Online,,Completed,Credit Card,11.44
O0008920,C003475,2023-05-27,Online,,Completed,Credit Card,3.5
O0008921,C023390,2023-05-27,Online,,Completed,Credit Card,6.55
O0008924,C008212,2023-05-27,Store,S012,Completed,Credit Card,0.0
O0008925,C006827,2023-05-27,Store,S005,Completed,Gift Card,0.0
O0008927,C021888,2023-05-27,Store,S004,Completed,Credit Card,0.0
O0008933,C003065,2023-05-27,Pickup,S005,Completed,Credit Card,0.0
O0008934,C001054,2023-05-27,Online,,Completed,Credit Card,9.27
O0008939,C007404,2023-05-27,Online,,Returned,Credit Card,0.8
O0008941,C028062,2023-05-27,Online,,Completed,Credit Card,4.3
O0008951,C002465,2023-05-27,Online,,Completed,Debit Card,11.86
O0008952,C011842,2023-05-27,Store,S006,Completed,Debit Card,0.0
O0008958,C016852,2023-05-27,Online,,Completed,Credit Card,1.53
O0008978,C010206,2023-05-28,Online,,Completed,Credit Card,7.4
O0008980,C011143,2023-05-28,Store,S004,Completed,Credit Card,0.0
O0008982,C017776,2023-05-28,Store,S005,Completed,Digital Wallet,0.0
O0008986,C027835,2023-05-28,Store,S002,Returned,Debit Card,0.0
O0008989,C010320,2023-05-28,Online,,Completed,Digital Wallet,3.15
O0008995,C019807,2023-05-28,Online,,Completed,Credit Card,10.79
O0009004,C015058,2023-05-28,Online,,Completed,Credit Card,13.69
O0009011,C009321,2023-05-28,Store,S001,Completed,Debit Card,0.0
O0009024,C011190,2023-05-28,Online,,Completed,Digital Wallet,8.58
O0009027,C006532,2023-05-28,Store,S004,Returned,Credit Card,0.0
O0009055,C007294,2023-05-29,Online,,Completed,Credit Card,2.79
O0009060,C025576,2023-05-29,Online,,Completed,Credit Card,2.41
O0009081,C008414,2023-05-29,Store,S015,Completed,Credit Card,0.0
O0009082,C020127,2023-05-29,Pickup,S008,Completed,Credit Card,0.0
O0009084,C008780,2023-05-29,Pickup,S008,Completed,Credit Card,0.0
O0009098,C019932,2023-05-29,Online,,Completed,Debit Card,4.32
O0009106,C017958,2023-05-29,Online,,Completed,Debit Card,14.83
O0009115,C008677,2023-05-30,Online,,Completed,Digital Wallet,3.48
O0009138,C011888,2023-05-30,Store,S001,Completed,Credit Card,0.0
O0009162,C012984,2023-05-30,Online,,Completed,Debit Card,13.01
O0009164,C005800,2023-05-30,Store,S010,Returned,Digital Wallet,0.0
O0009173,C003471,2023-05-30,Online,,Completed,Credit Card,6.21
O0009184,C005747,2023-05-31,Store,S008,Completed,Debit Card,0.0
O0009190,C007113,2023-05-31,Store,S011,Completed,Digital Wallet,0.0
O0009196,C021602,2023-05-31,Store,S006,Completed,Digital Wallet,0.0
O0009202,C025954,2023-05-31,Online,,Completed,Credit Card,2.72
O0009203,C003101,2023-05-31,Online,,Completed,Credit Card,4.26
O0009210,C011375,2023-05-31,Online,,Completed,Debit Card,5.33
O0009217,C009622,2023-05-31,Online,,Completed,Digital Wallet,2.07
O0009219,C009007,2023-05-31,Pickup,S016,Completed,Debit Card,0.0
O0009223,C000486,2023-05-31,Store,S011,Completed,Credit Card,0.0
O0009227,C011332,2023-05-31,Store,S007,Completed,Credit Card,0.0
O0009234,C023910,2023-06-01,Store,S011,Completed,Debit Card,0.0
O0009246,C000280,2023-06-01,Store,S012,Completed,Digital Wallet,0.0
O0009251,C027176,2023-06-01,Online,,Completed,Debit Card,12.51
O0009252,C004844,2023-06-01,Store,S016,Completed,Credit Card,0.0
O0009257,C002857,2023-06-01,Pickup,S006,Returned,Debit Card,0.0
O0009259,C029985,2023-06-01,Online,,Completed,Gift Card,1.38
O0009264,C022686,2023-06-01,Pickup,S009,Returned,Credit Card,0.0
O0009270,C010987,2023-06-01,Online,,Completed,Debit Card,14.54
O0009292,C009622,2023-06-02,Store,S005,Completed,Credit Card,0.0
O0009294,C021220,2023-06-02,Online,,Completed,Digital Wallet,3.41
O0009297,C011357,2023-06-02,Store,S007,Returned,Digital Wallet,0.0
O0009306,C012368,2023-06-02,Online,,Completed,Credit Card,8.26
O0009325,C000346,2023-06-02,Store,S012,Completed,Digital Wallet,0.0
O0009336,C002347,2023-06-02,Pickup,S004,Completed,Debit Card,0.0
O0009338,C007113,2023-06-02,Online,,Returned,Debit Card,14.69
O0009339,C013659,2023-06-02,Online,,Completed,Credit Card,2.54
O0009349,C013621,2023-06-02,Pickup,S011,Completed,Credit Card,0.0
O0009352,C018702,2023-06-02,Pickup,S002,Completed,Digital Wallet,0.0
O0009356,C027935,2023-06-03,Store,S010,Completed,Digital Wallet,0.0
O0009359,C011205,2023-06-03,Pickup,S002,Completed,Credit Card,0.0
O0009363,C027726,2023-06-03,Online,,Completed,Debit Card,4.22
O0009365,C010264,2023-06-03,Store,S010,Returned,Credit Card,0.0
O0009375,C010815,2023-06-03,Pickup,S011,Completed,Credit Card,0.0
O0009390,C012696,2023-06-03,Store,S001,Completed,Credit Card,0.0
O0009394,C007889,2023-06-03,Online,,Completed,Digital Wallet,5.26
O0009400,C026014,2023-06-03,Store,S007,Completed,Digital Wallet,0.0
O0009403,C016996,2023-06-03,Store,S003,Completed,Credit Card,0.0
O0009404,C010674,2023-06-03,Online,,Completed,Digital Wallet,5.32
O0009422,C011616,2023-06-04,Online,,Completed,Debit Card,7.55
O0009431,C007579,2023-06-04,Online,,Completed,Credit Card,1.57
O0009433,C012302,2023-06-04,Online,,Completed,Digital Wallet,8.0
O0009436,C014109,2023-06-04,Online,,Completed,Debit Card,13.43
O0009442,C019833,2023-06-04,Online,,Completed,Gift Card,12.28
O0009445,C012864,2023-06-04,Pickup,S010,Completed,Digital Wallet,0.0
O0009446,C010621,2023-06-04,Pickup,S015,Completed,Credit Card,0.0
O0009450,C007176,2023-06-04,Store,S012,Completed,Debit Card,0.0
O0009460,C000122,2023-06-04,Store,S009,Returned,Digital Wallet,0.0
O0009468,C024103,2023-06-04,Store,S004,Completed,Credit Card,0.0
O0009474,C022235,2023-06-04,Store,S015,Completed,Credit Card,0.0
O0009482,C023518,2023-06-04,Store,S001,Completed,Credit Card,0.0
O0009484,C017035,2023-06-04,Store,S011,Completed,Debit Card,0.0
O0009495,C012336,2023-06-05,Online,,Completed,Credit Card,2.38
O0009502,C004852,2023-06-05,Store,S006,Returned,Debit Card,0.0
O0009506,C027185,2023-06-05,Online,,Completed,Credit Card,1.61
O0009518,C023069,2023-06-05,Store,S006,Returned,Debit Card,0.0
O0009519,C029985,2023-06-05,Online,,Completed,Digital Wallet,2.04
O0009528,C008050,2023-06-05,Online,,Completed,Credit Card,9.77
O0009532,C000486,2023-06-05,Store,S009,Completed,Credit Card,0.0
O0009536,C007404,2023-06-05,Online,,Completed,Debit Card,4.88
O0009537,C027199,2023-06-05,Store,S007,Completed,Credit Card,0.0
O0009544,C017285,2023-06-05,Store,S014,Returned,Credit Card,0.0
O0009556,C022221,2023-06-05,Online,,Completed,Digital Wallet,3.13
O0009560,C010088,2023-06-05,Store,S014,Completed,Debit Card,0.0
O0009565,C026332,2023-06-06,Store,S005,Completed,Digital Wallet,0.0
O0009568,C018218,2023-06-06,Online,,Completed,Debit Card,15.35
O0009583,C024507,2023-06-06,Store,S008,Completed,Gift Card,0.0
O0009590,C003069,2023-06-06,Store,S014,Completed,Digital Wallet,0.0
O0009605,C010477,2023-06-06,Online,,Completed,Debit Card,3.49
O0009610,C012627,2023-06-06,Store,S007,Completed,Digital Wallet,0.0
O0009619,C024628,2023-06-06,Pickup,S015,Completed,Debit Card,0.0
O0009623,C008761,2023-06-06,Store,S016,Completed,Credit Card,0.0
O0009633,C017868,2023-06-07,Store,S008,Completed,Digital Wallet,0.0
O0009640,C006150,2023-06-07,Store,S014,Completed,Debit Card,0.0
O0009651,C007924,2023-06-07,Pickup,S009,Completed,Digital Wallet,0.0
O0009660,C020164,2023-06-07,Online,,Completed,Credit Card,0.49
O0009667,C008874,2023-06-07,Online,,Completed,Digital Wallet,4.02
O0009672,C012594,2023-06-07,Online,,Completed,Credit Card,9.65
O0009695,C028197,2023-06-08,Online,,Completed,Debit Card,1.29
O0009710,C028613,2023-06-08,Store,S004,Returned,Gift Card,0.0
O0009716,C007938,2023-06-08,Pickup,S014,Completed,Credit Card,0.0
O0009720,C026088,2023-06-08,Store,S006,Completed,Credit Card,0.0
O0009726,C017987,2023-06-08,Pickup,S010,Returned,Credit Card,0.0
O0009730,C003474,2023-06-08,Store,S006,Completed,Credit Card,0.0
O0009739,C029443,2023-06-08,Pickup,S001,Completed,Debit Card,0.0
O0009742,C016585,2023-06-08,Online,,Returned,Gift Card,5.31
O0009755,C029673,2023-06-09,Online,,Completed,Credit Card,5.71
O0009758,C008714,2023-06-09,Store,S006,Completed,Credit Card,0.0
O0009769,C007843,2023-06-09,Store,S015,Completed,Digital Wallet,0.0
O0009770,C025425,2023-06-09,Pickup,S009,Completed,Credit Card,0.0
O0009789,C029495,2023-06-09,Pickup,S009,Completed,Credit Card,0.0
O0009810,C020802,2023-06-09,Online,,Completed,Credit Card,1.97
O0009824,C019538,2023-06-10,Online,,Completed,Digital Wallet,13.88
O0009830,C026874,2023-06-10,Pickup,S006,Completed,Debit Card,0.0
O0009831,C017557,2023-06-10,Store,S001,Returned,Digital Wallet,0.0
O0009839,C019637,2023-06-10,Online,,Completed,Debit Card,7.96
O0009841,C005805,2023-06-10,Online,,Completed,Credit Card,4.35
O0009849,C005573,2023-06-10,Store,S008,Completed,Digital Wallet,0.0
O0009862,C012974,2023-06-10,Online,,Completed,Credit Card,4.89
O0009866,C010883,2023-06-10,Online,,Completed,Gift Card,2.04
O0009870,C008619,2023-06-10,Store,S006,Completed,Debit Card,0.0
O0009873,C021996,2023-06-10,Online,,Completed,Digital Wallet,1.42
O0009887,C012533,2023-06-10,Store,S003,Completed,Digital Wallet,0.0
O0009888,C015417,2023-06-10,Online,,Completed,Digital Wallet,6.71
O0009889,C016834,2023-06-10,Online,,Completed,Digital Wallet,2.04
O0009904,C001759,2023-06-11,Store,S009,Completed,Debit Card,0.0
O0009905,C006704,2023-06-11,Online,,Returned,Debit Card,6.87
O0009932,C012520,2023-06-11,Store,S009,Completed,Credit Card,0.0
O0009934,C016551,2023-06-11,Store,S004,Completed,Digital Wallet,0.0
O0009939,C028882,2023-06-11,Online,,Returned,Digital Wallet,4.13
O0009953,C022860,2023-06-11,Pickup,S009,Returned,Debit Card,0.0
O0009960,C009310,2023-06-12,Store,S013,Completed,Credit Card,0.0
O0009961,C020312,2023-06-12,Online,,Completed,Digital Wallet,1.29
O0009971,C006152,2023-06-12,Store,S001,Completed,Credit Card,0.0
O0009972,C019264,2023-06-12,Store,S002,Returned,Credit Card,0.0
O0009988,C011434,2023-06-12,Store,S013,Completed,Digital Wallet,0.0
O0009998,C008905,2023-06-12,Store,S001,Returned,Credit Card,0.0
O0010010,C008517,2023-06-12,Store,S013,Returned,Debit Card,0.0
O0010015,C021286,2023-06-12,Online,,Completed,Debit Card,6.95
O0010016,C005728,2023-06-12,Pickup,S007,Completed,Debit Card,0.0
O0010027,C027487,2023-06-12,Store,S006,Completed,Credit Card,0.0
O0010040,C007469,2023-06-13,Store,S011,Completed,Credit Card,0.0
O0010049,C017830,2023-06-13,Store,S011,Completed,Digital Wallet,0.0
O0010051,C002684,2023-06-13,Online,,Completed,Credit Card,4.41
O0010053,C021454,2023-06-13,Online,,Completed,Credit Card,3.14
O0010069,C015840,2023-06-13,Online,,Completed,Digital Wallet,3.11
O0010071,C023965,2023-06-13,Pickup,S003,Completed,Digital Wallet,0.0
O0010079,C025983,2023-06-13,Store,S015,Completed,Credit Card,0.0
O0010093,C011936,2023-06-13,Store,S003,Completed,Credit Card,0.0
O0010094,C017482,2023-06-13,Store,S011,Completed,Credit Card,0.0
O0010097,C003929,2023-06-13,Store,S011,Completed,Digital Wallet,0.0
O0010102,C002405,2023-06-13,Store,S014,Completed,Debit Card,0.0
O0010118,C017496,2023-06-14,Store,S002,Completed,Gift Card,0.0
O0010126,C000280,2023-06-14,Store,S009,Completed,Credit Card,0.0
O0010137,C004166,2023-06-14,Store,S003,Completed,Credit Card,0.0
O0010138,C027364,2023-06-14,Online,,Completed,Credit Card,5.7
O0010146,C012543,2023-06-14,Online,,Returned,Credit Card,6.84
O0010152,C012822,2023-06-14,Store,S005,Returned,Credit Card,0.0
O0010155,C026823,2023-06-14,Store,S011,Completed,Digital Wallet,0.0
O0010163,C012671,2023-06-14,Online,,Completed,Credit Card,7.27
O0010168,C026465,2023-06-14,Store,S015,Completed,Credit Card,0.0
O0010170,C012137,2023-06-14,Store,S003,Completed,Credit Card,0.0
O0010236,C017829,2023-06-15,Pickup,S007,Completed,Credit Card,0.0
O0010238,C007279,2023-06-15,Online,,Completed,Debit Card,4.56
O0010253,C006068,2023-06-15,Online,,Completed,Debit Card,3.44
O0010267,C020442,2023-06-16,Store,S001,Completed,Credit Card,0.0
O0010272,C006836,2023-06-16,Store,S006,Completed,Credit Card,0.0
O0010281,C017032,2023-06-16,Store,S006,Completed,Credit Card,0.0
O0010289,C002983,2023-06-16,Store,S006,Returned,Debit Card,0.0
O0010291,C028116,2023-06-16,Pickup,S005,Completed,Debit Card,0.0
O0010305,C018080,2023-06-16,Pickup,S007,Completed,Debit Card,0.0
O0010315,C001244,2023-06-16,Store,S002,Completed,Credit Card,0.0
O0010320,C014768,2023-06-17,Store,S012,Returned,Debit Card,0.0
O0010329,C028690,2023-06-17,Store,S006,Completed,Digital Wallet,0.0
O0010337,C027651,2023-06-17,Online,,Completed,Digital Wallet,6.75
O0010341,C007851,2023-06-17,Store,S016,Completed,Credit Card,0.0
O0010348,C003793,2023-06-17,Online,,Completed,Debit Card,2.45
O0010367,C010940,2023-06-17,Online,,Completed,Credit Card,3.97
O0010373,C019794,2023-06-17,Online,,Completed,Gift Card,1.83
O0010374,C028153,2023-06-17,Online,,Completed,Digital Wallet,3.03
O0010377,C011897,2023-06-17,Online,,Completed,Debit Card,18.01
O0010387,C011009,2023-06-18,Store,S012,Completed,Credit Card,0.0
O0010396,C028628,2023-06-18,Online,,Completed,Credit Card,3.02
O0010401,C010277,2023-06-18,Online,,Completed,Credit Card,1.6
O0010411,C009905,2023-06-18,Store,S012,Completed,Digital Wallet,0.0
O0010413,C025230,2023-06-18,Online,,Completed,Credit Card,2.43
O0010422,C015919,2023-06-18,Pickup,S015,Completed,Credit Card,0.0
O0010425,C021454,2023-06-18,Store,S008,Completed,Credit Card,0.0
O0010427,C023069,2023-06-18,Online,,Completed,Gift Card,6.22
O0010428,C000244,2023-06-18,Store,S012,Completed,Credit Card,0.0
O0010433,C020641,2023-06-18,Store,S010,Returned,Debit Card,0.0
O0010442,C014065,2023-06-18,Online,,Completed,Credit Card,3.78
O0010472,C024942,2023-06-19,Online,,Completed,Debit Card,5.74
O0010474,C024147,2023-06-19,Store,S005,Completed,Digital Wallet,0.0
O0010489,C016309,2023-06-19,Pickup,S005,Completed,Credit Card,0.0
O0010492,C008058,2023-06-19,Online,,Completed,Credit Card,8.42
O0010493,C007648,2023-06-19,Online,,Completed,Debit Card,3.93
O0010496,C023163,2023-06-19,Store,S003,Completed,Credit Card,0.0
O0010506,C014098,2023-06-19,Store,S003,Completed,Credit Card,0.0
O0010516,C016399,2023-06-19,Pickup,S007,Completed,Debit Card,0.0
O0010521,C013174,2023-06-19,Store,S001,Completed,Debit Card,0.0
O0010530,C010985,2023-06-20,Store,S003,Completed,Credit Card,0.0
O0010532,C017841,2023-06-20,Store,S014,Completed,Digital Wallet,0.0
O0010538,C000122,2023-06-20,Store,S009,Completed,Debit Card,0.0
O0010542,C022069,2023-06-20,Online,,Completed,Credit Card,2.43
O0010544,C000331,2023-06-20,Store,S005,Completed,Credit Card,0.0
O0010545,C015421,2023-06-20,Store,S007,Completed,Credit Card,0.0
O0010549,C016216,2023-06-20,Pickup,S002,Completed,Digital Wallet,0.0
O0010550,C012682,2023-06-20,Pickup,S004,Completed,Credit Card,0.0
O0010553,C015956,2023-06-20,Store,S015,Completed,Credit Card,0.0
O0010554,C011239,2023-06-20,Store,S013,Completed,Credit Card,0.0
O0010561,C023105,2023-06-20,Online,,Cancelled,Credit Card,10.51
O0010567,C010128,2023-06-20,Online,,Completed,Debit Card,5.5
O0010573,C018087,2023-06-20,Online,,Completed,Credit Card,1.73
O0010577,C012676,2023-06-20,Store,S012,Completed,Credit Card,0.0
O0010584,C023622,2023-06-20,Online,,Completed,Credit Card,2.54
O0010599,C019978,2023-06-21,Pickup,S007,Completed,Debit Card,0.0
O0010610,C010093,2023-06-21,Online,,Completed,Credit Card,15.22
O0010611,C029721,2023-06-21,Store,S006,Completed,Debit Card,0.0
O0010623,C001613,2023-06-21,Online,,Completed,Credit Card,4.17
O0010625,C018937,2023-06-21,Online,,Cancelled,Credit Card,2.38
O0010635,C003800,2023-06-21,Online,,Completed,Credit Card,13.97
O0010638,C017472,2023-06-21,Store,S010,Completed,Digital Wallet,0.0
O0010642,C009332,2023-06-21,Online,,Completed,Digital Wallet,16.44
O0010655,C000231,2023-06-21,Store,S013,Completed,Debit Card,0.0
O0010664,C018341,2023-06-22,Online,,Completed,Digital Wallet,23.0
O0010665,C017715,2023-06-22,Store,S001,Completed,Digital Wallet,0.0
O0010678,C024415,2023-06-22,Online,,Completed,Digital Wallet,1.14
O0010679,C000703,2023-06-22,Store,S013,Completed,Gift Card,0.0
O0010693,C015316,2023-06-22,Store,S008,Completed,Credit Card,0.0
O0010703,C001428,2023-06-22,Store,S003,Completed,Credit Card,0.0
O0010705,C020019,2023-06-22,Store,S007,Completed,Credit Card,0.0
O0010714,C027316,2023-06-22,Store,S014,Completed,Debit Card,0.0
O0010720,C007279,2023-06-22,Online,,Completed,Credit Card,5.8
O0010723,C003048,2023-06-23,Store,S008,Completed,Debit Card,0.0
O0010724,C007749,2023-06-23,Store,S011,Completed,Debit Card,0.0
O0010747,C015874,2023-06-23,Online,,Completed,Debit Card,5.88
O0010757,C006529,2023-06-23,Store,S013,Completed,Debit Card,0.0
O0010768,C025984,2023-06-23,Online,,Completed,Credit Card,9.91
O0010778,C006405,2023-06-24,Online,,Completed,Credit Card,0.77
O0010779,C010884,2023-06-24,Store,S009,Completed,Credit Card,0.0
O0010786,C019567,2023-06-24,Online,,Completed,Debit Card,4.58
O0010804,C026639,2023-06-24,Online,,Completed,Digital Wallet,3.0
O0010810,C015565,2023-06-24,Store,S003,Completed,Debit Card,0.0
O0010826,C003843,2023-06-24,Store,S009,Completed,Debit Card,0.0
O0010832,C020530,2023-06-25,Online,,Returned,Digital Wallet,11.28
O0010833,C019315,2023-06-25,Online,,Returned,Debit Card,6.18
O0010835,C002773,2023-06-25,Online,,Completed,Digital Wallet,7.25
O0010849,C016838,2023-06-25,Pickup,S011,Completed,Credit Card,0.0
O0010851,C028100,2023-06-25,Store,S003,Completed,Credit Card,0.0
O0010864,C017035,2023-06-25,Online,,Completed,Digital Wallet,11.87
O0010868,C024460,2023-06-25,Store,S014,Returned,Credit Card,0.0
O0010877,C028062,2023-06-25,Pickup,S005,Completed,Digital Wallet,0.0
O0010879,C014768,2023-06-25,Store,S010,Completed,Credit Card,0.0
O0010881,C020024,2023-06-25,Online,,Completed,Credit Card,13.63
O0010882,C003449,2023-06-25,Pickup,S006,Completed,Credit Card,0.0
O0010884,C024815,2023-06-25,Pickup,S004,Completed,Credit Card,0.0
O0010901,C017820,2023-06-25,Store,S006,Completed,Credit Card,0.0
O0010909,C020766,2023-06-25,Online,,Completed,Debit Card,3.42
O0010919,C024410,2023-06-26,Online,,Completed,Credit Card,1.75
O0010923,C026027,2023-06-26,Pickup,S010,Completed,Credit Card,0.0
O0010925,C014771,2023-06-26,Online,,Completed,Debit Card,2.77
O0010943,C017591,2023-06-26,Store,S006,Completed,Credit Card,0.0
O0010949,C008590,2023-06-26,Store,S008,Completed,Debit Card,0.0
O0010952,C017790,2023-06-26,Store,S006,Completed,Debit Card,0.0
O0010955,C021922,2023-06-26,Store,S003,Completed,Credit Card,0.0
O0010959,C019279,2023-06-26,Online,,Completed,Gift Card,3.35
O0010962,C015790,2023-06-26,Online,,Completed,Debit Card,8.26
O0010966,C011933,2023-06-27,Store,S016,Completed,Credit Card,0.0
O0010977,C024010,2023-06-27,Online,,Completed,Credit Card,3.28
O0010995,C028547,2023-06-27,Online,,Completed,Digital Wallet,18.03
O0011002,C016835,2023-06-27,Store,S011,Completed,Gift Card,0.0
O0011016,C024512,2023-06-27,Store,S003,Completed,Credit Card,0.0
O0011029,C021568,2023-06-28,Online,,Completed,Debit Card,4.31
O0011031,C027000,2023-06-28,Online,,Completed,Credit Card,6.48
O0011032,C017757,2023-06-28,Store,S009,Returned,Digital Wallet,0.0
O0011033,C027756,2023-06-28,Online,,Completed,Credit Card,2.72
O0011040,C023965,2023-06-28,Store,S003,Cancelled,Digital Wallet,0.0
O0011050,C025412,2023-06-28,Online,,Completed,Credit Card,4.1
O0011052,C021742,2023-06-28,Store,S005,Completed,Digital Wallet,0.0
O0011054,C016294,2023-06-28,Store,S007,Completed,Credit Card,0.0
O0011060,C017868,2023-06-28,Store,S008,Returned,Debit Card,0.0
O0011070,C002904,2023-06-28,Store,S015,Completed,Credit Card,0.0
O0011098,C027908,2023-06-29,Online,,Returned,Digital Wallet,6.22
O0011108,C002085,2023-06-29,Store,S016,Completed,Credit Card,0.0
O0011113,C028613,2023-06-29,Online,,Completed,Credit Card,0.62
O0011117,C011900,2023-06-29,Pickup,S001,Completed,Credit Card,0.0
O0011118,C028100,2023-06-29,Online,,Completed,Credit Card,10.79
O0011119,C018055,2023-06-29,Store,S016,Completed,Digital Wallet,0.0
O0011132,C007894,2023-06-29,Online,,Completed,Credit Card,5.74
O0011144,C025344,2023-06-29,Pickup,S009,Completed,Debit Card,0.0
O0011160,C003243,2023-06-29,Online,,Completed,Credit Card,6.07
O0011161,C026388,2023-06-29,Store,S001,Completed,Digital Wallet,0.0
O0011168,C008212,2023-06-30,Online,,Completed,Digital Wallet,6.24
O0011169,C019187,2023-06-30,Pickup,S008,Completed,Digital Wallet,0.0
O0011171,C011265,2023-06-30,Online,,Completed,Credit Card,0.38
O0011180,C002919,2023-06-30,Online,,Returned,Debit Card,11.45
O0011181,C002541,2023-06-30,Online,,Completed,Credit Card,7.58
O0011184,C022940,2023-06-30,Store,S008,Completed,Credit Card,0.0
O0011187,C000197,2023-06-30,Online,,Completed,Credit Card,7.87
O0011197,C013518,2023-06-30,Online,,Completed,Credit Card,3.82
O0011198,C006910,2023-06-30,Pickup,S015,Completed,Debit Card,0.0
O0011203,C017958,2023-06-30,Online,,Completed,Credit Card,0.67
O0011208,C002013,2023-06-30,Online,,Completed,Credit Card,21.87
O0011231,C011962,2023-07-01,Online,,Completed,Debit Card,4.92
O0011242,C001435,2023-07-01,Store,S012,Completed,Digital Wallet,0.0
O0011246,C023212,2023-07-01,Online,,Completed,Debit Card,2.3
O0011250,C014619,2023-07-01,Pickup,S016,Cancelled,Debit Card,0.0
O0011255,C006033,2023-07-01,Store,S005,Completed,Credit Card,0.0
O0011256,C002933,2023-07-01,Online,,Completed,Credit Card,7.25
O0011263,C007677,2023-07-01,Online,,Completed,Credit Card,1.7
O0011267,C010400,2023-07-01,Online,,Completed,Credit Card,5.97
O0011273,C001340,2023-07-01,Store,S010,Completed,Credit Card,0.0
O0011274,C014444,2023-07-01,Store,S010,Completed,Credit Card,0.0
O0011281,C028815,2023-07-01,Store,S003,Completed,Credit Card,0.0
O0011282,C006405,2023-07-01,Store,S008,Completed,Credit Card,0.0
O0011284,C016791,2023-07-01,Online,,Completed,Gift Card,2.78
O0011288,C016835,2023-07-01,Pickup,S011,Completed,Digital Wallet,0.0
O0011297,C008388,2023-07-02,Online,,Completed,Credit Card,5.23
O0011300,C018603,2023-07-02,Pickup,S011,Completed,Credit Card,0.0
O0011304,C008388,2023-07-02,Store,S006,Completed,Debit Card,0.0
O0011312,C004439,2023-07-02,Store,S015,Completed,Debit Card,0.0
O0011331,C012141,2023-07-02,Store,S005,Returned,Credit Card,0.0
O0011346,C002486,2023-07-02,Store,S002,Completed,Credit Card,0.0
O0011364,C021780,2023-07-03,Store,S008,Completed,Credit Card,0.0
O0011365,C006050,2023-07-03,Store,S007,Completed,Gift Card,0.0
O0011366,C007553,2023-07-03,Store,S013,Completed,Credit Card,0.0
O0011384,C009533,2023-07-03,Online,,Completed,Credit Card,8.76
O0011386,C009888,2023-07-03,Online,,Completed,Credit Card,6.08
O0011397,C014971,2023-07-03,Store,S012,Completed,Digital Wallet,0.0
O0011413,C014460,2023-07-03,Store,S013,Completed,Digital Wallet,0.0
O0011418,C003097,2023-07-03,Pickup,S011,Completed,Credit Card,0.0
O0011438,C025756,2023-07-04,Store,S015,Completed,Credit Card,0.0
O0011447,C028866,2023-07-04,Store,S016,Completed,Credit Card,0.0
O0011466,C002806,2023-07-04,Store,S014,Completed,Credit Card,0.0
O0011469,C012676,2023-07-04,Pickup,S010,Completed,Digital Wallet,0.0
O0011478,C002959,2023-07-04,Online,,Completed,Credit Card,1.28
O0011485,C000742,2023-07-04,Store,S012,Completed,Debit Card,0.0
O0011492,C016430,2023-07-05,Store,S009,Completed,Debit Card,0.0
O0011506,C004409,2023-07-05,Store,S002,Completed,Credit Card,0.0
O0011516,C022568,2023-07-05,Online,,Completed,Credit Card,5.03
O0011534,C007501,2023-07-05,Pickup,S011,Cancelled,Credit Card,0.0
O0011540,C000035,2023-07-05,Store,S006,Completed,Debit Card,0.0
O0011549,C006215,2023-07-06,Store,S003,Returned,Debit Card,0.0
O0011553,C014768,2023-07-06,Store,S009,Completed,Credit Card,0.0
O0011557,C006889,2023-07-06,Online,,Returned,Debit Card,7.97
O0011560,C009622,2023-07-06,Store,S007,Completed,Credit Card,0.0
O0011587,C002904,2023-07-06,Online,,Completed,Digital Wallet,8.65
O0011598,C011316,2023-07-06,Online,,Completed,Credit Card,8.03
O0011618,C002498,2023-07-07,Store,S016,Returned,Credit Card,0.0
O0011619,C020443,2023-07-07,Store,S013,Completed,Credit Card,0.0
O0011636,C013174,2023-07-07,Online,,Completed,Credit Card,6.66
O0011637,C009092,2023-07-07,Online,,Completed,Digital Wallet,6.3
O0011645,C012284,2023-07-07,Online,,Completed,Gift Card,4.35
O0011663,C006439,2023-07-07,Online,,Returned,Digital Wallet,15.28
O0011665,C001504,2023-07-07,Online,,Completed,Credit Card,8.02
O0011674,C016486,2023-07-07,Pickup,S007,Completed,Digital Wallet,0.0
O0011704,C012408,2023-07-08,Store,S011,Completed,Credit Card,0.0
O0011714,C014369,2023-07-08,Pickup,S002,Completed,Digital Wallet,0.0
O0011717,C017757,2023-07-08,Pickup,S012,Completed,Credit Card,0.0
O0011720,C004411,2023-07-08,Online,,Completed,Digital Wallet,10.72
O0011753,C008732,2023-07-09,Online,,Completed,Credit Card,2.66
O0011754,C025230,2023-07-09,Store,S005,Completed,Debit Card,0.0
O0011756,C001164,2023-07-09,Pickup,S002,Completed,Digital Wallet,0.0
O0011763,C029000,2023-07-09,Online,,Completed,Digital Wallet,3.17
O0011769,C012260,2023-07-09,Store,S001,Completed,Digital Wallet,0.0
O0011776,C015874,2023-07-09,Online,,Completed,Credit Card,0.65
O0011780,C018599,2023-07-09,Store,S008,Completed,Debit Card,0.0
O0011790,C015514,2023-07-09,Store,S004,Completed,Debit Card,0.0
O0011795,C019084,2023-07-09,Store,S010,Completed,Credit Card,0.0
O0011796,C023622,2023-07-09,Online,,Completed,Credit Card,2.99
O0011810,C003299,2023-07-10,Online,,Completed,Credit Card,4.52
O0011820,C016470,2023-07-10,Online,,Completed,Debit Card,4.33
O0011825,C025570,2023-07-10,Online,,Cancelled,Digital Wallet,0.26
O0011837,C002684,2023-07-10,Store,S003,Completed,Debit Card,0.0
O0011848,C010736,2023-07-10,Store,S005,Returned,Credit Card,0.0
O0011849,C002154,2023-07-10,Online,,Completed,Credit Card,6.1
O0011850,C011334,2023-07-10,Online,,Completed,Credit Card,4.24
O0011863,C010206,2023-07-10,Online,,Completed,Debit Card,7.04
O0011893,C002277,2023-07-11,Online,,Returned,Credit Card,10.28
O0011898,C016738,2023-07-11,Store,S004,Returned,Digital Wallet,0.0
O0011908,C016357,2023-07-11,Pickup,S002,Completed,Credit Card,0.0
O0011912,C008714,2023-07-11,Pickup,S007,Cancelled,Digital Wallet,0.0
O0011917,C018780,2023-07-11,Online,,Completed,Credit Card,20.41
O0011926,C008619,2023-07-11,Store,S005,Completed,Credit Card,0.0
O0011929,C014312,2023-07-11,Online,,Completed,Debit Card,3.41
O0011941,C000912,2023-07-12,Store,S014,Completed,Debit Card,0.0
O0011942,C002586,2023-07-12,Online,,Completed,Credit Card,1.98
O0011944,C005641,2023-07-12,Pickup,S014,Returned,Credit Card,0.0
O0011948,C011316,2023-07-12,Store,S011,Completed,Credit Card,0.0
O0011960,C022113,2023-07-12,Online,,Completed,Debit Card,3.4
O0011962,C017977,2023-07-12,Store,S015,Completed,Credit Card,0.0
O0011968,C006253,2023-07-12,Online,,Completed,Credit Card,3.01
O0011971,C009817,2023-07-12,Online,,Completed,Digital Wallet,5.88
O0011973,C012418,2023-07-12,Store,S016,Completed,Credit Card,0.0
O0011998,C007761,2023-07-12,Online,,Returned,Credit Card,2.58
O0012002,C012012,2023-07-13,Store,S001,Completed,Debit Card,0.0
O0012006,C018068,2023-07-13,Store,S006,Completed,Credit Card,0.0
O0012014,C011092,2023-07-13,Store,S009,Completed,Credit Card,0.0
O0012018,C022940,2023-07-13,Store,S007,Completed,Credit Card,0.0
O0012019,C008083,2023-07-13,Store,S009,Completed,Credit Card,0.0
O0012021,C007553,2023-07-13,Online,,Completed,Debit Card,8.87
O0012022,C017757,2023-07-13,Store,S012,Completed,Credit Card,0.0
O0012024,C000345,2023-07-13,Store,S016,Returned,Debit Card,0.0
O0012025,C029986,2023-07-13,Online,,Returned,Debit Card,14.59
O0012027,C002498,2023-07-13,Store,S014,Completed,Gift Card,0.0
O0012040,C008980,2023-07-13,Online,,Completed,Debit Card,0.81
O0012043,C001792,2023-07-13,Store,S014,Completed,Debit Card,0.0
O0012047,C024460,2023-07-13,Store,S015,Completed,Digital Wallet,0.0
O0012056,C014332,2023-07-13,Pickup,S009,Completed,Credit Card,0.0
O0012069,C009518,2023-07-14,Store,S015,Completed,Digital Wallet,0.0
O0012080,C012574,2023-07-14,Store,S004,Completed,Debit Card,0.0
O0012081,C010526,2023-07-14,Store,S011,Completed,Debit Card,0.0
O0012087,C027095,2023-07-14,Pickup,S001,Completed,Debit Card,0.0
O0012089,C016184,2023-07-14,Online,,Completed,Digital Wallet,5.79
O0012093,C012059,2023-07-14,Store,S004,Completed,Credit Card,0.0
O0012094,C022069,2023-07-14,Store,S007,Completed,Credit Card,0.0
O0012102,C001476,2023-07-14,Online,,Returned,Credit Card,2.51
O0012103,C003929,2023-07-14,Online,,Completed,Credit Card,1.04
O0012107,C025699,2023-07-14,Pickup,S006,Completed,Digital Wallet,0.0
O0012113,C000279,2023-07-15,Store,S001,Completed,Debit Card,0.0
O0012132,C024460,2023-07-15,Online,,Completed,Debit Card,15.44
O0012133,C014404,2023-07-15,Online,,Completed,Digital Wallet,5.4
O0012136,C028369,2023-07-15,Online,,Completed,Credit Card,10.46
O0012139,C028550,2023-07-15,Store,S015,Completed,Credit Card,0.0
O0012151,C001457,2023-07-15,Store,S006,Completed,Credit Card,0.0
O0012152,C010885,2023-07-15,Store,S014,Completed,Debit Card,0.0
O0012158,C001982,2023-07-15,Pickup,S005,Completed,Credit Card,0.0
O0012168,C010093,2023-07-15,Store,S016,Returned,Credit Card,0.0
O0012169,C028628,2023-07-15,Store,S015,Completed,Credit Card,0.0
O0012174,C009039,2023-07-15,Online,,Completed,Digital Wallet,5.95
O0012190,C012288,2023-07-16,Online,,Returned,Credit Card,2.31
O0012195,C022257,2023-07-16,Online,,Completed,Digital Wallet,2.81
O0012196,C014658,2023-07-16,Online,,Completed,Debit Card,2.55
O0012198,C009332,2023-07-16,Store,S016,Cancelled,Digital Wallet,0.0
O0012212,C023049,2023-07-16,Online,,Returned,Debit Card,1.07
O0012216,C028246,2023-07-16,Online,,Returned,Credit Card,3.87
O0012223,C012302,2023-07-16,Store,S015,Returned,Credit Card,0.0
O0012229,C008365,2023-07-16,Store,S005,Completed,Credit Card,0.0
O0012239,C004795,2023-07-16,Online,,Completed,Debit Card,4.69
O0012240,C020381,2023-07-16,Online,,Completed,Digital Wallet,8.92
O0012246,C025813,2023-07-16,Online,,Completed,Credit Card,1.26
O0012275,C007404,2023-07-17,Store,S014,Completed,Credit Card,0.0
O0012276,C015316,2023-07-17,Store,S007,Returned,Credit Card,0.0
O0012282,C020641,2023-07-17,Online,,Completed,Credit Card,5.53
O0012283,C012676,2023-07-17,Online,,Completed,Credit Card,3.6
O0012294,C022405,2023-07-17,Online,,Completed,Credit Card,5.98
O0012301,C020257,2023-07-17,Online,,Completed,Debit Card,3.14
O0012302,C010095,2023-07-17,Store,S015,Completed,Credit Card,0.0
O0012310,C021771,2023-07-18,Store,S014,Completed,Debit Card,0.0
O0012325,C002677,2023-07-18,Online,,Completed,Credit Card,2.61
O0012354,C022687,2023-07-19,Store,S015,Returned,Credit Card,0.0
O0012359,C023049,2023-07-19,Pickup,S013,Completed,Credit Card,0.0
O0012360,C024103,2023-07-19,Store,S004,Completed,Credit Card,0.0
O0012362,C007555,2023-07-19,Store,S006,Completed,Credit Card,0.0
O0012372,C024507,2023-07-19,Online,,Completed,Digital Wallet,8.58
O0012378,C006129,2023-07-19,Store,S011,Completed,Credit Card,0.0
O0012396,C004990,2023-07-19,Store,S007,Completed,Credit Card,0.0
O0012398,C007469,2023-07-19,Pickup,S010,Completed,Debit Card,0.0
O0012401,C006068,2023-07-19,Online,,Completed,Credit Card,6.9
O0012417,C017449,2023-07-20,Store,S013,Completed,Credit Card,0.0
O0012440,C013582,2023-07-20,Store,S015,Completed,Digital Wallet,0.0
O0012448,C020062,2023-07-20,Store,S013,Completed,Digital Wallet,0.0
O0012459,C002142,2023-07-20,Store,S015,Completed,Credit Card,0.0
O0012470,C005860,2023-07-21,Online,,Completed,Debit Card,3.64
O0012482,C014338,2023-07-21,Online,,Completed,Debit Card,6.37
O0012485,C027831,2023-07-21,Store,S010,Completed,Gift Card,0.0
O0012492,C012575,2023-07-21,Pickup,S004,Completed,Gift Card,0.0
O0012497,C022797,2023-07-21,Online,,Completed,Debit Card,3.34
O0012508,C005415,2023-07-21,Store,S016,Completed,Credit Card,0.0
O0012510,C019126,2023-07-21,Online,,Completed,Digital Wallet,3.2
O0012514,C014764,2023-07-21,Online,,Completed,Digital Wallet,1.73
O0012517,C009227,2023-07-21,Store,S006,Completed,Digital Wallet,0.0
O0012519,C009444,2023-07-22,Store,S002,Completed,Debit Card,0.0
O0012521,C002137,2023-07-22,Online,,Completed,Credit Card,4.13
O0012552,C005237,2023-07-22,Store,S002,Completed,Debit Card,0.0
O0012555,C027000,2023-07-22,Store,S005,Completed,Debit Card,0.0
O0012561,C003906,2023-07-22,Pickup,S010,Returned,Digital Wallet,0.0
O0012573,C011770,2023-07-22,Online,,Completed,Credit Card,19.11
O0012576,C025638,2023-07-22,Pickup,S008,Completed,Credit Card,0.0
O0012578,C005428,2023-07-22,Online,,Completed,Credit Card,7.35
O0012580,C028613,2023-07-22,Online,,Returned,Debit Card,0.6
O0012583,C017695,2023-07-22,Store,S013,Completed,Credit Card,0.0
O0012602,C017977,2023-07-23,Online,,Completed,Digital Wallet,4.05
O0012603,C028437,2023-07-23,Store,S015,Completed,Credit Card,0.0
O0012605,C014369,2023-07-23,Store,S001,Completed,Credit Card,0.0
O0012606,C007553,2023-07-23,Store,S013,Completed,Credit Card,0.0
O0012608,C014059,2023-07-23,Pickup,S015,Completed,Digital Wallet,0.0
O0012613,C009873,2023-07-23,Online,,Completed,Credit Card,10.49
O0012614,C019773,2023-07-23,Pickup,S010,Completed,Credit Card,0.0
O0012626,C027943,2023-07-23,Online,,Completed,Debit Card,4.1
O0012627,C017434,2023-07-23,Store,S013,Completed,Debit Card,0.0
O0012634,C012336,2023-07-23,Online,,Completed,Digital Wallet,6.29
O0012639,C012368,2023-07-23,Online,,Completed,Digital Wallet,4.66
O0012645,C023792,2023-07-23,Store,S005,Completed,Debit Card,0.0
O0012653,C007478,2023-07-24,Online,,Completed,Digital Wallet,0.83
O0012654,C003399,2023-07-24,Store,S012,Completed,Credit Card,0.0
O0012664,C012731,2023-07-24,Store,S013,Completed,Digital Wallet,0.0
O0012670,C018791,2023-07-24,Store,S007,Completed,Digital Wallet,0.0
O0012683,C002406,2023-07-24,Pickup,S008,Completed,Credit Card,0.0
O0012684,C007050,2023-07-24,Store,S006,Completed,Debit Card,0.0
O0012697,C029340,2023-07-24,Store,S006,Completed,Digital Wallet,0.0
O0012698,C001938,2023-07-24,Online,,Completed,Digital Wallet,4.7
O0012701,C003264,2023-07-24,Pickup,S005,Completed,Credit Card,0.0
O0012723,C000457,2023-07-25,Online,,Completed,Credit Card,14.82
O0012730,C015840,2023-07-25,Online,,Completed,Credit Card,16.59
O0012742,C023590,2023-07-25,Pickup,S009,Completed,Credit Card,0.0
O0012743,C015784,2023-07-25,Online,,Completed,Credit Card,1.51
O0012745,C012644,2023-07-25,Online,,Completed,Digital Wallet,16.93
O0012751,C007749,2023-07-25,Store,S012,Completed,Credit Card,0.0
O0012754,C005462,2023-07-25,Online,,Returned,Credit Card,13.09
O0012756,C009135,2023-07-25,Online,,Completed,Gift Card,11.28
O0012760,C002533,2023-07-25,Store,S010,Completed,Digital Wallet,0.0
O0012761,C027449,2023-07-25,Online,,Completed,Credit Card,12.01
O0012763,C014668,2023-07-25,Store,S009,Completed,Credit Card,0.0
O0012765,C008526,2023-07-25,Pickup,S004,Completed,Credit Card,0.0
O0012781,C027726,2023-07-26,Store,S013,Completed,Credit Card,0.0
O0012782,C017755,2023-07-26,Pickup,S016,Completed,Debit Card,0.0
O0012788,C027173,2023-07-26,Store,S006,Completed,Gift Card,0.0
O0012790,C012594,2023-07-26,Store,S012,Completed,Credit Card,0.0
O0012791,C022896,2023-07-26,Online,,Completed,Debit Card,4.69
O0012794,C029237,2023-07-26,Online,,Completed,Digital Wallet,1.03
O0012800,C022256,2023-07-26,Store,S009,Completed,Gift Card,0.0
O0012805,C028116,2023-07-26,Store,S005,Cancelled,Debit Card,0.0
O0012807,C013499,2023-07-26,Online,,Returned,Credit Card,5.63
O0012819,C011404,2023-07-26,Online,,Completed,Digital Wallet,5.21
O0012823,C005577,2023-07-26,Online,,Completed,Credit Card,13.11
O0012827,C023686,2023-07-26,Online,,Completed,Debit Card,12.42
O0012834,C002141,2023-07-27,Online,,Completed,Credit Card,8.28
O0012840,C020726,2023-07-27,Online,,Completed,Digital Wallet,6.32
O0012847,C029427,2023-07-27,Online,,Returned,Credit Card,2.06
O0012858,C029841,2023-07-27,Store,S006,Cancelled,Digital Wallet,0.0
O0012861,C027295,2023-07-27,Online,,Completed,Credit Card,1.66
O0012876,C017035,2023-07-27,Pickup,S011,Completed,Debit Card,0.0
O0012884,C008006,2023-07-28,Store,S006,Completed,Credit Card,0.0
O0012891,C025543,2023-07-28,Store,S002,Completed,Credit Card,0.0
O0012893,C023844,2023-07-28,Online,,Completed,Credit Card,11.66
O0012901,C021437,2023-07-28,Store,S001,Returned,Digital Wallet,0.0
O0012904,C011683,2023-07-28,Online,,Completed,Digital Wallet,11.11
O0012915,C015845,2023-07-28,Pickup,S002,Completed,Digital Wallet,0.0
O0012917,C016686,2023-07-28,Online,,Completed,Credit Card,5.64
O0012918,C009943,2023-07-28,Online,,Completed,Debit Card,2.88
O0012927,C023036,2023-07-28,Pickup,S002,Completed,Debit Card,0.0
O0012936,C028248,2023-07-28,Pickup,S014,Completed,Credit Card,0.0
O0012941,C024216,2023-07-29,Online,,Completed,Credit Card,6.53
O0012944,C004059,2023-07-29,Store,S010,Returned,Credit Card,0.0
O0012949,C014725,2023-07-29,Store,S005,Completed,Digital Wallet,0.0
O0012951,C025113,2023-07-29,Online,,Completed,Digital Wallet,2.23
O0012959,C007937,2023-07-29,Store,S004,Completed,Credit Card,0.0
O0012964,C006434,2023-07-29,Store,S011,Completed,Debit Card,0.0
O0012968,C017387,2023-07-29,Online,,Completed,Digital Wallet,12.04
O0012985,C009761,2023-07-29,Online,,Completed,Credit Card,24.63
O0012997,C025181,2023-07-29,Store,S006,Completed,Credit Card,0.0
O0013001,C003793,2023-07-29,Online,,Completed,Credit Card,7.13
O0013003,C008740,2023-07-29,Online,,Completed,Debit Card,5.43
O0013004,C029864,2023-07-29,Store,S001,Completed,Debit Card,0.0
O0013006,C007683,2023-07-29,Store,S013,Completed,Debit Card,0.0
O0013007,C016484,2023-07-29,Online,,Completed,Debit Card,5.71
O0013009,C007654,2023-07-29,Online,,Completed,Digital Wallet,3.8
O0013012,C023355,2023-07-29,Online,,Completed,Credit Card,10.42
O0013015,C014790,2023-07-30,Store,S008,Completed,Credit Card,0.0
O0013041,C000822,2023-07-30,Store,S007,Completed,Debit Card,0.0
O0013067,C023372,2023-07-30,Online,,Completed,Debit Card,12.67
O0013073,C002961,2023-07-30,Store,S011,Completed,Debit Card,0.0
O0013116,C012671,2023-07-31,Store,S014,Completed,Debit Card,0.0
O0013119,C003028,2023-07-31,Store,S009,Completed,Digital Wallet,0.0
O0013129,C011944,2023-07-31,Pickup,S007,Completed,Credit Card,0.0
O0013137,C006978,2023-07-31,Pickup,S013,Completed,Credit Card,0.0
O0013139,C000912,2023-07-31,Online,,Completed,Credit Card,4.66
O0013141,C002586,2023-07-31,Store,S001,Completed,Credit Card,0.0
O0013143,C007327,2023-07-31,Store,S011,Completed,Credit Card,0.0
O0013147,C019341,2023-07-31,Online,,Completed,Digital Wallet,6.17
O0013155,C014466,2023-07-31,Online,,Completed,Debit Card,7.85
O0013199,C028801,2023-08-01,Online,,Completed,Digital Wallet,10.57
O0013200,C007733,2023-08-01,Online,,Completed,Credit Card,8.02
O0013206,C013985,2023-08-01,Online,,Completed,Debit Card,1.91
O0013214,C011154,2023-08-01,Online,,Completed,Gift Card,4.41
O0013222,C013131,2023-08-02,Online,,Completed,Credit Card,0.47
O0013227,C007126,2023-08-02,Store,S001,Completed,Debit Card,0.0
O0013247,C013790,2023-08-02,Store,S006,Completed,Digital Wallet,0.0
O0013253,C004337,2023-08-02,Online,,Completed,Credit Card,5.27
O0013268,C007791,2023-08-02,Pickup,S011,Completed,Digital Wallet,0.0
O0013277,C026428,2023-08-02,Online,,Returned,Credit Card,5.56
O0013278,C027658,2023-08-02,Store,S016,Returned,Credit Card,0.0
O0013289,C004707,2023-08-03,Store,S011,Completed,Credit Card,0.0
O0013294,C017352,2023-08-03,Pickup,S003,CANCELLED,Debit Card,0.0
O0013301,C013029,2023-08-03,Pickup,S011, complete ,Debit Card,0.0
O0013306,C013621,2023-08-03,Pickup,S011,Completed,Credit Card,0.0
O0013308,C029746,2023-08-03,Online,,Completed,Digital Wallet,1.71
O0013318,C009085,2023-08-03,Pickup,S001,Completed,Debit Card,0.0
O0013324,C002919,2023-08-03,Pickup,S002,Completed,Credit Card,0.0
O0013340,C004286,2023-08-03,Store,S011,Completed,Debit Card,0.0
O0013349,C025881,2023-08-04,Online,,Completed,Digital Wallet,7.47
O0013352,C020006,2023-08-04,Pickup,S011,Completed,Debit Card,0.0
O0013354,C026537,2023-08-04,Store,S011,Completed,Debit Card,0.0
O0013356,C014571,2023-08-04,Online,,Completed,Credit Card,5.09
O0013377,C009575,2023-08-04,Online,,Completed,Digital Wallet,1.15
O0013385,C013621,2023-08-04,Online,,Returned,Gift Card,7.25
O0013388,C006434,2023-08-04,Pickup,S009,Completed,Digital Wallet,0.0
O0013391,C003097,2023-08-04,Pickup,S010,Completed,Credit Card,0.0
O0013392,C004757,2023-08-04,Store,S002,Completed,Debit Card,0.0
O0013410,C017796,2023-08-05,Store,S002,Completed,Debit Card,0.0
O0013414,C016604,2023-08-05,Store,S001,Completed,Credit Card,0.0
O0013421,C023980,2023-08-05,Online,,Cancelled,Credit Card,8.37
O0013426,C022287,2023-08-05,Online,,Completed,Digital Wallet,0.61
O0013429,C016688,2023-08-05,Store,S013,Completed,Credit Card,0.0
O0013439,C010877,2023-08-05,Store,S002,Completed,Credit Card,0.0
O0013458,C023622,2023-08-05,Store,S004, complete ,Credit Card,0.0
O0013483,C022368,2023-08-06,Pickup,S014,Completed,Credit Card,0.0
O0013484,C000402,2023-08-06,Online,,Completed,Debit Card,10.86
O0013504,C002541,2023-08-06,Store,S005,Completed,Digital Wallet,0.0
O0013506,C024576,2023-08-06,Store,S016,Completed,Debit Card,0.0
O0013512,C029344,2023-08-06,Store,S009,Completed,Debit Card,0.0
O0013540,C016585,2023-08-07,Online,,Completed,Digital Wallet,1.15
O0013543,C012699,2023-08-07,Store,S011,Completed,Credit Card,0.0
O0013544,C013518,2023-08-07,Online,,Completed,Debit Card,8.06
O0013549,C006978,2023-08-07,Online,,Returned,Debit Card,9.73
O0013574,C021869,2023-08-07,Online,,Completed,Debit Card,5.82
O0013581,C014810,2023-08-07,Store,S009,Completed,Debit Card,0.0
O0013602,C001442,2023-08-08,Store,S001,Completed,Debit Card,0.0
O0013603,C018958,2023-08-08,Online,,Completed,Digital Wallet,9.45
O0013611,C027908,2023-08-08,Online,,Completed,Credit Card,3.66
O0013628,C023589,2023-08-08,Pickup,S004,Completed,Credit Card,0.0
O0013632,C017542,2023-08-08,Pickup,S016,Completed,Debit Card,0.0
O0013636,C005237,2023-08-08,Online,,Completed,Digital Wallet,6.01
O0013647,C021791,2023-08-08,Online,,Completed,Credit Card,12.85
O0013651,C014494,2023-08-08,Online,,Completed,Credit Card,2.97
O0013658,C025998,2023-08-09,Store,S013,Completed,Credit Card,0.0
O0013659,C019403,2023-08-09,Store,S001,Completed,Credit Card,0.0
O0013661,C005928,2023-08-09,Store,S001,Completed,Digital Wallet,0.0
O0013671,C025954,2023-08-09,Store,S012,Returned,Credit Card,0.0
O0013689,C011583,2023-08-09,Online,,Completed,Credit Card,8.23
O0013690,C004846,2023-08-09,Store,S003,Completed,Gift Card,0.0
O0013693,C003101,2023-08-09,Store,S016,Completed,Gift Card,0.0
O0013695,C016383,2023-08-09,Pickup,S006,Completed,Debit Card,0.0
O0013696,C001119,2023-08-09,Online,,Completed,Credit Card,4.69
O0013702,C027116,2023-08-09,Online,,Completed,Credit Card,5.0
O0013707,C011029,2023-08-09,Online,,Completed,Debit Card,3.82
O0013739,C014771,2023-08-10,Store,S008,Completed,Digital Wallet,0.0
O0013740,C029238,2023-08-10,Store,S012,Completed,Credit Card,0.0
O0013743,C001617,2023-08-10,Store,S008,Completed,Debit Card,0.0
O0013748,C025366,2023-08-10,Online,,Completed,Digital Wallet,10.56
O0013762,C016762,2023-08-10,Online,,Completed,Digital Wallet,6.79
O0013773,C024532,2023-08-10,Pickup,S009,Completed,Credit Card,0.0
O0013776,C030000,2023-08-10,Store,S011,Completed,Credit Card,0.0
O0013780,C009332,2023-08-10,Store,S016,Completed,Gift Card,0.0
O0013781,C003161,2023-08-10,Store,S010,Completed,Credit Card,0.0
O0013797,C019536,2023-08-11,Pickup,S004,Completed,Credit Card,0.0
O0013798,C002899,2023-08-11,Online,,Completed,Credit Card,5.15
O0013803,C015403,2023-08-11,Online,,Completed,Digital Wallet,0.93
O0013822,C008481,2023-08-11,Online,,Returned,Digital Wallet,4.78
O0013824,C023589,2023-08-11,Store,S003,Completed,Debit Card,0.0
O0013830,C003065,2023-08-11,Online,,Completed,Credit Card,3.14
O0013867,C012805,2023-08-12,Online,,Completed,Credit Card,5.28
O0013880,C002877,2023-08-12,Online,,Completed,Credit Card,10.27
O0013882,C016424,2023-08-12,Store,S001,Completed,Digital Wallet,0.0
O0013896,C006742,2023-08-12,Store,S008,Completed,Gift Card,0.0
O0013905,C012355,2023-08-12,Online,,Completed,Credit Card,2.69
O0013907,C025998,2023-08-12,Store,S014,Completed,Digital Wallet,0.0
O0013909,C018218,2023-08-12,Store,S006,Completed,Credit Card,0.0
O0013918,C028815,2023-08-13,Online,,Completed,Credit Card,7.49
O0013920,C001995,2023-08-13,Store,S005,Completed,Debit Card,0.0
O0013934,C029574,2023-08-13,Pickup,S004,Completed,Debit Card,0.0
O0013937,C015678,2023-08-13,Online,,Completed,Debit Card,1.35
O0013942,C005340,2023-08-13,Online,,Returned,Digital Wallet,6.88
O0013946,C009732,2023-08-13,Store,S001,Completed,Credit Card,0.0
O0013956,C008973,2023-08-13,Pickup,S015,Completed,Digital Wallet,0.0
O0013971,C002877,2023-08-13,Store,S012,Completed,Gift Card,0.0
O0013989,C009267,2023-08-13,Pickup,S006,Completed,Debit Card,0.0
O0014001,C027003,2023-08-14,Online,,Completed,Digital Wallet,1.03
O0014013,C022297,2023-08-14,Store,S013,Completed,Digital Wallet,0.0
O0014027,C003299,2023-08-14,Store,S001,Completed,Digital Wallet,0.0
O0014031,C012699,2023-08-14,Pickup,S012,Cancelled,Debit Card,0.0
O0014051,C003489,2023-08-14,Store,S006,Completed,Credit Card,0.0
O0014052,C011926,2023-08-14,Pickup,S016,Completed,Credit Card,0.0
O0014057,C008248,2023-08-14,Store,S003,Completed,Credit Card,0.0
O0014069,C017244,2023-08-15,Online,,Completed,Credit Card,10.23
O0014078,C012478,2023-08-15,Store,S006,Completed,Credit Card,0.0
O0014080,C020800,2023-08-15,Online,,Completed,Debit Card,9.41
O0014088,C015166,2023-08-15,Online,,Completed,Debit Card,15.22
O0014092,C005437,2023-08-15,Store,S002,Completed,Debit Card,0.0
O0014099,C011205,2023-08-15,Store,S001,Completed,Credit Card,0.0
O0014104,C014146,2023-08-15,Pickup,S014,Completed,Credit Card,0.0
O0014107,C024179,2023-08-15,Store,S012,Completed,Credit Card,0.0
O0014115,C017698,2023-08-15,Store,S009,Cancelled,Credit Card,0.0
O0014122,C005983,2023-08-15,Online,,Returned,Gift Card,5.12
O0014123,C023234,2023-08-15,Online,,Returned,Credit Card,4.43
O0014127,C009092,2023-08-15,Store,S012,Completed,Debit Card,0.0
O0014131,C000665,2023-08-16,Store,S013,Completed,Credit Card,0.0
O0014137,C002056,2023-08-16,Online,,Completed,Debit Card,5.93
O0014146,C024199,2023-08-16,Online,,Completed,Credit Card,3.91
O0014147,C010575,2023-08-16,Online,,Completed,Credit Card,4.08
O0014149,C013631,2023-08-16,Online,,Completed,Digital Wallet,2.59
O0014152,C023372,2023-08-16,Online,,Completed,Credit Card,2.12
O0014154,C011914,2023-08-16,Online,,Completed,Credit Card,14.2
O0014165,C002120,2023-08-16,Online,,Completed,Debit Card,15.75
O0014190,C026311,2023-08-17,Store,S005,Completed,Digital Wallet,0.0
O0014224,C022263,2023-08-17,Online,,Completed,Digital Wallet,8.47
O0014229,C010386,2023-08-17,Online,,Completed,Gift Card,4.08
O0014233,C000665,2023-08-17,Online,,Completed,Debit Card,12.64
O0014237,C022357,2023-08-17,Online,,Completed,Debit Card,4.91
O0014242,C018470,2023-08-17,Store,S011,Completed,Digital Wallet,0.0
O0014243,C018372,2023-08-17,Online,,Completed,Debit Card,3.41
O0014247,C022040,2023-08-17,Online,,Completed,Credit Card,2.01
O0014261,C024625,2023-08-18,Pickup,S003,Completed,Credit Card,0.0
O0014270,C004904,2023-08-18,Store,S007,Completed,Debit Card,0.0
O0014273,C029428,2023-08-18,Store,S012,Completed,Digital Wallet,0.0
O0014282,C011239,2023-08-18,Store,S013,Completed,Credit Card,0.0
O0014284,C014995,2023-08-18,Store,S008,Completed,Credit Card,0.0
O0014288,C029340,2023-08-18,Online,,Completed,Credit Card,6.56
O0014292,C015806,2023-08-18,Online,,Completed,Debit Card,3.02
O0014301,C018933,2023-08-19,Pickup,S007,Completed,Credit Card,0.0
O0014307,C025456,2023-08-19,Store,S005,Completed,Digital Wallet,0.0
O0014314,C017815,2023-08-19,Online,,Completed,Debit Card,4.25
O0014333,C024532,2023-08-19,Store,S010,Cancelled,Digital Wallet,0.0
O0014348,C015282,2023-08-19,Online,,Returned,Digital Wallet,2.9
O0014352,C000743,2023-08-19,Store,S014,Completed,Digital Wallet,0.0
O0014370,C010407,2023-08-19,Store,S012,Completed,Gift Card,0.0
O0014377,C011154,2023-08-19,Store,S008,Completed,Debit Card,0.0
O0014385,C029900,2023-08-19,Online,,Completed,Digital Wallet,6.42
O0014391,C010970,2023-08-20,Online,,Completed,Gift Card,4.14
O0014398,C027364,2023-08-20,Online,,Completed,Debit Card,10.19
O0014399,C020312,2023-08-20,Store,S001,Completed,Credit Card,0.0
O0014402,C021888,2023-08-20,Pickup,S004,Returned,Digital Wallet,0.0
O0014404,C000719,2023-08-20,Store,S001,Completed,Debit Card,0.0
O0014410,C016503,2023-08-20,Store,S011,Completed,Credit Card,0.0
O0014419,C004521,2023-08-20,Pickup,S006,Completed,Debit Card,0.0
O0014422,C016346,2023-08-20,Pickup,S005,Completed,Credit Card,0.0
O0014423,C014000,2023-08-20,Pickup,S004,Returned,Digital Wallet,0.0
O0014433,C008970,2023-08-20,Online,,Returned,Debit Card,5.52
O0014445,C010439,2023-08-20,Online,,Completed,Digital Wallet,2.01
O0014447,C012234,2023-08-20,Online,,Completed,Debit Card,19.15
O0014455,C001279,2023-08-20,Online,,Completed,Debit Card,9.38
O0014459,C002677,2023-08-20,Online,,Completed,Credit Card,7.63
O0014465,C029000,2023-08-20,Online,,Completed,Credit Card,2.75
O0014467,C016604,2023-08-21,Online,,Returned,Gift Card,2.12
O0014471,C019538,2023-08-21,Store,S007,Completed,Debit Card,0.0
O0014492,C008138,2023-08-21,Online,,Completed,Debit Card,2.17
O0014493,C001924,2023-08-21,Online,,Completed,Debit Card,4.09
O0014526,C014308,2023-08-22,Store,S011,Completed,Credit Card,0.0
O0014528,C012591,2023-08-22,Online,,Completed,Debit Card,4.34
O0014543,C002584,2023-08-22,Store,S014,Completed,Digital Wallet,0.0
O0014548,C005287,2023-08-22,Online,,Completed,Digital Wallet,9.78
O0014553,C024628,2023-08-22,Store,S014,Completed,Debit Card,0.0
O0014555,C007440,2023-08-22,Online,,Completed,Digital Wallet,7.6
O0014560,C019833,2023-08-22,Pickup,S002,Completed,Digital Wallet,0.0
O0014567,C029237,2023-08-22,Online,,Completed,Credit Card,2.69
O0014570,C027651,2023-08-22,Store,S015,Completed,Debit Card,0.0
O0014580,C020521,2023-08-23,Online,,Completed,Digital Wallet,8.76
O0014582,C010983,2023-08-23,Store,S014,Completed,Credit Card,0.0
O0014585,C015738,2023-08-23,Online,,Completed,Credit Card,1.81
O0014593,C008674,2023-08-23,Online,,Completed,Credit Card,8.95
O0014597,C003659,2023-08-23,Online,,Completed,Credit Card,10.15
O0014604,C024628,2023-08-23,Online,,Completed,Digital Wallet,4.37
O0014613,C028698,2023-08-23,Online,,Completed,Digital Wallet,3.91
O0014614,C024667,2023-08-23,Store,S015,Cancelled,Credit Card,0.0
O0014621,C014330,2023-08-23,Online,,Returned,Credit Card,4.67
O0014624,C024135,2023-08-23,Store,S016,Completed,Credit Card,0.0
O0014636,C025983,2023-08-24,Store,S013,Completed,Debit Card,0.0
O0014645,C002623,2023-08-24,Store,S007,Completed,Credit Card,0.0
O0014652,C018755,2023-08-24,Online,,Completed,Debit Card,8.12
O0014654,C019417,2023-08-24,Online,,Completed,Debit Card,4.15
O0014657,C014443,2023-08-24,Online,,Completed,Credit Card,15.15
O0014660,C022475,2023-08-24,Pickup,S003,Completed,Debit Card,0.0
O0014674,C002533,2023-08-24,Pickup,S010,Completed,Digital Wallet,0.0
O0014675,C001661,2023-08-24,Pickup,S004,Completed,Debit Card,0.0
O0014676,C015514,2023-08-24,Online,,Completed,Credit Card,6.17
O0014680,C018512,2023-08-24,Store,S002,Completed,Credit Card,0.0
O0014687,C001938,2023-08-24,Store,S012,Completed,Credit Card,0.0
O0014701,C007648,2023-08-24,Online,,Completed,Digital Wallet,1.5
O0014709,C004035,2023-08-25,Online,,Completed,Digital Wallet,7.26
O0014713,C003830,2023-08-25,Online,,Completed,Digital Wallet,5.05
O0014714,C020071,2023-08-25,Online,,Completed,Gift Card,4.42
O0014715,C004916,2023-08-25,Pickup,S015,Completed,Debit Card,0.0
O0014727,C024787,2023-08-25,Online,,Completed,Debit Card,5.85
O0014730,C003185,2023-08-25,Online,,Completed,Digital Wallet,3.2
O0014736,C011900,2023-08-25,Online,,Completed,Digital Wallet,3.98
O0014744,C018755,2023-08-25,Online,,Completed,Debit Card,3.14
O0014747,C025239,2023-08-25,Store,S008,Completed,Digital Wallet,0.0
O0014749,C007889,2023-08-25,Store,S014,Completed,Credit Card,0.0
O0014753,C005728,2023-08-25,Store,S005,Completed,Digital Wallet,0.0
O0014757,C001091,2023-08-25,Online,,Completed,Gift Card,4.17
O0014767,C004750,2023-08-25,Online,,Completed,Debit Card,3.14
O0014775,C023910,2023-08-25,Store,S012,Completed,Debit Card,0.0
O0014777,C011772,2023-08-26,Pickup,S004,Completed,Debit Card,0.0
O0014784,C003814,2023-08-26,Pickup,S007,Completed,Gift Card,0.0
O0014786,C008529,2023-08-26,Online,,Completed,Digital Wallet,4.82
O0014801,C018073,2023-08-26,Store,S007,Completed,Credit Card,0.0
O0014807,C018686,2023-08-26,Store,S010,Completed,Debit Card,0.0
O0014808,C000739,2023-08-26,Store,S006,Completed,Credit Card,0.0
O0014820,C016318,2023-08-26,Store,S008,Completed,Credit Card,0.0
O0014836,C027103,2023-08-26,Online,,Completed,Credit Card,3.93
O0014838,C020166,2023-08-26,Online,,Completed,Credit Card,3.66
O0014841,C018304,2023-08-26,Store,S011,Completed,Debit Card,0.0
O0014842,C027654,2023-08-26,Store,S009,Completed,Debit Card,0.0
O0014854,C006150,2023-08-26,Online,,Completed,Credit Card,2.26
O0014860,C023512,2023-08-27,Store,S013,Completed,Digital Wallet,0.0
O0014870,C011404,2023-08-27,Online,,Returned,Credit Card,1.69
O0014888,C028695,2023-08-27,Store,S010,Completed,Credit Card,0.0
O0014898,C018701,2023-08-27,Store,S002,Completed,Credit Card,0.0
O0014900,C008650,2023-08-27,Store,S003,Completed,Credit Card,0.0
O0014901,C005462,2023-08-27,Store,S002,Completed,Digital Wallet,0.0
O0014906,C004373,2023-08-27,Online,,Completed,Gift Card,3.31
O0014908,C024742,2023-08-27,Online,,Completed,Credit Card,4.41
O0014915,C022086,2023-08-27,Online,,Completed,Digital Wallet,5.38
O0014928,C007791,2023-08-28,Online,,Returned,Credit Card,5.42
O0014992,C018080,2023-08-29,Online,,Completed,Debit Card,16.41
O0015001,C017820,2023-08-29,Pickup,S006,Completed,Credit Card,0.0
O0015009,C000035,2023-08-29,Store,S008,Returned,Credit Card,0.0
O0015015,C015416,2023-08-29,Store,S007,Completed,Credit Card,0.0
O0015016,C012805,2023-08-29,Online,,Cancelled,Debit Card,2.48
O0015021,C023910,2023-08-29,Store,S011,Completed,Debit Card,0.0
O0015025,C004773,2023-08-29,Online,,Completed,Credit Card,6.13
O0015028,C022870,2023-08-29,Store,S008,Completed,Debit Card,0.0
O0015038,C016011,2023-08-29,Online,,Completed,Credit Card,4.01
O0015040,C008863,2023-08-29,Online,,Returned,Debit Card,5.96
O0015044,C019264,2023-08-29,Store,S002,Completed,Digital Wallet,0.0
O0015046,C004703,2023-08-29,Store,S007,Completed,Credit Card,0.0
O0015059,C021207,2023-08-30,Store,S008,Completed,Debit Card,0.0
O0015083,C009332,2023-08-30,Online,,Completed,Gift Card,0.56
O0015090,C004660,2023-08-30,Online,,Completed,Credit Card,12.53
O0015093,C012692,2023-08-30,Store,S015,Completed,Debit Card,0.0
O0015102,C014443,2023-08-30,Store,S005,Returned,Digital Wallet,0.0
O0015115,C024222,2023-08-30,Pickup,S012,Completed,Digital Wallet,0.0
O0015118,C001114,2023-08-31,Online,,Completed,Digital Wallet,3.31
O0015122,C023813,2023-08-31,Online,,Completed,Digital Wallet,5.99
O0015130,C013721,2023-08-31,Online,,Completed,Digital Wallet,1.39
O0015132,C021291,2023-08-31,Online,,Completed,Debit Card,0.75
O0015142,C020905,2023-08-31,Pickup,S010,Completed,Credit Card,0.0
O0015146,C014816,2023-08-31,Store,S013,Completed,Credit Card,0.0
O0015148,C021440,2023-08-31,Store,S011,Completed,Digital Wallet,0.0
O0015149,C003549,2023-08-31,Online,,Completed,Credit Card,8.05
O0015152,C022405,2023-08-31,Online,, complete ,Gift Card,6.67
O0015155,C004348,2023-08-31,Online,,Completed,Credit Card,8.6
O0015158,C001995,2023-08-31,Pickup,S006,Completed,Credit Card,0.0
O0015161,C001960,2023-08-31,Store,S004,Completed,Debit Card,0.0
O0015165,C025254,2023-08-31,Pickup,S009,Completed,Digital Wallet,0.0
O0015166,C011506,2023-08-31,Pickup,S011,Completed,Debit Card,0.0
O0015176,C006837,2023-08-31,Online,,Completed,Digital Wallet,4.63
O0015181,C011316,2023-08-31,Online,,Completed,Digital Wallet,8.86
O0015192,C001711,2023-09-01,Online,,Returned,Debit Card,13.64
O0015223,C013639,2023-09-01,Store,S001,Completed,Credit Card,0.0
O0015226,C028358,2023-09-01,Store,S008,Completed,Credit Card,0.0
O0015227,C018354,2023-09-01,Online,,Completed,Digital Wallet,5.48
O0015229,C017755,2023-09-01,Online,,Returned,Credit Card,9.55
O0015233,C021939,2023-09-01,Pickup,S006,Completed,Credit Card,0.0
O0015236,C007761,2023-09-01,Store,S001,Completed,Credit Card,0.0
O0015239,C020085,2023-09-02,Online,,Completed,Credit Card,2.67
O0015240,C012433,2023-09-02,Online,,Completed,Digital Wallet,2.18
O0015241,C025412,2023-09-02,Store,S010,Completed,Debit Card,0.0
O0015245,C020312,2023-09-02,Store,S002,Completed,Digital Wallet,0.0
O0015253,C008349,2023-09-02,Online,,Completed,Credit Card,4.42
O0015262,C029841,2023-09-02,Store,S005,Completed,Credit Card,0.0
O0015267,C024103,2023-09-02,Online,,Completed,Credit Card,0.58
O0015275,C010970,2023-09-02,Online,,Completed,Debit Card,6.86
O0015279,C027651,2023-09-02,Online,,Completed,Debit Card,5.81
O0015288,C012800,2023-09-02,Online,,Completed,Debit Card,1.67
O0015304,C018702,2023-09-02,Store,S002,Completed,Debit Card,0.0
O0015324,C029555,2023-09-03,Online,,Completed,Debit Card,2.44
O0015335,C014650,2023-09-03,Online,,Completed,Debit Card,4.79
O0015340,C013521,2023-09-03,Online,,Completed,Credit Card,0.3
O0015345,C005184,2023-09-03,Store,S011,Completed,Debit Card,0.0
O0015349,C016503,2023-09-03,Pickup,S009,Completed,Debit Card,0.0
O0015351,C003048,2023-09-03,Store,S006,Returned,Debit Card,0.0
O0015367,C002276,2023-09-03,Online,,Completed,Debit Card,7.82
O0015392,C025984,2023-09-03,Online,,Completed,Debit Card,5.31
O0015394,C027908,2023-09-03,Store,S005,Completed,Digital Wallet,0.0
O0015396,C012699,2023-09-03,Online,,Completed,Digital Wallet,10.28
O0015417,C004171,2023-09-04,Pickup,S010,Completed,Credit Card,0.0
O0015420,C009622,2023-09-04,Store,S005,Completed,Credit Card,0.0
O0015421,C018549,2023-09-04,Online,,Completed,Credit Card,3.65
O0015429,C026208,2023-09-04,Store,S011,Completed,Credit Card,0.0
O0015430,C009729,2023-09-04,Pickup,S014,Completed,Debit Card,0.0
O0015441,C024869,2023-09-04,Online,,Completed,Credit Card,15.45
O0015449,C014718,2023-09-04,Store,S005,Completed,Gift Card,0.0
O0015457,C026592,2023-09-04,Store,S012,Completed,Credit Card,0.0
O0015460,C005385,2023-09-04,Online,,Completed,Credit Card,11.46
O0015472,C004914,2023-09-05,Online,,Completed,Debit Card,5.74
O0015480,C029996,2023-09-05,Online,,Completed,Debit Card,7.17
O0015515,C010095,2023-09-05,Online,,Completed,Debit Card,3.28
O0015527,C009962,2023-09-05,Online,,Completed,Credit Card,3.29
O0015533,C019663,2023-09-05,Online,,Completed,Debit Card,3.67
O0015539,C017901,2023-09-06,Online,,Completed,Digital Wallet,0.11
O0015543,C016975,2023-09-06,Online,,Completed,Debit Card,5.08
O0015551,C003065,2023-09-06,Online,,Completed,Gift Card,16.55
O0015555,C020085,2023-09-06,Online,,Completed,Credit Card,12.6
O0015560,C018603,2023-09-06,Online,,Completed,Credit Card,12.09
O0015565,C009195,2023-09-06,Online,,Completed,Credit Card,7.75
O0015570,C020236,2023-09-06,Store,S009,Completed,Debit Card,0.0
O0015586,C001685,2023-09-06,Pickup,S004,Cancelled,Credit Card,0.0
O0015593,C001838,2023-09-06,Store,S003,Completed,Credit Card,0.0
O0015605,C021939,2023-09-06,Online,,Completed,Credit Card,10.18
O0015613,C013790,2023-09-07,Store,S008,Completed,Debit Card,0.0
O0015616,C006268,2023-09-07,Pickup,S003,Completed,Debit Card,0.0
O0015622,C010970,2023-09-07,Online,,Completed,Digital Wallet,2.26
O0015638,C005976,2023-09-07,Pickup,S010,Returned,Digital Wallet,0.0
O0015649,C026726,2023-09-07,Online,,Completed,Credit Card,17.73
O0015661,C025181,2023-09-07,Online,,Completed,Digital Wallet,9.27
O0015664,C006798,2023-09-07,Online,,Completed,Credit Card,3.56
O0015665,C011498,2023-09-07,Pickup,S007,Completed,Credit Card,0.0
O0015685,C019081,2023-09-08,Online,,Completed,Debit Card,3.47
O0015687,C001960,2023-09-08,Online,,Completed,Debit Card,5.68
O0015688,C004094,2023-09-08,Online,,Completed,Credit Card,14.4
O0015690,C014009,2023-09-08,Online,,Completed,Gift Card,0.58
O0015701,C017615,2023-09-08,Store,S016,Completed,Digital Wallet,0.0
O0015703,C002486,2023-09-08,Store,S002,Completed,Debit Card,0.0
O0015715,C004411,2023-09-08,Online,,Completed,Credit Card,0.94
O0015721,C010009,2023-09-08,Store,S001,Completed,Credit Card,0.0
O0015743,C027943,2023-09-09,Store,S008,Cancelled,Credit Card,0.0
O0015749,C017841,2023-09-09,Pickup,S016,Completed,Digital Wallet,0.0
O0015758,C028801,2023-09-09,Online,,Completed,Credit Card,8.64
O0015766,C023391,2023-09-09,Store,S004,Completed,Digital Wallet,0.0
O0015768,C025113,2023-09-09,Online,,Completed,Gift Card,8.59
O0015769,C006428,2023-09-09,Store,S010,Completed,Credit Card,0.0
O0015771,C012302,2023-09-09,Pickup,S013,Completed,Credit Card,0.0
O0015773,C017411,2023-09-09,Store,S015,Completed,Credit Card,0.0
O0015778,C012284,2023-09-09,Pickup,S016,Completed,Credit Card,0.0
O0015787,C015429,2023-09-09,Online,,Completed,Credit Card,11.92
O0015801,C024638,2023-09-09,Online,,Returned,Digital Wallet,5.82
O0015802,C003793,2023-09-09,Online,,Completed,Credit Card,7.61
O0015806,C011489,2023-09-10,Store,S004,Completed,Debit Card,0.0
O0015807,C019636,2023-09-10,Online,,Completed,Credit Card,5.64
O0015811,C007176,2023-09-10,Store,S012,Completed,Digital Wallet,0.0
O0015817,C014494,2023-09-10,Pickup,S001,Cancelled,Credit Card,0.0
O0015822,C011353,2023-09-10,Online,,Completed,Credit Card,11.61
O0015825,C021265,2023-09-10,Pickup,S013,Returned,Digital Wallet,0.0
O0015834,C026726,2023-09-10,Online,,Completed,Credit Card,3.69
O0015839,C008864,2023-09-10,Store,S002,Completed,Credit Card,0.0
O0015845,C006429,2023-09-10,Store,S006,Completed,Credit Card,0.0
O0015847,C018933,2023-09-10,Online,,Completed,Gift Card,15.26
O0015860,C009775,2023-09-10,Online,,Completed,Credit Card,13.35
O0015869,C028302,2023-09-10,Store,S016,Returned,Debit Card,0.0
O0015870,C017787,2023-09-10,Store,S010,Completed,Debit Card,0.0
O0015871,C003330,2023-09-10,Store,S016,Completed,Credit Card,0.0
O0015885,C026843,2023-09-10,Store,S016,Completed,Credit Card,0.0
O0015893,C008427,2023-09-11,Pickup,S015,Completed,Credit Card,0.0
O0015894,C002773,2023-09-11,Online,,Completed,Credit Card,5.43
O0015899,C015378,2023-09-11,Store,S008,Completed,Digital Wallet,0.0
O0015908,C024419,2023-09-11,Online,,Completed,Debit Card,5.18
O0015913,C012463,2023-09-11,Store,S008, complete ,Debit Card,0.0
O0015914,C000743,2023-09-11,Store,S016,Completed,Digital Wallet,0.0
O0015922,C007677,2023-09-11,Online,,Completed,Digital Wallet,7.94
O0015941,C004247,2023-09-11,Store,S008,Completed,Debit Card,0.0
O0015954,C024790,2023-09-11,Online,,Cancelled,Credit Card,3.34
O0015963,C017905,2023-09-11,Store,S008,Completed,Debit Card,0.0
O0015964,C021164,2023-09-11,Online,,Cancelled,Credit Card,5.67
O0015972,C004635,2023-09-11,Store,S008,Completed,Credit Card,0.0
O0015993,C017449,2023-09-12,Online,,Completed,Credit Card,7.74
O0016007,C008872,2023-09-12,Store,S016,Completed,Debit Card,0.0
O0016011,C003287,2023-09-12,Store,S010,Completed,Credit Card,0.0
O0016016,C013127,2023-09-12,Store,S012,Completed,Credit Card,0.0
O0016029,C000346,2023-09-12,Pickup,S012,Completed,Digital Wallet,0.0
O0016032,C008517,2023-09-12,Store,S013,Returned,Digital Wallet,0.0
O0016047,C008880,2023-09-13,Online,,Completed,Digital Wallet,12.4
O0016058,C005340,2023-09-13,Online,,Completed,Digital Wallet,7.55
O0016060,C014790,2023-09-13,Online,,Completed,Debit Card,3.41
O0016061,C006272,2023-09-13,Store,S010,Completed,Credit Card,0.0
O0016067,C022287,2023-09-13,Online,,Completed,Credit Card,3.45
O0016073,C018183,2023-09-13,Online,,Completed,Credit Card,3.0
O0016075,C008833,2023-09-13,Store,S007,Completed,Debit Card,0.0
O0016087,C004048,2023-09-13,Store,S006,Completed,Digital Wallet,0.0
O0016096,C019473,2023-09-13,Pickup,S005,Completed,Digital Wallet,0.0
O0016114,C027095,2023-09-13,Online,,Completed,Credit Card,9.0
O0016115,C029963,2023-09-14,Online,,Completed,Credit Card,1.43
O0016124,C008138,2023-09-14,Store,S006,Completed,Digital Wallet,0.0
O0016127,C011194,2023-09-14,Online,,Cancelled,Credit Card,2.3
O0016131,C027021,2023-09-14,Store,S011,Completed,Digital Wallet,0.0
O0016137,C013535,2023-09-14,Online,,Returned,Credit Card,3.33
O0016140,C016720,2023-09-14,Online,,Completed,Credit Card,3.01
O0016151,C019225,2023-09-14,Store,S010,Completed,Digital Wallet,0.0
O0016163,C027094,2023-09-14,Online,,Completed,Credit Card,1.16
O0016164,C004845,2023-09-14,Pickup,S012,Completed,Credit Card,0.0
O0016169,C021348,2023-09-14,Online,,Returned,Credit Card,5.63
O0016179,C019403,2023-09-15,Online,,Cancelled,Debit Card,6.6
O0016187,C000822,2023-09-15,Store,S008,Completed,Credit Card,0.0
O0016197,C001699,2023-09-15,Store,S016,Completed,Credit Card,0.0
O0016200,C016651,2023-09-15,Store,S007,Completed,Digital Wallet,0.0
O0016209,C006827,2023-09-15,Store,S008,Completed,Credit Card,0.0
O0016215,C003704,2023-09-15,Store,S005,Completed,Credit Card,0.0
O0016217,C028217,2023-09-15,Store,S005,Completed,Digital Wallet,0.0
O0016222,C008677,2023-09-15,Online,,Returned,Digital Wallet,12.54
O0016232,C022612,2023-09-15,Store,S005,Completed,Gift Card,0.0
O0016234,C011292,2023-09-15,Pickup,S015,Completed,Digital Wallet,0.0
O0016240,C014741,2023-09-16,Online,,Completed,Credit Card,4.76
O0016255,C008825,2023-09-16,Pickup,S011,Completed,Digital Wallet,0.0
O0016266,C008224,2023-09-16,Store,S002,Completed,Credit Card,0.0
O0016269,C009393,2023-09-16,Online,,Completed,Digital Wallet,4.03
O0016272,C011582,2023-09-16,Online,,Completed,Debit Card,15.23
O0016291,C017698,2023-09-16,Online,,Completed,Credit Card,3.65
O0016293,C020006,2023-09-16,Pickup,S009,Completed,Debit Card,0.0
O0016298,C014000,2023-09-16,Online,,Completed,Digital Wallet,5.37
O0016315,C002406,2023-09-17,Store,S005,Completed,Debit Card,0.0
O0016321,C019663,2023-09-17,Online,,Completed,Debit Card,3.6
O0016323,C014443,2023-09-17,Online,,Completed,Debit Card,3.28
O0016330,C024638,2023-09-17,Store,S007,Completed,Debit Card,0.0
O0016353,C008197,2023-09-17,Online,,Completed,Credit Card,3.37
O0016360,C002277,2023-09-17,Online,,Completed,Digital Wallet,0.95
O0016383,C013041,2023-09-17,Store,S009,Completed,Debit Card,0.0
O0016385,C012822,2023-09-18,Pickup,S005,Returned,Credit Card,0.0
O0016388,C020640,2023-09-18,Online,,Completed,Digital Wallet,7.8
O0016393,C018929,2023-09-18,Online,,Completed,Credit Card,10.77
O0016402,C027658,2023-09-18,Store,S016,Completed,Digital Wallet,0.0
O0016410,C025043,2023-09-18,Online,,Completed,Gift Card,2.24
O0016419,C007421,2023-09-18,Online,,Cancelled,Debit Card,16.78
O0016425,C013572,2023-09-18,Store,S005,Completed,Debit Card,0.0
O0016428,C022377,2023-09-18,Online,,Completed,Credit Card,9.8
O0016449,C007487,2023-09-19,Online,,Returned,Gift Card,6.69
O0016477,C013469,2023-09-19,Online,,Returned,Debit Card,1.95
O0016485,C022503,2023-09-19,Store,S004,Returned,Credit Card,0.0
O0016492,C010360,2023-09-19,Pickup,S010,Completed,Debit Card,0.0
O0016496,C010769,2023-09-19,Store,S012,Completed,Debit Card,0.0
O0016497,C012557,2023-09-19,Online,,Completed,Debit Card,2.63
O0016513,C027994,2023-09-20,Pickup,S015,Completed,Credit Card,0.0
O0016519,C007574,2023-09-20,Store,S003,Returned,Digital Wallet,0.0
O0016531,C008241,2023-09-20,Store,S007,Completed,Credit Card,0.0
O0016539,C011623,2023-09-20,Online,,Completed,Debit Card,1.16
O0016543,C021440,2023-09-20,Store,S012,Completed,Credit Card,0.0
O0016553,C004750,2023-09-20,Online,,Completed,Debit Card,9.5
O0016561,C027368,2023-09-21,Pickup,S015,Completed,Credit Card,0.0
O0016572,C011792,2023-09-21,Online,,Completed,Credit Card,1.71
O0016581,C024532,2023-09-21,Online,,Completed,Credit Card,5.0
O0016591,C011623,2023-09-21,Store,S009,Completed,Debit Card,0.0
O0016598,C016786,2023-09-21,Store,S011,Returned,Digital Wallet,0.0
O0016599,C010576,2023-09-21,Online,,Completed,Debit Card,4.74
O0016601,C022240,2023-09-21,Store,S011,Completed,Debit Card,0.0
O0016606,C014919,2023-09-21,Store,S003,Returned,Credit Card,0.0
O0016608,C022035,2023-09-21,Online,,Completed,Credit Card,1.14
O0016619,C003917,2023-09-22,Store,S009,Completed,Digital Wallet,0.0
O0016623,C028844,2023-09-22,Online,,Completed,Credit Card,4.06
O0016628,C018613,2023-09-22,Online,,Completed,Credit Card,6.02
O0016630,C026546,2023-09-22,Online,,Completed,Credit Card,1.61
O0016637,C010334,2023-09-22,Online,,Completed,Debit Card,6.07
O0016638,C004990,2023-09-22,Store,S005,Completed,Digital Wallet,0.0
O0016639,C004283,2023-09-22,Online,,Completed,Debit Card,8.74
O0016658,C015228,2023-09-22,Online,,Completed,Credit Card,8.27
O0016663,C029427,2023-09-22,Online,,Completed,Digital Wallet,10.5
O0016668,C002541,2023-09-22,Pickup,S005,Completed,Digital Wallet,0.0
O0016688,C019353,2023-09-23,Online,,Completed,Gift Card,6.31
O0016692,C007843,2023-09-23,Pickup,S016,Completed,Debit Card,0.0
O0016694,C018549,2023-09-23,Store,S009,Cancelled,Digital Wallet,0.0
O0016703,C018364,2023-09-23,Online,,Returned,Digital Wallet,0.81
O0016705,C023184,2023-09-23,Store,S008,Completed,Credit Card,0.0
O0016713,C027152,2023-09-23,Online,,Completed,Debit Card,1.49
O0016728,C009622,2023-09-23,Online,,Completed,Credit Card,3.79
O0016737,C018714,2023-09-23,Online,,Completed,Credit Card,9.26
O0016745,C011770,2023-09-23,Store,S015,Returned,Credit Card,0.0
O0016751,C021269,2023-09-23,Store,S008,Completed,Credit Card,0.0
O0016783,C005502,2023-09-24,Online,,Cancelled,Gift Card,8.75
O0016797,C026980,2023-09-24,Pickup,S013,Completed,Digital Wallet,0.0
O0016799,C012607,2023-09-24,Online,,Completed,Credit Card,2.97
O0016806,C020748,2023-09-24,Online,,Completed,Debit Card,17.15
O0016815,C002886,2023-09-24,Store,S006,Completed,Debit Card,0.0
O0016817,C029475,2023-09-24,Store,S005,Completed,Debit Card,0.0
O0016828,C015481,2023-09-24,Store,S008,Returned,Credit Card,0.0
O0016833,C024149,2023-09-24,Online,,Completed,Debit Card,7.72
O0016842,C018925,2023-09-25,Store,S006,Completed,Debit Card,0.0
O0016852,C020200,2023-09-25,Store,S001,Completed,Credit Card,0.0
O0016856,C024327,2023-09-25,Pickup,S007,Completed,Credit Card,0.0
O0016863,C003403,2023-09-25,Store,S011,Completed,Credit Card,0.0
O0016896,C006713,2023-09-25,Store,S009,Completed,Credit Card,0.0
O0016899,C018714,2023-09-25,Online,,Completed,Credit Card,5.03
O0016908,C025969,2023-09-26,Online,,Completed,Digital Wallet,7.63
O0016911,C027659,2023-09-26,Online,,Completed,Digital Wallet,5.35
O0016912,C011256,2023-09-26,Store,S001,Completed,Credit Card,0.0
O0016916,C016399,2023-09-26,Store,S008,Completed,Credit Card,0.0
O0016924,C022772,2023-09-26,Online,,Completed,Credit Card,10.29
O0016940,C021033,2023-09-26,Pickup,S005,Completed,Credit Card,0.0
O0016945,C020166,2023-09-26,Online,,Completed,Credit Card,11.56
O0016950,C012368,2023-09-26,Online,,Completed,Credit Card,8.07
O0016957,C016346,2023-09-26,Online,,Returned,Debit Card,7.28
O0016958,C024871,2023-09-26,Store,S007,Completed,Credit Card,0.0
O0016963,C005349,2023-09-26,Pickup,S009,Completed,Credit Card,0.0
O0016964,C025239,2023-09-26,Store,S005,Completed,Credit Card,0.0
O0016979,C025275,2023-09-27,Store,S010,Completed,Credit Card,0.0
O0016983,C002465,2023-09-27,Online,,Returned,Credit Card,0.61
O0016990,C022297,2023-09-27,Online,,Returned,Digital Wallet,2.25
O0017003,C025768,2023-09-27,Online,,Cancelled,Debit Card,6.04
O0017005,C011316,2023-09-27,Store,S009,Completed,Credit Card,0.0
O0017007,C010882,2023-09-27,Pickup,S006,Completed,Digital Wallet,0.0
O0017008,C006770,2023-09-27,Store,S011,Completed,Digital Wallet,0.0
O0017011,C028116,2023-09-27,Store,S005,Completed,Credit Card,0.0
O0017024,C026702,2023-09-27,Online,,Completed,Credit Card,12.68
O0017033,C012012,2023-09-27,Pickup,S004,Returned,Credit Card,0.0
O0017047,C010575,2023-09-28,Online,,Completed,Debit Card,18.45
O0017053,C004606,2023-09-28,Online,,Cancelled,Credit Card,11.06
O0017058,C023693,2023-09-28,Online,,Completed,Debit Card,2.83
O0017080,C014098,2023-09-28,Store,S003,Completed,Debit Card,0.0
O0017093,C012711,2023-09-28,Pickup,S005,Completed,Credit Card,0.0
O0017095,C013260,2023-09-28,Store,S009,Completed,Digital Wallet,0.0
O0017118,C002586,2023-09-28,Store,S003,Completed,Credit Card,0.0
O0017130,C005641,2023-09-29,Pickup,S015,Completed,Digital Wallet,0.0
O0017133,C010115,2023-09-29,Store,S009,Completed,Credit Card,0.0
O0017135,C014262,2023-09-29,Store,S014,Returned,Digital Wallet,0.0
O0017143,C020521,2023-09-29,Online,,Completed,Credit Card,3.15
O0017144,C012386,2023-09-29,Pickup,S004,Completed,Gift Card,0.0
O0017146,C014000,2023-09-29,Pickup,S004,Completed,Digital Wallet,0.0
O0017151,C000675,2023-09-29,Online,,Completed,Debit Card,8.8
O0017156,C017049,2023-09-29,Store,S006,Completed,Digital Wallet,0.0
O0017160,C018525,2023-09-29,Online,,Completed,Digital Wallet,3.09
O0017184,C001427,2023-09-30,Online,,Completed,Gift Card,4.0
O0017204,C003028,2023-09-30,Online,,CANCELLED,Credit Card,3.36
O0017217,C024628,2023-09-30,Online,,Cancelled,Debit Card,2.06
O0017218,C015100,2023-09-30,Online,,Completed,Credit Card,2.82
O0017227,C026702,2023-09-30,Online,,Completed,Debit Card,4.04
O0017234,C020553,2023-09-30,Store,S009,Completed,Credit Card,0.0
O0017235,C017776,2023-09-30,Online,,Completed,Digital Wallet,12.93
O0017239,C010277,2023-09-30,Pickup,S005,Completed,Digital Wallet,0.0
O0017264,C007744,2023-10-01,Online,,Completed,Debit Card,4.63
O0017275,C014051,2023-10-01,Store,S010,Completed,Debit Card,0.0
O0017279,C014109,2023-10-01,Store,S016,Completed,Debit Card,0.0
O0017280,C025998,2023-10-01,Online,,Completed,Credit Card,6.25
O0017286,C012703,2023-10-01,Store,S005,Completed,Credit Card,0.0
O0017287,C008363,2023-10-01,Online,,Completed,Debit Card,5.85
O0017288,C005161,2023-10-01,Online,,Completed,Credit Card,3.42
O0017302,C019264,2023-10-01,Store,S002,Completed,Debit Card,0.0
O0017304,C015108,2023-10-01,Online,,Completed,Credit Card,8.8
O0017309,C009792,2023-10-01,Online,,Completed,Credit Card,6.77
O0017327,C013131,2023-10-01,Online,,Completed,Debit Card,7.9
O0017329,C024522,2023-10-01,Online,,Completed,Digital Wallet,7.85
O0017331,C008869,2023-10-02,Pickup,S002,Completed,Digital Wallet,0.0
O0017339,C004845,2023-10-02,Store,S009,Completed,Credit Card,0.0
O0017346,C023309,2023-10-02,Online,,Completed,Debit Card,4.35
O0017365,C006268,2023-10-02,Online,,Returned,Credit Card,5.32
O0017366,C004916,2023-10-02,Online,,Completed,Credit Card,8.94
O0017368,C006548,2023-10-02,Store,S008,Completed,Credit Card,0.0
O0017376,C028248,2023-10-02,Pickup,S014,Completed,Debit Card,0.0
O0017390,C017017,2023-10-02,Store,S016,Completed,Credit Card,0.0
O0017397,C026799,2023-10-02,Online,,Completed,Gift Card,1.32
O0017399,C002533,2023-10-02,Pickup,S011,Completed,Credit Card,0.0
O0017401,C010084,2023-10-02,Store,S003,Returned,Digital Wallet,0.0
O0017413,C015163,2023-10-03,Online,,Completed,Digital Wallet,3.91
O0017414,C025014,2023-10-03,Online,,Completed,Credit Card,3.41
O0017423,C016089,2023-10-03,Online,,Completed,Debit Card,8.48
O0017430,C028663,2023-10-03,Online,,Completed,Credit Card,5.03
O0017432,C023234,2023-10-03,Store,S010,Completed,Debit Card,0.0
O0017437,C008279,2023-10-03,Online,,Completed,Credit Card,11.6
O0017438,C013034,2023-10-03,Store,S002,Completed,Digital Wallet,0.0
O0017440,C021467,2023-10-03,Online,,Completed,Credit Card,11.87
O0017441,C025162,2023-10-03,Pickup,S014,Completed,Digital Wallet,0.0
O0017455,C014481,2023-10-03,Pickup,S006,Completed,Gift Card,0.0
O0017462,C023588,2023-10-03,Online,,Cancelled,Credit Card,4.6
O0017463,C016982,2023-10-03,Online,,Completed,Digital Wallet,4.75
O0017464,C009575,2023-10-03,Pickup,S014,Completed,Credit Card,0.0
O0017474,C024809,2023-10-03,Online,,Completed,Digital Wallet,7.02
O0017481,C000289,2023-10-04,Online,,Completed,Credit Card,8.55
O0017488,C019187,2023-10-04,Store,S007,Completed,Digital Wallet,0.0
O0017491,C028844,2023-10-04,Online,,Completed,Credit Card,11.58
O0017495,C009007,2023-10-04,Pickup,S014,Completed,Gift Card,0.0
O0017497,C002498,2023-10-04,Online,,Completed,Credit Card,9.62
O0017502,C026931,2023-10-04,Online,,Completed,Credit Card,13.46
O0017520,C024663,2023-10-04,Store,S009,Completed,Credit Card,0.0
O0017524,C024909,2023-10-04,Pickup,S010,Completed,Debit Card,0.0
O0017527,C014109,2023-10-04,Store,S015,Completed,Debit Card,0.0
O0017532,C009503,2023-10-04,Store,S008,Returned,Debit Card,0.0
O0017546,C019010,2023-10-05,Online,,Completed,Credit Card,4.0
O0017547,C020019,2023-10-05,Store,S007,Completed,Credit Card,0.0
O0017564,C025983,2023-10-05,Pickup,S015,Cancelled,Credit Card,0.0
O0017574,C026843,2023-10-05,Pickup,S016,Completed,Credit Card,0.0
O0017584,C015956,2023-10-05,Online,,Completed,Digital Wallet,5.64
O0017590,C019279,2023-10-05,Store,S007,Completed,Credit Card,0.0
O0017595,C024990,2023-10-05,Store,S007,Completed,Debit Card,0.0
O0017596,C005772,2023-10-05,Online,,Completed,Credit Card,3.49
O0017605,C027175,2023-10-06,Store,S004,Completed,Digital Wallet,0.0
O0017610,C004409,2023-10-06,Store,S002,Returned,Digital Wallet,0.0
O0017612,C015362,2023-10-06,Store,S001,Returned,Credit Card,0.0
O0017633,C008162,2023-10-06,Online,,Completed,Debit Card,18.54
O0017637,C011897,2023-10-06,Store,S012,Completed,Debit Card,0.0
O0017641,C001024,2023-10-06,Online,,Completed,Debit Card,2.55
O0017644,C011128,2023-10-06,Store,S003,Completed,Credit Card,0.0
O0017646,C001613,2023-10-06,Online,,Completed,Credit Card,2.51
O0017648,C026027,2023-10-06,Online,,Returned,Credit Card,3.94
O0017679,C008506,2023-10-07,Online,,Completed,Credit Card,9.29
O0017681,C017557,2023-10-07,Store,S004,Completed,Credit Card,0.0
O0017686,C007389,2023-10-07,Store,S013,Completed,Debit Card,0.0
O0017689,C017472,2023-10-07,Online,,Completed,Digital Wallet,14.6
O0017703,C007526,2023-10-07,Online,,Completed,Digital Wallet,2.22
O0017706,C023935,2023-10-07,Online,,Completed,Digital Wallet,3.48
O0017714,C026543,2023-10-07,Online,,Completed,Debit Card,3.47
O0017720,C007250,2023-10-08,Pickup,S007,Completed,Credit Card,0.0
O0017723,C010877,2023-10-08,Online,,Completed,Debit Card,6.91
O0017724,C003065,2023-10-08,Store,S006,Completed,Credit Card,0.0
O0017725,C024606,2023-10-08,Store,S016,Completed,Debit Card,0.0
O0017733,C012137,2023-10-08,Online,,Completed,Debit Card,4.96
O0017770,C005728,2023-10-08,Online,,Completed,Credit Card,14.16
O0017783,C002158,2023-10-08,Store,S007,Completed,Credit Card,0.0
O0017784,C000881,2023-10-08,Store,S008,Completed,Gift Card,0.0
O0017785,C002214,2023-10-08,Store,S016,Completed,Debit Card,0.0
O0017792,C002321,2023-10-08,Store,S008,Completed,Debit Card,0.0
O0017794,C012355,2023-10-08,Store,S008,Completed,Credit Card,0.0
O0017803,C001454,2023-10-09,Online,,Completed,Credit Card,9.07
O0017807,C007733,2023-10-09,Online,,Completed,Debit Card,5.0
O0017817,C003442,2023-10-09,Pickup,S013,Completed,Digital Wallet,0.0
O0017821,C015844,2023-10-09,Online,,Completed,Gift Card,1.88
O0017822,C023772,2023-10-09,Pickup,S006,Completed,Debit Card,0.0
O0017832,C025208,2023-10-09,Online,,Completed,Credit Card,3.69
O0017833,C026068,2023-10-09,Online,,Completed,Digital Wallet,7.74
O0017835,C002030,2023-10-09,Pickup,S014,Completed,Debit Card,0.0
O0017845,C013885,2023-10-09,Pickup,S008,Completed,Debit Card,0.0
O0017854,C016271,2023-10-09,Store,S009,Completed,Digital Wallet,0.0
O0017858,C004476,2023-10-09,Online,,Completed,Credit Card,3.31
O0017873,C021267,2023-10-10,Online,,Completed,Debit Card,6.21
O0017908,C015988,2023-10-10,Store,S006,Completed,Debit Card,0.0
O0017917,C008869,2023-10-10,Store,S001,Completed,Credit Card,0.0
O0017922,C027937,2023-10-10,Store,S015,Completed,Credit Card,0.0
O0017935,C009843,2023-10-11,Pickup,S002,Completed,Credit Card,0.0
O0017937,C022363,2023-10-11,Online,,Completed,Credit Card,2.26
O0017940,C028607,2023-10-11,Online,,Completed,Gift Card,2.19
O0017944,C023672,2023-10-11,Online,,Completed,Gift Card,3.99
O0017945,C002849,2023-10-11,Online,,Completed,Credit Card,7.87
O0017950,C015538,2023-10-11,Store,S016,Completed,Debit Card,0.0
O0017955,C028983,2023-10-11,Pickup,S002,Completed,Debit Card,0.0
O0017974,C010950,2023-10-11,Store,S005,Completed,Credit Card,0.0
O0017976,C027152,2023-10-11,Store,S008,Completed,Credit Card,0.0
O0017978,C014055,2023-10-11,Online,,Completed,Debit Card,10.27
O0017983,C019960,2023-10-11,Online,,Cancelled,Debit Card,5.51
O0017994,C021968,2023-10-11,Store,S007,Completed,Digital Wallet,0.0
O0018015,C029613,2023-10-12,Store,S012,Completed,Gift Card,0.0
O0018018,C014718,2023-10-12,Online,,Completed,Debit Card,14.48
O0018025,C014085,2023-10-12,Store,S002,Completed,Digital Wallet,0.0
O0018040,C017352,2023-10-12,Pickup,S001,Completed,Gift Card,0.0
O0018050,C016223,2023-10-12,Store,S014,Completed,Debit Card,0.0
O0018053,C013790,2023-10-12,Store,S005,Completed,Digital Wallet,0.0
O0018061,C010621,2023-10-12,Store,S016,Completed,Credit Card,0.0
O0018089,C011248,2023-10-13,Store,S015,Completed,Debit Card,0.0
O0018095,C013846,2023-10-13,Store,S011,Completed,Credit Card,0.0
O0018098,C007199,2023-10-13,Pickup,S010,Completed,Debit Card,0.0
O0018103,C027275,2023-10-13,Pickup,S004,Completed,Debit Card,0.0
O0018107,C015839,2023-10-13,Online,,Returned,Credit Card,0.62
O0018114,C026840,2023-10-13,Store,S010,Completed,Debit Card,0.0
O0018134,C015077,2023-10-13,Pickup,S010,Completed,Credit Card,0.0
O0018144,C011636,2023-10-13,Online,,Completed,Credit Card,5.76
O0018150,C008091,2023-10-13,Pickup,S008,Completed,Debit Card,0.0
O0018168,C021454,2023-10-14,Store,S006,Completed,Credit Card,0.0
O0018172,C007500,2023-10-14,Store,S014,Completed,Credit Card,0.0
O0018173,C007203,2023-10-14,Online,,Completed,Credit Card,6.8
O0018175,C012682,2023-10-14,Online,,Completed,Credit Card,7.75
O0018196,C000533,2023-10-14,Online,,Completed,Credit Card,9.32
O0018208,C003586,2023-10-14,Store,S015,Completed,Gift Card,0.0
O0018209,C018241,2023-10-14,Online,,Completed,Credit Card,5.76
O0018210,C000665,2023-10-14,Store,S013,Completed,Debit Card,0.0
O0018218,C000197,2023-10-14,Online,,Completed,Credit Card,3.14
O0018219,C012928,2023-10-14,Store,S012,Completed,Credit Card,0.0
O0018223,C011498,2023-10-14,Store,S006,Completed,Credit Card,0.0
O0018225,C016672,2023-10-14,Online,,Completed,Digital Wallet,8.81
O0018228,C028153,2023-10-14,Online,,Cancelled,Credit Card,0.76
O0018236,C003069,2023-10-14,Online,,Completed,Debit Card,6.98
O0018242,C022965,2023-10-14,Online,,Completed,Credit Card,3.81
O0018248,C020384,2023-10-14,Pickup,S002,Completed,Credit Card,0.0
O0018267,C000289,2023-10-15,Pickup,S013,Completed,Debit Card,0.0
O0018273,C029340,2023-10-15,Store,S007,Completed,Debit Card,0.0
O0018281,C006112,2023-10-15,Store,S006,Completed,Credit Card,0.0
O0018285,C018958,2023-10-15,Online,,Completed,Credit Card,5.03
O0018288,C024992,2023-10-15,Online,,Completed,Digital Wallet,1.84
O0018299,C006033,2023-10-15,Store,S007,Completed,Digital Wallet,0.0
O0018303,C011683,2023-10-15,Store,S002,Completed,Debit Card,0.0
O0018319,C017266,2023-10-15,Store,S002,Completed,Credit Card,0.0
O0018335,C011592,2023-10-16,Store,S003,Completed,Digital Wallet,0.0
O0018363,C000874,2023-10-16,Pickup,S005,Completed,Debit Card,0.0
O0018366,C023629,2023-10-16,Online,,Completed,Debit Card,13.63
O0018369,C020263,2023-10-16,Store,S010,Completed,Gift Card,0.0
O0018375,C028422,2023-10-16,Store,S014,Completed,Debit Card,0.0
O0018384,C014751,2023-10-16,Pickup,S005,Completed,Credit Card,0.0
O0018394,C016704,2023-10-16,Store,S011,Completed,Credit Card,0.0
O0018395,C016688,2023-10-16,Store,S015,Completed,Debit Card,0.0
O0018396,C009253,2023-10-16,Online,,Completed,Credit Card,3.05
O0018402,C018512,2023-10-16,Online,,Completed,Debit Card,10.66
O0018403,C008388,2023-10-16,Store,S008,Completed,Credit Card,0.0
O0018405,C011496,2023-10-16,Online,,Completed,Credit Card,3.36
O0018414,C008940,2023-10-16,Store,S006,Completed,Debit Card,0.0
O0018417,C012711,2023-10-17,Store,S006,Completed,Debit Card,0.0
O0018427,C020443,2023-10-17,Store,S013,Completed,Credit Card,0.0
O0018437,C006713,2023-10-17,Online,,Completed,Credit Card,0.92
O0018452,C026465,2023-10-17,Store,S014,Completed,Credit Card,0.0
O0018457,C009888,2023-10-17,Store,S014,Completed,Debit Card,0.0
O0018459,C010884,2023-10-17,Online,,Completed,Credit Card,6.62
O0018460,C002584,2023-10-17,Online,,Completed,Credit Card,10.05
O0018463,C000867,2023-10-17,Store,S014,Completed,Digital Wallet,0.0
O0018465,C003048,2023-10-17,Online,,Completed,Credit Card,11.72
O0018482,C005976,2023-10-17,Store,S011,Completed,Credit Card,0.0
O0018508,C010227,2023-10-18,Online,,Completed,Credit Card,2.21
O0018510,C013985,2023-10-18,Store,S007,Completed,Credit Card,0.0
O0018515,C004895,2023-10-18,Online,,Completed,Digital Wallet,6.81
O0018517,C014919,2023-10-18,Store,S001,Completed,Debit Card,0.0
O0018545,C001340,2023-10-18,Store,S009,Completed,Debit Card,0.0
O0018546,C010885,2023-10-18,Online,,Completed,Gift Card,4.74
O0018548,C023792,2023-10-18,Online,,Returned,Credit Card,12.48
O0018550,C009622,2023-10-18,Online,,Completed,Credit Card,13.4
O0018552,C026788,2023-10-18,Online,,Completed,Debit Card,0.57
O0018558,C003028,2023-10-18,Store,S012,Completed,Digital Wallet,0.0
O0018562,C009586,2023-10-18,Store,S013,Completed,Credit Card,0.0
O0018578,C019960,2023-10-19,Online,,Completed,Credit Card,2.91
O0018583,C014330,2023-10-19,Online,,Completed,Credit Card,6.75
O0018584,C012970,2023-10-19,Online,,Returned,Debit Card,7.69
O0018612,C026059,2023-10-19,Online,,Completed,Credit Card,4.36
O0018616,C019402,2023-10-19,Store,S007,Completed,Credit Card,0.0
O0018620,C013885,2023-10-19,Online,,Completed,Debit Card,12.15
O0018627,C006484,2023-10-19,Online,,Completed,Debit Card,3.49
O0018633,C020169,2023-10-19,Online,,Completed,Digital Wallet,11.19
O0018637,C008880,2023-10-19,Pickup,S012,Completed,Digital Wallet,0.0
O0018654,C009732,2023-10-19,Online,,Completed,Debit Card,2.77
O0018663,C015981,2023-10-20,Store,S014,Returned,Credit Card,0.0
O0018675,C013903,2023-10-20,Online,,Completed,Credit Card,8.37
O0018687,C009699,2023-10-20,Store,S005,Completed,Credit Card,0.0
O0018697,C014171,2023-10-20,Store,S003,Returned,Credit Card,0.0
O0018706,C011538,2023-10-20,Online,,Completed,Credit Card,4.09
O0018709,C017247,2023-10-20,Store,S012,Completed,Credit Card,0.0
O0018714,C001667,2023-10-20,Store,S004,Completed,Debit Card,0.0
O0018718,C017247,2023-10-20,Online,,Completed,Credit Card,7.88
O0018723,C003231,2023-10-20,Pickup,S008,Completed,Credit Card,0.0
O0018740,C014725,2023-10-21,Store,S007,Completed,Credit Card,0.0
O0018779,C012969,2023-10-21,Online,,Completed,Credit Card,5.99
O0018789,C010557,2023-10-21,Online,,Completed,Credit Card,8.28
O0018792,C021047,2023-10-21,Store,S002,Completed,Credit Card,0.0
O0018793,C013318,2023-10-21,Online,,Completed,Digital Wallet,5.26
O0018799,C029238,2023-10-21,Store,S010,Completed,Debit Card,0.0
O0018814,C020200,2023-10-22,Online,,Completed,Credit Card,2.16
O0018823,C001742,2023-10-22,Online,,Completed,Credit Card,1.86
O0018825,C024460,2023-10-22,Store,S015,Completed,Digital Wallet,0.0
O0018826,C015985,2023-10-22,Online,,Completed,Credit Card,16.75
O0018838,C004743,2023-10-22,Store,S013,Completed,Debit Card,0.0
O0018842,C010715,2023-10-22,Store,S009,Completed,Credit Card,0.0
O0018850,C018876,2023-10-22,Online,,Completed,Digital Wallet,3.77
O0018860,C016417,2023-10-22,Store,S015,Completed,Gift Card,0.0
O0018866,C014802,2023-10-22,Store,S009,Completed,Credit Card,0.0
O0018875,C007566,2023-10-22,Store,S013,Completed,Debit Card,0.0
O0018881,C015987,2023-10-22,Store,S004,Completed,Credit Card,0.0
O0018893,C005392,2023-10-23,Pickup,S003,Completed,Credit Card,0.0
O0018901,C010557,2023-10-23,Store,S010,Completed,Credit Card,0.0
O0018903,C021694,2023-10-23,Online,,Completed,Credit Card,6.81
O0018919,C001303,2023-10-23,Store,S012,Completed,Credit Card,0.0
O0018923,C019036,2023-10-23,Store,S013,Completed,Credit Card,0.0
O0018927,C022543,2023-10-23,Online,,Returned,Digital Wallet,8.09
O0018932,C025075,2023-10-23,Pickup,S008,Completed,Debit Card,0.0
O0018935,C024625,2023-10-23,Store,S003,Completed,Debit Card,0.0
O0018941,C021369,2023-10-23,Store,S013,Completed,Credit Card,0.0
O0018950,C008635,2023-10-23,Online,,Completed,Debit Card,16.64
O0018952,C010353,2023-10-24,Store,S011,Returned,Credit Card,0.0
O0018957,C017920,2023-10-24,Store,S006,Completed,Credit Card,0.0
O0018964,C002584,2023-10-24,Pickup,S014,Completed,Digital Wallet,0.0
O0018965,C019078,2023-10-24,Online,,Completed,Credit Card,9.16
O0018985,C028785,2023-10-24,Store,S001,Completed,Credit Card,0.0
O0018993,C025764,2023-10-24,Online,,Returned,Credit Card,4.28
O0018997,C014920,2023-10-24,Pickup,S004,Completed,Digital Wallet,0.0
O0019004,C005457,2023-10-24,Pickup,S007,Completed,Credit Card,0.0
O0019014,C021458,2023-10-24,Online,,Cancelled,Credit Card,0.4
O0019026,C008212,2023-10-25,Store,S012,Completed,Digital Wallet,0.0
O0019033,C015840,2023-10-25,Pickup,S003,Completed,Credit Card,0.0
O0019036,C000502,2023-10-25,Pickup,S016,Completed,Digital Wallet,0.0
O0019045,C021791,2023-10-25,Pickup,S001,Completed,Credit Card,0.0
O0019047,C018791,2023-10-25,Online,,Completed,Gift Card,5.06
O0019053,C018341,2023-10-25,Store,S009,Completed,Digital Wallet,0.0
O0019055,C000867,2023-10-25,Pickup,S016,Completed,Credit Card,0.0
O0019056,C015559,2023-10-25,Store,S010,Completed,Debit Card,0.0
O0019062,C001611,2023-10-25,Online,,Completed,Credit Card,13.81
O0019070,C009444,2023-10-25,Store,S003,Completed,Digital Wallet,0.0
O0019080,C007487,2023-10-26,Store,S011,Completed,Debit Card,0.0
O0019081,C004348,2023-10-26,Online,,Completed,Digital Wallet,2.45
O0019110,C017591,2023-10-26,Store,S006,Completed,Debit Card,0.0
O0019118,C022993,2023-10-26,Pickup,S010,Completed,Credit Card,0.0
O0019120,C026465,2023-10-26,Store,S013,Completed,Credit Card,0.0
O0019126,C017042,2023-10-26,Store,S001,Completed,Digital Wallet,0.0
O0019155,C006837,2023-10-27,Online,,Completed,Digital Wallet,2.8
O0019159,C011667,2023-10-27,Online,,Completed,Credit Card,7.11
O0019165,C008874,2023-10-27,Pickup,S004,Completed,Credit Card,0.0
O0019173,C029237,2023-10-27,Pickup,S012,Completed,Credit Card,0.0
O0019174,C013358,2023-10-27,Online,,Completed,Debit Card,6.24
O0019190,C017829,2023-10-27,Online,,Completed,Digital Wallet,4.28
O0019210,C004846,2023-10-27,Online,,Completed,Digital Wallet,6.35
O0019211,C000665,2023-10-27,Online,,Completed,Digital Wallet,0.84
O0019222,C019315,2023-10-28,Store,S016,Completed,Digital Wallet,0.0
O0019225,C017121,2023-10-28,Pickup,S006,Completed,Debit Card,0.0
O0019230,C021440,2023-10-28,Online,,Completed,Credit Card,6.16
O0019236,C011583,2023-10-28,Online,,Completed,Credit Card,3.55
O0019239,C002384,2023-10-28,Online,,Completed,Debit Card,0.72
O0019248,C020006,2023-10-28,Store,S011,Completed,Credit Card,0.0
O0019250,C022567,2023-10-28,Pickup,S002,Returned,Gift Card,0.0
O0019257,C015431,2023-10-28,Online,,Completed,Debit Card,11.21
O0019269,C001267,2023-10-28,Store,S014,Completed,Credit Card,0.0
O0019283,C001792,2023-10-28,Store,S013,Completed,Credit Card,0.0
O0019289,C023144,2023-10-28,Online,,Completed,Credit Card,11.92
O0019297,C016115,2023-10-28,Pickup,S008,Completed,Digital Wallet,0.0
O0019298,C000881,2023-10-28,Online,,Completed,Credit Card,4.28
O0019306,C009927,2023-10-28,Store,S005,Completed,Credit Card,0.0
O0019309,C021458,2023-10-28,Store,S002,Completed,Debit Card,0.0
O0019319,C023672,2023-10-29,Pickup,S001,Completed,Digital Wallet,0.0
O0019324,C004878,2023-10-29,Store,S012,Completed,Digital Wallet,0.0
O0019350,C000217,2023-10-29,Pickup,S007,Completed,Credit Card,0.0
O0019351,C019044,2023-10-29,Online,,Completed,Credit Card,5.14
O0019365,C012643,2023-10-29,Online,,Returned,Digital Wallet,4.11
O0019394,C018904,2023-10-29,Store,S009,Completed,Debit Card,0.0
O0019397,C008215,2023-10-29,Online,,Completed,Debit Card,2.55
O0019414,C000658,2023-10-30,Store,S005,Completed,Debit Card,0.0
O0019421,C003579,2023-10-30,Store,S005,Completed,Credit Card,0.0
O0019423,C009135,2023-10-30,Pickup,S001,Completed,Debit Card,0.0
O0019446,C009085,2023-10-30,Store,S003,Completed,Credit Card,0.0
O0019451,C001036,2023-10-30,Store,S011,Completed,Credit Card,0.0
O0019461,C027646,2023-10-30,Store,S007,Returned,Credit Card,0.0
O0019468,C001792,2023-10-30,Store,S013,Completed,Credit Card,0.0
O0019474,C009905,2023-10-31,Online,,Completed,Credit Card,11.45
O0019478,C017715,2023-10-31,Store,S002,Completed,Debit Card,0.0
O0019494,C027726,2023-10-31,Online,,Completed,Gift Card,2.9
O0019515,C012837,2023-10-31,Online,,Completed,Debit Card,0.99
O0019522,C007569,2023-10-31,Store,S010,Completed,Debit Card,0.0
O0019532,C022759,2023-10-31,Store,S001,Completed,Credit Card,0.0
O0019540,C002665,2023-10-31,Store,S002,Completed,Debit Card,0.0
O0019543,C006539,2023-10-31,Pickup,S016,Completed,Digital Wallet,0.0
O0019570,C006423,2023-11-01,Store,S010,Completed,Credit Card,0.0
O0019571,C003800,2023-11-01,Store,S016,Completed,Credit Card,0.0
O0019575,C009521,2023-11-01,Online,,Completed,Credit Card,5.45
O0019578,C019044,2023-11-01,Online,,Completed,Debit Card,8.74
O0019579,C013318,2023-11-01,Online,,Completed,Credit Card,12.09
O0019590,C024199,2023-11-01,Pickup,S014,Completed,Debit Card,0.0
O0019598,C004169,2023-11-01,Store,S003,Cancelled,Credit Card,0.0
O0019602,C011258,2023-11-01,Store,S009,Cancelled,Debit Card,0.0
O0019605,C023851,2023-11-01,Online,,Returned,Debit Card,8.25
O0019606,C009972,2023-11-01,Store,S008,Completed,Digital Wallet,0.0
O0019617,C020641,2023-11-01,Online,,Completed,Digital Wallet,9.69
O0019626,C021220,2023-11-01,Store,S005,Completed,Digital Wallet,0.0
O0019627,C014700,2023-11-01,Online,,Returned,Digital Wallet,4.19
O0019629,C022346,2023-11-01,Online,,Completed,Digital Wallet,1.84
O0019632,C001457,2023-11-01,Online,,Completed,Credit Card,0.26
O0019636,C000280,2023-11-01,Online,,Completed,Debit Card,2.98
O0019638,C005473,2023-11-01,Store,S016,Completed,Credit Card,0.0
O0019655,C007487,2023-11-01,Store,S010,Completed,Credit Card,0.0
O0019679,C024787,2023-11-02,Store,S008,Completed,Credit Card,0.0
O0019680,C015011,2023-11-02,Store,S009,Completed,Debit Card,0.0
O0019685,C011652,2023-11-02,Online,,Completed,Credit Card,8.77
O0019686,C014984,2023-11-02,Store,S016,Completed,Credit Card,0.0
O0019695,C000122,2023-11-02,Store,S009,Completed,Credit Card,0.0
O0019717,C005219,2023-11-02,Online,,Completed,Credit Card,14.76
O0019720,C008980,2023-11-02,Online,,Returned,Credit Card,7.65
O0019722,C007404,2023-11-02,Online,,Completed,Credit Card,12.29
O0019728,C009556,2023-11-02,Pickup,S012,Completed,Credit Card,0.0
O0019733,C021951,2023-11-02,Store,S014,Completed,Digital Wallet,0.0
O0019748,C014848,2023-11-02,Store,S005,Completed,Credit Card,0.0
O0019770,C014995,2023-11-03,Pickup,S006,Completed,Credit Card,0.0
O0019772,C024507,2023-11-03,Store,S005,Completed,Debit Card,0.0
O0019777,C020127,2023-11-03,Online,,Completed,Digital Wallet,10.96
O0019784,C005825,2023-11-03,Online,,Completed,Debit Card,7.6
O0019792,C024513,2023-11-03,Online,,Completed,Debit Card,3.58
O0019797,C017547,2023-11-03,Store,S013,Completed,Debit Card,0.0
O0019817,C014951,2023-11-03,Pickup,S009,Completed,Debit Card,0.0
O0019820,C021003,2023-11-03,Pickup,S007,Returned,Credit Card,0.0
O0019823,C013843,2023-11-03,Online,,Completed,Credit Card,7.6
O0019831,C007574,2023-11-03,Online,,Completed,Gift Card,3.07
O0019833,C027604,2023-11-03,Online,,Completed,Credit Card,11.73
O0019836,C002241,2023-11-03,Store,S014,Completed,Digital Wallet,0.0
O0019844,C021991,2023-11-03,Store,S008,Returned,Credit Card,0.0
O0019847,C019862,2023-11-03,Store,S012,Completed,Digital Wallet,0.0
O0019853,C011457,2023-11-03,Online,,Completed,Credit Card,7.89
O0019865,C023911,2023-11-03,Pickup,S006,Completed,Credit Card,0.0
O0019868,C015077,2023-11-03,Pickup,S012,Completed,Credit Card,0.0
O0019871,C012079,2023-11-04,Store,S014,Completed,Credit Card,0.0
O0019875,C002326,2023-11-04,Store,S009,Completed,Credit Card,0.0
O0019878,C006012,2023-11-04,Pickup,S014,Completed,Credit Card,0.0
O0019882,C011960,2023-11-04,Online,,Completed,Credit Card,1.34
O0019883,C003442,2023-11-04,Store,S013,Completed,Debit Card,0.0
O0019896,C010277,2023-11-04,Online,,Completed,Credit Card,9.37
O0019907,C008630,2023-11-04,Pickup,S009,Returned,Credit Card,0.0
O0019916,C016503,2023-11-04,Online,,Completed,Credit Card,1.22
O0019922,C008940,2023-11-04,Pickup,S008,Completed,Credit Card,0.0
O0019925,C005462,2023-11-04,Pickup,S001,Completed,Debit Card,0.0
O0019927,C028663,2023-11-04,Online,,Completed,Gift Card,3.29
O0019961,C028578,2023-11-04,Store,S001,Completed,Digital Wallet,0.0
O0019963,C029443,2023-11-04,Store,S002,Completed,Digital Wallet,0.0
O0019974,C027864,2023-11-04,Online,,Completed,Debit Card,0.45
O0019980,C007256,2023-11-04,Pickup,S007,Completed,Digital Wallet,0.0
O0019992,C022837,2023-11-05,Store,S005,Completed,Credit Card,0.0
O0020000,C015378,2023-11-05,Online,,Completed,Gift Card,9.7
O0020023,C029622,2023-11-05,Store,S013,Completed,Gift Card,0.0
O0020040,C001340,2023-11-05,Store,S012,Completed,Digital Wallet,0.0
O0020044,C029340,2023-11-05,Pickup,S006,Completed,Digital Wallet,0.0
O0020054,C001924,2023-11-05,Online,,Completed,Credit Card,11.26
O0020059,C022596,2023-11-05,Online,,Returned,Debit Card,8.57
O0020061,C017310,2023-11-05,Online,,Completed,Digital Wallet,1.87
O0020072,C015758,2023-11-05,Online,,Cancelled,Credit Card,11.55
O0020075,C018933,2023-11-05,Pickup,S006,Completed,Credit Card,0.0
O0020076,C004916,2023-11-05,Store,S014,Completed,Digital Wallet,0.0
O0020079,C026054,2023-11-05,Store,S007,Completed,Debit Card,0.0
O0020082,C007404,2023-11-05,Online,,Completed,Credit Card,15.26
O0020096,C028690,2023-11-06,Online,,Completed,Digital Wallet,4.17
O0020101,C004521,2023-11-06,Online,,Completed,Credit Card,3.37
O0020102,C008846,2023-11-06,Store,S001,Completed,Credit Card,0.0
O0020108,C015615,2023-11-06,Pickup,S015,Completed,Debit Card,0.0
O0020120,C024149,2023-11-06,Store,S008,Completed,Credit Card,0.0
O0020130,C028217,2023-11-06,Pickup,S005,Completed,Debit Card,0.0
O0020139,C013846,2023-11-06,Online,,Completed,Credit Card,3.13
O0020147,C025868,2023-11-06,Online,,Completed,Gift Card,16.37
O0020154,C017893,2023-11-06,Online,,Completed,Credit Card,4.24
O0020156,C010084,2023-11-06,Online,,Completed,Credit Card,11.79
O0020157,C010599,2023-11-06,Online,,Completed,Gift Card,11.83
O0020161,C024216,2023-11-06,Store,S012,Completed,Debit Card,0.0
O0020164,C028390,2023-11-06,Online,,Completed,Digital Wallet,4.81
O0020170,C012120,2023-11-06,Pickup,S002,Completed,Credit Card,0.0
O0020181,C010072,2023-11-06,Store,S007,Returned,Credit Card,0.0
O0020199,C001759,2023-11-07,Online,,Completed,Credit Card,1.3
O0020203,C028115,2023-11-07,Store,S007,Completed,Debit Card,0.0
O0020207,C029505,2023-11-07,Online,,Completed,Credit Card,2.4
O0020224,C024992,2023-11-07,Online,,Completed,Credit Card,3.14
O0020241,C016478,2023-11-07,Pickup,S012,Completed,Credit Card,0.0
O0020243,C023024,2023-11-07,Online,,Completed,Credit Card,10.09
O0020249,C006393,2023-11-07,Online,,Completed,Debit Card,3.75
O0020254,C022797,2023-11-07,Store,S013,Completed,Digital Wallet,0.0
O0020257,C002857,2023-11-07,Store,S005,Completed,Credit Card,0.0
O0020259,C025168,2023-11-07,Online,,Completed,Debit Card,3.5
O0020260,C028550,2023-11-07,Store,S014,Completed,Credit Card,0.0
O0020267,C014122,2023-11-07,Store,S003,Completed,Credit Card,0.0
O0020270,C017554,2023-11-07,Pickup,S015,Completed,Debit Card,0.0
O0020271,C011406,2023-11-07,Store,S009,Completed,Debit Card,0.0
O0020275,C023078,2023-11-07,Online,,Completed,Credit Card,16.91
O0020282,C010183,2023-11-07,Online,,Completed,Debit Card,0.96
O0020288,C019760,2023-11-07,Online,,Completed,Credit Card,3.07
O0020293,C021602,2023-11-08,Store,S007,Completed,Credit Card,0.0
O0020294,C009253,2023-11-08,Online,,Completed,Gift Card,7.83
O0020295,C019575,2023-11-08,Store,S005,Completed,Credit Card,0.0
O0020304,C029344,2023-11-08,Store,S009,Completed,Credit Card,0.0
O0020309,C002277,2023-11-08,Online,,Completed,Credit Card,7.65
O0020314,C028817,2023-11-08,Online,,Completed,Digital Wallet,7.22
O0020323,C010804,2023-11-08,Store,S008,Returned,Digital Wallet,0.0
O0020329,C008740,2023-11-08,Pickup,S014,Completed,Debit Card,0.0
O0020338,C017901,2023-11-08,Pickup,S002,Cancelled,Digital Wallet,0.0
O0020342,C026019,2023-11-08,Store,S011,Completed,Digital Wallet,0.0
O0020344,C014481,2023-11-08,Online,,Completed,Debit Card,3.23
O0020346,C014460,2023-11-08,Online,,Completed,Digital Wallet,1.56
O0020368,C026543,2023-11-08,Online,,Cancelled,Digital Wallet,1.49
O0020387,C009933,2023-11-08,Store,S002,Cancelled,Credit Card,0.0
O0020396,C020263,2023-11-09,Online,,Completed,Credit Card,0.24
O0020409,C025234,2023-11-09,Store,S009,Completed,Credit Card,0.0
O0020418,C005772,2023-11-09,Store,S016,Completed,Credit Card,0.0
O0020436,C021348,2023-11-09,Online,,Completed,Digital Wallet,4.04
O0020440,C010631,2023-11-09,Pickup,S001,Completed,Debit Card,0.0
O0020445,C024799,2023-11-09,Store,S016,Completed,Credit Card,0.0
O0020455,C000719,2023-11-09,Online,,Completed,Credit Card,4.95
O0020456,C020606,2023-11-09,Store,S016,Returned,Debit Card,0.0
O0020468,C027750,2023-11-09,Online,,Completed,Debit Card,4.59
O0020474,C007199,2023-11-09,Store,S009,Completed,Digital Wallet,0.0
O0020484,C005728,2023-11-09,Store,S005,Completed,Credit Card,0.0
O0020487,C002277,2023-11-09,Online,,Completed,Debit Card,4.94
O0020493,C029021,2023-11-10,Store,S015,Completed,Digital Wallet,0.0
O0020498,C024815,2023-11-10,Online,,Completed,Digital Wallet,4.9
O0020502,C019368,2023-11-10,Store,S009,Returned,Credit Card,0.0
O0020511,C009607,2023-11-10,Online,,Completed,Credit Card,7.82
O0020514,C021744,2023-11-10,Store,S014,Completed,Credit Card,0.0
O0020522,C009133,2023-11-10,Store,S005,Completed,Debit Card,0.0
O0020554,C000719,2023-11-10,Online,,Completed,Debit Card,2.0
O0020555,C011512,2023-11-10,Store,S009,Completed,Credit Card,0.0
O0020562,C022287,2023-11-10,Online,,Returned,Debit Card,2.51
O0020563,C007924,2023-11-10,Online,,Returned,Gift Card,2.84
O0020570,C005747,2023-11-10,Online,,Completed,Credit Card,2.66
O0020571,C012557,2023-11-10,Online,,Completed,Credit Card,1.28
O0020572,C029753,2023-11-10,Online,,Completed,Debit Card,17.43
O0020574,C003659,2023-11-10,Store,S006,Returned,Credit Card,0.0
O0020592,C008841,2023-11-10,Online,,Completed,Debit Card,4.56
O0020601,C005287,2023-11-10,Online,,Completed,Digital Wallet,8.53
O0020610,C028115,2023-11-11,Store,S006,Completed,Debit Card,0.0
O0020615,C006272,2023-11-11,Pickup,S012,Completed,Debit Card,0.0
O0020628,C002562,2023-11-11,Online,,Completed,Credit Card,14.63
O0020637,C015228,2023-11-11,Pickup,S005,Completed,Credit Card,0.0
O0020640,C025969,2023-11-11,Store,S010,Returned,Debit Card,0.0
O0020647,C021451,2023-11-11,Online,,Returned,Credit Card,12.51
O0020661,C014700,2023-11-11,Online,,Completed,Digital Wallet,3.96
O0020671,C011901,2023-11-11,Pickup,S008,Completed,Digital Wallet,0.0
O0020676,C010934,2023-11-11,Online,,Completed,Debit Card,4.67
O0020690,C027275,2023-11-11,Online,,Completed,Debit Card,3.02
O0020693,C005187,2023-11-11,Pickup,S007,Completed,Digital Wallet,0.0
O0020708,C028315,2023-11-12,Store,S006,Completed,Debit Card,0.0
O0020722,C012984,2023-11-12,Online,,Completed,Credit Card,8.85
O0020723,C022503,2023-11-12,Store,S002,Completed,Digital Wallet,0.0
O0020737,C003674,2023-11-12,Pickup,S013,Completed,Digital Wallet,0.0
O0020740,C012682,2023-11-12,Online,,Returned,Digital Wallet,3.81
O0020766,C016811,2023-11-12,Store,S016,Completed,Debit Card,0.0
O0020768,C021935,2023-11-12,Pickup,S014,Completed,Credit Card,0.0
O0020770,C024083,2023-11-12,Store,S005,Completed,Credit Card,0.0
O0020773,C012368,2023-11-12,Pickup,S001,Completed,Debit Card,0.0
O0020793,C011960,2023-11-12,Online,,Completed,Digital Wallet,13.42
O0020800,C026784,2023-11-12,Store,S008,Completed,Digital Wallet,0.0
O0020815,C009085,2023-11-12,Store,S002,Completed,Debit Card,0.0
O0020817,C012607,2023-11-12,Store,S007,Completed,Credit Card,0.0
O0020833,C006152,2023-11-12,Store,S003,Returned,Credit Card,0.0
O0020842,C012696,2023-11-13,Store,S001,Completed,Debit Card,0.0
O0020846,C010934,2023-11-13,Store,S003,Completed,Debit Card,0.0
O0020849,C026665,2023-11-13,Store,S013,Completed,Digital Wallet,0.0
O0020874,C016011,2023-11-13,Online,,Completed,Credit Card,6.44
O0020875,C017958,2023-11-13,Store,S012,Completed,Debit Card,0.0
O0020878,C010477,2023-11-13,Online,,Completed,Credit Card,11.08
O0020883,C008030,2023-11-13,Online,,Completed,Credit Card,1.78
O0020887,C017893,2023-11-13,Online,,Completed,Digital Wallet,4.71
O0020889,C009166,2023-11-13,Store,S007,Returned,Credit Card,0.0
O0020895,C010899,2023-11-13,Store,S004,Completed,Digital Wallet,0.0
O0020900,C001428,2023-11-13,Store,S003,Completed,Debit Card,0.0
O0020933,C003640,2023-11-13,Online,,Completed,Credit Card,3.63
O0020936,C023288,2023-11-13,Store,S003,Completed,Digital Wallet,0.0
O0020937,C002534,2023-11-13,Online,,Completed,Debit Card,14.09
O0020939,C016604,2023-11-13,Store,S003,Cancelled,Credit Card,0.0
O0020950,C020045,2023-11-14,Store,S011,Completed,Credit Card,0.0
O0020954,C024334,2023-11-14,Online,,Completed,Credit Card,3.58
O0020966,C019033,2023-11-14,Pickup,S008,Completed,Gift Card,0.0
O0020975,C012627,2023-11-14,Store,S006,Completed,Digital Wallet,0.0
O0020987,C012284,2023-11-14,Store,S013,Completed,Digital Wallet,0.0
O0020998,C022710,2023-11-14,Store,S006,Completed,Debit Card,0.0
O0021005,C001617,2023-11-14,Store,S008,Completed,Digital Wallet,0.0
O0021026,C028812,2023-11-14,Online,,Returned,Credit Card,3.95
O0021034,C004846,2023-11-14,Store,S004,Completed,Gift Card,0.0
O0021041,C014718,2023-11-14,Online,,Completed,Digital Wallet,6.57
O0021056,C028772,2023-11-14,Store,S006,Completed,Credit Card,0.0
O0021061,C012229,2023-11-15,Online,,Returned,Credit Card,4.74
O0021063,C022687,2023-11-15,Store,S015,Returned,Debit Card,0.0
O0021066,C011294,2023-11-15,Store,S016,Completed,Credit Card,0.0
O0021068,C027514,2023-11-15,Store,S016,Completed,Digital Wallet,0.0
O0021069,C018937,2023-11-15,Online,,Completed,Digital Wallet,13.34
O0021071,C022422,2023-11-15,Pickup,S007,Completed,Gift Card,0.0
O0021081,C026546,2023-11-15,Online,,Completed,Gift Card,7.42
O0021087,C004982,2023-11-15,Online,,Completed,Credit Card,8.46
O0021090,C013119,2023-11-15,Online,,Completed,Credit Card,1.09
O0021097,C001427,2023-11-15,Store,S015,Completed,Debit Card,0.0
O0021102,C014658,2023-11-15,Store,S016,Returned,Credit Card,0.0
O0021105,C008590,2023-11-15,Store,S008,Completed,Digital Wallet,0.0
O0021106,C013109,2023-11-15,Online,,Completed,Gift Card,7.69
O0021108,C018338,2023-11-15,Store,S010,Completed,Credit Card,0.0
O0021118,C004236,2023-11-15,Store,S004,Cancelled,Credit Card,0.0
O0021120,C016868,2023-11-15,Online,,Completed,Debit Card,2.18
O0021122,C016720,2023-11-15,Online,,Completed,Credit Card,7.57
O0021127,C010262,2023-11-15,Store,S008,Completed,Debit Card,0.0
O0021141,C028115,2023-11-15,Pickup,S007,Completed,Digital Wallet,0.0
O0021150,C016271,2023-11-15,Pickup,S010,Completed,Debit Card,0.0
O0021152,C013109,2023-11-15,Store,S014,Completed,Digital Wallet,0.0
O0021154,C008346,2023-11-15,Store,S009,Completed,Credit Card,0.0
O0021157,C009732,2023-11-15,Online,,Completed,Digital Wallet,7.35
O0021161,C018594,2023-11-15,Online,,Completed,Debit Card,14.63
O0021171,C011713,2023-11-16,Store,S006,Completed,Credit Card,0.0
O0021172,C005069,2023-11-16,Online,,Completed,Debit Card,10.04
O0021179,C024335,2023-11-16,Store,S001,Completed,Digital Wallet,0.0
O0021182,C006393,2023-11-16,Online,,Completed,Credit Card,15.6
O0021185,C015417,2023-11-16,Online,,Completed,Credit Card,4.89
O0021187,C006910,2023-11-16,Online,,Completed,Credit Card,2.6
O0021188,C026663,2023-11-16,Store,S009,Completed,Credit Card,0.0
O0021195,C024606,2023-11-16,Online,,Completed,Debit Card,8.23
O0021197,C027864,2023-11-16,Store,S014,Completed,Credit Card,0.0
O0021210,C001442,2023-11-16,Online,,Completed,Debit Card,2.21
O0021222,C027367,2023-11-16,Pickup,S010,Completed,Digital Wallet,0.0
O0021223,C010883,2023-11-16,Store,S012,Completed,Digital Wallet,0.0
O0021224,C002623,2023-11-16,Store,S005,Cancelled,Credit Card,0.0
O0021232,C005712,2023-11-16,Pickup,S015,Returned,Debit Card,0.0
O0021235,C010022,2023-11-16,Store,S006,Completed,Credit Card,0.0
O0021240,C019961,2023-11-16,Online,,Completed,Debit Card,2.64
O0021249,C022040,2023-11-16,Online,,Completed,Credit Card,6.51
O0021253,C003902,2023-11-16,Store,S007,Completed,Debit Card,0.0
O0021264,C026019,2023-11-17,Online,,Completed,Debit Card,9.28
O0021265,C014919,2023-11-17,Online,,Completed,Debit Card,7.46
O0021273,C022097,2023-11-17,Online,,Completed,Debit Card,5.52
O0021274,C006881,2023-11-17,Store,S002,Completed,Debit Card,0.0
O0021281,C026597,2023-11-17,Online,,Completed,Gift Card,6.59
O0021285,C010494,2023-11-17,Online,,Completed,Digital Wallet,1.95
O0021302,C003640,2023-11-17,Store,S011,Completed,Digital Wallet,0.0
O0021305,C011683,2023-11-17,Store,S002,Completed,Credit Card,0.0
O0021308,C021939,2023-11-17,Store,S006,Completed,Gift Card,0.0
O0021310,C013316,2023-11-17,Store,S003,Cancelled,Credit Card,0.0
O0021311,C009556,2023-11-17,Online,,Completed,Credit Card,8.4
O0021316,C025355,2023-11-17,Pickup,S011,Completed,Debit Card,0.0
O0021319,C006071,2023-11-17,Online,,Completed,Credit Card,5.3
O0021323,C013587,2023-11-17,Online,,Completed,Credit Card,4.91
O0021327,C002665,2023-11-17,Online,,Completed,Credit Card,5.81
O0021334,C012618,2023-11-17,Online,,Completed,Credit Card,4.14
O0021336,C014725,2023-11-17,Store,S007,Completed,Credit Card,0.0
O0021341,C003032,2023-11-17,Pickup,S002,Completed,Debit Card,0.0
O0021346,C026821,2023-11-17,Pickup,S007,Completed,Digital Wallet,0.0
O0021359,C016273,2023-11-17,Online,,Completed,Digital Wallet,1.6
O0021372,C017411,2023-11-17,Online,,Completed,Digital Wallet,6.62
O0021374,C013843,2023-11-18,Pickup,S001,Cancelled,Credit Card,0.0
O0021375,C004286,2023-11-18,Online,,Completed,Credit Card,5.45
O0021377,C020442,2023-11-18,Pickup,S004,Completed,Credit Card,0.0
O0021389,C013678,2023-11-18,Store,S001,Returned,Credit Card,0.0
O0021402,C017069,2023-11-18,Store,S011,Completed,Credit Card,0.0
O0021406,C015821,2023-11-18,Online,,Completed,Credit Card,2.29
O0021408,C015615,2023-11-18,Pickup,S016,Completed,Credit Card,0.0
O0021409,C007278,2023-11-18,Online,,Completed,Credit Card,12.22
O0021411,C022567,2023-11-18,Store,S004,Completed,Credit Card,0.0
O0021412,C009565,2023-11-18,Pickup,S012,Returned,Digital Wallet,0.0
O0021415,C006268,2023-11-18,Pickup,S001,Completed,Debit Card,0.0
O0021417,C003777,2023-11-18,Store,S002,Completed,Credit Card,0.0
O0021424,C024997,2023-11-18,Store,S006,Completed,Digital Wallet,0.0
O0021428,C014109,2023-11-18,Online,,Completed,Debit Card,12.56
O0021431,C021164,2023-11-18,Online,,Completed,Credit Card,6.97
O0021434,C015231,2023-11-18,Online,,Completed,Credit Card,2.98
O0021450,C013495,2023-11-18,Online,,Completed,Debit Card,7.38
O0021465,C015023,2023-11-18,Pickup,S007,Completed,Credit Card,0.0
O0021469,C014330,2023-11-18,Store,S003,Completed,Debit Card,0.0
O0021480,C019636,2023-11-18,Online,,Completed,Gift Card,1.74
O0021496,C016116,2023-11-19,Pickup,S005,Completed,Debit Card,0.0
O0021500,C007901,2023-11-19,Online,,Completed,Digital Wallet,2.62
O0021502,C000346,2023-11-19,Online,,Completed,Credit Card,7.21
O0021509,C017757,2023-11-19,Store,S009,Returned,Credit Card,0.0
O0021522,C008248,2023-11-19,Online,,Completed,Debit Card,4.49
O0021527,C026120,2023-11-19,Store,S004,Completed,Credit Card,0.0
O0021532,C019287,2023-11-19,Online,,Completed,Digital Wallet,5.35
O0021536,C021292,2023-11-19,Store,S010,Completed,Digital Wallet,0.0
O0021539,C028186,2023-11-19,Pickup,S008,Completed,Gift Card,0.0
O0021554,C011256,2023-11-19,Pickup,S004,Completed,Credit Card,0.0
O0021556,C003330,2023-11-19,Online,,Completed,Gift Card,2.25
O0021566,C001183,2023-11-19,Store,S012,Completed,Digital Wallet,0.0
O0021586,C026622,2023-11-19,Online,,Completed,Credit Card,1.34
O0021593,C002486,2023-11-19,Online,,Completed,Debit Card,12.5
O0021600,C027994,2023-11-19,Store,S014,Completed,Debit Card,0.0
O0021607,C008630,2023-11-20,Online,,Completed,Debit Card,6.6
O0021610,C011842,2023-11-20,Store,S006,Completed,Credit Card,0.0
O0021611,C029505,2023-11-20,Online,,Completed,Credit Card,2.45
O0021619,C017078,2023-11-20,Online,,Completed,Digital Wallet,5.62
O0021630,C007478,2023-11-20,Store,S004,Completed,Credit Card,0.0
O0021647,C008732,2023-11-20,Store,S010,Completed,Credit Card,0.0
O0021651,C000047,2023-11-20,Store,S012,Completed,Digital Wallet,0.0
O0021654,C009483,2023-11-20,Store,S011,Completed,Digital Wallet,0.0
O0021659,C022088,2023-11-20,Online,,Completed,Gift Card,5.28
O0021682,C022759,2023-11-20,Online,,Completed,Debit Card,6.11
O0021709,C014404,2023-11-21,Store,S007,Completed,Debit Card,0.0
O0021717,C029603,2023-11-21,Store,S002,Completed,Credit Card,0.0
O0021722,C019636,2023-11-21,Online,,Completed,Credit Card,2.52
O0021741,C017755,2023-11-21,Store,S014,Completed,Credit Card,0.0
O0021744,C017595,2023-11-21,Online,,Cancelled,Credit Card,2.32
O0021746,C013639,2023-11-21,Store,S004,Returned,Credit Card,0.0
O0021753,C025088,2023-11-21,Store,S012,Completed,Digital Wallet,0.0
O0021766,C009586,2023-11-21,Online,,Completed,Credit Card,3.14
O0021802,C002486,2023-11-21,Online,,Completed,Credit Card,21.66
O0021807,C004141,2023-11-22,Online,,Returned,Credit Card,5.7
O0021811,C003185,2023-11-22,Online,,Completed,Credit Card,13.55
O0021813,C023184,2023-11-22,Store,S007,Returned,Credit Card,0.0
O0021814,C008215,2023-11-22,Store,S008,Completed,Credit Card,0.0
O0021816,C019561,2023-11-22,Online,,Completed,Debit Card,7.83
O0021817,C010528,2023-11-22,Online,,Completed,Credit Card,4.6
O0021819,C019729,2023-11-22,Pickup,S002,Completed,Gift Card,0.0
O0021822,C012012,2023-11-22,Store,S004,Completed,Digital Wallet,0.0
O0021842,C028866,2023-11-22,Online,,Completed,Digital Wallet,8.7
O0021846,C000665,2023-11-22,Pickup,S015,Completed,Digital Wallet,0.0
O0021856,C018572,2023-11-22,Store,S001,Completed,Credit Card,0.0
O0021858,C000867,2023-11-22,Store,S014,Completed,Digital Wallet,0.0
O0021863,C016811,2023-11-22,Store,S014,Completed,Credit Card,0.0
O0021866,C022200,2023-11-22,Online,,Completed,Debit Card,6.51
O0021868,C026622,2023-11-22,Store,S003,Completed,Debit Card,0.0
O0021880,C012597,2023-11-22,Pickup,S015,Completed,Digital Wallet,0.0
O0021882,C010095,2023-11-22,Store,S015,Completed,Credit Card,0.0
O0021890,C011445,2023-11-22,Store,S013,Completed,Credit Card,0.0
O0021893,C026681,2023-11-22,Store,S008,Cancelled,Credit Card,0.0
O0021894,C006152,2023-11-23,Store,S003,Completed,Credit Card,0.0
O0021898,C001428,2023-11-23,Pickup,S002,Completed,Digital Wallet,0.0
O0021908,C027212,2023-11-23,Online,,Completed,Credit Card,3.32
O0021928,C026388,2023-11-23,Store,S004,Completed,Digital Wallet,0.0
O0021931,C028469,2023-11-23,Store,S008,Completed,Credit Card,0.0
O0021942,C007278,2023-11-23,Store,S003,Completed,Digital Wallet,0.0
O0021946,C015023,2023-11-23,Online,,Completed,Credit Card,1.13
O0021954,C016115,2023-11-23,Store,S006,Completed,Debit Card,0.0
O0021981,C000822,2023-11-23,Store,S008,Completed,Digital Wallet,0.0
O0021983,C021341,2023-11-23,Online,,Returned,Debit Card,1.76
O0021989,C027295,2023-11-23,Store,S005,Completed,Debit Card,0.0
O0021994,C007843,2023-11-23,Online,,Completed,Digital Wallet,6.73
O0022005,C010778,2023-11-24,Online,,Completed,Credit Card,2.4
O0022010,C012731,2023-11-24,Online,,Completed,Debit Card,8.4
O0022013,C020200,2023-11-24,Pickup,S001,Completed,Debit Card,0.0
O0022015,C016798,2023-11-24,Online,,Completed,Credit Card,5.33
O0022017,C008048,2023-11-24,Online,,Completed,Digital Wallet,2.32
O0022029,C007749,2023-11-24,Store,S012,Completed,Credit Card,0.0
O0022054,C014089,2023-11-24,Store,S012,Completed,Gift Card,0.0
O0022058,C029613,2023-11-24,Online,,Completed,Credit Card,11.42
O0022061,C018098,2023-11-24,Online,,Completed,Credit Card,7.38
O0022076,C018080,2023-11-24,Online,,Completed,Digital Wallet,2.88
O0022081,C013316,2023-11-24,Store,S003,Completed,Credit Card,0.0
O0022085,C011816,2023-11-24,Online,,Completed,Credit Card,9.29
O0022086,C027264,2023-11-24,Store,S001,Completed,Debit Card,0.0
O0022095,C002584,2023-11-24,Store,S013,Completed,Digital Wallet,0.0
O0022102,C009586,2023-11-24,Store,S015,Completed,Digital Wallet,0.0
O0022113,C002498,2023-11-24,Online,,Completed,Digital Wallet,5.73
O0022120,C024010,2023-11-24,Pickup,S013,Completed,Debit Card,0.0
O0022124,C013065,2023-11-24,Online,,Completed,Credit Card,9.56
O0022126,C010186,2023-11-24,Online,,Completed,Debit Card,4.7
O0022131,C009444,2023-11-24,Store,S002,Completed,Credit Card,0.0
O0022133,C010526,2023-11-24,Online,,Completed,Credit Card,5.76
O0022135,C025570,2023-11-25,Store,S008,Completed,Credit Card,0.0
O0022144,C014404,2023-11-25,Online,,Completed,Digital Wallet,11.53
O0022160,C012650,2023-11-25,Online,,Completed,Credit Card,3.55
O0022164,C022896,2023-11-25,Store,S009,Cancelled,Credit Card,0.0
O0022176,C027514,2023-11-25,Store,S015,Completed,Debit Card,0.0
O0022183,C004668,2023-11-25,Online,,Returned,Credit Card,1.75
O0022227,C020295,2023-11-25,Online,,Completed,Credit Card,4.93
O0022228,C028690,2023-11-25,Online,,Returned,Debit Card,12.01
O0022240,C025444,2023-11-25,Online,,Completed,Debit Card,9.71
O0022242,C014419,2023-11-25,Online,,Completed,Credit Card,5.56
O0022246,C005860,2023-11-25,Store,S003,Completed,Credit Card,0.0
O0022248,C017658,2023-11-25,Store,S007,Completed,Credit Card,0.0
O0022261,C011636,2023-11-26,Online,,Returned,Credit Card,9.85
O0022268,C012210,2023-11-26,Online,,Completed,Digital Wallet,6.67
O0022281,C003691,2023-11-26,Pickup,S016,Completed,Debit Card,0.0
O0022290,C012059,2023-11-26,Store,S001,Completed,Debit Card,0.0
O0022295,C015011,2023-11-26,Store,S012,Returned,Debit Card,0.0
O0022306,C015210,2023-11-26,Online,,Completed,Credit Card,6.6
O0022327,C010000,2023-11-26,Online,,Completed,Digital Wallet,9.95
O0022338,C003474,2023-11-26,Store,S005,Completed,Credit Card,0.0
O0022339,C025338,2023-11-26,Online,,Completed,Gift Card,1.36
O0022340,C011538,2023-11-26,Online,,Completed,Gift Card,1.6
O0022350,C011029,2023-11-26,Online,,CANCELLED,Debit Card,1.38
O0022359,C020802,2023-11-26,Store,S001,Completed,Debit Card,0.0
O0022360,C005747,2023-11-26,Store,S005,Completed,Digital Wallet,0.0
O0022362,C000517,2023-11-26,Store,S010,Completed,Credit Card,0.0
O0022375,C025088,2023-11-27,Store,S012,Returned,Credit Card,0.0
O0022389,C021602,2023-11-27,Store,S006,Completed,Digital Wallet,0.0
O0022394,C022544,2023-11-27,Pickup,S016,Completed,Debit Card,0.0
O0022397,C017017,2023-11-27,Store,S014,Completed,Credit Card,0.0
O0022403,C017920,2023-11-27,Online,,Completed,Credit Card,3.21
O0022426,C028418,2023-11-27,Online,,Completed,Digital Wallet,3.76
O0022427,C028391,2023-11-27,Store,S006,Completed,Credit Card,0.0
O0022437,C023897,2023-11-27,Pickup,S001,Completed,Debit Card,0.0
O0022438,C027449,2023-11-27,Online,,Completed,Debit Card,9.35
O0022453,C004986,2023-11-27,Store,S004,Completed,Debit Card,0.0
O0022460,C012972,2023-11-27,Online,,Completed,Digital Wallet,0.59
O0022467,C013260,2023-11-27,Store,S010,Completed,Credit Card,0.0
O0022474,C029864,2023-11-28,Online,,Completed,Credit Card,11.55
O0022480,C026483,2023-11-28,Online,,Completed,Digital Wallet,5.23
O0022481,C020483,2023-11-28,Store,S011,Completed,Credit Card,0.0
O0022499,C007686,2023-11-28,Pickup,S015,Completed,Credit Card,0.0
O0022505,C014122,2023-11-28,Store,S004,Completed,Digital Wallet,0.0
O0022517,C027585,2023-11-28,Store,S010,Completed,Credit Card,0.0
O0022522,C005219,2023-11-28,Online,,Completed,Credit Card,4.4
O0022527,C007733,2023-11-28,Online,,Completed,Credit Card,9.75
O0022530,C027254,2023-11-28,Online,,Completed,Debit Card,1.38
O0022531,C004485,2023-11-28,Store,S008,Completed,Credit Card,0.0
O0022534,C007889,2023-11-28,Online,,Returned,Gift Card,6.77
O0022539,C002085,2023-11-28,Store,S014,Completed,Debit Card,0.0
O0022544,C009817,2023-11-28,Pickup,S001,Completed,Gift Card,0.0
O0022551,C008506,2023-11-28,Pickup,S013,Returned,Debit Card,0.0
O0022552,C009007,2023-11-28,Pickup,S015,Completed,Debit Card,0.0
O0022555,C015988,2023-11-28,Online,,Completed,Credit Card,2.6
O0022574,C028194,2023-11-29,Online,,Returned,Credit Card,0.98
O0022600,C011678,2023-11-29,Store,S010,Completed,Credit Card,0.0
O0022609,C004773,2023-11-29,Store,S005,Completed,Credit Card,0.0
O0022610,C023144,2023-11-29,Online,,Completed,Digital Wallet,5.46
O0022613,C029021,2023-11-29,Online,,Completed,Debit Card,7.48
O0022619,C012029,2023-11-29,Online,,Cancelled,Credit Card,13.23
O0022621,C010785,2023-11-29,Pickup,S012,Completed,Digital Wallet,0.0
O0022627,C015801,2023-11-29,Store,S007,Completed,Gift Card,0.0
O0022637,C008197,2023-11-29,Online,,Completed,Credit Card,3.6
O0022638,C017121,2023-11-29,Store,S005,Completed,Credit Card,0.0
O0022643,C019081,2023-11-29,Store,S013,Completed,Debit Card,0.0
O0022644,C008201,2023-11-29,Online,,Completed,Digital Wallet,6.2
O0022658,C012597,2023-11-29,Online,,Completed,Credit Card,12.34
O0022669,C014887,2023-11-29,Online,,Completed,Credit Card,14.41
O0022691,C001772,2023-11-30,Store,S009,Completed,Debit Card,0.0
O0022694,C008427,2023-11-30,Store,S013,Completed,Gift Card,0.0
O0022697,C002745,2023-11-30,Store,S006,Completed,Credit Card,0.0
O0022702,C002765,2023-11-30,Store,S008,Completed,Debit Card,0.0
O0022704,C006150,2023-11-30,Store,S014,Returned,Digital Wallet,0.0
O0022707,C018835,2023-11-30,Store,S014,Cancelled,Digital Wallet,0.0
O0022725,C006825,2023-11-30,Pickup,S005,Completed,Digital Wallet,0.0
O0022729,C017453,2023-11-30,Store,S008,Completed,Credit Card,0.0
O0022732,C022749,2023-11-30,Online,,Completed,Debit Card,4.57
O0022737,C013659,2023-11-30,Online,,Completed,Digital Wallet,13.66
O0022752,C022578,2023-11-30,Pickup,S008,Completed,Credit Card,0.0
O0022758,C009732,2023-11-30,Store,S004,Completed,Credit Card,0.0
O0022761,C020726,2023-11-30,Pickup,S014,Completed,Credit Card,0.0
O0022765,C007744,2023-11-30,Online,,Completed,Digital Wallet,4.41
O0022769,C022567,2023-12-01,Store,S004,Completed,Credit Card,0.0
O0022773,C024014,2023-12-01,Store,S009,Completed,Credit Card,0.0
O0022786,C005577,2023-12-01,Store,S009,Completed,Debit Card,0.0
O0022793,C018080,2023-12-01,Online,,Completed,Digital Wallet,5.03
O0022796,C029271,2023-12-01,Store,S002,Completed,Digital Wallet,0.0
O0022797,C006434,2023-12-01,Store,S012,Completed,Credit Card,0.0
O0022799,C029364,2023-12-01,Online,,Completed,Credit Card,1.52
O0022822,C022993,2023-12-01,Store,S012,Completed,Credit Card,0.0
O0022843,C022235,2023-12-01,Online,,Completed,Credit Card,7.14
O0022865,C003442,2023-12-01,Online,,Completed,Credit Card,14.38
O0022872,C029622,2023-12-01,Store,S015,Completed,Debit Card,0.0
O0022887,C017732,2023-12-02,Online,,Completed,Credit Card,22.55
O0022894,C017776,2023-12-02,Store,S007,Completed,Credit Card,0.0
O0022899,C000383,2023-12-02,Store,S001,Completed,Credit Card,0.0
O0022901,C002933,2023-12-02,Store,S001,Completed,Credit Card,0.0
O0022905,C018372,2023-12-02,Store,S010,Completed,Debit Card,0.0
O0022910,C021869,2023-12-02,Pickup,S011,Completed,Debit Card,0.0
O0022914,C029295,2023-12-02,Online,,Completed,Digital Wallet,0.94
O0022922,C024516,2023-12-02,Store,S013,Completed,Digital Wallet,0.0
O0022927,C005027,2023-12-02,Online,,Returned,Debit Card,9.83
O0022943,C027175,2023-12-02,Online,,Completed,Credit Card,12.16
O0022967,C009903,2023-12-02,Pickup,S011,Completed,Credit Card,0.0
O0022974,C022377,2023-12-02,Pickup,S014,Completed,Credit Card,0.0
O0022977,C015988,2023-12-02,Online,,Completed,Debit Card,3.99
O0023004,C011924,2023-12-03,Pickup,S007,Completed,Debit Card,0.0
O0023040,C000047,2023-12-03,Store,S010,Completed,Digital Wallet,0.0
O0023042,C003403,2023-12-03,Pickup,S009,Completed,Credit Card,0.0
O0023043,C019315,2023-12-03,Store,S015,Returned,Credit Card,0.0
O0023061,C004795,2023-12-03,Online,,Completed,Gift Card,6.33
O0023062,C018702,2023-12-03,Store,S001,Completed,Credit Card,0.0
O0023066,C006905,2023-12-03,Store,S014,Completed,Digital Wallet,0.0
O0023079,C019536,2023-12-03,Store,S003,Returned,Credit Card,0.0
O0023081,C022109,2023-12-03,Online,,Completed,Debit Card,2.11
O0023087,C006434,2023-12-03,Pickup,S010,Completed,Credit Card,0.0
O0023099,C025247,2023-12-03,Online,,Completed,Credit Card,5.49
O0023103,C024754,2023-12-03,Store,S009,Completed,Credit Card,0.0
O0023107,C011944,2023-12-03,Store,S008,Completed,Debit Card,0.0
O0023117,C015058,2023-12-04,Online,,Completed,Gift Card,4.83
O0023122,C026989,2023-12-04,Pickup,S013,Completed,Debit Card,0.0
O0023131,C007793,2023-12-04,Store,S005,Completed,Debit Card,0.0
O0023141,C005069,2023-12-04,Store,S014,Completed,Credit Card,0.0
O0023142,C003549,2023-12-04,Store,S006,Completed,Digital Wallet,0.0
O0023144,C007176,2023-12-04,Online,,Completed,Digital Wallet,1.28
O0023165,C015806,2023-12-04,Pickup,S008,Completed,Digital Wallet,0.0
O0023167,C006539,2023-12-04,Pickup,S013,Completed,Debit Card,0.0
O0023171,C007446,2023-12-04,Store,S009,Completed,Credit Card,0.0
O0023174,C004449,2023-12-04,Store,S013,Completed,Credit Card,0.0
O0023175,C014810,2023-12-04,Pickup,S012,Completed,Digital Wallet,0.0
O0023183,C003069,2023-12-04,Store,S014,Completed,Credit Card,0.0
O0023202,C003449,2023-12-04,Online,,Completed,Credit Card,4.17
O0023221,C009310,2023-12-04,Online,,Completed,Credit Card,2.14
O0023226,C008880,2023-12-05,Online,,Completed,Credit Card,4.08
O0023227,C022543,2023-12-05,Store,S008,Returned,Credit Card,0.0
O0023243,C005007,2023-12-05,Store,S016,Completed,Debit Card,0.0
O0023260,C017497,2023-12-05,Store,S005,Completed,Credit Card,0.0
O0023263,C013587,2023-12-05,Online,,Completed,Digital Wallet,5.15
O0023271,C003024,2023-12-05,Online,,Completed,Digital Wallet,2.57
O0023280,C026311,2023-12-05,Pickup,S006,Completed,Credit Card,0.0
O0023290,C019536,2023-12-05,Pickup,S002,Completed,Credit Card,0.0
O0023296,C008091,2023-12-05,Pickup,S006,Completed,Credit Card,0.0
O0023301,C004485,2023-12-05,Store,S008,Completed,Debit Card,0.0
O0023307,C006050,2023-12-05,Store,S008,Completed,Credit Card,0.0
O0023309,C010414,2023-12-05,Online,,Completed,Debit Card,5.94
O0023315,C005454,2023-12-05,Online,,Completed,Debit Card,7.99
O0023316,C013631,2023-12-05,Online,,Completed,Credit Card,7.75
O0023323,C016424,2023-12-05,Online,,Completed,Debit Card,9.03
O0023325,C029936,2023-12-05,Online,,Completed,Debit Card,5.54
O0023328,C007050,2023-12-05,Pickup,S006,Completed,Credit Card,0.0
O0023331,C015166,2023-12-05,Online,,Completed,Credit Card,5.96
O0023344,C022109,2023-12-05,Store,S001,Completed,Debit Card,0.0
O0023351,C016486,2023-12-05,Store,S008,Completed,Digital Wallet,0.0
O0023354,C019264,2023-12-05,Online,,Completed,Gift Card,1.2
O0023363,C023588,2023-12-06,Online,,Completed,Digital Wallet,5.65
O0023368,C006240,2023-12-06,Online,,Completed,Credit Card,4.94
O0023389,C003929,2023-12-06,Online,,Cancelled,Credit Card,9.32
O0023390,C013421,2023-12-06,Store,S013,Completed,Credit Card,0.0
O0023392,C002486,2023-12-06,Online,,Completed,Credit Card,5.01
O0023394,C001772,2023-12-06,Store,S011,Completed,Credit Card,0.0
O0023429,C006333,2023-12-06,Pickup,S010,Completed,Digital Wallet,0.0
O0023450,C014615,2023-12-06,Store,S008,Completed,Credit Card,0.0
O0023453,C001036,2023-12-06,Pickup,S012,Completed,Credit Card,0.0
O0023455,C005326,2023-12-06,Online,,Completed,Credit Card,6.45
O0023469,C009398,2023-12-07,Pickup,S002,Completed,Credit Card,0.0
O0023472,C001427,2023-12-07,Store,S013,Completed,Digital Wallet,0.0
O0023476,C015939,2023-12-07,Online,,Completed,Debit Card,3.4
O0023489,C024992,2023-12-07,Online,,Completed,Credit Card,8.59
O0023495,C024931,2023-12-07,Online,,Completed,Digital Wallet,7.05
O0023498,C008488,2023-12-07,Online,,Completed,Credit Card,2.96
O0023503,C013798,2023-12-07,Online,,Completed,Gift Card,11.39
O0023507,C015790,2023-12-07,Store,S005,Completed,Gift Card,0.0
O0023514,C018363,2023-12-07,Online,,Completed,Credit Card,2.62
O0023518,C008675,2023-12-07,Pickup,S004,Returned,Credit Card,0.0
O0023527,C016967,2023-12-07,Online,,Returned,Credit Card,5.99
O0023537,C012877,2023-12-07,Store,S008,Completed,Digital Wallet,0.0
O0023540,C020388,2023-12-07,Online,,Completed,Credit Card,3.83
O0023545,C029443,2023-12-07,Pickup,S001,Completed,Credit Card,0.0
O0023553,C022377,2023-12-07,Store,S014,Completed,Credit Card,0.0
O0023582,C002857,2023-12-07,Store,S007,Completed,Gift Card,0.0
O0023585,C023767,2023-12-08,Online,,Completed,Credit Card,2.72
O0023595,C017658,2023-12-08,Online,,Completed,Credit Card,0.86
O0023598,C022630,2023-12-08,Online,,Completed,Debit Card,1.09
O0023600,C021922,2023-12-08,Store,S003,Returned,Digital Wallet,0.0
O0023613,C003471,2023-12-08,Online,,Completed,Credit Card,7.76
O0023615,C004773,2023-12-08,Store,S006,Completed,Debit Card,0.0
O0023622,C017868,2023-12-08,Online,,Completed,Credit Card,6.74
O0023639,C009294,2023-12-08,Store,S012,Completed,Digital Wallet,0.0
O0023664,C003950,2023-12-08,Pickup,S007,Completed,Credit Card,0.0
O0023667,C001119,2023-12-08,Pickup,S012,Completed,Credit Card,0.0
O0023670,C011074,2023-12-08,Online,,Completed,Debit Card,3.74
O0023674,C012866,2023-12-08,Store,S015,Completed,Credit Card,0.0
O0023676,C015615,2023-12-08,Store,S013,Completed,Credit Card,0.0
O0023683,C021515,2023-12-08,Online,,Completed,Debit Card,6.71
O0023686,C004514,2023-12-08,Store,S002,Completed,Debit Card,0.0
O0023691,C019913,2023-12-08,Store,S004,Completed,Gift Card,0.0
O0023701,C004635,2023-12-09,Online,,Completed,Credit Card,5.6
O0023702,C020274,2023-12-09,Online,,Completed,Credit Card,4.05
O0023704,C006553,2023-12-09,Online,,Completed,Credit Card,3.83
O0023713,C009586,2023-12-09,Online,,Completed,Debit Card,4.15
O0023718,C010134,2023-12-09,Pickup,S015,Completed,Credit Card,0.0
O0023722,C012557,2023-12-09,Online,,Returned,Credit Card,1.76
O0023733,C009937,2023-12-09,Online,,Returned,Digital Wallet,19.03
O0023740,C002950,2023-12-09,Online,,Completed,Credit Card,4.53
O0023741,C008863,2023-12-09,Online,,Completed,Credit Card,2.22
O0023745,C013499,2023-12-09,Online,,Completed,Digital Wallet,0.96
O0023749,C005283,2023-12-09,Online,,Completed,Debit Card,3.17
O0023755,C025412,2023-12-09,Online,,Returned,Credit Card,29.92
O0023758,C007761,2023-12-09,Online,,Cancelled,Credit Card,3.23
O0023774,C011728,2023-12-09,Store,S008,Returned,Credit Card,0.0
O0023776,C014085,2023-12-09,Store,S002,Returned,Debit Card,0.0
O0023787,C009059,2023-12-09,Store,S003,Completed,Credit Card,0.0
O0023793,C021306,2023-12-09,Store,S009,Cancelled,Digital Wallet,0.0
O0023794,C022544,2023-12-09,Online,,Completed,Debit Card,2.69
O0023806,C028641,2023-12-09,Online,,Completed,Digital Wallet,15.67
O0023808,C025198,2023-12-09,Pickup,S013,Completed,Digital Wallet,0.0
O0023811,C017755,2023-12-10,Pickup,S013,Completed,Credit Card,0.0
O0023814,C024430,2023-12-10,Store,S010,Completed,Digital Wallet,0.0
O0023815,C013985,2023-12-10,Store,S008,Completed,Digital Wallet,0.0
O0023821,C003495,2023-12-10,Pickup,S015,Completed,Gift Card,0.0
O0023829,C005825,2023-12-10,Online,,Completed,Credit Card,1.95
O0023846,C014447,2023-12-10,Online,,Completed,Credit Card,3.95
O0023849,C026502,2023-12-10,Online,,Completed,Digital Wallet,8.3
O0023855,C020169,2023-12-10,Pickup,S013,Completed,Digital Wallet,0.0
O0023874,C026602,2023-12-10,Pickup,S014,Completed,Digital Wallet,0.0
O0023877,C029031,2023-12-10,Pickup,S003,Completed,Credit Card,0.0
O0023879,C015603,2023-12-10,Pickup,S009,Completed,Credit Card,0.0
O0023882,C015988,2023-12-10,Store,S005,Completed,Digital Wallet,0.0
O0023892,C022277,2023-12-10,Online,,Completed,Credit Card,6.93
O0023893,C008138,2023-12-10,Store,S008,Completed,Digital Wallet,0.0
O0023897,C019287,2023-12-10,Online,,Completed,Credit Card,8.0
O0023901,C025639,2023-12-10,Online,,Completed,Credit Card,13.93
O0023903,C026821,2023-12-10,Pickup,S008,Completed,Credit Card,0.0
O0023904,C017299,2023-12-10,Store,S007,Completed,Gift Card,0.0
O0023905,C012676,2023-12-10,Online,,Completed,Gift Card,3.97
O0023907,C000748,2023-12-10,Online,,Completed,Digital Wallet,3.7
O0023912,C002277,2023-12-10,Online,,Cancelled,Debit Card,4.64
O0023930,C019960,2023-12-10,Online,,Completed,Digital Wallet,3.99
O0023941,C002959,2023-12-11,Online,,Completed,Digital Wallet,4.3
O0023955,C001792,2023-12-11,Store,S013,Completed,Debit Card,0.0
O0023956,C013119,2023-12-11,Store,S004,Completed,Credit Card,0.0
O0023968,C004982,2023-12-11,Online,,Completed,Debit Card,5.98
O0023970,C003511,2023-12-11,Online,,Completed,Gift Card,10.24
O0024001,C028574,2023-12-11,Pickup,S001,Completed,Credit Card,0.0
O0024012,C001922,2023-12-11,Online,,Completed,Digital Wallet,16.69
O0024016,C018785,2023-12-11,Store,S007,Completed,Debit Card,0.0
O0024031,C015244,2023-12-11,Online,,Completed,Digital Wallet,6.85
O0024035,C017645,2023-12-11,Online,,Completed,Gift Card,10.0
O0024037,C002508,2023-12-11,Online,,Completed,Digital Wallet,7.78
O0024059,C024419,2023-12-12,Online,,Completed,Credit Card,1.13
O0024076,C017977,2023-12-12,Online,,Completed,Credit Card,3.14
O0024080,C015738,2023-12-12,Online,,Completed,Debit Card,5.48
O0024083,C021791,2023-12-12,Online,,Completed,Gift Card,11.49
O0024085,C006700,2023-12-12,Store,S002,Completed,Debit Card,0.0
O0024087,C013421,2023-12-12,Store,S015,Completed,Credit Card,0.0
O0024088,C008529,2023-12-12,Store,S016,Completed,Digital Wallet,0.0
O0024091,C022422,2023-12-12,Online,,Completed,Credit Card,4.51
O0024106,C017757,2023-12-12,Online,,Completed,Credit Card,4.81
O0024111,C002533,2023-12-12,Pickup,S012,Completed,Debit Card,0.0
O0024125,C000279,2023-12-12,Online,,Completed,Digital Wallet,9.41
O0024131,C000739,2023-12-12,Store,S007,Completed,Digital Wallet,0.0
O0024141,C018876,2023-12-12,Pickup,S010,Completed,Digital Wallet,0.0
O0024147,C013131,2023-12-12,Online,,Cancelled,Debit Card,2.93
O0024166,C022277,2023-12-12,Store,S003,Completed,Credit Card,0.0
O0024170,C007031,2023-12-12,Pickup,S007,Completed,Credit Card,0.0
O0024183,C014404,2023-12-12,Store,S007,Completed,Credit Card,0.0
O0024187,C003194,2023-12-12,Online,,Completed,Digital Wallet,10.72
O0024191,C023578,2023-12-13,Online,,Completed,Digital Wallet,7.11
O0024194,C005501,2023-12-13,Store,S003,Completed,Credit Card,0.0
O0024195,C014615,2023-12-13,Pickup,S007,Completed,Debit Card,0.0
O0024201,C004449,2023-12-13,Store,S015,Completed,Digital Wallet,0.0
O0024208,C023897,2023-12-13,Online,,Completed,Digital Wallet,1.01
O0024213,C012928,2023-12-13,Online,,Returned,Debit Card,3.19
O0024221,C008083,2023-12-13,Store,S010,Completed,Credit Card,0.0
O0024222,C027726,2023-12-13,Online,,Completed,Debit Card,10.07
O0024230,C021267,2023-12-13,Store,S006,Returned,Digital Wallet,0.0
O0024233,C015987,2023-12-13,Online,,Completed,Debit Card,2.72
O0024235,C003790,2023-12-13,Online,,Completed,Debit Card,4.0
O0024248,C005501,2023-12-13,Pickup,S001,Completed,Credit Card,0.0
O0024254,C009962,2023-12-13,Online,,Completed,Credit Card,5.29
O0024265,C007579,2023-12-13,Online,,Completed,Credit Card,3.76
O0024276,C016558,2023-12-13,Store,S008,Completed,Credit Card,0.0
O0024277,C010203,2023-12-13,Online,,Completed,Digital Wallet,6.12
O0024279,C003509,2023-12-13,Pickup,S008,Completed,Credit Card,0.0
O0024281,C002347,2023-12-13,Store,S004,Completed,Credit Card,0.0
O0024283,C026874,2023-12-13,Store,S005, complete ,Debit Card,0.0
O0024304,C011777,2023-12-13,Online,,Completed,Debit Card,2.15
O0024311,C014352,2023-12-13,Store,S014,Completed,Credit Card,0.0
O0024312,C015919,2023-12-13,Online,,Completed,Credit Card,3.48
O0024319,C005161,2023-12-13,Store,S006,Completed,Credit Card,0.0
O0024324,C024186,2023-12-13,Online,,Completed,Debit Card,5.36
O0024346,C025239,2023-12-14,Store,S008,Completed,Debit Card,0.0
O0024349,C014836,2023-12-14,Online,,Completed,Gift Card,5.2
O0024356,C026548,2023-12-14,Online,,Completed,Digital Wallet,7.56
O0024360,C020312,2023-12-14,Store,S002,Completed,Digital Wallet,0.0
O0024369,C017958,2023-12-14,Online,,Completed,Digital Wallet,6.51
O0024370,C002959,2023-12-14,Online,,Completed,Digital Wallet,3.02
O0024371,C024972,2023-12-14,Store,S006,Completed,Credit Card,0.0
O0024379,C013119,2023-12-14,Store,S001,Completed,Credit Card,0.0
O0024394,C028686,2023-12-14,Pickup,S008,Completed,Debit Card,0.0
O0024426,C011960,2023-12-14,Store,S014,Returned,Debit Card,0.0
O0024427,C020274,2023-12-14,Online,,Completed,Credit Card,4.26
O0024428,C014098,2023-12-14,Store,S001,Completed,Credit Card,0.0
O0024446,C008905,2023-12-15,Store,S001,Completed,Credit Card,0.0
O0024451,C018080,2023-12-15,Online,,Returned,Credit Card,6.48
O0024458,C001323,2023-12-15,Online,,Cancelled,Credit Card,11.63
O0024500,C003399,2023-12-15,Online,,Completed,Credit Card,3.49
O0024506,C009253,2023-12-15,Online,,Completed,Credit Card,15.33
O0024523,C026692,2023-12-15,Online,,Completed,Credit Card,15.44
O0024528,C022578,2023-12-15,Online,,Completed,Credit Card,2.92
O0024549,C003902,2023-12-15,Online,,Completed,Debit Card,3.25
O0024562,C025638,2023-12-15,Online,,Completed,Credit Card,12.71
O0024585,C005916,2023-12-16,Store,S015,Completed,Credit Card,0.0
O0024604,C023863,2023-12-16,Pickup,S005,Completed,Credit Card,0.0
O0024611,C018777,2023-12-16,Pickup,S002,Completed,Credit Card,0.0
O0024613,C017937,2023-12-16,Online,,Returned,Credit Card,10.78
O0024625,C001340,2023-12-16,Store,S012,Completed,Debit Card,0.0
O0024633,C010599,2023-12-16,Online,,Completed,Credit Card,7.13
O0024643,C022263,2023-12-16,Store,S002,Completed,Debit Card,0.0
O0024665,C010277,2023-12-16,Online,,Completed,Debit Card,9.87
O0024666,C001611,2023-12-16,Store,S009,Completed,Debit Card,0.0
O0024667,C028882,2023-12-16,Online,,Completed,Debit Card,4.05
O0024695,C026232,2023-12-16,Pickup,S016,Completed,Debit Card,0.0
O0024696,C016606,2023-12-16,Store,S001,Completed,Digital Wallet,0.0
O0024697,C009556,2023-12-16,Online,,Completed,Debit Card,11.13
O0024701,C001554,2023-12-16,Store,S010,Completed,Digital Wallet,0.0
O0024713,C006333,2023-12-17,Store,S012,Completed,Digital Wallet,0.0
O0024720,C015545,2023-12-17,Online,,Completed,Credit Card,5.23
O0024721,C013076,2023-12-17,Store,S007,Completed,Digital Wallet,0.0
O0024727,C021515,2023-12-17,Online,,Completed,Credit Card,3.35
O0024728,C024216,2023-12-17,Store,S009,Completed,Digital Wallet,0.0
O0024735,C011770,2023-12-17,Store,S013,Completed,Debit Card,0.0
O0024751,C024337,2023-12-17,Pickup,S013,Completed,Credit Card,0.0
O0024772,C011277,2023-12-17,Store,S005,Completed,Debit Card,0.0
O0024775,C013131,2023-12-17,Store,S011,Completed,Debit Card,0.0
O0024777,C006553,2023-12-17,Store,S004,Completed,Credit Card,0.0
O0024782,C002933,2023-12-17,Store,S001,Completed,Credit Card,0.0
O0024787,C018125,2023-12-17,Store,S016,Completed,Debit Card,0.0
O0024796,C024340,2023-12-17,Store,S001,Completed,Credit Card,0.0
O0024802,C029986,2023-12-17,Store,S011,Completed,Debit Card,0.0
O0024807,C020318,2023-12-17,Store,S005,Completed,Digital Wallet,0.0
O0024808,C006272,2023-12-17,Online,,Returned,Gift Card,3.12
O0024818,C022124,2023-12-17,Store,S010,Completed,Digital Wallet,0.0
O0024822,C005221,2023-12-17,Online,,Completed,Digital Wallet,8.57
O0024829,C016404,2023-12-17,Online,,Completed,Credit Card,3.97
O0024834,C027175,2023-12-17,Store,S001,Completed,Debit Card,0.0
O0024835,C022544,2023-12-17,Store,S013,Completed,Debit Card,0.0
O0024836,C021040,2023-12-17,Pickup,S001,Completed,Credit Card,0.0
O0024843,C003032,2023-12-18,Online,,Completed,Credit Card,5.61
O0024844,C026663,2023-12-18,Online,,Completed,Gift Card,2.65
O0024848,C014887,2023-12-18,Pickup,S013,Completed,Credit Card,0.0
O0024849,C027094,2023-12-18,Online,,Completed,Digital Wallet,16.29
O0024853,C001699,2023-12-18,Online,,Completed,Credit Card,11.22
O0024856,C003708,2023-12-18,Store,S006,Returned,Credit Card,0.0
O0024865,C008346,2023-12-18,Online,,Completed,Credit Card,10.35
O0024876,C011842,2023-12-18,Store,S005,Completed,Digital Wallet,0.0
O0024878,C020295,2023-12-18,Store,S007,Completed,Credit Card,0.0
O0024886,C018304,2023-12-18,Online,,Completed,Debit Card,0.96
O0024889,C009214,2023-12-18,Online,,Completed,Gift Card,7.16
O0024900,C028574,2023-12-18,Pickup,S001,Completed,Digital Wallet,0.0
O0024906,C028421,2023-12-18,Pickup,S011,Completed,Credit Card,0.0
O0024912,C018673,2023-12-18,Online,,Completed,Digital Wallet,8.42
O0024919,C023459,2023-12-18,Store,S004,Completed,Credit Card,0.0
O0024928,C022567,2023-12-18,Online,,Completed,Credit Card,1.46
O0024936,C024647,2023-12-18,Store,S014,Completed,Credit Card,0.0
O0024937,C022422,2023-12-18,Online,,Completed,Credit Card,7.76
O0024945,C019368,2023-12-18,Pickup,S010,Completed,Credit Card,0.0
O0024946,C014000,2023-12-18,Store,S002,Completed,Credit Card,0.0
O0024947,C022965,2023-12-18,Online,,Completed,Debit Card,3.2
O0024968,C019473,2023-12-19,Pickup,S006,Completed,Debit Card,0.0
O0024978,C007673,2023-12-19,Store,S011,Completed,Debit Card,0.0
O0024983,C028785,2023-12-19,Online,,Cancelled,Credit Card,6.09
O0024994,C013127,2023-12-19,Online,,Completed,Digital Wallet,6.65
O0025004,C017554,2023-12-19,Online,,Completed,Credit Card,5.77
O0025015,C019960,2023-12-19,Store,S005,Completed,Credit Card,0.0
O0025019,C005219,2023-12-19,Pickup,S008,Completed,Credit Card,0.0
O0025029,C007428,2023-12-19,Store,S004,Completed,Credit Card,0.0
O0025034,C024327,2023-12-19,Online,,Completed,Digital Wallet,7.24
O0025071,C013659,2023-12-19,Store,S014,Completed,Credit Card,0.0
O0025072,C022940,2023-12-19,Pickup,S008,Completed,Digital Wallet,0.0
O0025076,C015136,2023-12-19,Online,,Completed,Digital Wallet,1.22
O0025083,C006827,2023-12-19,Pickup,S006,Completed,Credit Card,0.0
O0025090,C025444,2023-12-19,Store,S015,Completed,Debit Card,0.0
O0025091,C014771,2023-12-19,Store,S006,Completed,Debit Card,0.0
O0025094,C026904,2023-12-19,Pickup,S016,Completed,Debit Card,0.0
O0025095,C006758,2023-12-19,Online,,Completed,Debit Card,2.92
O0025100,C006238,2023-12-19,Store,S003,Completed,Credit Card,0.0
O0025110,C020465,2023-12-20,Store,S003,Completed,Credit Card,0.0
O0025118,C020169,2023-12-20,Online,,Completed,Debit Card,2.89
O0025121,C028526,2023-12-20,Pickup,S004,Completed,Gift Card,0.0
O0025122,C027176,2023-12-20,Online,,Completed,Digital Wallet,11.0
O0025142,C012322,2023-12-20,Store,S001,Completed,Debit Card,0.0
O0025155,C025456,2023-12-20,Store,S008,Completed,Digital Wallet,0.0
O0025158,C009972,2023-12-20,Online,,Returned,Digital Wallet,8.89
O0025168,C021480,2023-12-20,Online,,Cancelled,Credit Card,5.49
O0025171,C000211,2023-12-20,Online,,Completed,Digital Wallet,7.55
O0025184,C029495,2023-12-20,Store,S011,Returned,Digital Wallet,0.0
O0025189,C004547,2023-12-20,Pickup,S003,Completed,Credit Card,0.0
O0025190,C008611,2023-12-20,Store,S006,Completed,Digital Wallet,0.0
O0025208,C019417,2023-12-20,Store,S010,Completed,Debit Card,0.0
O0025218,C026665,2023-12-20,Pickup,S014,Completed,Digital Wallet,0.0
O0025219,C021888,2023-12-20,Pickup,S002,Returned,Credit Card,0.0
O0025225,C015806,2023-12-21,Store,S006,Completed,Credit Card,0.0
O0025226,C009903,2023-12-21,Online,,Completed,Credit Card,4.4
O0025228,C023629,2023-12-21,Store,S005,Completed,Credit Card,0.0
O0025232,C007031,2023-12-21,Pickup,S006,Completed,Digital Wallet,0.0
O0025252,C026602,2023-12-21,Online,,Completed,Credit Card,4.87
O0025260,C019561,2023-12-21,Pickup,S013,Completed,Credit Card,0.0
O0025269,C023333,2023-12-21,Pickup,S003,Completed,Credit Card,0.0
O0025270,C002806,2023-12-21,Online,,Completed,Credit Card,15.09
O0025273,C002665,2023-12-21,Store,S001,Completed,Credit Card,0.0
O0025289,C015583,2023-12-21,Online,,Returned,Debit Card,4.59
O0025290,C023437,2023-12-21,Store,S002,Completed,Credit Card,0.0
O0025293,C000665,2023-12-21,Online,,Completed,Debit Card,7.53
O0025294,C027994,2023-12-21,Store,S015,Completed,Credit Card,0.0
O0025300,C024192,2023-12-21,Online,,Cancelled,Credit Card,1.21
O0025304,C006509,2023-12-21,Online,,Completed,Credit Card,4.0
O0025307,C014571,2023-12-21,Store,S010,Completed,Credit Card,0.0
O0025310,C021041,2023-12-21,Online,,Completed,Debit Card,7.26
O0025311,C015282,2023-12-21,Online,,Returned,Digital Wallet,9.96
O0025327,C005983,2023-12-22,Online,,Completed,Debit Card,2.23
O0025329,C017482,2023-12-22,Store,S012,Completed,Debit Card,0.0
O0025330,C008410,2023-12-22,Pickup,S001,Completed,Digital Wallet,0.0
O0025332,C005340,2023-12-22,Online,,Completed,Debit Card,2.87
O0025333,C011316,2023-12-22,Online,,Completed,Credit Card,1.92
O0025342,C021480,2023-12-22,Store,S005,Completed,Digital Wallet,0.0
O0025351,C000743,2023-12-22,Store,S015,Completed,Digital Wallet,0.0
O0025354,C018363,2023-12-22,Pickup,S011,Completed,Credit Card,0.0
O0025357,C025639,2023-12-22,Online,,Completed,Credit Card,5.56
O0025358,C018910,2023-12-22,Online,,Returned,Credit Card,4.65
O0025359,C015462,2023-12-22,Pickup,S009,Completed,Credit Card,0.0
O0025370,C018404,2023-12-22,Store,S008,Completed,Credit Card,0.0
O0025374,C017482,2023-12-22,Store,S012,Completed,Credit Card,0.0
O0025376,C006426,2023-12-22,Pickup,S002,Completed,Credit Card,0.0
O0025378,C007327,2023-12-22,Store,S010,Completed,Credit Card,0.0
O0025381,C022799,2023-12-22,Pickup,S015,Completed,Credit Card,0.0
O0025386,C019960,2023-12-22,Online,,Completed,Credit Card,4.6
O0025389,C012987,2023-12-22,Store,S013,Completed,Credit Card,0.0
O0025392,C027999,2023-12-22,Store,S004,Completed,Digital Wallet,0.0
O0025397,C006259,2023-12-22,Online,,Returned,Credit Card,4.23
O0025401,C027116,2023-12-22,Store,S014,Completed,Gift Card,0.0
O0025409,C009761,2023-12-22,Store,S013,Cancelled,Digital Wallet,0.0
O0025410,C024192,2023-12-22,Pickup,S015,Completed,Credit Card,0.0
O0025411,C017695,2023-12-22,Pickup,S013,Completed,Credit Card,0.0
O0025421,C025576,2023-12-22,Online,,Completed,Credit Card,7.13
O0025422,C024415,2023-12-22,Store,S014,Completed,Gift Card,0.0
O0025423,C016478,2023-12-22,Online,,Completed,Gift Card,10.97
O0025427,C028866,2023-12-22,Online,,Completed,Debit Card,0.95
O0025435,C016486,2023-12-22,Pickup,S008,Completed,Debit Card,0.0
O0025453,C015913,2023-12-23,Store,S012,Completed,Credit Card,0.0
O0025455,C010400,2023-12-23,Online,,Completed,Debit Card,3.78
O0025457,C001476,2023-12-23,Online,,Completed,Credit Card,5.14
O0025464,C022198,2023-12-23,Online,,Completed,Credit Card,2.42
O0025466,C026598,2023-12-23,Online,,Completed,Credit Card,12.45
O0025469,C015431,2023-12-23,Pickup,S005,Completed,Debit Card,0.0
O0025471,C003384,2023-12-23,Online,,Returned,Credit Card,6.72
O0025490,C023965,2023-12-23,Online,,Completed,Credit Card,6.99
O0025500,C016008,2023-12-23,Store,S003,Completed,Credit Card,0.0
O0025506,C025344,2023-12-23,Store,S012,Completed,Credit Card,0.0
O0025511,C019760,2023-12-23,Pickup,S007,Completed,Debit Card,0.0
O0025514,C013174,2023-12-23,Store,S002,Completed,Credit Card,0.0
O0025520,C028660,2023-12-23,Online,,Completed,Credit Card,12.71
O0025522,C010940,2023-12-23,Online,,Completed,Debit Card,8.14
O0025528,C020442,2023-12-23,Online,,Completed,Digital Wallet,3.07
O0025537,C014354,2023-12-23,Online,,Completed,Debit Card,3.82
O0025538,C005287,2023-12-23,Store,S011,Completed,Debit Card,0.0
O0025540,C008923,2023-12-23,Store,S012,Completed,Debit Card,0.0
O0025547,C014764,2023-12-23,Online,,Completed,Credit Card,1.45
O0025550,C006935,2023-12-23,Store,S012,Completed,Credit Card,0.0
O0025554,C017796,2023-12-23,Store,S003,Completed,Credit Card,0.0
O0025558,C002158,2023-12-23,Store,S008,Completed,Debit Card,0.0
O0025563,C002406,2023-12-23,Online,,Completed,Credit Card,13.48
O0025568,C027264,2023-12-23,Online,,Completed,Debit Card,5.11
O0025573,C020957,2023-12-23,Store,S013,Completed,Credit Card,0.0
O0025576,C017310,2023-12-23,Store,S001,Completed,Credit Card,0.0
O0025586,C020028,2023-12-24,Online,,Completed,Credit Card,5.43
O0025603,C017352,2023-12-24,Store,S003,Completed,Credit Card,0.0
O0025609,C017542,2023-12-24,Online,,Completed,Credit Card,1.98
O0025613,C028648,2023-12-24,Store,S007,Completed,Credit Card,0.0
O0025616,C017898,2023-12-24,Online,,Returned,Debit Card,6.21
O0025625,C003777,2023-12-24,Online,,Completed,Credit Card,16.06
O0025631,C010899,2023-12-24,Online,,Completed,Gift Card,8.14
O0025637,C010000,2023-12-24,Pickup,S011,Completed,Credit Card,0.0
O0025653,C024871,2023-12-24,Store,S006,Completed,Digital Wallet,0.0
O0025668,C003384,2023-12-24,Store,S002,Completed,Credit Card,0.0
O0025697,C008675,2023-12-24,Store,S004,Completed,Debit Card,0.0
O0025699,C017069,2023-12-24,Online,,Completed,Credit Card,11.43
O0025700,C012864,2023-12-24,Online,,Completed,Credit Card,12.34
O0025711,C012731,2023-12-24,Pickup,S016,Completed,Debit Card,0.0
O0025720,C022124,2023-12-25,Store,S011,Returned,Debit Card,0.0
O0025727,C008529,2023-12-25,Online,,Completed,Credit Card,21.35
O0025729,C010306,2023-12-25,Online,,Completed,Credit Card,9.2
O0025733,C001323,2023-12-25,Store,S016,Completed,Credit Card,0.0
O0025735,C025954,2023-12-25,Online,,Completed,Digital Wallet,5.78
O0025736,C004144,2023-12-25,Store,S007,Completed,Debit Card,0.0
O0025748,C019940,2023-12-25,Pickup,S012,Completed,Debit Card,0.0
O0025759,C008872,2023-12-25,Online,,Completed,Digital Wallet,5.62
O0025760,C019078,2023-12-25,Online,,Completed,Gift Card,13.0
O0025761,C009586,2023-12-25,Pickup,S013,Completed,Credit Card,0.0
O0025766,C003830,2023-12-25,Online,,Completed,Debit Card,18.08
O0025771,C015545,2023-12-25,Store,S008,Completed,Credit Card,0.0
O0025774,C004845,2023-12-25,Online,,Completed,Credit Card,6.28
O0025775,C002326,2023-12-25,Online,,Completed,Gift Card,2.46
O0025777,C013721,2023-12-25,Store,S007,Completed,Digital Wallet,0.0
O0025787,C016604,2023-12-25,Store,S001,Completed,Credit Card,0.0
O0025798,C005462,2023-12-25,Online,,Completed,Digital Wallet,11.59
O0025801,C005385,2023-12-25,Online,,Completed,Debit Card,0.35
O0025802,C028115,2023-12-25,Store,S007,Completed,Credit Card,0.0
O0025805,C011417,2023-12-25,Store,S002,Completed,Debit Card,0.0
O0025806,C011205,2023-12-25,Online,,Cancelled,Debit Card,3.71
O0025807,C010425,2023-12-25,Online,,Completed,Debit Card,19.45
O0025810,C005349,2023-12-25,Online,,Completed,Credit Card,11.88
O0025811,C015916,2023-12-25,Pickup,S002,Completed,Credit Card,0.0
O0025829,C001490,2023-12-26,Pickup,S011,Completed,Debit Card,0.0
O0025832,C008970,2023-12-26,Store,S006,Completed,Credit Card,0.0
O0025833,C020521,2023-12-26,Store,S004,Completed,Credit Card,0.0
O0025841,C021458,2023-12-26,Store,S003,Completed,Digital Wallet,0.0
O0025843,C006880,2023-12-26,Store,S015,Completed,Digital Wallet,0.0
O0025848,C002405,2023-12-26,Online,,Cancelled,Credit Card,8.77
O0025853,C024449,2023-12-26,Online,,Completed,Credit Card,14.26
O0025864,C018009,2023-12-26,Store,S001,Completed,Credit Card,0.0
O0025872,C008640,2023-12-26,Online,,Completed,Credit Card,2.99
O0025873,C002276,2023-12-26,Online,,Completed,Credit Card,7.09
O0025875,C006881,2023-12-26,Store,S002,Completed,Debit Card,0.0
O0025893,C017841,2023-12-26,Pickup,S014,Completed,Debit Card,0.0
O0025897,C016318,2023-12-26,Online,,Completed,Gift Card,2.71
O0025902,C019592,2023-12-26,Store,S014,Completed,Digital Wallet,0.0
O0025905,C013062,2023-12-26,Store,S001,Completed,Credit Card,0.0
O0025909,C018606,2023-12-26,Store,S016,Completed,Credit Card,0.0
O0025914,C017658,2023-12-26,Online,,Completed,Digital Wallet,6.76
O0025918,C007501,2023-12-26,Pickup,S009,Completed,Credit Card,0.0
O0025926,C016558,2023-12-26,Online,,Completed,Debit Card,5.72
O0025933,C013619,2023-12-26,Online,,Completed,Credit Card,7.65
O0025939,C012682,2023-12-27,Store,S004,Completed,Credit Card,0.0
O0025952,C028628,2023-12-27,Store,S013,Completed,Debit Card,0.0
O0025962,C001457,2023-12-27,Online,,Completed,Debit Card,8.41
O0025979,C018068,2023-12-27,Online,,Returned,Credit Card,5.75
O0025991,C008224,2023-12-27,Online,,Completed,Credit Card,6.09
O0025998,C014304,2023-12-27,Online,,Completed,Credit Card,4.17
O0026008,C002542,2023-12-27,Online,,Returned,Digital Wallet,8.92
O0026019,C004520,2023-12-27,Online,,Completed,Digital Wallet,9.54
O0026037,C017542,2023-12-27,Store,S013,Completed,Credit Card,0.0
O0026040,C004297,2023-12-27,Store,S009,Completed,Digital Wallet,0.0
O0026043,C006770,2023-12-27,Online,,Returned,Debit Card,10.88
O0026044,C016318,2023-12-27,Store,S006,Completed,Credit Card,0.0
O0026063,C012456,2023-12-28,Store,S015,Completed,Gift Card,0.0
O0026070,C019637,2023-12-28,Store,S005,Completed,Debit Card,0.0
O0026071,C009393,2023-12-28,Pickup,S014,Completed,Credit Card,0.0
O0026077,C013260,2023-12-28,Online,,Completed,Debit Card,9.36
O0026084,C026555,2023-12-28,Store,S010,Completed,Digital Wallet,0.0
O0026088,C018372,2023-12-28,Store,S010,Completed,Credit Card,0.0
O0026096,C013109,2023-12-28,Online,,Completed,Credit Card,0.8
O0026097,C023529,2023-12-28,Store,S014,Completed,Digital Wallet,0.0
O0026098,C025355,2023-12-28,Online,,Completed,Digital Wallet,13.37
O0026107,C010388,2023-12-28,Store,S006,Completed,Credit Card,0.0
O0026120,C023177,2023-12-28,Online,,Completed,Digital Wallet,2.88
O0026122,C022744,2023-12-28,Store,S004,Completed,Credit Card,0.0
O0026124,C028224,2023-12-28,Online,,Completed,Debit Card,4.75
O0026128,C000874,2023-12-28,Pickup,S006,Completed,Debit Card,0.0
O0026134,C012750,2023-12-28,Store,S008,Completed,Gift Card,0.0
O0026138,C016355,2023-12-28,Online,,Completed,Digital Wallet,2.08
O0026159,C007786,2023-12-28,Store,S001,Returned,Credit Card,0.0
O0026164,C022568,2023-12-29,Online,,Completed,Debit Card,0.24
O0026169,C008973,2023-12-29,Online,,Completed,Digital Wallet,4.48
O0026175,C029021,2023-12-29,Online,,Completed,Digital Wallet,1.61
O0026178,C026602,2023-12-29,Online,,Completed,Debit Card,0.99
O0026195,C011914,2023-12-29,Store,S002,Completed,Credit Card,0.0
O0026197,C013587,2023-12-29,Online,,Completed,Digital Wallet,5.04
O0026199,C017820,2023-12-29,Store,S005, complete ,Credit Card,0.0
O0026201,C003299,2023-12-29,Store,S001,Completed,Digital Wallet,0.0
O0026204,C007749,2023-12-29,Pickup,S010,Completed,Credit Card,0.0
O0026209,C008058,2023-12-29,Store,S013,Completed,Credit Card,0.0
O0026213,C007213,2023-12-29,Online,,Completed,Gift Card,3.34
O0026216,C021047,2023-12-29,Store,S003,Completed,Debit Card,0.0
O0026222,C026726,2023-12-29,Online,,Completed,Digital Wallet,10.88
O0026228,C005389,2023-12-29,Online,,Completed,Debit Card,8.78
O0026230,C016704,2023-12-29,Online,, complete ,Digital Wallet,13.09
O0026246,C020318,2023-12-29,Online,,Completed,Digital Wallet,4.8
O0026248,C028695,2023-12-29,Pickup,S009,Returned,Debit Card,0.0
O0026252,C020240,2023-12-29,Store,S001,Completed,Credit Card,0.0
O0026255,C013507,2023-12-29,Online,,Completed,Digital Wallet,7.72
O0026264,C029622,2023-12-29,Online,,Completed,Debit Card,9.94
O0026267,C018697,2023-12-29,Online,,Completed,Credit Card,8.84
O0026280,C008740,2023-12-30,Store,S013,Completed,Gift Card,0.0
O0026284,C005122,2023-12-30,Online,,Completed,Credit Card,5.7
O0026285,C020593,2023-12-30,Store,S007,Completed,Credit Card,0.0
O0026291,C014658,2023-12-30,Store,S016,Completed,Debit Card,0.0
O0026293,C021719,2023-12-30,Online,,Completed,Credit Card,2.68
O0026299,C020329,2023-12-30,Store,S005,Completed,Credit Card,0.0
O0026301,C024799,2023-12-30,Online,,Completed,Credit Card,6.45
O0026313,C020240,2023-12-30,Store,S004,Completed,Digital Wallet,0.0
O0026328,C000280,2023-12-30,Online,,Completed,Credit Card,7.85
O0026338,C014718,2023-12-30,Store,S006,Returned,Credit Card,0.0
O0026345,C009316,2023-12-30,Store,S003,Completed,Debit Card,0.0
O0026378,C009732,2023-12-30,Store,S003,Returned,Credit Card,0.0
O0026391,C011842,2023-12-31,Online,,Completed,Digital Wallet,17.57
O0026394,C002885,2023-12-31,Online,,Completed,Credit Card,1.65
O0026397,C011538,2023-12-31,Pickup,S005,Completed,Digital Wallet,0.0
O0026398,C004094,2023-12-31,Online,,Completed,Credit Card,23.5
O0026401,C006071,2023-12-31,Pickup,S015,Completed,Digital Wallet,0.0
O0026407,C028631,2023-12-31,Online,,Cancelled,Digital Wallet,9.12
O0026414,C024334,2023-12-31,Store,S007,Completed,Digital Wallet,0.0
O0026426,C028686,2023-12-31,Store,S007,Completed,Credit Card,0.0
O0026437,C001570,2023-12-31,Store,S016,Completed,Debit Card,0.0
O0026443,C002859,2023-12-31,Store,S006,Completed,Digital Wallet,0.0
O0026451,C015092,2023-12-31,Online,,Completed,Credit Card,4.53
O0026460,C016011,2023-12-31,Online,,Completed,Credit Card,3.21
O0026462,C003471,2023-12-31,Online,,Returned,Digital Wallet,15.78
O0026470,C006434,2023-12-31,Online,,Completed,Credit Card,10.63
O0026478,C024083,2023-12-31,Online,,Completed,Digital Wallet,7.69
O0026483,C028817,2023-12-31,Store,S001,Completed,Credit Card,0.0
O0026484,C008526,2023-12-31,Online,,Returned,Digital Wallet,1.01
O0026490,C001661,2023-12-31,Store,S003,Returned,Credit Card,0.0
O0026492,C028641,2023-12-31,Pickup,S007,Completed,Credit Card,0.0
O0026539,C019272,2024-01-01,Online,,Completed,Credit Card,2.91
O0026551,C007030,2024-01-01,Store,S003,Completed,Credit Card,0.0
O0026555,C012682,2024-01-01,Pickup,S001,Completed,Credit Card,0.0
O0026574,C026388,2024-01-02,Store,S001,Completed,Credit Card,0.0
O0026579,C024638,2024-01-02,Store,S008,Completed,Credit Card,0.0
O0026588,C007030,2024-01-02,Online,,Completed,Digital Wallet,0.97
O0026604,C009947,2024-01-02,Online,,Completed,Debit Card,0.73
O0026607,C002950,2024-01-02,Store,S008,Completed,Credit Card,0.0
O0026610,C013378,2024-01-02,Online,,Completed,Debit Card,1.89
O0026617,C010715,2024-01-02,Online,,Completed,Credit Card,3.52
O0026631,C029555,2024-01-02,Online,,Completed,Credit Card,2.64
O0026632,C015416,2024-01-02,Online,,Completed,Credit Card,2.11
O0026635,C011624,2024-01-02,Online,,Completed,Credit Card,11.53
O0026637,C002542,2024-01-02,Store,S008,Returned,Credit Card,0.0
O0026638,C029495,2024-01-02,Store,S012,Completed,Credit Card,0.0
O0026648,C010095,2024-01-03,Online,,Completed,Digital Wallet,2.59
O0026663,C014494,2024-01-03,Store,S002,Completed,Debit Card,0.0
O0026668,C023390,2024-01-03,Online,,Completed,Credit Card,6.2
O0026669,C008471,2024-01-03,Online,,Completed,Debit Card,5.64
O0026679,C009434,2024-01-03,Store,S003,Completed,Gift Card,0.0
O0026680,C003902,2024-01-03,Online,,Completed,Credit Card,1.29
O0026689,C011265,2024-01-03,Store,S013,Completed,Debit Card,0.0
O0026704,C004541,2024-01-04,Store,S009,Returned,Credit Card,0.0
O0026706,C013521,2024-01-04,Online,,Completed,Credit Card,5.7
O0026718,C004520,2024-01-04,Store,S001,Completed,Debit Card,0.0
O0026720,C002806,2024-01-04,Online,,Completed,Credit Card,3.79
O0026726,C021440,2024-01-04,Online,,Returned,Credit Card,2.24
O0026727,C025699,2024-01-04,Online,,Completed,Debit Card,3.18
O0026729,C005501,2024-01-04,Store,S004,Completed,Credit Card,0.0
O0026730,C013518,2024-01-04,Online,,Completed,Digital Wallet,2.93
O0026739,C007398,2024-01-04,Store,S002,Completed,Debit Card,0.0
O0026747,C015725,2024-01-04,Online,,Completed,Credit Card,1.86
O0026750,C014700,2024-01-04,Online,,Completed,Credit Card,0.22
O0026753,C009294,2024-01-04,Store,S012,Completed,Credit Card,0.0
O0026759,C021440,2024-01-04,Online,,Completed,Credit Card,7.05
O0026777,C007108,2024-01-05,Online,,Completed,Credit Card,2.58
O0026783,C013102,2024-01-05,Online,,Completed,Credit Card,4.89
O0026796,C011991,2024-01-05,Store,S011,Completed,Digital Wallet,0.0
O0026814,C013476,2024-01-05,Online,,Completed,Credit Card,7.39
O0026816,C021150,2024-01-05,Online,,Completed,Digital Wallet,1.14
O0026821,C021742,2024-01-05,Store,S008,Completed,Digital Wallet,0.0
O0026832,C027651,2024-01-05,Online,,Completed,Debit Card,2.08
O0026835,C011548,2024-01-05,Online,,Completed,Debit Card,6.52
O0026840,C013076,2024-01-06,Online,,Completed,Debit Card,6.37
O0026845,C007574,2024-01-06,Pickup,S002,Cancelled,Credit Card,0.0
O0026854,C011667,2024-01-06,Pickup,S011,Completed,Debit Card,0.0
O0026856,C018338,2024-01-06,Store,S010,Completed,Digital Wallet,0.0
O0026859,C020263,2024-01-06,Pickup,S010,Completed,Credit Card,0.0
O0026865,C021243,2024-01-06,Online,,Completed,Credit Card,7.41
O0026867,C021220,2024-01-06,Store,S005,Completed,Credit Card,0.0
O0026868,C025456,2024-01-06,Store,S008,Completed,Debit Card,0.0
O0026872,C029622,2024-01-06,Pickup,S013,Completed,Credit Card,0.0
O0026878,C022088,2024-01-06,Store,S003,Completed,Credit Card,0.0
O0026884,C021144,2024-01-06,Pickup,S015,Completed,Digital Wallet,0.0
O0026914,C007501,2024-01-07,Pickup,S009,Completed,Credit Card,0.0
O0026918,C025230,2024-01-07,Online,,Returned,Digital Wallet,2.22
O0026933,C024909,2024-01-07,Online,,Completed,Credit Card,6.29
O0026937,C028437,2024-01-07,Store,S015,Completed,Debit Card,0.0
O0026941,C001283,2024-01-07,Online,,Completed,Gift Card,2.95
O0026944,C015988,2024-01-07,Store,S005,Completed,Credit Card,0.0
O0026956,C028641,2024-01-07,Online,,Completed,Gift Card,3.24
O0026961,C019760,2024-01-07,Store,S007,Completed,Credit Card,0.0
O0026971,C001960,2024-01-08,Store,S004,Completed,Digital Wallet,0.0
O0026976,C020384,2024-01-08,Online,,Completed,Debit Card,10.51
O0026982,C010445,2024-01-08,Online,,Completed,Credit Card,3.86
O0026996,C002959,2024-01-08,Online,,Completed,Gift Card,12.51
O0027005,C005462,2024-01-08,Online,,Completed,Digital Wallet,6.96
O0027010,C017901,2024-01-08,Online,,Completed,Credit Card,3.2
O0027016,C012987,2024-01-08,Store,S013,Completed,Credit Card,0.0
O0027026,C007176,2024-01-08,Online,,Cancelled,Credit Card,5.8
O0027027,C026483,2024-01-08,Online,,Completed,Debit Card,1.25
O0027028,C020800,2024-01-08,Store,S007,Cancelled,Credit Card,0.0
O0027042,C020641,2024-01-09,Online,,Completed,Digital Wallet,2.33
O0027043,C028062,2024-01-09,Store,S006,Completed,Credit Card,0.0
O0027046,C016184,2024-01-09,Store,S013,Completed,Credit Card,0.0
O0027050,C016271,2024-01-09,Online,,Completed,Credit Card,1.9
O0027052,C010651,2024-01-09,Store,S005,Completed,Credit Card,0.0
O0027056,C012814,2024-01-09,Store,S003,Completed,Credit Card,0.0
O0027057,C010674,2024-01-09,Online,,Completed,Credit Card,5.06
O0027058,C023772,2024-01-09,Store,S008,Completed,Credit Card,0.0
O0027059,C005655,2024-01-09,Pickup,S008,Completed,Credit Card,0.0
O0027069,C008940,2024-01-09,Store,S007,Returned,Digital Wallet,0.0
O0027073,C004514,2024-01-09,Store,S004,Completed,Credit Card,0.0
O0027075,C008926,2024-01-09,Online,,Completed,Debit Card,25.19
O0027080,C008833,2024-01-09,Online,,Completed,Credit Card,6.66
O0027082,C013318,2024-01-09,Online,,Completed,Debit Card,6.68
O0027105,C005156,2024-01-10,Store,S016,Completed,Credit Card,0.0
O0027114,C013928,2024-01-10,Online,,Completed,Debit Card,5.51
O0027119,C016027,2024-01-10,Store,S014,Completed,Debit Card,0.0
O0027120,C015001,2024-01-10,Online,,Completed,Digital Wallet,2.42
O0027125,C020986,2024-01-10,Store,S007,Completed,Debit Card,0.0
O0027128,C013041,2024-01-10,Online,,Completed,Credit Card,10.2
O0027136,C002584,2024-01-10,Store,S013,Completed,Credit Card,0.0
O0027147,C009243,2024-01-10,Store,S004,Completed,Credit Card,0.0
O0027157,C013539,2024-01-10,Online,,Completed,Debit Card,5.62
O0027167,C000486,2024-01-11,Pickup,S012,Completed,Digital Wallet,0.0
O0027173,C000980,2024-01-11,Pickup,S010,Completed,Debit Card,0.0
O0027175,C005122,2024-01-11,Online,,Completed,Digital Wallet,4.35
O0027192,C019033,2024-01-11,Store,S007,Completed,Debit Card,0.0
O0027195,C008207,2024-01-11,Store,S001,Completed,Credit Card,0.0
O0027202,C007686,2024-01-11,Online,,Completed,Credit Card,14.41
O0027223,C029486,2024-01-12,Store,S007,Completed,Debit Card,0.0
O0027228,C015294,2024-01-12,Online,,Completed,Debit Card,7.18
O0027238,C003830,2024-01-12,Pickup,S009,Completed,Credit Card,0.0
O0027239,C026665,2024-01-12,Pickup,S015,Returned,Debit Card,0.0
O0027240,C012864,2024-01-12,Online,,Completed,Digital Wallet,8.43
O0027242,C008675,2024-01-12,Pickup,S003,Completed,Digital Wallet,0.0
O0027247,C004411,2024-01-12,Online,,Completed,Credit Card,3.29
O0027259,C024990,2024-01-12,Pickup,S006,Completed,Credit Card,0.0
O0027260,C012012,2024-01-12,Online,,Completed,Debit Card,13.98
O0027261,C004985,2024-01-12,Online,,Completed,Credit Card,7.19
O0027266,C023590,2024-01-12,Online,,Completed,Credit Card,4.49
O0027267,C000398,2024-01-12,Store,S010,Completed,Digital Wallet,0.0
O0027276,C014171,2024-01-12,Online,,Completed,Debit Card,10.9
O0027277,C015802,2024-01-12,Store,S005,Completed,Credit Card,0.0
O0027282,C005392,2024-01-13,Pickup,S001,Completed,Credit Card,0.0
O0027283,C019007,2024-01-13,Store,S010,Completed,Digital Wallet,0.0
O0027290,C011294,2024-01-13,Online,,Completed,Credit Card,2.98
O0027291,C026089,2024-01-13,Store,S014,Completed,Debit Card,0.0
O0027294,C019265,2024-01-13,Online,,Completed,Digital Wallet,5.93
O0027295,C021821,2024-01-13,Store,S005,Completed,Credit Card,0.0
O0027301,C001216,2024-01-13,Online,,Completed,Gift Card,9.83
O0027302,C008705,2024-01-13,Online,,Completed,Credit Card,11.84
O0027310,C024410,2024-01-13,Store,S016,Completed,Debit Card,0.0
O0027322,C007421,2024-01-13,Online,,Returned,Digital Wallet,2.69
O0027329,C005333,2024-01-13,Online,,Completed,Digital Wallet,1.38
O0027330,C004035,2024-01-13,Store,S013,Completed,Credit Card,0.0
O0027343,C024992,2024-01-13,Pickup,S014,Completed,Digital Wallet,0.0
O0027355,C009288,2024-01-14,Online,,Completed,Debit Card,6.57
O0027369,C016384,2024-01-14,Store,S010,Completed,Credit Card,0.0
O0027380,C015316,2024-01-14,Online,,Completed,Credit Card,11.84
O0027381,C001711,2024-01-14,Online,,Completed,Credit Card,0.72
O0027396,C009398,2024-01-14,Online,,Completed,Gift Card,6.57
O0027398,C022088,2024-01-14,Pickup,S002,Returned,Digital Wallet,0.0
O0027401,C010528,2024-01-14,Store,S011,Completed,Credit Card,0.0
O0027406,C006482,2024-01-14,Store,S006,Completed,Credit Card,0.0
O0027417,C004476,2024-01-14,Store,S006,Completed,Credit Card,0.0
O0027423,C016584,2024-01-15,Pickup,S002,Completed,Digital Wallet,0.0
O0027427,C026120,2024-01-15,Store,S004,Completed,Credit Card,0.0
O0027431,C026726,2024-01-15,Online,,Completed,Credit Card,7.73
O0027455,C001922,2024-01-15,Store,S003,Completed,Credit Card,0.0
O0027474,C024460,2024-01-15,Online,,Completed,Debit Card,4.78
O0027476,C024829,2024-01-15,Store,S005,Completed,Credit Card,0.0
O0027486,C027922,2024-01-16,Online,,Completed,Debit Card,14.46
O0027489,C009812,2024-01-16,Online,,Completed,Credit Card,5.9
O0027494,C028812,2024-01-16,Store,S012,Returned,Digital Wallet,0.0
O0027495,C017757,2024-01-16,Store,S011,Completed,Digital Wallet,0.0
O0027504,C009385,2024-01-16,Store,S012,Completed,Credit Card,0.0
O0027508,C017958,2024-01-16,Store,S011,Completed,Gift Card,0.0
O0027515,C020821,2024-01-16,Pickup,S015,Completed,Gift Card,0.0
O0027531,C009351,2024-01-16,Pickup,S005,Completed,Credit Card,0.0
O0027541,C017593,2024-01-16,Store,S006,Completed,Debit Card,0.0
O0027543,C017496,2024-01-16,Online,,Completed,Digital Wallet,1.68
O0027548,C023458,2024-01-16,Pickup,S005,Completed,Credit Card,0.0
O0027549,C014444,2024-01-16,Store,S012,Completed,Credit Card,0.0
O0027556,C028547,2024-01-16,Pickup,S007,Completed,Digital Wallet,0.0
O0027587,C017820,2024-01-17,Store,S007,Completed,Debit Card,0.0
O0027589,C024909,2024-01-17,Store,S012,Completed,Debit Card,0.0
O0027591,C012805,2024-01-17,Store,S015,Completed,Gift Card,0.0
O0027596,C000964,2024-01-17,Store,S003,Completed,Digital Wallet,0.0
O0027598,C025344,2024-01-17,Online,,Completed,Debit Card,3.16
O0027599,C008980,2024-01-17,Store,S008,Completed,Digital Wallet,0.0
O0027610,C005161,2024-01-17,Store,S007,Completed,Debit Card,0.0
O0027614,C011623,2024-01-17,Online,,Completed,Digital Wallet,1.95
O0027617,C010477,2024-01-18,Online,,Completed,Debit Card,3.71
O0027628,C011624,2024-01-18,Online,,Cancelled,Credit Card,0.76
O0027634,C019036,2024-01-18,Store,S014,Completed,Credit Card,0.0
O0027641,C005728,2024-01-18,Online,,Completed,Credit Card,5.56
O0027651,C015514,2024-01-18,Online,,Completed,Debit Card,1.64
O0027654,C023735,2024-01-18,Store,S010,Completed,Gift Card,0.0
O0027662,C010868,2024-01-18,Store,S010,Completed,Credit Card,0.0
O0027674,C014024,2024-01-18,Online,,Completed,Debit Card,5.37
O0027678,C026483,2024-01-19,Pickup,S008,Completed,Debit Card,0.0
O0027694,C016380,2024-01-19,Store,S005,Completed,Credit Card,0.0
O0027698,C003980,2024-01-19,Online,,Completed,Debit Card,5.25
O0027716,C028266,2024-01-19,Store,S006,Completed,Debit Card,0.0
O0027720,C024759,2024-01-19,Store,S004,Completed,Credit Card,0.0
O0027733,C025768,2024-01-19,Pickup,S008,Completed,Digital Wallet,0.0
O0027734,C027000,2024-01-19,Store,S006,Completed,Debit Card,0.0
O0027743,C017637,2024-01-19,Pickup,S016,Completed,Debit Card,0.0
O0027746,C001902,2024-01-20,Online,,Completed,Debit Card,3.99
O0027747,C029601,2024-01-20,Online,,Completed,Digital Wallet,1.43
O0027748,C024522,2024-01-20,Pickup,S013,Completed,Digital Wallet,0.0
O0027749,C017732,2024-01-20,Online,,Completed,Credit Card,2.08
O0027769,C002586,2024-01-20,Pickup,S002,Completed,Digital Wallet,0.0
O0027777,C013041,2024-01-20,Online,,Completed,Credit Card,5.25
O0027778,C009059,2024-01-20,Online,,Completed,Debit Card,4.28
O0027781,C024475,2024-01-20,Online,,Completed,Credit Card,6.41
O0027788,C008892,2024-01-20,Store,S011,Completed,Credit Card,0.0
O0027797,C021111,2024-01-20,Store,S011,Completed,Digital Wallet,0.0
O0027804,C008162,2024-01-20,Online,,Completed,Gift Card,7.25
O0027838,C021310,2024-01-21,Store,S007,Completed,Digital Wallet,0.0
O0027839,C013686,2024-01-21,Online,,Completed,Digital Wallet,1.32
O0027875,C026759,2024-01-21,Online,,Completed,Credit Card,4.79
O0027883,C029357,2024-01-21,Store,S012,Completed,Credit Card,0.0
O0027886,C001337,2024-01-21,Online,,Completed,Digital Wallet,0.97
O0027896,C012627,2024-01-21,Store,S008,Completed,Credit Card,0.0
O0027899,C005501,2024-01-21,Store,S001,Completed,Credit Card,0.0
O0027907,C015559,2024-01-21,Online,,Completed,Credit Card,4.19
O0027908,C010780,2024-01-21,Store,S004,Returned,Digital Wallet,0.0
O0027914,C012696,2024-01-22,Online,,Completed,Digital Wallet,6.14
O0027930,C029271,2024-01-22,Online,,Completed,Digital Wallet,4.21
O0027935,C007389,2024-01-22,Pickup,S013,Completed,Debit Card,0.0
O0027958,C018153,2024-01-22,Store,S016,Completed,Credit Card,0.0
O0027966,C000954,2024-01-22,Online,,Completed,Debit Card,1.39
O0027978,C008652,2024-01-23,Store,S013,Completed,Digital Wallet,0.0
O0027979,C025744,2024-01-23,Online,,Completed,Debit Card,7.24
O0027980,C013587,2024-01-23,Pickup,S008,Completed,Digital Wallet,0.0
O0027989,C001511,2024-01-23,Online,,Completed,Digital Wallet,6.3
O0028002,C011624,2024-01-23,Store,S005,Completed,Debit Card,0.0
O0028014,C011223,2024-01-23,Store,S009,Completed,Digital Wallet,0.0
O0028019,C010203,2024-01-23,Online,,Completed,Debit Card,1.3
O0028023,C022329,2024-01-24,Store,S016,Completed,Credit Card,0.0
O0028026,C022810,2024-01-24,Online,,Cancelled,Credit Card,5.15
O0028032,C017453,2024-01-24,Store,S006,Completed,Credit Card,0.0
O0028052,C004035,2024-01-24,Online,,Completed,Digital Wallet,16.91
O0028054,C027173,2024-01-24,Online,,Completed,Digital Wallet,11.33
O0028055,C029985,2024-01-24,Store,S014,Returned,Credit Card,0.0
O0028057,C007113,2024-01-24,Store,S010,Completed,Digital Wallet,0.0
O0028059,C011199,2024-01-24,Online,,Completed,Debit Card,3.51
O0028065,C002919,2024-01-24,Online,,Completed,Digital Wallet,3.71
O0028067,C003902,2024-01-24,Online,,Completed,Debit Card,2.13
O0028087,C004520,2024-01-25,Store,S001,Completed,Credit Card,0.0
O0028095,C000036,2024-01-25,Store,S011,Returned,Credit Card,0.0
O0028113,C004297,2024-01-25,Online,,Completed,Digital Wallet,7.56
O0028115,C009310,2024-01-25,Online,,Returned,Debit Card,6.74
O0028117,C003283,2024-01-25,Store,S008,Completed,Digital Wallet,0.0
O0028125,C002677,2024-01-25,Pickup,S010,Completed,Credit Card,0.0
O0028135,C000980,2024-01-25,Online,,Completed,Credit Card,2.08
O0028148,C028740,2024-01-25,Store,S003,Completed,Credit Card,0.0
O0028150,C005713,2024-01-25,Store,S008,Completed,Credit Card,0.0
O0028153,C005672,2024-01-26,Pickup,S012,Returned,Gift Card,0.0
O0028184,C018937,2024-01-26,Online,,Cancelled,Credit Card,11.79
O0028185,C019886,2024-01-26,Pickup,S007,Completed,Credit Card,0.0
O0028190,C026179,2024-01-26,Online,,Cancelled,Credit Card,6.83
O0028194,C008440,2024-01-27,Store,S005,Completed,Credit Card,0.0
O0028196,C009799,2024-01-27,Online,,Completed,Credit Card,14.24
O0028201,C017049,2024-01-27,Online,,Completed,Debit Card,0.39
O0028227,C022368,2024-01-27,Online,,Completed,Gift Card,8.98
O0028230,C008864,2024-01-27,Pickup,S002,Completed,Credit Card,0.0
O0028233,C017920,2024-01-27,Online,,Completed,Credit Card,1.87
O0028243,C024638,2024-01-27,Store,S008,Completed,Debit Card,0.0
O0028256,C001691,2024-01-28,Online,,Completed,Credit Card,4.11
O0028261,C001303,2024-01-28,Store,S009,Completed,Credit Card,0.0
O0028273,C028510,2024-01-28,Online,,Completed,Credit Card,9.67
O0028278,C021047,2024-01-28,Online,,Completed,Digital Wallet,7.35
O0028281,C013499,2024-01-28,Pickup,S009,Completed,Digital Wallet,0.0
O0028289,C005385,2024-01-28,Pickup,S013,Returned,Credit Card,0.0
O0028301,C028869,2024-01-28,Online,,Completed,Debit Card,10.4
O0028307,C006532,2024-01-29,Online,,Completed,Credit Card,10.19
O0028316,C029815,2024-01-29,Store,S006,Completed,Credit Card,0.0
O0028319,C008212,2024-01-29,Store,S011,Completed,Gift Card,0.0
O0028325,C011292,2024-01-29,Online,,Returned,Digital Wallet,7.35
O0028328,C018701,2024-01-29,Online,,Completed,Digital Wallet,9.02
O0028335,C015981,2024-01-29,Online,,Completed,Digital Wallet,11.66
O0028343,C024663,2024-01-29,Pickup,S009,Completed,Debit Card,0.0
O0028372,C008179,2024-01-29,Store,S001,Completed,Credit Card,0.0
O0028383,C014085,2024-01-30,Online,,Completed,Debit Card,9.08
O0028385,C004820,2024-01-30,Online,,Cancelled,Debit Card,9.12
O0028423,C003726,2024-01-30,Store,S013,Completed,Credit Card,0.0
O0028430,C013631,2024-01-30,Pickup,S010,Completed,Credit Card,0.0
O0028431,C012597,2024-01-30,Store,S016,Completed,Digital Wallet,0.0
O0028432,C003384,2024-01-30,Online,,Completed,Digital Wallet,7.35
O0028437,C011942,2024-01-30,Store,S005,Completed,Credit Card,0.0
O0028441,C010088,2024-01-31,Pickup,S014,Completed,Credit Card,0.0
O0028450,C025507,2024-01-31,Online,,Completed,Debit Card,7.85
O0028460,C013127,2024-01-31,Online,,Completed,Credit Card,11.16
O0028461,C001051,2024-01-31,Store,S006,Completed,Debit Card,0.0
O0028463,C024809,2024-01-31,Pickup,S010,Completed,Digital Wallet,0.0
O0028466,C010877,2024-01-31,Store,S002,Completed,Digital Wallet,0.0
O0028472,C010445,2024-01-31,Pickup,S006,Completed,Debit Card,0.0
O0028476,C002405,2024-01-31,Online,,Completed,Digital Wallet,2.58
O0028483,C022297,2024-01-31,Online,,Completed,Debit Card,11.57
O0028489,C022198,2024-01-31,Online,,Completed,Digital Wallet,15.69
O0028494,C012426,2024-01-31,Store,S012,Completed,Debit Card,0.0
O0028495,C006428,2024-01-31,Store,S009,Completed,Debit Card,0.0
O0028499,C018613,2024-02-01,Pickup,S013,Completed,Credit Card,0.0
O0028508,C026989,2024-02-01,Pickup,S016,Returned,Debit Card,0.0
O0028526,C029697,2024-02-01,Store,S013,Completed,Debit Card,0.0
O0028531,C018372,2024-02-01,Pickup,S009,Completed,Credit Card,0.0
O0028532,C002983,2024-02-01,Store,S008,Completed,Credit Card,0.0
O0028535,C017299,2024-02-01,Online,,Completed,Credit Card,21.38
O0028545,C026788,2024-02-01,Online,,Completed,Digital Wallet,6.07
O0028565,C026134,2024-02-02,Store,S015,Completed,Digital Wallet,0.0
O0028576,C026339,2024-02-02,Store,S005,Completed,Digital Wallet,0.0
O0028589,C022569,2024-02-02,Pickup,S002,Completed,Credit Card,0.0
O0028599,C008083,2024-02-02,Store,S011,Completed,Credit Card,0.0
O0028607,C014764,2024-02-02,Online,, complete ,Digital Wallet,3.9
O0028608,C011258,2024-02-02,Online,,Completed,Credit Card,15.92
O0028618,C013433,2024-02-03,Online,,Completed,Digital Wallet,4.38
O0028638,C003663,2024-02-03,Store,S005,Completed,Digital Wallet,0.0
O0028645,C026692,2024-02-03,Store,S007,Completed,Digital Wallet,0.0
O0028651,C012800,2024-02-03,Store,S001,Completed,Digital Wallet,0.0
O0028654,C003779,2024-02-03,Store,S009,Returned,Digital Wallet,0.0
O0028656,C002899,2024-02-03,Store,S009,Returned,Credit Card,0.0
O0028665,C003980,2024-02-03,Online,,Completed,Credit Card,8.79
O0028674,C007250,2024-02-04,Store,S008,Completed,Gift Card,0.0
O0028679,C009937,2024-02-04,Store,S008,Completed,Credit Card,0.0
O0028684,C028550,2024-02-04,Pickup,S015,Returned,Debit Card,0.0
O0028686,C018777,2024-02-04,Store,S003,Completed,Digital Wallet,0.0
O0028694,C001661,2024-02-04,Store,S004,Completed,Digital Wallet,0.0
O0028697,C006175,2024-02-04,Pickup,S015,Completed,Digital Wallet,0.0
O0028712,C004541,2024-02-04,Online,,Completed,Credit Card,6.84
O0028721,C010445,2024-02-04,Store,S008,Completed,Digital Wallet,0.0
O0028722,C016975,2024-02-04,Store,S001,Completed,Gift Card,0.0
O0028730,C020045,2024-02-04,Pickup,S012,Completed,Debit Card,0.0
O0028738,C019084,2024-02-05,Online,,Completed,Credit Card,6.58
O0028741,C019058,2024-02-05,Pickup,S016,Completed,Credit Card,0.0
O0028743,C002085,2024-02-05,Online,,Completed,Digital Wallet,4.08
O0028747,C010599,2024-02-05,Pickup,S008,Completed,Credit Card,0.0
O0028754,C016838,2024-02-05,Pickup,S010,Completed,Credit Card,0.0
O0028764,C018572,2024-02-05,Store,S001,Completed,Digital Wallet,0.0
O0028773,C024673,2024-02-05,Store,S008,Completed,Credit Card,0.0
O0028779,C009392,2024-02-05,Online,,Completed,Credit Card,2.95
O0028784,C016535,2024-02-05,Online,,Completed,Digital Wallet,3.33
O0028785,C002241,2024-02-05,Store,S013,Completed,Debit Card,0.0
O0028786,C010382,2024-02-05,Store,S015,Completed,Credit Card,0.0
O0028801,C003442,2024-02-06,Store,S016,Completed,Debit Card,0.0
O0028805,C008352,2024-02-06,Online,,Returned,Credit Card,7.2
O0028814,C015981,2024-02-06,Online,,Completed,Digital Wallet,8.37
O0028820,C000994,2024-02-06,Online,,Returned,Digital Wallet,3.09
O0028823,C019176,2024-02-06,Store,S016,Returned,Digital Wallet,0.0
O0028826,C021881,2024-02-06,Online,,Completed,Credit Card,21.38
O0028830,C021265,2024-02-06,Store,S016,Completed,Credit Card,0.0
O0028836,C025088,2024-02-06,Pickup,S012,Completed,Credit Card,0.0
O0028837,C016639,2024-02-06,Store,S013,Completed,Credit Card,0.0
O0028846,C016430,2024-02-06,Store,S010,Completed,Credit Card,0.0
O0028869,C004171,2024-02-07,Store,S010,Completed,Credit Card,0.0
O0028870,C024581,2024-02-07,Online,,Completed,Digital Wallet,8.78
O0028877,C015278,2024-02-07,Store,S011,Completed,Gift Card,0.0
O0028879,C017841,2024-02-07,Online,,Completed,Digital Wallet,8.48
O0028880,C019636,2024-02-07,Online,,Completed,Digital Wallet,2.26
O0028881,C022810,2024-02-07,Store,S016,Cancelled,Debit Card,0.0
O0028883,C017245,2024-02-07,Online,,Completed,Debit Card,12.39
O0028954,C016430,2024-02-08,Store,S012,Completed,Credit Card,0.0
O0028955,C017299,2024-02-08,Pickup,S006,Completed,Credit Card,0.0
O0028959,C004247,2024-02-08,Online,,Completed,Digital Wallet,4.08
O0028961,C015545,2024-02-08,Store,S007,Completed,Digital Wallet,0.0
O0028969,C015809,2024-02-08,Online,,Completed,Credit Card,5.86
O0028972,C020443,2024-02-08,Online,,Completed,Credit Card,12.22
O0028975,C026542,2024-02-08,Store,S008,Returned,Debit Card,0.0
O0028989,C017269,2024-02-08,Online,,Completed,Debit Card,4.39
O0028997,C023578,2024-02-09,Online,,Completed,Credit Card,5.34
O0029014,C028358,2024-02-09,Online,,Completed,Credit Card,4.89
O0029019,C014417,2024-02-09,Pickup,S009,Completed,Debit Card,0.0
O0029032,C023131,2024-02-09,Online,,Completed,Gift Card,6.03
O0029038,C009933,2024-02-09,Store,S004,Completed,Digital Wallet,0.0
O0029041,C021006,2024-02-09,Store,S007,Completed,Credit Card,0.0
O0029049,C015378,2024-02-09,Pickup,S007,Completed,Credit Card,0.0
O0029058,C000743,2024-02-09,Store,S016,Returned,Debit Card,0.0
O0029059,C018841,2024-02-09,Store,S002,Completed,Credit Card,0.0
O0029065,C020234,2024-02-10,Pickup,S011,Completed,Gift Card,0.0
O0029076,C024581,2024-02-10,Store,S009,Completed,Digital Wallet,0.0
O0029095,C015228,2024-02-10,Online,,Completed,Digital Wallet,16.08
O0029097,C027684,2024-02-10,Online,,Completed,Credit Card,3.13
O0029104,C015163,2024-02-10,Pickup,S005,Completed,Credit Card,0.0
O0029108,C005854,2024-02-10,Store,S001,Completed,Credit Card,0.0
O0029109,C010884,2024-02-10,Online,,Returned,Credit Card,5.53
O0029120,C007786,2024-02-10,Online,,Completed,Digital Wallet,6.21
O0029123,C029018,2024-02-10,Store,S004,Completed,Credit Card,0.0
O0029126,C019341,2024-02-10,Store,S014,Completed,Debit Card,0.0
O0029130,C001759,2024-02-11,Online,,Cancelled,Credit Card,3.54
O0029133,C004773,2024-02-11,Online,,Completed,Gift Card,2.67
O0029172,C027275,2024-02-11,Store,S004,Completed,Credit Card,0.0
O0029175,C008058,2024-02-11,Store,S014,Completed,Credit Card,0.0
O0029186,C029119,2024-02-11,Store,S006,Completed,Digital Wallet,0.0
O0029187,C010020,2024-02-11,Store,S006,Completed,Debit Card,0.0
O0029188,C009876,2024-02-11,Online,,Completed,Credit Card,14.95
O0029192,C029269,2024-02-11,Online,,Completed,Digital Wallet,7.49
O0029196,C007569,2024-02-11,Online,,Completed,Credit Card,8.55
O0029200,C022069,2024-02-11,Store,S005,Completed,Digital Wallet,0.0
O0029205,C020373,2024-02-11,Online,,Completed,Digital Wallet,14.69
O0029207,C014304,2024-02-11,Store,S014,Completed,Debit Card,0.0
O0029211,C002905,2024-02-11,Pickup,S006,Completed,Debit Card,0.0
O0029223,C024997,2024-02-12,Online,,Completed,Digital Wallet,4.03
O0029236,C018841,2024-02-12,Online,,Completed,Credit Card,1.85
O0029239,C014767,2024-02-12,Store,S016,Completed,Credit Card,0.0
O0029248,C014813,2024-02-12,Pickup,S013,Completed,Credit Card,0.0
O0029252,C014875,2024-02-12,Online,,Completed,Credit Card,3.93
O0029266,C018354,2024-02-12,Online,,Returned,Credit Card,0.91
O0029274,C010740,2024-02-13,Online,,Completed,Gift Card,4.23
O0029278,C024186,2024-02-13,Online,,Completed,Digital Wallet,6.74
O0029283,C010991,2024-02-13,Online,,Completed,Credit Card,4.47
O0029288,C011154,2024-02-13,Online,,Completed,Gift Card,12.12
O0029309,C007327,2024-02-13,Pickup,S010,Completed,Debit Card,0.0
O0029313,C005457,2024-02-13,Online,,Returned,Digital Wallet,4.24
O0029314,C024340,2024-02-13,Online,,Completed,Credit Card,10.1
O0029318,C019538,2024-02-13,Online,,Cancelled,Digital Wallet,4.56
O0029322,C009145,2024-02-13,Online,,Completed,Debit Card,2.3
O0029323,C023333,2024-02-13,Store,S004,Completed,Credit Card,0.0
O0029330,C015487,2024-02-13,Online,,Returned,Credit Card,5.78
O0029344,C026232,2024-02-14,Online,,Returned,Credit Card,9.02
O0029349,C009756,2024-02-14,Pickup,S008,Completed,Digital Wallet,0.0
O0029353,C013041,2024-02-14,Online,,Completed,Debit Card,6.43
O0029381,C026088,2024-02-14,Online,,Returned,Debit Card,4.8
O0029388,C023432,2024-02-14,Online,,Completed,Digital Wallet,6.3
O0029389,C008207,2024-02-14,Online,,Completed,Credit Card,7.18
O0029391,C007793,2024-02-14,Online,,Completed,Debit Card,11.88
O0029404,C027715,2024-02-14,Store,S003,Completed,Digital Wallet,0.0
O0029426,C021437,2024-02-15,Store,S004,Completed,Debit Card,0.0
O0029436,C009214,2024-02-15,Store,S014,Completed,Credit Card,0.0
O0029445,C022337,2024-02-15,Store,S003,Completed,Digital Wallet,0.0
O0029465,C004247,2024-02-15,Online,,Completed,Digital Wallet,1.16
O0029472,C025507,2024-02-16,Pickup,S008,Returned,Credit Card,0.0
O0029481,C007496,2024-02-16,Store,S008,Completed,Digital Wallet,0.0
O0029482,C019196,2024-02-16,Online,,Completed,Gift Card,7.01
O0029485,C016416,2024-02-16,Online,,Completed,Gift Card,4.24
O0029489,C026477,2024-02-16,Online,,Completed,Gift Card,10.12
O0029491,C020848,2024-02-16,Store,S002,Completed,Credit Card,0.0
O0029507,C023967,2024-02-16,Online,,Completed,Debit Card,3.89
O0029523,C027975,2024-02-16,Online,,Returned,Credit Card,2.44
O0029529,C016704,2024-02-16,Online,,Completed,Digital Wallet,5.51
O0029533,C010934,2024-02-16,Pickup,S003,Returned,Debit Card,0.0
O0029542,C028421,2024-02-17,Online,,Returned,Debit Card,4.23
O0029550,C024491,2024-02-17,Store,S014,Completed,Credit Card,0.0
O0029568,C005854,2024-02-17,Store,S002,Completed,Debit Card,0.0
O0029574,C020986,2024-02-17,Online,,Completed,Credit Card,14.22
O0029587,C004703,2024-02-17,Store,S008,Completed,Digital Wallet,0.0
O0029596,C008687,2024-02-17,Store,S012,Completed,Credit Card,0.0
O0029601,C003674,2024-02-17,Online,,Completed,Credit Card,1.03
O0029606,C014771,2024-02-17,Online,,Completed,Credit Card,7.29
O0029607,C006629,2024-02-17,Online,,Completed,Debit Card,10.04
O0029615,C027658,2024-02-18,Store,S014,Completed,Credit Card,0.0
O0029619,C022368,2024-02-18,Store,S016,Completed,Debit Card,0.0
O0029622,C025791,2024-02-18,Store,S007,Completed,Credit Card,0.0
O0029624,C008652,2024-02-18,Online,,Completed,Debit Card,2.49
O0029626,C011964,2024-02-18,Store,S002,Completed,Credit Card,0.0
O0029629,C006798,2024-02-18,Online,,Completed,Credit Card,7.05
O0029633,C022965,2024-02-18,Online,,Completed,Credit Card,2.99
O0029640,C001114,2024-02-18,Online,,Completed,Credit Card,3.36
O0029665,C001091,2024-02-18,Store,S003,Completed,Digital Wallet,0.0
O0029672,C001759,2024-02-18,Store,S010,Completed,Digital Wallet,0.0
O0029697,C008165,2024-02-19,Store,S008,Completed,Credit Card,0.0
O0029713,C008833,2024-02-19,Online,,Completed,Debit Card,14.59
O0029720,C019543,2024-02-19,Online,,Completed,Gift Card,1.3
O0029722,C002223,2024-02-19,Store,S006,Completed,Credit Card,0.0
O0029724,C014447,2024-02-19,Store,S006,Completed,Debit Card,0.0
O0029725,C011451,2024-02-19,Online,,Returned,Debit Card,1.06
O0029737,C011489,2024-02-19,Store,S004,Returned,Credit Card,0.0
O0029741,C026089,2024-02-19,Online,,Completed,Debit Card,1.49
O0029751,C018004,2024-02-20,Store,S012,Returned,Credit Card,0.0
O0029763,C003549,2024-02-20,Pickup,S007,Completed,Credit Card,0.0
O0029777,C008506,2024-02-20,Store,S016,Completed,Debit Card,0.0
O0029779,C029742,2024-02-20,Store,S010,Completed,Digital Wallet,0.0
O0029785,C001378,2024-02-20,Store,S013,Completed,Credit Card,0.0
O0029792,C013886,2024-02-20,Pickup,S013,Completed,Debit Card,0.0
O0029795,C001216,2024-02-20,Store,S007,Completed,Digital Wallet,0.0
O0029800,C006268,2024-02-20,Online,,Completed,Credit Card,6.69
O0029811,C025425,2024-02-21,Online,,Completed,Credit Card,5.69
O0029812,C009556,2024-02-21,Online,,Completed,Digital Wallet,6.38
O0029814,C008427,2024-02-21,Store,S014,Completed,Credit Card,0.0
O0029819,C001691,2024-02-21,Store,S011,Returned,Debit Card,0.0
O0029824,C014615,2024-02-21,Online,,Completed,Credit Card,5.72
O0029834,C010306,2024-02-21,Pickup,S013,Completed,Credit Card,0.0
O0029846,C023481,2024-02-21,Store,S001,Completed,Digital Wallet,0.0
O0029848,C024937,2024-02-21,Online,,Completed,Credit Card,3.19
O0029849,C010528,2024-02-21,Online,,Completed,Debit Card,5.44
O0029859,C004668,2024-02-21,Online,,Returned,Gift Card,1.52
O0029861,C026349,2024-02-21,Pickup,S004,Completed,Credit Card,0.0
O0029862,C003266,2024-02-21,Store,S016,Completed,Digital Wallet,0.0
O0029863,C021190,2024-02-21,Online,,Completed,Credit Card,3.58
O0029866,C008410,2024-02-21,Online,,Completed,Credit Card,16.02
O0029875,C014304,2024-02-22,Store,S016,Completed,Digital Wallet,0.0
O0029888,C017472,2024-02-22,Online,,Completed,Debit Card,10.1
O0029889,C019044,2024-02-22,Online,,Completed,Credit Card,1.53
O0029895,C004986,2024-02-22,Pickup,S002,Completed,Debit Card,0.0
O0029897,C021480,2024-02-22,Pickup,S007,Completed,Debit Card,0.0
O0029913,C024992,2024-02-22,Online,,Completed,Credit Card,4.88
O0029917,C007692,2024-02-22,Store,S013,Completed,Digital Wallet,0.0
O0029919,C010017,2024-02-22,Online,,Completed,Credit Card,6.62
O0029920,C019794,2024-02-22,Store,S005,Completed,Credit Card,0.0
O0029923,C029475,2024-02-22,Store,S008,Completed,Debit Card,0.0
O0029924,C014412,2024-02-22,Store,S016,Completed,Digital Wallet,0.0
O0029933,C019377,2024-02-22,Online,,Completed,Credit Card,2.88
O0029938,C002533,2024-02-23,Pickup,S009,Completed,Debit Card,0.0
O0029951,C029815,2024-02-23,Store,S008,Completed,Digital Wallet,0.0
O0029970,C027316,2024-02-23,Online,,Completed,Credit Card,5.88
O0029976,C007828,2024-02-23,Store,S007,Completed,Credit Card,0.0
O0029978,C020605,2024-02-23,Store,S007,Completed,Debit Card,0.0
O0030012,C008780,2024-02-24,Online,,Completed,Credit Card,9.02
O0030016,C000912,2024-02-24,Online,,Completed,Credit Card,2.08
O0030020,C028190,2024-02-24,Online,,Completed,Debit Card,4.65
O0030040,C024247,2024-02-24,Online,,Completed,Credit Card,4.48
O0030045,C014580,2024-02-24,Online,,Completed,Digital Wallet,3.3
O0030052,C025043,2024-02-24,Store,S005,Completed,Credit Card,0.0
O0030064,C009145,2024-02-25,Store,S001,Completed,Credit Card,0.0
O0030068,C024809,2024-02-25,Store,S009,Completed,Credit Card,0.0
O0030069,C000743,2024-02-25,Online,,Completed,Credit Card,2.4
O0030071,C021771,2024-02-25,Pickup,S016,Completed,Credit Card,0.0
O0030076,C010227,2024-02-25,Online,,Completed,Debit Card,7.95
O0030080,C011777,2024-02-25,Online,,Completed,Digital Wallet,10.92
O0030095,C020889,2024-02-25,Store,S014,Returned,Credit Card,0.0
O0030101,C021922,2024-02-25,Pickup,S003,Completed,Credit Card,0.0
O0030103,C007793,2024-02-25,Online,,Completed,Gift Card,13.43
O0030106,C015412,2024-02-25,Online,,Cancelled,Digital Wallet,5.02
O0030122,C003471,2024-02-25,Store,S016,Completed,Digital Wallet,0.0
O0030125,C010277,2024-02-25,Pickup,S005,Completed,Gift Card,0.0
O0030126,C027348,2024-02-25,Online,,Returned,Debit Card,3.27
O0030161,C009812,2024-02-26,Store,S005,Completed,Credit Card,0.0
O0030169,C029238,2024-02-26,Store,S011,Completed,Debit Card,0.0
O0030193,C029344,2024-02-26,Online,,Completed,Digital Wallet,3.88
O0030198,C007114,2024-02-27,Online,,Completed,Credit Card,7.77
O0030210,C006429,2024-02-27,Online,,Cancelled,Digital Wallet,11.79
O0030213,C009145,2024-02-27,Store,S003,Completed,Debit Card,0.0
O0030228,C009310,2024-02-27,Online,,Completed,Digital Wallet,5.1
O0030233,C028437,2024-02-27,Online,,Completed,Credit Card,8.05
O0030243,C010072,2024-02-27,Online,,Completed,Credit Card,9.05
O0030250,C005713,2024-02-27,Store,S005,Completed,Gift Card,0.0
O0030261,C020802,2024-02-28,Pickup,S002,Returned,Digital Wallet,0.0
O0030285,C011616,2024-02-28,Store,S009,Completed,Credit Card,0.0
O0030309,C013641,2024-02-28,Store,S012,Completed,Debit Card,0.0
O0030310,C000346,2024-02-28,Store,S010,Completed,Debit Card,0.0
O0030312,C027659,2024-02-28,Online,,Completed,Credit Card,8.72
O0030316,C022749,2024-02-29,Pickup,S015,Completed,Debit Card,0.0
O0030317,C016526,2024-02-29,Pickup,S016,Completed,Debit Card,0.0
O0030331,C001454,2024-02-29,Online,,Completed,Credit Card,6.48
O0030339,C012739,2024-02-29,Online,,Completed,Gift Card,10.18
O0030340,C016967,2024-02-29,Online,,Completed,Credit Card,4.71
O0030346,C017901,2024-02-29,Store,S004,Completed,Credit Card,0.0
O0030353,C020726,2024-02-29,Store,S014,Completed,Debit Card,0.0
O0030354,C011991,2024-02-29,Pickup,S010,Completed,Credit Card,0.0
O0030358,C008517,2024-02-29,Pickup,S015,Returned,Credit Card,0.0
O0030363,C015519,2024-02-29,Pickup,S013,Completed,Debit Card,0.0
O0030365,C018522,2024-02-29,Pickup,S003,Completed,Credit Card,0.0
O0030370,C025324,2024-02-29,Online,,Completed,Digital Wallet,8.99
O0030373,C026024,2024-02-29,Store,S002,Completed,Digital Wallet,0.0
O0030379,C020240,2024-02-29,Online,,Completed,Debit Card,7.23
O0030394,C004171,2024-03-01,Pickup,S012,Completed,Credit Card,0.0
O0030400,C006704,2024-03-01,Store,S006,Completed,Digital Wallet,0.0
O0030422,C004990,2024-03-01,Online,,Returned,Digital Wallet,3.3
O0030424,C022512,2024-03-01,Online,,Completed,Credit Card,3.34
O0030425,C005007,2024-03-01,Online,,Completed,Debit Card,6.05
O0030430,C023309,2024-03-01,Store,S011,Completed,Gift Card,0.0
O0030440,C003950,2024-03-02,Pickup,S007,Cancelled,Gift Card,0.0
O0030441,C012607,2024-03-02,Online,,Completed,Credit Card,11.47
O0030444,C022772,2024-03-02,Store,S008,Completed,Credit Card,0.0
O0030455,C011176,2024-03-02,Store,S007,Completed,Digital Wallet,0.0
O0030457,C025181,2024-03-02,Online,,Completed,Credit Card,7.43
O0030467,C009321,2024-03-02,Online,,Completed,Gift Card,3.29
O0030479,C019341,2024-03-02,Store,S016,Returned,Credit Card,0.0
O0030485,C004344,2024-03-02,Store,S005,Completed,Gift Card,0.0
O0030492,C001457,2024-03-02,Online,,Completed,Debit Card,3.72
O0030494,C026339,2024-03-02,Store,S005,Completed,Digital Wallet,0.0
O0030514,C008481,2024-03-02,Online,,Completed,Credit Card,1.65
O0030515,C026915,2024-03-02,Pickup,S014,Completed,Credit Card,0.0
O0030519,C001303,2024-03-02,Online,,Completed,Debit Card,4.21
O0030545,C025239,2024-03-03,Store,S007,Returned,Digital Wallet,0.0
O0030547,C005536,2024-03-03,Store,S016,Completed,Credit Card,0.0
O0030555,C005161,2024-03-03,Store,S005,Completed,Credit Card,0.0
O0030561,C010575,2024-03-03,Pickup,S003,Completed,Credit Card,0.0
O0030573,C002251,2024-03-03,Online,,Completed,Debit Card,4.63
O0030583,C027318,2024-03-03,Pickup,S007,Returned,Credit Card,0.0
O0030584,C013029,2024-03-03,Online,,Completed,Credit Card,16.3
O0030589,C020285,2024-03-03,Online,,Completed,Digital Wallet,4.77
O0030590,C016584,2024-03-03,Online,,Completed,Debit Card,2.83
O0030597,C012368,2024-03-03,Store,S004,Completed,Credit Card,0.0
O0030611,C009905,2024-03-04,Store,S011,Completed,Debit Card,0.0
O0030616,C008732,2024-03-04,Online,,Completed,Credit Card,11.81
O0030620,C026843,2024-03-04,Pickup,S014,Completed,Debit Card,0.0
O0030623,C026598,2024-03-04,Store,S011,Completed,Credit Card,0.0
O0030625,C015431,2024-03-04,Store,S005,Completed,Digital Wallet,0.0
O0030627,C019833,2024-03-04,Online,,Completed,Debit Card,12.74
O0030628,C012711,2024-03-04,Online,,Returned,Gift Card,9.63
O0030635,C015939,2024-03-04,Online,,Completed,Credit Card,7.92
O0030659,C027935,2024-03-04,Online,,Completed,Digital Wallet,0.55
O0030667,C007199,2024-03-04,Online,,Completed,Credit Card,1.66
O0030674,C026210,2024-03-05,Online,,Completed,Digital Wallet,1.92
O0030682,C027922,2024-03-05,Online,,Completed,Debit Card,3.32
O0030698,C011816,2024-03-05,Online,,Completed,Debit Card,4.25
O0030704,C016708,2024-03-05,Store,S012,Completed,Digital Wallet,0.0
O0030712,C015874,2024-03-05,Store,S011,Completed,Debit Card,0.0
O0030719,C008778,2024-03-05,Pickup,S005,Completed,Credit Card,0.0
O0030749,C013318,2024-03-06,Online,,Completed,Debit Card,3.63
O0030755,C000980,2024-03-06,Online,,Completed,Digital Wallet,8.32
O0030765,C007126,2024-03-06,Online,,Completed,Credit Card,3.55
O0030766,C020478,2024-03-06,Online,,Completed,Digital Wallet,0.83
O0030776,C013558,2024-03-06,Online,,Returned,Digital Wallet,5.89
O0030782,C026332,2024-03-06,Online,,Completed,Credit Card,7.0
O0030786,C025984,2024-03-06,Store,S007,Returned,Debit Card,0.0
O0030806,C022475,2024-03-07,Pickup,S002,Completed,Debit Card,0.0
O0030822,C002584,2024-03-07,Store,S013,Returned,Credit Card,0.0
O0030823,C011741,2024-03-07,Pickup,S007,Completed,Credit Card,0.0
O0030824,C010877,2024-03-07,Store,S004,Cancelled,Credit Card,0.0
O0030827,C015790,2024-03-07,Store,S007,Completed,Debit Card,0.0
O0030829,C000345,2024-03-07,Store,S016,Completed,Debit Card,0.0
O0030831,C007526,2024-03-07,Online,,Completed,Credit Card,12.05
O0030837,C025677,2024-03-07,Online,,Completed,Debit Card,24.06
O0030843,C024135,2024-03-07,Online,,Completed,Digital Wallet,1.19
O0030872,C022124,2024-03-07,Online,,Completed,Digital Wallet,10.36
O0030874,C026756,2024-03-07,Store,S006,Completed,Credit Card,0.0
O0030875,C019272,2024-03-07,Store,S003,Completed,Credit Card,0.0
O0030877,C015166,2024-03-07,Online,,Completed,Credit Card,5.45
O0030878,C007555,2024-03-07,Online,,Completed,Digital Wallet,1.47
O0030884,C017449,2024-03-07,Pickup,S013,Completed,Credit Card,0.0
O0030895,C003602,2024-03-08,Online,,Completed,Credit Card,1.85
O0030899,C018125,2024-03-08,Online,,Completed,Debit Card,7.2
O0030900,C009483,2024-03-08,Store,S011,Completed,Digital Wallet,0.0
O0030901,C026821,2024-03-08,Store,S006,Completed,Debit Card,0.0
O0030904,C011457,2024-03-08,Online,,Completed,Digital Wallet,11.54
O0030907,C002405,2024-03-08,Online,,Completed,Credit Card,1.97
O0030922,C008228,2024-03-08,Pickup,S001,Completed,Debit Card,0.0
O0030923,C021269,2024-03-08,Online,,Completed,Debit Card,7.53
O0030925,C023163,2024-03-08,Pickup,S004,Completed,Debit Card,0.0
O0030927,C002618,2024-03-08,Pickup,S008,Completed,Gift Card,0.0
O0030933,C011489,2024-03-08,Store,S003,Completed,Credit Card,0.0
O0030941,C010444,2024-03-08,Pickup,S003,Completed,Debit Card,0.0
O0030945,C018906,2024-03-08,Pickup,S008,Completed,Credit Card,0.0
O0030952,C028422,2024-03-08,Store,S015,Completed,Digital Wallet,0.0
O0030963,C011074,2024-03-09,Pickup,S012,Completed,Debit Card,0.0
O0030966,C006426,2024-03-09,Store,S002,Completed,Credit Card,0.0
O0030970,C003299,2024-03-09,Store,S002,Completed,Digital Wallet,0.0
O0030971,C015638,2024-03-09,Online,,Completed,Credit Card,2.22
O0030975,C021744,2024-03-09,Store,S016,Completed,Debit Card,0.0
O0030980,C006423,2024-03-09,Store,S012,Completed,Debit Card,0.0
O0030987,C006088,2024-03-09,Online,,Completed,Credit Card,3.64
O0030989,C016868,2024-03-09,Pickup,S007,Completed,Credit Card,0.0
O0031002,C015821,2024-03-09,Online,,Completed,Debit Card,4.78
O0031005,C029916,2024-03-09,Online,,Completed,Credit Card,14.25
O0031008,C018606,2024-03-09,Store,S015,Completed,Credit Card,0.0
O0031040,C002251,2024-03-10,Online,,Completed,Credit Card,4.83
O0031048,C019537,2024-03-10,Pickup,S005,Completed,Digital Wallet,0.0
O0031056,C001570,2024-03-10,Store,S015,Returned,Digital Wallet,0.0
O0031060,C016098,2024-03-10,Store,S002,Completed,Credit Card,0.0
O0031061,C017548,2024-03-10,Online,,Completed,Credit Card,3.35
O0031063,C018624,2024-03-10,Online,,Completed,Debit Card,2.55
O0031066,C001685,2024-03-10,Online,,Completed,Debit Card,7.21
O0031076,C002541,2024-03-10,Online,,Completed,Credit Card,2.73
O0031078,C025043,2024-03-10,Store,S008,Completed,Credit Card,0.0
O0031083,C024885,2024-03-10,Store,S002,Completed,Credit Card,0.0
O0031093,C021911,2024-03-10,Store,S007,Completed,Debit Card,0.0
O0031095,C003777,2024-03-10,Online,,Completed,Credit Card,7.19
O0031116,C017937,2024-03-11,Store,S006,Completed,Debit Card,0.0
O0031120,C027937,2024-03-11,Online,,Completed,Gift Card,6.74
O0031122,C008241,2024-03-11,Store,S005,Completed,Digital Wallet,0.0
O0031126,C019473,2024-03-11,Online,,Completed,Digital Wallet,3.21
O0031131,C024491,2024-03-11,Online,,Returned,Digital Wallet,9.4
O0031136,C002534,2024-03-11,Store,S005,Completed,Credit Card,0.0
O0031145,C013358,2024-03-11,Store,S015,Completed,Digital Wallet,0.0
O0031147,C008869,2024-03-11,Online,,Completed,Credit Card,4.64
O0031148,C001191,2024-03-11,Online,,Completed,Credit Card,7.76
O0031151,C008858,2024-03-11,Online,,Cancelled,Credit Card,4.85
O0031154,C025543,2024-03-11,Pickup,S001,Completed,Credit Card,0.0
O0031165,C012739,2024-03-11,Pickup,S012,Completed,Credit Card,0.0
O0031172,C027236,2024-03-11,Online,,Completed,Credit Card,2.75
O0031173,C006259,2024-03-11,Online,,Completed,Digital Wallet,4.8
O0031182,C013493,2024-03-11,Online,,Cancelled,Credit Card,4.05
O0031192,C029833,2024-03-12,Store,S006,Completed,Debit Card,0.0
O0031199,C014836,2024-03-12,Online,,Completed,Credit Card,10.93
O0031200,C005221,2024-03-12,Online,,Completed,Credit Card,14.17
O0031203,C025229,2024-03-12,Store,S012,Completed,Credit Card,0.0
O0031220,C010740,2024-03-12,Pickup,S003,Returned,Credit Card,0.0
O0031221,C019264,2024-03-12,Online,,Completed,Debit Card,19.43
O0031225,C023731,2024-03-12,Store,S009,Completed,Credit Card,0.0
O0031226,C028746,2024-03-12,Store,S007,Completed,Credit Card,0.0
O0031246,C007786,2024-03-12,Online,,Completed,Credit Card,2.95
O0031252,C015725,2024-03-12,Online,,Completed,Digital Wallet,3.61
O0031257,C003917,2024-03-13,Store,S011,Completed,Debit Card,0.0
O0031275,C007938,2024-03-13,Pickup,S014,Completed,Credit Card,0.0
O0031276,C021744,2024-03-13,Store,S013,Completed,Credit Card,0.0
O0031290,C021480,2024-03-13,Store,S007,Completed,Digital Wallet,0.0
O0031298,C005624,2024-03-13,Online,,Completed,Debit Card,6.41
O0031300,C020843,2024-03-13,Online,,Completed,Credit Card,3.19
O0031318,C014460,2024-03-14,Online,,Completed,Digital Wallet,1.39
O0031322,C017964,2024-03-14,Online,,Completed,Gift Card,4.22
O0031335,C009972,2024-03-14,Store,S005,Completed,Gift Card,0.0
O0031343,C004182,2024-03-14,Online,,Completed,Credit Card,4.26
O0031363,C021111,2024-03-14,Store,S011,Completed,Credit Card,0.0
O0031364,C026320,2024-03-14,Online,,Completed,Debit Card,6.52
O0031380,C025355,2024-03-15,Online,,Completed,Credit Card,2.93
O0031391,C023372,2024-03-15,Online,,Completed,Digital Wallet,4.48
O0031396,C021269,2024-03-15,Online,,Completed,Digital Wallet,4.43
O0031403,C027895,2024-03-15,Store,S004,Completed,Digital Wallet,0.0
O0031404,C009903,2024-03-15,Store,S012,Completed,Digital Wallet,0.0
O0031416,C005854,2024-03-15,Store,S004,Returned,Debit Card,0.0
O0031428,C008427,2024-03-15,Online,,Completed,Debit Card,9.88
O0031433,C023686,2024-03-16,Store,S007,Returned,Credit Card,0.0
O0031437,C006837,2024-03-16,Store,S010,Completed,Credit Card,0.0
O0031451,C004773,2024-03-16,Online,,Cancelled,Debit Card,0.42
O0031457,C000873,2024-03-16,Online,,Completed,Debit Card,7.8
O0031465,C002542,2024-03-16,Online,,Completed,Digital Wallet,4.34
O0031472,C000217,2024-03-16,Online,,Completed,Credit Card,8.07
O0031474,C012627,2024-03-16,Store,S005,Completed,Digital Wallet,0.0
O0031478,C002901,2024-03-16,Online,,Completed,Debit Card,7.47
O0031483,C018363,2024-03-16,Online,,Completed,Debit Card,5.19
O0031485,C005502,2024-03-16,Store,S016,Completed,Credit Card,0.0
O0031496,C004409,2024-03-16,Store,S004,Completed,Digital Wallet,0.0
O0031499,C018080,2024-03-16,Online,,Completed,Digital Wallet,6.58
O0031506,C029344,2024-03-16,Store,S011,Completed,Debit Card,0.0
O0031507,C010230,2024-03-16,Store,S002,Completed,Digital Wallet,0.0
O0031508,C005227,2024-03-16,Online,,Completed,Credit Card,2.16
O0031536,C011404,2024-03-17,Store,S003,Completed,Digital Wallet,0.0
O0031538,C008388,2024-03-17,Store,S006,Completed,Digital Wallet,0.0
O0031542,C015985,2024-03-17,Online,,Completed,Debit Card,2.02
O0031543,C023459,2024-03-17,Pickup,S004,Completed,Digital Wallet,0.0
O0031546,C011417,2024-03-17,Store,S004,Completed,Credit Card,0.0
O0031549,C028822,2024-03-17,Pickup,S006,Completed,Credit Card,0.0
O0031556,C009988,2024-03-17,Store,S005,Completed,Credit Card,0.0
O0031569,C011437,2024-03-17,Store,S010,Completed,Credit Card,0.0
O0031574,C028510,2024-03-17,Store,S003,Completed,Credit Card,0.0
O0031587,C001389,2024-03-18,Pickup,S010,Completed,Credit Card,0.0
O0031588,C003511,2024-03-18,Online,,Completed,Debit Card,2.42
O0031598,C012619,2024-03-18,Online,,Completed,Credit Card,3.4
O0031603,C000217,2024-03-18,Pickup,S005,Completed,Debit Card,0.0
O0031605,C002618,2024-03-18,Online,,Completed,Credit Card,2.29
O0031616,C000429,2024-03-18,Store,S015,Completed,Credit Card,0.0
O0031631,C027236,2024-03-18,Store,S009,Returned,Credit Card,0.0
O0031633,C005473,2024-03-18,Online,,Completed,Credit Card,5.67
O0031638,C010014,2024-03-18,Online,,Completed,Debit Card,17.97
O0031643,C020778,2024-03-18,Online,,Completed,Digital Wallet,6.35
O0031644,C019385,2024-03-18,Store,S008,Completed,Digital Wallet,0.0
O0031657,C026900,2024-03-19,Online,,Completed,Credit Card,3.45
O0031673,C020245,2024-03-19,Online,,Completed,Credit Card,14.44
O0031675,C020147,2024-03-19,Store,S001,Completed,Debit Card,0.0
O0031678,C029443,2024-03-19,Online,,Completed,Digital Wallet,1.19
O0031690,C015136,2024-03-19,Store,S007,Completed,Credit Card,0.0
O0031692,C024179,2024-03-19,Online,,Completed,Credit Card,7.63
O0031706,C027715,2024-03-19,Pickup,S002,Completed,Credit Card,0.0
O0031712,C015809,2024-03-19,Store,S005,Completed,Debit Card,0.0
O0031723,C007501,2024-03-19,Online,,Completed,Credit Card,1.94
O0031724,C001445,2024-03-19,Pickup,S011,Cancelled,Digital Wallet,0.0
O0031727,C014330,2024-03-19,Store,S003,Completed,Digital Wallet,0.0
O0031746,C023693,2024-03-20,Store,S016,Returned,Credit Card,0.0
O0031758,C021437,2024-03-20,Store,S002,Completed,Debit Card,0.0
O0031766,C010002,2024-03-20,Pickup,S004,Completed,Debit Card,0.0
O0031775,C022993,2024-03-20,Online,,Completed,Debit Card,2.01
O0031788,C026328,2024-03-20,Online,,Completed,Debit Card,2.82
O0031795,C029874,2024-03-20,Store,S005,Completed,Credit Card,0.0
O0031800,C015802,2024-03-20,Online,,Completed,Digital Wallet,4.88
O0031832,C014668,2024-03-21,Online,,Completed,Debit Card,4.61
O0031857,C015956,2024-03-21,Online,,Returned,Debit Card,2.68
O0031859,C012426,2024-03-21,Store,S012,Returned,Digital Wallet,0.0
O0031870,C019536,2024-03-21,Online,,Completed,Digital Wallet,7.01
O0031872,C003231,2024-03-21,Online,,Completed,Digital Wallet,10.2
O0031880,C000007,2024-03-21,Store,S009,Completed,Credit Card,0.0
O0031886,C023851,2024-03-21,Store,S016,Completed,Digital Wallet,0.0
O0031891,C006253,2024-03-22,Online,,Completed,Credit Card,1.81
O0031897,C011457,2024-03-22,Store,S001,Completed,Credit Card,0.0
O0031899,C003484,2024-03-22,Online,,Completed,Credit Card,6.6
O0031900,C013131,2024-03-22,Store,S011,Completed,Credit Card,0.0
O0031911,C006731,2024-03-22,Pickup,S015,Completed,Digital Wallet,0.0
O0031913,C024673,2024-03-22,Online,,Completed,Credit Card,1.17
O0031930,C012972,2024-03-22,Store,S004,Completed,Gift Card,0.0
O0031941,C017384,2024-03-22,Online,,Completed,Credit Card,7.11
O0031942,C019402,2024-03-22,Online,,Completed,Credit Card,1.41
O0031950,C011616,2024-03-22,Pickup,S011,Completed,Credit Card,0.0
O0031951,C018068,2024-03-22,Online,,Cancelled,Debit Card,4.14
O0031966,C013928,2024-03-23,Online,,Completed,Debit Card,10.2
O0031968,C019993,2024-03-23,Pickup,S008,Completed,Credit Card,0.0
O0031971,C007913,2024-03-23,Pickup,S004,Completed,Credit Card,0.0
O0031982,C029622,2024-03-23,Store,S014,Completed,Credit Card,0.0
O0031984,C028518,2024-03-23,Store,S003,Completed,Digital Wallet,0.0
O0032010,C026546,2024-03-23,Online,,Completed,Credit Card,7.08
O0032012,C008376,2024-03-23,Store,S009,Completed,Digital Wallet,0.0
O0032029,C026602,2024-03-23,Pickup,S013,Completed,Credit Card,0.0
O0032035,C000791,2024-03-23,Store,S014,Completed,Debit Card,0.0
O0032042,C027176,2024-03-23,Online,,Completed,Debit Card,1.51
O0032044,C018876,2024-03-24,Store,S009,Completed,Debit Card,0.0
O0032049,C018525,2024-03-24,Store,S005,Cancelled,Debit Card,0.0
O0032050,C026915,2024-03-24,Pickup,S016,Cancelled,Credit Card,0.0
O0032053,C000912,2024-03-24,Pickup,S013,Completed,Credit Card,0.0
O0032060,C012969,2024-03-24,Store,S005,Completed,Credit Card,0.0
O0032063,C003024,2024-03-24,Online,,Completed,Credit Card,12.97
O0032070,C006393,2024-03-24,Online,,Completed,Credit Card,1.51
O0032091,C023333,2024-03-24,Store,S004,Completed,Digital Wallet,0.0
O0032101,C028217,2024-03-24,Online,,Completed,Debit Card,5.38
O0032117,C011636,2024-03-25,Store,S016,Completed,Digital Wallet,0.0
O0032119,C013819,2024-03-25,Online,,Completed,Credit Card,0.56
O0032127,C026874,2024-03-25,Online,,Completed,Credit Card,11.5
O0032136,C010386,2024-03-25,Online,,Cancelled,Credit Card,10.48
O0032152,C004141,2024-03-25,Online,,Completed,Credit Card,0.81
O0032162,C008926,2024-03-25,Store,S008,Completed,Credit Card,0.0
O0032168,C004795,2024-03-25,Store,S005,Completed,Digital Wallet,0.0
O0032176,C014128,2024-03-25,Store,S012,Completed,Debit Card,0.0
O0032178,C011357,2024-03-25,Online,,Completed,Debit Card,7.22
O0032180,C018369,2024-03-25,Store,S003,Completed,Credit Card,0.0
O0032194,C001114,2024-03-26,Online,,Completed,Credit Card,2.94
O0032199,C010657,2024-03-26,Online,,Completed,Digital Wallet,3.47
O0032219,C012585,2024-03-26,Store,S005,Completed,Debit Card,0.0
O0032220,C011933,2024-03-26,Pickup,S013,Completed,Credit Card,0.0
O0032222,C023518,2024-03-26,Online,,Completed,Gift Card,4.78
O0032224,C029269,2024-03-26,Store,S007,Completed,Credit Card,0.0
O0032237,C029486,2024-03-26,Online,,Completed,Credit Card,6.07
O0032239,C027935,2024-03-26,Store,S010,Completed,Digital Wallet,0.0
O0032248,C001036,2024-03-26,Pickup,S010,Completed,Credit Card,0.0
O0032264,C025247,2024-03-27,Online,,Completed,Debit Card,6.18
O0032265,C014650,2024-03-27,Online,,Returned,Digital Wallet,2.87
O0032269,C008296,2024-03-27,Online,,Completed,Digital Wallet,9.87
O0032297,C004171,2024-03-27,Online,,Completed,Credit Card,2.18
O0032303,C004182,2024-03-27,Store,S001,Completed,Digital Wallet,0.0
O0032310,C029841,2024-03-27,Online,,Completed,Credit Card,1.71
O0032314,C023786,2024-03-27,Online,,Completed,Credit Card,7.8
O0032316,C002309,2024-03-27,Pickup,S005,Cancelled,Digital Wallet,0.0
O0032319,C013746,2024-03-27,Store,S007,Completed,Credit Card,0.0
O0032320,C024484,2024-03-27,Online,,Completed,Digital Wallet,4.14
O0032327,C003511,2024-03-28,Pickup,S006,Completed,Debit Card,0.0
O0032344,C011914,2024-03-28,Online,,Completed,Digital Wallet,6.13
O0032352,C026931,2024-03-28,Online,,Completed,Digital Wallet,8.31
O0032355,C014615,2024-03-28,Store,S005,Completed,Digital Wallet,0.0
O0032362,C018594,2024-03-28,Store,S001,Completed,Credit Card,0.0
O0032365,C023897,2024-03-28,Online,,Completed,Credit Card,2.9
O0032381,C009682,2024-03-28,Store,S004,Completed,Credit Card,0.0
O0032383,C025756,2024-03-28,Store,S013,Completed,Digital Wallet,0.0
O0032385,C019729,2024-03-28,Online,,Completed,Digital Wallet,0.36
O0032411,C028319,2024-03-29,Store,S008,Completed,Debit Card,0.0
O0032417,C003509,2024-03-29,Online,,Completed,Digital Wallet,12.4
O0032419,C023664,2024-03-29,Store,S012,Returned,Debit Card,0.0
O0032422,C019536,2024-03-29,Online,,Completed,Digital Wallet,4.67
O0032425,C001490,2024-03-29,Online,,Completed,Credit Card,2.52
O0032437,C028768,2024-03-29,Online,,Completed,Digital Wallet,9.53
O0032441,C011437,2024-03-29,Store,S011,Completed,Digital Wallet,0.0
O0032451,C014256,2024-03-29,Store,S007,Completed,Debit Card,0.0
O0032458,C029725,2024-03-29,Pickup,S006,Completed,Digital Wallet,0.0
O0032474,C022040,2024-03-30,Store,S003,Completed,Credit Card,0.0
O0032475,C026702,2024-03-30,Store,S003,Completed,Credit Card,0.0
O0032482,C014332,2024-03-30,Online,,Cancelled,Credit Card,12.25
O0032491,C011995,2024-03-30,Pickup,S003,Completed,Digital Wallet,0.0
O0032502,C008705,2024-03-30,Store,S010,Completed,Credit Card,0.0
O0032508,C001759,2024-03-30,Online,,Completed,Credit Card,5.08
O0032510,C005502,2024-03-30,Online,,Completed,Credit Card,8.0
O0032514,C011192,2024-03-30,Store,S007,Completed,Debit Card,0.0
O0032517,C010599,2024-03-30,Store,S006,Completed,Credit Card,0.0
O0032518,C021292,2024-03-30,Store,S011,Completed,Credit Card,0.0
O0032534,C028686,2024-03-30,Online,,Returned,Credit Card,4.41
O0032550,C011900,2024-03-31,Online,,Completed,Credit Card,3.77
O0032555,C018552,2024-03-31,Store,S006,Completed,Credit Card,0.0
O0032558,C010940,2024-03-31,Online,,Completed,Credit Card,9.26
O0032559,C014658,2024-03-31,Online,,Cancelled,Digital Wallet,4.42
O0032560,C001969,2024-03-31,Online,,Completed,Debit Card,9.78
O0032562,C017387,2024-03-31,Pickup,S012,Completed,Credit Card,0.0
O0032567,C008787,2024-03-31,Online,,Returned,Credit Card,8.01
O0032569,C023069,2024-03-31,Store,S007,Cancelled,Credit Card,0.0
O0032590,C011713,2024-03-31,Store,S007,Completed,Digital Wallet,0.0
O0032597,C008224,2024-03-31,Store,S003,Returned,Credit Card,0.0
O0032598,C005082,2024-03-31,Online,,Completed,Credit Card,1.31
O0032602,C003032,2024-03-31,Pickup,S004,Completed,Credit Card,0.0
O0032615,C017336,2024-04-01,Online,,Completed,Credit Card,3.28
O0032627,C025615,2024-04-01,Online,,Completed,Debit Card,4.92
O0032631,C026900,2024-04-01,Online,,Completed,Credit Card,8.53
O0032632,C012216,2024-04-01,Online,,Completed,Credit Card,0.83
O0032644,C011357,2024-04-01,Online,,Completed,Debit Card,10.72
O0032665,C011512,2024-04-01,Online,,Completed,Credit Card,4.02
O0032673,C015316,2024-04-02,Store,S006,Completed,Debit Card,0.0
O0032694,C010320,2024-04-02,Store,S010,Completed,Debit Card,0.0
O0032697,C026051,2024-04-02,Online,,Completed,Debit Card,7.48
O0032698,C020778,2024-04-02,Store,S008,Completed,Credit Card,0.0
O0032702,C027922,2024-04-02,Store,S006,Completed,Credit Card,0.0
O0032709,C006238,2024-04-02,Store,S003,Completed,Credit Card,0.0
O0032722,C012644,2024-04-02,Store,S001,Completed,Credit Card,0.0
O0032730,C003309,2024-04-02,Store,S003,Completed,Credit Card,0.0
O0032731,C022569,2024-04-02,Online,,Completed,Credit Card,5.22
O0032733,C011525,2024-04-02,Pickup,S001,Completed,Gift Card,0.0
O0032746,C018835,2024-04-02,Store,S016,Completed,Digital Wallet,0.0
O0032747,C004085,2024-04-02,Pickup,S013,Completed,Credit Card,0.0
O0032755,C011914,2024-04-03,Online,,Completed,Credit Card,11.31
O0032761,C019913,2024-04-03,Online,,Completed,Credit Card,4.39
O0032789,C016115,2024-04-03,Pickup,S005,Cancelled,Credit Card,0.0
O0032791,C024083,2024-04-03,Store,S005,Completed,Digital Wallet,0.0
O0032794,C000954,2024-04-03,Online,,Completed,Debit Card,9.01
O0032799,C011258,2024-04-03,Store,S012,Completed,Credit Card,0.0
O0032801,C012638,2024-04-03,Store,S005,Completed,Debit Card,0.0
O0032808,C001451,2024-04-03,Store,S001,Completed,Digital Wallet,0.0
O0032812,C002541,2024-04-03,Online,,Completed,Debit Card,10.37
O0032842,C006798,2024-04-04,Online,,Completed,Credit Card,7.82
O0032843,C014875,2024-04-04,Store,S004,Completed,Digital Wallet,0.0
O0032846,C005344,2024-04-04,Store,S013,Completed,Credit Card,0.0
O0032849,C014643,2024-04-04,Online,,Completed,Credit Card,10.32
O0032851,C012260,2024-04-04,Online,,Returned,Digital Wallet,5.01
O0032856,C026608,2024-04-04,Online,,Completed,Gift Card,3.72
O0032860,C019287,2024-04-04,Store,S011,Completed,Digital Wallet,0.0
O0032864,C026274,2024-04-04,Online,,Completed,Credit Card,4.49
O0032866,C006704,2024-04-04,Online,,Completed,Credit Card,0.96
O0032867,C003266,2024-04-04,Online,,Completed,Credit Card,4.47
O0032869,C014352,2024-04-04,Online,,Returned,Digital Wallet,13.28
O0032871,C002843,2024-04-04,Pickup,S010,Completed,Credit Card,0.0
O0032886,C019636,2024-04-04,Online,,Completed,Credit Card,5.71
O0032892,C018613,2024-04-05,Store,S016,Completed,Debit Card,0.0
O0032909,C012800,2024-04-05,Store,S003,Returned,Digital Wallet,0.0
O0032917,C004668,2024-04-05,Online,,Returned,Credit Card,8.1
O0032933,C008887,2024-04-05,Store,S001,Completed,Credit Card,0.0
O0032938,C005219,2024-04-05,Store,S005,Completed,Digital Wallet,0.0
O0032939,C007114,2024-04-05,Store,S003,Completed,Debit Card,0.0
O0032952,C011926,2024-04-05,Store,S014,Completed,Credit Card,0.0
O0032956,C002409,2024-04-05,Store,S004,Completed,Credit Card,0.0
O0032968,C015100,2024-04-05,Online,,Completed,Credit Card,2.85
O0032980,C007526,2024-04-06,Online,,Completed,Debit Card,8.87
O0032981,C012155,2024-04-06,Online,,Returned,Debit Card,3.09
O0032984,C017482,2024-04-06,Pickup,S009,Completed,Debit Card,0.0
O0032987,C021269,2024-04-06,Store,S007,Returned,Digital Wallet,0.0
O0032990,C018354,2024-04-06,Store,S001,Completed,Digital Wallet,0.0
O0032991,C002409,2024-04-06,Online,,Completed,Digital Wallet,5.3
O0032992,C016972,2024-04-06,Store,S003,Completed,Credit Card,0.0
O0033000,C002623,2024-04-06,Store,S008,Completed,Debit Card,0.0
O0033040,C018040,2024-04-06,Online,,Completed,Digital Wallet,7.14
O0033044,C024606,2024-04-07,Store,S014,Returned,Credit Card,0.0
O0033045,C027604,2024-04-07,Pickup,S013,Completed,Credit Card,0.0
O0033047,C024334,2024-04-07,Store,S006,Completed,Credit Card,0.0
O0033052,C001454,2024-04-07,Pickup,S005,Completed,Debit Card,0.0
O0033055,C001451,2024-04-07,Store,S003,Completed,Credit Card,0.0
O0033063,C001805,2024-04-07,Store,S005,Returned,Digital Wallet,0.0
O0033066,C022810,2024-04-07,Online,,Completed,Digital Wallet,6.15
O0033078,C013065,2024-04-07,Store,S011, complete ,Credit Card,0.0
O0033079,C010084,2024-04-07,Online,,Completed,Digital Wallet,5.19
O0033082,C008165,2024-04-07,Store,S007,Completed,Credit Card,0.0
O0033086,C028485,2024-04-07,Store,S011,Completed,Credit Card,0.0
O0033097,C002665,2024-04-07,Online,,Completed,Credit Card,11.49
O0033100,C000517,2024-04-07,Store,S009,Completed,Digital Wallet,0.0
O0033127,C020274,2024-04-07,Online,,Completed,Credit Card,6.88
O0033128,C009290,2024-04-07,Online,,Completed,Digital Wallet,3.6
O0033129,C000874,2024-04-07,Online,,Completed,Debit Card,2.7
O0033140,C008215,2024-04-08,Store,S006,Completed,Credit Card,0.0
O0033149,C026332,2024-04-08,Store,S008,Completed,Credit Card,0.0
O0033151,C026059,2024-04-08,Online,,Completed,Credit Card,4.57
O0033187,C005536,2024-04-08,Online,,Completed,Digital Wallet,4.32
O0033201,C013985,2024-04-08,Store,S006,Cancelled,Credit Card,0.0
O0033218,C005069,2024-04-08,Store,S015,Completed,Credit Card,0.0
O0033221,C028746,2024-04-09,Online,,Completed,Debit Card,3.6
O0033228,C029560,2024-04-09,Online,,Completed,Debit Card,18.99
O0033241,C006837,2024-04-09,Online,,Completed,Debit Card,7.24
O0033260,C022965,2024-04-09,Pickup,S013,Completed,Digital Wallet,0.0
O0033262,C012585,2024-04-09,Online,,Completed,Credit Card,4.28
O0033265,C014098,2024-04-09,Online,,Completed,Credit Card,7.57
O0033279,C005872,2024-04-09,Online,,Completed,Digital Wallet,1.56
O0033284,C029697,2024-04-09,Online,,Completed,Digital Wallet,2.75
O0033285,C027908,2024-04-09,Store,S005,Completed,Digital Wallet,0.0
O0033286,C018655,2024-04-09,Online,,Completed,Credit Card,4.86
O0033299,C024334,2024-04-10,Online,,Completed,Debit Card,4.27
O0033303,C015538,2024-04-10,Store,S014,Completed,Debit Card,0.0
O0033317,C000703,2024-04-10,Store,S013,Completed,Debit Card,0.0
O0033319,C026454,2024-04-10,Online,,Completed,Credit Card,1.82
O0033323,C015011,2024-04-10,Online,,Completed,Digital Wallet,13.59
O0033329,C016478,2024-04-10,Online,,Completed,Digital Wallet,12.7
O0033341,C001792,2024-04-10,Online,,Completed,Gift Card,1.19
O0033347,C021694,2024-04-10,Store,S007,Completed,Debit Card,0.0
O0033348,C010715,2024-04-10,Online,,Completed,Credit Card,5.52
O0033354,C023844,2024-04-10,Online,,Completed,Credit Card,13.94
O0033368,C002137,2024-04-10,Store,S007,Completed,Debit Card,0.0
O0033370,C021440,2024-04-10,Online,,Completed,Credit Card,2.54
O0033401,C023119,2024-04-11,Pickup,S010,Completed,Credit Card,0.0
O0033407,C018969,2024-04-11,Store,S012,Completed,Digital Wallet,0.0
O0033410,C028101,2024-04-11,Online,,Completed,Credit Card,4.27
O0033421,C012866,2024-04-11,Store,S016,Completed,Digital Wallet,0.0
O0033426,C013361,2024-04-11,Pickup,S008,Completed,Debit Card,0.0
O0033431,C024877,2024-04-11,Pickup,S004,Completed,Debit Card,0.0
O0033442,C016613,2024-04-12,Online,,Completed,Credit Card,5.61
O0033444,C029601,2024-04-12,Online,,Completed,Credit Card,4.22
O0033447,C003489,2024-04-12,Online,,Completed,Credit Card,2.31
O0033453,C006150,2024-04-12,Store,S013,Completed,Credit Card,0.0
O0033457,C018009,2024-04-12,Store,S004,Completed,Credit Card,0.0
O0033460,C011703,2024-04-12,Online,,Completed,Credit Card,10.32
O0033466,C007114,2024-04-12,Online,,Completed,Gift Card,7.36
O0033467,C024475,2024-04-12,Online,,Completed,Credit Card,5.75
O0033476,C004814,2024-04-12,Store,S008,Completed,Credit Card,0.0
O0033478,C028631,2024-04-12,Online,,Completed,Gift Card,2.97
O0033484,C019368,2024-04-12,Pickup,S012,Completed,Gift Card,0.0
O0033486,C002665,2024-04-12,Store,S002,Completed,Digital Wallet,0.0
O0033489,C008296,2024-04-12,Online,,Completed,Digital Wallet,4.41
O0033503,C021047,2024-04-12,Pickup,S004,Completed,Credit Card,0.0
O0033504,C010882,2024-04-12,Store,S006,Completed,Credit Card,0.0
O0033511,C029021,2024-04-12,Online,,Completed,Credit Card,5.0
O0033525,C008349,2024-04-13,Online,,Completed,Digital Wallet,13.03
O0033526,C016005,2024-04-13,Online,,Completed,Credit Card,6.96
O0033529,C009817,2024-04-13,Online,,Completed,Debit Card,2.88
O0033535,C009332,2024-04-13,Online,,Completed,Debit Card,8.0
O0033546,C026843,2024-04-13,Online,,Completed,Digital Wallet,17.97
O0033549,C029358,2024-04-13,Store,S013,Completed,Credit Card,0.0
O0033569,C019402,2024-04-13,Store,S006,Completed,Debit Card,0.0
O0033588,C029295,2024-04-13,Store,S001,Completed,Digital Wallet,0.0
O0033592,C023372,2024-04-14,Online,,Completed,Credit Card,4.56
O0033593,C028746,2024-04-14,Store,S005,Completed,Digital Wallet,0.0
O0033596,C014971,2024-04-14,Pickup,S009,Completed,Credit Card,0.0
O0033610,C017920,2024-04-14,Store,S005,Completed,Debit Card,0.0
O0033622,C016606,2024-04-14,Online,,Completed,Credit Card,0.5
O0033626,C011583,2024-04-14,Online,,Completed,Digital Wallet,4.55
O0033637,C028018,2024-04-14,Store,S003,Completed,Credit Card,0.0
O0033660,C023709,2024-04-14,Online,,Cancelled,Debit Card,2.72
O0033662,C008846,2024-04-14,Online,,Completed,Credit Card,6.43
O0033677,C008640,2024-04-15,Store,S009,Completed,Credit Card,0.0
O0033684,C003886,2024-04-15,Online,,Cancelled,Credit Card,6.71
O0033685,C018055,2024-04-15,Store,S015,Completed,Gift Card,0.0
O0033694,C021667,2024-04-15,Store,S013,Completed,Credit Card,0.0
O0033699,C013962,2024-04-15,Online,,Completed,Credit Card,19.13
O0033701,C016011,2024-04-15,Store,S008,Returned,Digital Wallet,0.0
O0033703,C015210,2024-04-15,Online,,Returned,Gift Card,11.77
O0033715,C021791,2024-04-15,Online,,Cancelled,Credit Card,1.85
O0033722,C001661,2024-04-15,Store,S003,Returned,Debit Card,0.0
O0033731,C026120,2024-04-15,Online,,Completed,Credit Card,5.13
O0033732,C029364,2024-04-15,Store,S011,Completed,Debit Card,0.0
O0033740,C005624,2024-04-15,Store,S002,Completed,Digital Wallet,0.0
O0033741,C025998,2024-04-15,Store,S014,Completed,Credit Card,0.0
O0033750,C010497,2024-04-15,Online,,Completed,Credit Card,5.59
O0033756,C013203,2024-04-16,Store,S004,Completed,Digital Wallet,0.0
O0033763,C005655,2024-04-16,Online,,Completed,Digital Wallet,8.44
O0033774,C008762,2024-04-16,Online,,Completed,Credit Card,9.73
O0033775,C010320,2024-04-16,Store,S009,Completed,Debit Card,0.0
O0033780,C001490,2024-04-16,Pickup,S009,Completed,Credit Card,0.0
O0033781,C013639,2024-04-16,Online,,Completed,Gift Card,9.44
O0033784,C003511,2024-04-16,Pickup,S008,Completed,Credit Card,0.0
O0033785,C020766,2024-04-16,Online,,Completed,Debit Card,4.55
O0033788,C001504,2024-04-16,Store,S007,Completed,Digital Wallet,0.0
O0033789,C025239,2024-04-16,Store,S008,Completed,Gift Card,0.0
O0033796,C024179,2024-04-16,Online,,Completed,Credit Card,1.44
O0033812,C008887,2024-04-16,Store,S002,Completed,Credit Card,0.0
O0033815,C003835,2024-04-16,Pickup,S004,Returned,Digital Wallet,0.0
O0033820,C012560,2024-04-16,Online,,Completed,Credit Card,3.17
O0033824,C006071,2024-04-17,Store,S013,Completed,Credit Card,0.0
O0033835,C006175,2024-04-17,Store,S013,Completed,Digital Wallet,0.0
O0033838,C016470,2024-04-17,Store,S006,Completed,Digital Wallet,0.0
O0033842,C025515,2024-04-17,Online,,Completed,Gift Card,1.31
O0033850,C025570,2024-04-17,Pickup,S007,Completed,Digital Wallet,0.0
O0033863,C023113,2024-04-17,Store,S007,Cancelled,Debit Card,0.0
O0033905,C023844,2024-04-18,Online,,Completed,Credit Card,1.23
O0033906,C015011,2024-04-18,Store,S009,Cancelled,Credit Card,0.0
O0033911,C024335,2024-04-18,Online,,Completed,Credit Card,0.4
O0033916,C021814,2024-04-18,Online,,Completed,Credit Card,2.31
O0033930,C021164,2024-04-18,Online,,Completed,Credit Card,3.29
O0033934,C019637,2024-04-18,Pickup,S007,Completed,Credit Card,0.0
O0033941,C020737,2024-04-18,Online,,Completed,Debit Card,5.25
O0033943,C006530,2024-04-18,Online,,Cancelled,Digital Wallet,8.36
O0033944,C013885,2024-04-18,Store,S008,Completed,Credit Card,0.0
O0033947,C019536,2024-04-18,Store,S002,Completed,Credit Card,0.0
O0033954,C003906,2024-04-19,Store,S010,Completed,Debit Card,0.0
O0033956,C025764,2024-04-19,Online,,Completed,Credit Card,10.18
O0033966,C012800,2024-04-19,Online,,Completed,Credit Card,6.57
O0033969,C018572,2024-04-19,Online,,Completed,Credit Card,0.67
O0033975,C019978,2024-04-19,Online,,Completed,Debit Card,2.85
O0033981,C016383,2024-04-19,Online,,Completed,Credit Card,10.35
O0033985,C017673,2024-04-19,Pickup,S005,Cancelled,Debit Card,0.0
O0034005,C027103,2024-04-19,Store,S014,Completed,Digital Wallet,0.0
O0034020,C001828,2024-04-20,Pickup,S002,Completed,Credit Card,0.0
O0034021,C014580,2024-04-20,Store,S002,Completed,Debit Card,0.0
O0034025,C027726,2024-04-20,Online,,Completed,Debit Card,1.4
O0034039,C011861,2024-04-20,Online,,Completed,Credit Card,2.88
O0034049,C016089,2024-04-20,Store,S007,Completed,Credit Card,0.0
O0034060,C017645,2024-04-20,Online,,Completed,Credit Card,6.51
O0034062,C006429,2024-04-20,Store,S008,Completed,Credit Card,0.0
O0034063,C012866,2024-04-20,Online,,Completed,Credit Card,5.02
O0034065,C029031,2024-04-20,Store,S002,Completed,Credit Card,0.0
O0034066,C028690,2024-04-20,Online,,Completed,Digital Wallet,12.34
O0034069,C004514,2024-04-20,Store,S001,Completed,Debit Card,0.0
O0034075,C026398,2024-04-20,Online,,Completed,Credit Card,0.66
O0034078,C020483,2024-04-20,Pickup,S011,Returned,Credit Card,0.0
O0034086,C022113,2024-04-20,Online,,Completed,Digital Wallet,9.06
O0034092,C000906,2024-04-20,Store,S012,Completed,Debit Card,0.0
O0034105,C003726,2024-04-20,Online,,Completed,Digital Wallet,5.85
O0034117,C018080,2024-04-21,Online,,Completed,Digital Wallet,7.47
O0034122,C001191,2024-04-21,Online,,Completed,Credit Card,0.74
O0034129,C022198,2024-04-21,Store,S008,Returned,Credit Card,0.0
O0034131,C024222,2024-04-21,Store,S012,Completed,Debit Card,0.0
O0034138,C021097,2024-04-21,Online,,Completed,Credit Card,3.97
O0034139,C021451,2024-04-21,Store,S015,Completed,Credit Card,0.0
O0034155,C020821,2024-04-21,Online,,Completed,Debit Card,0.5
O0034162,C000280,2024-04-21,Online,,Completed,Credit Card,4.28
O0034175,C003593,2024-04-21,Store,S006,Completed,Digital Wallet,0.0
O0034183,C012537,2024-04-21,Store,S010,Completed,Digital Wallet,0.0
O0034185,C003580,2024-04-22,Pickup,S003,Completed,Gift Card,0.0
O0034201,C000324,2024-04-22,Online,,Completed,Credit Card,2.2
O0034206,C018876,2024-04-22,Store,S012,Completed,Credit Card,0.0
O0034207,C008887,2024-04-22,Online,,Completed,Digital Wallet,4.87
O0034212,C024754,2024-04-22,Store,S012,Completed,Debit Card,0.0
O0034213,C004409,2024-04-22,Store,S001,Completed,Debit Card,0.0
O0034216,C004885,2024-04-22,Online,,Completed,Debit Card,4.41
O0034217,C025813,2024-04-22,Pickup,S007,Completed,Credit Card,0.0
O0034220,C011068,2024-04-22,Online,,Completed,Credit Card,3.32
O0034226,C018606,2024-04-22,Store,S014,Completed,Digital Wallet,0.0
O0034235,C014443,2024-04-22,Store,S008,Completed,Digital Wallet,0.0
O0034241,C028676,2024-04-22,Store,S010,Completed,Credit Card,0.0
O0034244,C020569,2024-04-22,Online,,Returned,Credit Card,2.59
O0034246,C013657,2024-04-22,Online,,Returned,Digital Wallet,6.97
O0034255,C022998,2024-04-22,Online,,Completed,Credit Card,12.98
O0034257,C020164,2024-04-22,Pickup,S011,Completed,Digital Wallet,0.0
O0034266,C004739,2024-04-23,Online,,Completed,Credit Card,1.35
O0034270,C003471,2024-04-23,Store,S014,Returned,Gift Card,0.0
O0034277,C024810,2024-04-23,Store,S008,Completed,Credit Card,0.0
O0034282,C029574,2024-04-23,Online,,Completed,Debit Card,1.79
O0034291,C015985,2024-04-23,Online,,Completed,Debit Card,5.95
O0034308,C005222,2024-04-23,Online,,Returned,Debit Card,18.67
O0034309,C001397,2024-04-23,Online,,Completed,Credit Card,14.8
O0034310,C022744,2024-04-23,Store,S003,Completed,Credit Card,0.0
O0034311,C029295,2024-04-23,Pickup,S003,Completed,Debit Card,0.0
O0034328,C029746,2024-04-23,Online,,Completed,Credit Card,4.21
O0034329,C003161,2024-04-23,Store,S012,Completed,Debit Card,0.0
O0034338,C027273,2024-04-24,Store,S005,Completed,Debit Card,0.0
O0034347,C007913,2024-04-24,Online,,Completed,Credit Card,3.0
O0034350,C010353,2024-04-24,Online,,Completed,Credit Card,4.29
O0034353,C017548,2024-04-24,Pickup,S016,Completed,Credit Card,0.0
O0034362,C013678,2024-04-24,Store,S002,Completed,Debit Card,0.0
O0034367,C008970,2024-04-24,Store,S006,Completed,Digital Wallet,0.0
O0034373,C029475,2024-04-24,Pickup,S008,Completed,Digital Wallet,0.0
O0034377,C029486,2024-04-24,Online,,Completed,Digital Wallet,3.47
O0034379,C024460,2024-04-24,Store,S013,Completed,Credit Card,0.0
O0034385,C019536,2024-04-24,Online,,Completed,Digital Wallet,8.44
O0034397,C003495,2024-04-24,Online,,Completed,Credit Card,8.98
O0034400,C021606,2024-04-24,Online,,Completed,Credit Card,6.43
O0034413,C029256,2024-04-25,Store,S007,Completed,Digital Wallet,0.0
O0034417,C014810,2024-04-25,Pickup,S009,Completed,Debit Card,0.0
O0034424,C023432,2024-04-25,Online,,Completed,Debit Card,11.8
O0034429,C024415,2024-04-25,Online,,Cancelled,Credit Card,16.44
O0034458,C023590,2024-04-25,Online,,Completed,Credit Card,1.62
O0034459,C028100,2024-04-25,Online,,Completed,Credit Card,8.04
O0034460,C021524,2024-04-25,Online,,Returned,Digital Wallet,2.99
O0034461,C008980,2024-04-25,Pickup,S005,Completed,Debit Card,0.0
O0034462,C023686,2024-04-25,Store,S007,Completed,Credit Card,0.0
O0034464,C012969,2024-04-25,Online,,Completed,Digital Wallet,4.43
O0034468,C011683,2024-04-25,Pickup,S003,Completed,Digital Wallet,0.0
O0034470,C016613,2024-04-25,Store,S007,Completed,Credit Card,0.0
O0034484,C017482,2024-04-26,Online,,Completed,Credit Card,3.67
O0034485,C024581,2024-04-26,Pickup,S012,Completed,Credit Card,0.0
O0034486,C007937,2024-04-26,Online,,Completed,Credit Card,6.62
O0034514,C011205,2024-04-26,Online,,Completed,Debit Card,2.3
O0034516,C009792,2024-04-26,Store,S013,Completed,Gift Card,0.0
O0034523,C018701,2024-04-26,Online,,Completed,Credit Card,11.29
O0034531,C017244,2024-04-26,Store,S013,Completed,Digital Wallet,0.0
O0034534,C007034,2024-04-26,Pickup,S008,Completed,Credit Card,0.0
O0034537,C022198,2024-04-26,Store,S005,Completed,Credit Card,0.0
O0034547,C002013,2024-04-26,Pickup,S010,Completed,Credit Card,0.0
O0034550,C026320,2024-04-27,Online,,Completed,Debit Card,6.34
O0034551,C005605,2024-04-27,Pickup,S007,Completed,Debit Card,0.0
O0034552,C015737,2024-04-27,Store,S012,Completed,Debit Card,0.0
O0034568,C010306,2024-04-27,Store,S013,Completed,Credit Card,0.0
O0034571,C023663,2024-04-27,Store,S001,Completed,Credit Card,0.0
O0034573,C003271,2024-04-27,Store,S002,Completed,Digital Wallet,0.0
O0034576,C012155,2024-04-27,Online,,Completed,Debit Card,2.94
O0034590,C017247,2024-04-27,Online,,Completed,Credit Card,7.58
O0034592,C021612,2024-04-27,Online,,Completed,Credit Card,3.35
O0034593,C021882,2024-04-27,Store,S013,Returned,Credit Card,0.0
O0034598,C009385,2024-04-27,Store,S012,Completed,Credit Card,0.0
O0034599,C010277,2024-04-27,Online,,Completed,Digital Wallet,8.23
O0034601,C003698,2024-04-27,Store,S004,Returned,Credit Card,0.0
O0034623,C009321,2024-04-28,Pickup,S001,Returned,Credit Card,0.0
O0034628,C010382,2024-04-28,Store,S014,Completed,Credit Card,0.0
O0034634,C019173,2024-04-28,Online,,Completed,Credit Card,6.18
O0034638,C001139,2024-04-28,Online,,Completed,Debit Card,9.86
O0034640,C000122,2024-04-28,Store,S011,Completed,Credit Card,0.0
O0034641,C010970,2024-04-28,Online,,Returned,Debit Card,3.81
O0034650,C009243,2024-04-28,Pickup,S003,Completed,Credit Card,0.0
O0034656,C006889,2024-04-28,Store,S010,Completed,Digital Wallet,0.0
O0034661,C021097,2024-04-28,Store,S006,Completed,Credit Card,0.0
O0034668,C025047,2024-04-28,Online,,Completed,Debit Card,3.17
O0034685,C008880,2024-04-28,Online,,Completed,Debit Card,8.89
O0034696,C010611,2024-04-28,Online,, complete ,Gift Card,17.06
O0034703,C027273,2024-04-29,Online,,Completed,Debit Card,24.85
O0034712,C022124,2024-04-29,Online,,Completed,Credit Card,6.18
O0034731,C005712,2024-04-29,Online,,Completed,Credit Card,5.5
O0034736,C007843,2024-04-29,Online,,Completed,Debit Card,3.18
O0034743,C004048,2024-04-29,Online,,Completed,Debit Card,4.54
O0034749,C010576,2024-04-29,Online,,Completed,Debit Card,5.99
O0034750,C023863,2024-04-29,Pickup,S006,Completed,Credit Card,0.0
O0034759,C028819,2024-04-29,Store,S016,Completed,Credit Card,0.0
O0034761,C004035,2024-04-29,Online,,Completed,Credit Card,10.36
O0034780,C002905,2024-04-30,Pickup,S008,Completed,Digital Wallet,0.0
O0034791,C001397,2024-04-30,Store,S008,Completed,Credit Card,0.0
O0034800,C000251,2024-04-30,Online,,Completed,Debit Card,3.77
O0034822,C004895,2024-04-30,Store,S013,Completed,Credit Card,0.0
O0034835,C024491,2024-04-30,Online,,Completed,Debit Card,2.18
O0034867,C005712,2024-05-01,Store,S013,Returned,Credit Card,0.0
O0034871,C017554,2024-05-01,Store,S013,Completed,Debit Card,0.0
O0034886,C010576,2024-05-01,Store,S001,Returned,Debit Card,0.0
O0034890,C015565,2024-05-01,Store,S002,Completed,Debit Card,0.0
O0034891,C026854,2024-05-01,Online,,Returned,Credit Card,2.53
O0034894,C001617,2024-05-01,Online,,Completed,Debit Card,8.06
O0034924,C000347,2024-05-02,Store,S005,Completed,Credit Card,0.0
O0034934,C021911,2024-05-02,Online,,Completed,Credit Card,11.41
O0034938,C015714,2024-05-02,Online,,Completed,Debit Card,3.72
O0034942,C029613,2024-05-02,Store,S010,Completed,Credit Card,0.0
O0034944,C018572,2024-05-02,Online,,Completed,Digital Wallet,0.95
O0034967,C014256,2024-05-02,Store,S005,Completed,Credit Card,0.0
O0034969,C012288,2024-05-02,Pickup,S009,Completed,Debit Card,0.0
O0034970,C029746,2024-05-02,Store,S010,Completed,Debit Card,0.0
O0034971,C029012,2024-05-02,Online,,Completed,Credit Card,4.3
O0034976,C023424,2024-05-02,Online,,Completed,Digital Wallet,8.74
O0034978,C000211,2024-05-02,Pickup,S015,Completed,Credit Card,0.0
O0034988,C023087,2024-05-03,Store,S016,Completed,Credit Card,0.0
O0034996,C021881,2024-05-03,Store,S014,Completed,Credit Card,0.0
O0035011,C011901,2024-05-03,Online,,Completed,Digital Wallet,4.82
O0035020,C009732,2024-05-03,Store,S004,Cancelled,Credit Card,0.0
O0035030,C001902,2024-05-03,Online,,Completed,Gift Card,8.28
O0035042,C002919,2024-05-03,Online,,Completed,Credit Card,23.26
O0035050,C029587,2024-05-03,Store,S012,Returned,Credit Card,0.0
O0035058,C029340,2024-05-03,Online,,Completed,Credit Card,4.08
O0035061,C023107,2024-05-03,Store,S011,Completed,Credit Card,0.0
O0035066,C019439,2024-05-04,Online,,Completed,Debit Card,4.97
O0035073,C011406,2024-05-04,Online,,Completed,Credit Card,10.04
O0035084,C013798,2024-05-04,Online,,Completed,Credit Card,4.08
O0035087,C006880,2024-05-04,Pickup,S014,Completed,Digital Wallet,0.0
O0035088,C013708,2024-05-04,Online,,Completed,Debit Card,3.67
O0035092,C022675,2024-05-04,Store,S002,Completed,Credit Card,0.0
O0035099,C020606,2024-05-04,Store,S013,Completed,Digital Wallet,0.0
O0035104,C024419,2024-05-04,Online,,Completed,Credit Card,9.99
O0035109,C007924,2024-05-04,Pickup,S009,Completed,Digital Wallet,0.0
O0035135,C009007,2024-05-04,Online,,Completed,Credit Card,7.81
O0035136,C000675,2024-05-04,Store,S005,Completed,Credit Card,0.0
O0035140,C019045,2024-05-04,Pickup,S014,Returned,Debit Card,0.0
O0035144,C009101,2024-05-05,Online,,Completed,Credit Card,4.69
O0035147,C017134,2024-05-05,Store,S001,Completed,Credit Card,0.0
O0035156,C024990,2024-05-05,Online,,Completed,Debit Card,14.35
O0035162,C003579,2024-05-05,Store,S007,Completed,Digital Wallet,0.0
O0035170,C005641,2024-05-05,Pickup,S016,Cancelled,Debit Card,0.0
O0035178,C004895,2024-05-05,Online,,Completed,Credit Card,1.18
O0035184,C003319,2024-05-05,Online,,Completed,Credit Card,8.95
O0035193,C017600,2024-05-05,Store,S010,Completed,Digital Wallet,0.0
O0035209,C025493,2024-05-05,Pickup,S013,Cancelled,Debit Card,0.0
O0035214,C002618,2024-05-05,Pickup,S005,Completed,Credit Card,0.0
O0035218,C016708,2024-05-05,Pickup,S009,Completed,Credit Card,0.0
O0035220,C015416,2024-05-05,Store,S006,Completed,Credit Card,0.0
O0035238,C003519,2024-05-06,Store,S004,Completed,Credit Card,0.0
O0035252,C026670,2024-05-06,Store,S004,Completed,Credit Card,0.0
O0035283,C003048,2024-05-06,Online,,Completed,Credit Card,2.54
O0035284,C003078,2024-05-06,Store,S016,Completed,Credit Card,0.0
O0035290,C009899,2024-05-06,Store,S010,Completed,Credit Card,0.0
O0035296,C021292,2024-05-07,Store,S009,Returned,Credit Card,0.0
O0035301,C011703,2024-05-07,Online,,Cancelled,Digital Wallet,5.75
O0035304,C015545,2024-05-07,Online,,Completed,Credit Card,3.11
O0035333,C029697,2024-05-07,Online,,Completed,Debit Card,17.23
O0035334,C006603,2024-05-07,Online,,Completed,Credit Card,9.3
O0035339,C013433,2024-05-07,Online,,Completed,Credit Card,3.25
O0035340,C006493,2024-05-07,Store,S016,Completed,Credit Card,0.0
O0035358,C012837,2024-05-07,Online,,Completed,Digital Wallet,5.19
O0035363,C008241,2024-05-07,Store,S005,Completed,Digital Wallet,0.0
O0035364,C026208,2024-05-07,Online,,Completed,Credit Card,7.28
O0035371,C019729,2024-05-08,Store,S001,Completed,Credit Card,0.0
O0035375,C019907,2024-05-08,Store,S001,Completed,Credit Card,0.0
O0035382,C018686,2024-05-08,Store,S011,Completed,Debit Card,0.0
O0035390,C005389,2024-05-08,Online,,Completed,Digital Wallet,4.42
O0035401,C023842,2024-05-08,Pickup,S014,Completed,Credit Card,0.0
O0035402,C009145,2024-05-08,Online,,Completed,Credit Card,2.43
O0035405,C003051,2024-05-08,Online,,Completed,Debit Card,4.28
O0035412,C025444,2024-05-08,Store,S015,Completed,Credit Card,0.0
O0035414,C010494,2024-05-09,Pickup,S009,Completed,Credit Card,0.0
O0035422,C011316,2024-05-09,Online,,Cancelled,Debit Card,5.68
O0035427,C015774,2024-05-09,Online,,Completed,Credit Card,2.87
O0035435,C005007,2024-05-09,Pickup,S015,Returned,Digital Wallet,0.0
O0035436,C022993,2024-05-09,Store,S012,Completed,Digital Wallet,0.0
O0035441,C022097,2024-05-09,Store,S002,Completed,Credit Card,0.0
O0035442,C013708,2024-05-09,Store,S002,Returned,Digital Wallet,0.0
O0035446,C007526,2024-05-09,Pickup,S003,Cancelled,Credit Card,0.0
O0035452,C023675,2024-05-09,Online,,Completed,Credit Card,4.03
O0035454,C021582,2024-05-09,Pickup,S011,Completed,Digital Wallet,0.0
O0035464,C018791,2024-05-09,Pickup,S008,Completed,Credit Card,0.0
O0035467,C011926,2024-05-09,Online,,Completed,Credit Card,3.23
O0035468,C003266,2024-05-09,Store,S016,Completed,Debit Card,0.0
O0035479,C029587,2024-05-09,Online,,Completed,Credit Card,2.32
O0035481,C004485,2024-05-09,Store,S008,Completed,Credit Card,0.0
O0035485,C028968,2024-05-09,Pickup,S011,Completed,Digital Wallet,0.0
O0035487,C027309,2024-05-09,Online,,Completed,Credit Card,5.68
O0035493,C004606,2024-05-10,Online,,Completed,Credit Card,13.09
O0035494,C002933,2024-05-10,Store,S001,Completed,Credit Card,0.0
O0035495,C012866,2024-05-10,Store,S014,Completed,Digital Wallet,0.0
O0035499,C014658,2024-05-10,Online,,Completed,Credit Card,4.4
O0035502,C024625,2024-05-10,Store,S004,Completed,Digital Wallet,0.0
O0035514,C004182,2024-05-10,Pickup,S001,Completed,Credit Card,0.0
O0035518,C000145,2024-05-10,Online,,Returned,Debit Card,9.51
O0035520,C000574,2024-05-10,Pickup,S001,Completed,Credit Card,0.0
O0035534,C006881,2024-05-10,Online,,Completed,Credit Card,1.92
O0035540,C016027,2024-05-10,Store,S016,Completed,Digital Wallet,0.0
O0035555,C020443,2024-05-10,Store,S013,Completed,Credit Card,0.0
O0035572,C020848,2024-05-10,Pickup,S001,Completed,Debit Card,0.0
O0035577,C007030,2024-05-10,Online,,Completed,Debit Card,3.4
O0035578,C008280,2024-05-10,Store,S003,Completed,Debit Card,0.0
O0035581,C018498,2024-05-11,Store,S009,Completed,Credit Card,0.0
O0035585,C025821,2024-05-11,Online,,Completed,Credit Card,18.94
O0035593,C020654,2024-05-11,Store,S004,Completed,Credit Card,0.0
O0035595,C019671,2024-05-11,Store,S006,Completed,Digital Wallet,0.0
O0035599,C011683,2024-05-11,Store,S001,Completed,Credit Card,0.0
O0035600,C019637,2024-05-11,Online,,Returned,Credit Card,12.1
O0035607,C002112,2024-05-11,Pickup,S014,Completed,Credit Card,0.0
O0035608,C012643,2024-05-11,Online,,Returned,Credit Card,4.92
O0035617,C011713,2024-05-11,Store,S007,Completed,Digital Wallet,0.0
O0035625,C023503,2024-05-11,Online,,Completed,Digital Wallet,5.7
O0035628,C025507,2024-05-11,Store,S007,Completed,Credit Card,0.0
O0035629,C027684,2024-05-11,Online,,Cancelled,Debit Card,13.0
O0035635,C018876,2024-05-11,Online,,Completed,Credit Card,11.25
O0035643,C025254,2024-05-11,Store,S012,Completed,Digital Wallet,0.0
O0035651,C002085,2024-05-11,Online,,Completed,Credit Card,6.89
O0035653,C028100,2024-05-11,Store,S003,Completed,Digital Wallet,0.0
O0035706,C024166,2024-05-12,Pickup,S009,Completed,Debit Card,0.0
O0035713,C011933,2024-05-12,Online,,Completed,Credit Card,6.23
O0035730,C011582,2024-05-12,Online,,Completed,Credit Card,6.41
O0035734,C007278,2024-05-12,Online,,Completed,Credit Card,2.11
O0035757,C016639,2024-05-13,Store,S014,Completed,Credit Card,0.0
O0035766,C021314,2024-05-13,Online,,Completed,Gift Card,12.16
O0035777,C007673,2024-05-13,Online,,Completed,Digital Wallet,10.17
O0035780,C014571,2024-05-13,Online,,Completed,Digital Wallet,4.76
O0035783,C006657,2024-05-13,Online,,Returned,Digital Wallet,3.51
O0035790,C002679,2024-05-13,Online,,Completed,Credit Card,9.05
O0035791,C019272,2024-05-13,Online,,Cancelled,Digital Wallet,2.91
O0035795,C017463,2024-05-13,Online,,Returned,Debit Card,10.1
O0035796,C026483,2024-05-13,Store,S005,Completed,Digital Wallet,0.0
O0035798,C014504,2024-05-13,Pickup,S001,Completed,Credit Card,0.0
O0035800,C007213,2024-05-13,Store,S014,Completed,Debit Card,0.0
O0035818,C014751,2024-05-14,Store,S008,Completed,Credit Card,0.0
O0035822,C009304,2024-05-14,Store,S009,Completed,Debit Card,0.0
O0035823,C022831,2024-05-14,Online,,Completed,Credit Card,5.54
O0035827,C004439,2024-05-14,Store,S014,Completed,Credit Card,0.0
O0035829,C029613,2024-05-14,Online,,Completed,Digital Wallet,1.69
O0035844,C029475,2024-05-14,Online,,Completed,Credit Card,2.71
O0035849,C028660,2024-05-14,Online,,Completed,Gift Card,9.39
O0035851,C029723,2024-05-14,Store,S002,Completed,Debit Card,0.0
O0035858,C025687,2024-05-14,Online,,Completed,Credit Card,2.19
O0035860,C011579,2024-05-14,Pickup,S009,Completed,Digital Wallet,0.0
O0035897,C012638,2024-05-15,Online,,Completed,Debit Card,4.83
O0035900,C002618,2024-05-15,Online,,Completed,Debit Card,11.64
O0035913,C012597,2024-05-15,Online,,Completed,Digital Wallet,12.49
O0035929,C006441,2024-05-15,Online,,Completed,Credit Card,2.13
O0035930,C024937,2024-05-15,Store,S014,Completed,Credit Card,0.0
O0035932,C006881,2024-05-15,Online,,Completed,Credit Card,11.62
O0035933,C027604,2024-05-15,Online,,Completed,Credit Card,11.64
O0035935,C012651,2024-05-15,Store,S015,Completed,Debit Card,0.0
O0035936,C011353,2024-05-15,Online,,Completed,Credit Card,7.27
O0035956,C011741,2024-05-15,Pickup,S007,Completed,Credit Card,0.0
O0035959,C007469,2024-05-16,Store,S010,Completed,Credit Card,0.0
O0035962,C001180,2024-05-16,Store,S014,Completed,Debit Card,0.0
O0035984,C002085,2024-05-16,Online,,Completed,Debit Card,8.69
O0035992,C019592,2024-05-16,Store,S014,Completed,Credit Card,0.0
O0036003,C008014,2024-05-16,Store,S004,Completed,Digital Wallet,0.0
O0036004,C025954,2024-05-16,Online,,Returned,Debit Card,4.45
O0036009,C010400,2024-05-16,Online,,Completed,Credit Card,11.41
O0036026,C014369,2024-05-16,Store,S004,Completed,Credit Card,0.0
O0036043,C001995,2024-05-17,Store,S007,Completed,Digital Wallet,0.0
O0036045,C024379,2024-05-17,Store,S015,Cancelled,Debit Card,0.0
O0036052,C011743,2024-05-17,Store,S011,Completed,Debit Card,0.0
O0036064,C022086,2024-05-17,Pickup,S004,Completed,Credit Card,0.0
O0036075,C010230,2024-05-17,Store,S001,Completed,Credit Card,0.0
O0036077,C020802,2024-05-17,Online,,Completed,Credit Card,2.04
O0036081,C023967,2024-05-17,Pickup,S007,Completed,Debit Card,0.0
O0036085,C009101,2024-05-17,Online,,Returned,Digital Wallet,4.49
O0036089,C001513,2024-05-17,Online,,Completed,Digital Wallet,1.82
O0036095,C005854,2024-05-17,Online,,Completed,Credit Card,2.49
O0036103,C005679,2024-05-17,Store,S001,Completed,Credit Card,0.0
O0036108,C012650,2024-05-18,Store,S015,Completed,Credit Card,0.0
O0036109,C019264,2024-05-18,Store,S003,Completed,Debit Card,0.0
O0036129,C016346,2024-05-18,Pickup,S008,Completed,Digital Wallet,0.0
O0036146,C013119,2024-05-18,Pickup,S004,Completed,Digital Wallet,0.0
O0036159,C015462,2024-05-18,Store,S011,Completed,Digital Wallet,0.0
O0036162,C025043,2024-05-18,Store,S006,Cancelled,Credit Card,0.0
O0036177,C011728,2024-05-18,Store,S005,Completed,Credit Card,0.0
O0036179,C021286,2024-05-18,Store,S016,Completed,Credit Card,0.0
O0036181,C020890,2024-05-18,Online,,Completed,Credit Card,7.97
O0036188,C004105,2024-05-19,Store,S007,Completed,Debit Card,0.0
O0036204,C007504,2024-05-19,Online,,Completed,Credit Card,3.98
O0036207,C029752,2024-05-19,Online,,Completed,Credit Card,4.42
O0036214,C020019,2024-05-19,Store,S007,Completed,Credit Card,0.0
O0036216,C017035,2024-05-19,Online,,Completed,Digital Wallet,10.68
O0036221,C015182,2024-05-19,Store,S003,Completed,Digital Wallet,0.0
O0036223,C024449,2024-05-19,Pickup,S009,Completed,Credit Card,0.0
O0036230,C016149,2024-05-19,Online,,Completed,Credit Card,2.72
O0036256,C025181,2024-05-19,Store,S007,Completed,Debit Card,0.0
O0036257,C013708,2024-05-19,Store,S002,Completed,Credit Card,0.0
O0036265,C010183,2024-05-19,Store,S005,Returned,Credit Card,0.0
O0036268,C011960,2024-05-20,Online,,Completed,Debit Card,10.22
O0036272,C011068,2024-05-20,Store,S015,Completed,Credit Card,0.0
O0036277,C009092,2024-05-20,Store,S012,Completed,Digital Wallet,0.0
O0036285,C017958,2024-05-20,Store,S011,Completed,Credit Card,0.0
O0036288,C001995,2024-05-20,Store,S005,Completed,Credit Card,0.0
O0036292,C005712,2024-05-20,Store,S016,Completed,Debit Card,0.0
O0036298,C008363,2024-05-20,Store,S005,Completed,Digital Wallet,0.0
O0036306,C019010,2024-05-20,Store,S002,Completed,Credit Card,0.0
O0036309,C004476,2024-05-20,Store,S008,Completed,Credit Card,0.0
O0036320,C000513,2024-05-20,Online,,Completed,Debit Card,11.64
O0036345,C012974,2024-05-21,Store,S013,Completed,Credit Card,0.0
O0036346,C026428,2024-05-21,Store,S016,Completed,Digital Wallet,0.0
O0036349,C017285,2024-05-21,Online,,Completed,Digital Wallet,2.94
O0036356,C010508,2024-05-21,Online,,Completed,Debit Card,8.33
O0036359,C018572,2024-05-21,Store,S002,Completed,Credit Card,0.0
O0036360,C024327,2024-05-21,Online,,Completed,Gift Card,2.13
O0036367,C009135,2024-05-21,Online,,Completed,Credit Card,1.19
O0036370,C019377,2024-05-21,Store,S011,Completed,Credit Card,0.0
O0036372,C025507,2024-05-21,Store,S005,Completed,Credit Card,0.0
O0036373,C006439,2024-05-21,Online,,Completed,Gift Card,8.5
O0036375,C002542,2024-05-21,Online,,Completed,Debit Card,9.51
O0036379,C021667,2024-05-21,Online,,Completed,Credit Card,21.93
O0036382,C005672,2024-05-21,Online,,Completed,Credit Card,4.92
O0036397,C016275,2024-05-22,Store,S014,Completed,Credit Card,0.0
O0036400,C022870,2024-05-22,Pickup,S007,Completed,Credit Card,0.0
O0036414,C019417,2024-05-22,Pickup,S010,Completed,Digital Wallet,0.0
O0036421,C006482,2024-05-22,Online,,Completed,Credit Card,10.78
O0036422,C004179,2024-05-22,Online,,Completed,Digital Wallet,0.84
O0036435,C005938,2024-05-22,Online,,Completed,Debit Card,13.21
O0036438,C026208,2024-05-22,Online,,Completed,Credit Card,7.12
O0036454,C010262,2024-05-22,Online,,Completed,Credit Card,4.29
O0036458,C022113,2024-05-22,Store,S013,Returned,Credit Card,0.0
O0036471,C026548,2024-05-23,Online,,Completed,Credit Card,7.86
O0036475,C012969,2024-05-23,Online,,Returned,Digital Wallet,11.46
O0036477,C015982,2024-05-23,Online,,Completed,Credit Card,9.15
O0036489,C027275,2024-05-23,Store,S002,Cancelled,Credit Card,0.0
O0036493,C001303,2024-05-23,Online,,Completed,Credit Card,5.77
O0036505,C020234,2024-05-23,Online,,Completed,Credit Card,6.31
O0036507,C008197,2024-05-23,Online,,Completed,Credit Card,0.3
O0036508,C018073,2024-05-23,Pickup,S006,Completed,Credit Card,0.0
O0036513,C005222,2024-05-23,Online,,Completed,Credit Card,10.42
O0036528,C012426,2024-05-23,Store,S009,Completed,Debit Card,0.0
O0036537,C025338,2024-05-24,Online,,Returned,Debit Card,2.4
O0036549,C011914,2024-05-24,Online,,Completed,Gift Card,1.4
O0036556,C013127,2024-05-24,Online,,Completed,Credit Card,10.7
O0036565,C015378,2024-05-24,Store,S005,Completed,Credit Card,0.0
O0036567,C001451,2024-05-24,Online,,Completed,Debit Card,4.31
O0036573,C025340,2024-05-24,Online,,Completed,Gift Card,12.79
O0036576,C019312,2024-05-24,Store,S015,Completed,Gift Card,0.0
O0036577,C022998,2024-05-24,Store,S002,Completed,Credit Card,0.0
O0036579,C021922,2024-05-24,Pickup,S003,Completed,Debit Card,0.0
O0036582,C013493,2024-05-24,Store,S006,Completed,Credit Card,0.0
O0036594,C011741,2024-05-24,Store,S007,Completed,Credit Card,0.0
O0036600,C000053,2024-05-24,Online,,Completed,Debit Card,2.89
O0036612,C029293,2024-05-25,Online,,Returned,Debit Card,3.79
O0036616,C013790,2024-05-25,Store,S008,Completed,Digital Wallet,0.0
O0036621,C019536,2024-05-25,Online,,Completed,Credit Card,2.43
O0036630,C004872,2024-05-25,Store,S001,Completed,Credit Card,0.0
O0036631,C006259,2024-05-25,Online,,Completed,Credit Card,7.11
O0036633,C013318,2024-05-25,Online,,Returned,Credit Card,2.46
O0036637,C014051,2024-05-25,Pickup,S010,Completed,Digital Wallet,0.0
O0036644,C006434,2024-05-25,Online,,Completed,Credit Card,6.86
O0036651,C027318,2024-05-25,Store,S006,Completed,Debit Card,0.0
O0036653,C025559,2024-05-25,Store,S004,Completed,Credit Card,0.0
O0036659,C006396,2024-05-25,Store,S009,Completed,Credit Card,0.0
O0036660,C026320,2024-05-25,Online,,Completed,Credit Card,5.51
O0036665,C017403,2024-05-25,Store,S006,Completed,Credit Card,0.0
O0036679,C025873,2024-05-25,Store,S013,Completed,Credit Card,0.0
O0036680,C002542,2024-05-25,Store,S005,Cancelled,Digital Wallet,0.0
O0036689,C005624,2024-05-25,Store,S002,Completed,Digital Wallet,0.0
O0036690,C010407,2024-05-25,Online,,Completed,Digital Wallet,7.79
O0036708,C024491,2024-05-26,Online,,Completed,Debit Card,9.92
O0036714,C010884,2024-05-26,Online,,Completed,Credit Card,1.31
O0036715,C015001,2024-05-26,Store,S009,Cancelled,Digital Wallet,0.0
O0036721,C006188,2024-05-26,Online,,Completed,Debit Card,3.87
O0036763,C022124,2024-05-26,Online,,Completed,Digital Wallet,2.7
O0036806,C017434,2024-05-27,Online,,Completed,Credit Card,6.69
O0036838,C020352,2024-05-27,Online,,Completed,Credit Card,5.39
O0036860,C003930,2024-05-27,Store,S008,Completed,Credit Card,0.0
O0036871,C019842,2024-05-28,Online,,Returned,Debit Card,8.54
O0036874,C021267,2024-05-28,Store,S006,Completed,Digital Wallet,0.0
O0036884,C018777,2024-05-28,Online,,Completed,Digital Wallet,7.3
O0036889,C007101,2024-05-28,Store,S010,Completed,Debit Card,0.0
O0036893,C022161,2024-05-28,Pickup,S001,Completed,Credit Card,0.0
O0036896,C005457,2024-05-28,Pickup,S008,Completed,Digital Wallet,0.0
O0036901,C018925,2024-05-28,Pickup,S008,Completed,Credit Card,0.0
O0036907,C016798,2024-05-28,Pickup,S007,Completed,Credit Card,0.0
O0036913,C009988,2024-05-28,Online,,Completed,Credit Card,1.8
O0036924,C006527,2024-05-28,Store,S005,Completed,Credit Card,0.0
O0036931,C005222,2024-05-28,Online,,Returned,Digital Wallet,2.29
O0036937,C025823,2024-05-28,Online,,Completed,Credit Card,5.55
O0036938,C013798,2024-05-28,Online,,Completed,Debit Card,4.93
O0036939,C017310,2024-05-28,Online,,Completed,Credit Card,4.06
O0036946,C013272,2024-05-29,Store,S014,Completed,Credit Card,0.0
O0036956,C012987,2024-05-29,Store,S016,Completed,Digital Wallet,0.0
O0036962,C021389,2024-05-29,Online,,Completed,Gift Card,7.94
O0036966,C003426,2024-05-29,Store,S007,Completed,Credit Card,0.0
O0036967,C021045,2024-05-29,Online,,Completed,Debit Card,1.47
O0036971,C005872,2024-05-29,Online,,Completed,Debit Card,6.78
O0036973,C009622,2024-05-29,Store,S007,Completed,Debit Card,0.0
O0036977,C025978,2024-05-29,Online,,Completed,Digital Wallet,6.13
O0036988,C011417,2024-05-29,Online,,Completed,Debit Card,0.75
O0036994,C010262,2024-05-29,Pickup,S007,Completed,Digital Wallet,0.0
O0036998,C010934,2024-05-29,Online,,Returned,Debit Card,3.25
O0037002,C010631,2024-05-29,Store,S002,Returned,Credit Card,0.0
O0037011,C014304,2024-05-30,Online,,Returned,Debit Card,5.65
O0037013,C009145,2024-05-30,Online,,Returned,Credit Card,12.29
O0037017,C003395,2024-05-30,Online,,Completed,Credit Card,5.47
O0037018,C002677,2024-05-30,Online,,Completed,Debit Card,5.37
O0037019,C000658,2024-05-30,Store,S005,Completed,Debit Card,0.0
O0037022,C013572,2024-05-30,Store,S005,Returned,Gift Card,0.0
O0037023,C008280,2024-05-30,Store,S002,Completed,Debit Card,0.0
O0037025,C010095,2024-05-30,Online,,Completed,Credit Card,0.2
O0037031,C011623,2024-05-30,Online,,Completed,Debit Card,1.75
O0037034,C016558,2024-05-30,Store,S006,Completed,Debit Card,0.0
O0037038,C021694,2024-05-30,Pickup,S008,Completed,Debit Card,0.0
O0037076,C004990,2024-05-31,Store,S005,Completed,Digital Wallet,0.0
O0037083,C012079,2024-05-31,Online,,Completed,Debit Card,0.3
O0037089,C018478,2024-05-31,Store,S009,Completed,Digital Wallet,0.0
O0037091,C008162,2024-05-31,Pickup,S002,Completed,Credit Card,0.0
O0037105,C010072,2024-05-31,Online,,Completed,Credit Card,1.3
O0037106,C009162,2024-05-31,Online,,Completed,Digital Wallet,10.07
O0037108,C009873,2024-05-31,Pickup,S001,Completed,Credit Card,0.0
O0037120,C014444,2024-05-31,Store,S012,Completed,Debit Card,0.0
O0037125,C023503,2024-05-31,Store,S006,Completed,Debit Card,0.0
O0037126,C009166,2024-05-31,Store,S007,Completed,Digital Wallet,0.0
O0037133,C009332,2024-05-31,Store,S013,Completed,Debit Card,0.0
O0037139,C015821,2024-05-31,Online,,Cancelled,Credit Card,3.76
O0037146,C019698,2024-05-31,Store,S013,Cancelled,Digital Wallet,0.0
O0037151,C003050,2024-05-31,Pickup,S009,Completed,Digital Wallet,0.0
O0037158,C009193,2024-06-01,Online,,Completed,Debit Card,2.9
O0037160,C025458,2024-06-01,Online,,Completed,Digital Wallet,4.11
O0037164,C007043,2024-06-01,Store,S001,Completed,Debit Card,0.0
O0037168,C000368,2024-06-01,Store,S001,Completed,Debit Card,0.0
O0037178,C015809,2024-06-01,Online,,Completed,Debit Card,3.55
O0037182,C014146,2024-06-01,Store,S015,Completed,Digital Wallet,0.0
O0037193,C004187,2024-06-01,Online,,Completed,Credit Card,5.79
O0037196,C007901,2024-06-01,Online,,Completed,Credit Card,14.01
O0037209,C018171,2024-06-01,Online,,Completed,Digital Wallet,4.22
O0037229,C013029,2024-06-01,Pickup,S012,Completed,Credit Card,0.0
O0037234,C028248,2024-06-01,Online,,Completed,Debit Card,19.27
O0037236,C005221,2024-06-01,Store,S014,Completed,Credit Card,0.0
O0037251,C019044,2024-06-02,Store,S011,Completed,Credit Card,0.0
O0037260,C009000,2024-06-02,Store,S016,Completed,Credit Card,0.0
O0037261,C024581,2024-06-02,Online,,Completed,Credit Card,4.0
O0037278,C005928,2024-06-02,Store,S004,Completed,Credit Card,0.0
O0037287,C005215,2024-06-02,Store,S014,Completed,Debit Card,0.0
O0037295,C016660,2024-06-02,Online,,Returned,Credit Card,2.82
O0037300,C027309,2024-06-02,Online,,Completed,Credit Card,9.49
O0037302,C027913,2024-06-02,Store,S002,Completed,Credit Card,0.0
O0037307,C005800,2024-06-02,Store,S010,Completed,Debit Card,0.0
O0037323,C007677,2024-06-03,Online,,Returned,Digital Wallet,1.16
O0037327,C016975,2024-06-03,Store,S003,Completed,Digital Wallet,0.0
O0037336,C005713,2024-06-03,Online,,Returned,Credit Card,1.79
O0037341,C009903,2024-06-03,Store,S012,Completed,Digital Wallet,0.0
O0037343,C013109,2024-06-03,Store,S013,Completed,Debit Card,0.0
O0037371,C000665,2024-06-03,Pickup,S014,Completed,Credit Card,0.0
O0037378,C007504,2024-06-03,Store,S002,Completed,Digital Wallet,0.0
O0037392,C016672,2024-06-03,Online,,Completed,Debit Card,7.53
O0037400,C028695,2024-06-04,Store,S009,Completed,Gift Card,0.0
O0037403,C000551,2024-06-04,Store,S014,Completed,Debit Card,0.0
O0037406,C015514,2024-06-04,Pickup,S003,Completed,Credit Card,0.0
O0037414,C025456,2024-06-04,Store,S007,Completed,Credit Card,0.0
O0037415,C015737,2024-06-04,Online,,Completed,Gift Card,4.65
O0037419,C014615,2024-06-04,Online,,Returned,Debit Card,1.37
O0037428,C028641,2024-06-04,Pickup,S006,Completed,Credit Card,0.0
O0037435,C004707,2024-06-04,Store,S009,Completed,Digital Wallet,0.0
O0037436,C013109,2024-06-04,Store,S016,Completed,Credit Card,0.0
O0037437,C002899,2024-06-04,Pickup,S010,Completed,Credit Card,0.0
O0037450,C000645,2024-06-04,Online,,Completed,Debit Card,2.51
O0037471,C005285,2024-06-04,Store,S001,Completed,Debit Card,0.0
O0037474,C009575,2024-06-04,Online,,Cancelled,Digital Wallet,3.4
O0037484,C018697,2024-06-05,Online,,Returned,Credit Card,5.94
O0037491,C019575,2024-06-05,Online,,Completed,Credit Card,2.3
O0037492,C018841,2024-06-05,Store,S001,Returned,Credit Card,0.0
O0037495,C021612,2024-06-05,Online,,Completed,Debit Card,16.56
O0037497,C015182,2024-06-05,Online,,Completed,Debit Card,5.94
O0037499,C015982,2024-06-05,Online,,Completed,Debit Card,17.25
O0037502,C023494,2024-06-05,Store,S006,Completed,Credit Card,0.0
O0037504,C010769,2024-06-05,Store,S012,Completed,Debit Card,0.0
O0037508,C029659,2024-06-05,Store,S016,Completed,Credit Card,0.0
O0037515,C015956,2024-06-05,Store,S015,Completed,Digital Wallet,0.0
O0037521,C008846,2024-06-05,Store,S002,Completed,Debit Card,0.0
O0037525,C008279,2024-06-05,Online,,Completed,Credit Card,6.46
O0037529,C012478,2024-06-05,Store,S006,Completed,Credit Card,0.0
O0037530,C021694,2024-06-05,Online,,Completed,Debit Card,3.47
O0037551,C011445,2024-06-06,Online,,Returned,Credit Card,7.07
O0037558,C020478,2024-06-06,Store,S013,Completed,Debit Card,0.0
O0037563,C011239,2024-06-06,Online,,Completed,Debit Card,2.09
O0037568,C008162,2024-06-06,Pickup,S003,Completed,Credit Card,0.0
O0037573,C006441,2024-06-06,Online,,Completed,Credit Card,11.41
O0037585,C014751,2024-06-06,Store,S006,Completed,Debit Card,0.0
O0037595,C016972,2024-06-06,Online,,Completed,Credit Card,4.23
O0037609,C014919,2024-06-07,Store,S002,Completed,Credit Card,0.0
O0037621,C026799,2024-06-07,Store,S003,Returned,Debit Card,0.0
O0037634,C008035,2024-06-07,Store,S007,Completed,Credit Card,0.0
O0037644,C006112,2024-06-07,Store,S008,Completed,Credit Card,0.0
O0037659,C013962,2024-06-07,Online,,Completed,Digital Wallet,3.36
O0037666,C025059,2024-06-08,Store,S008,Completed,Credit Card,0.0
O0037681,C022257,2024-06-08,Pickup,S001,Completed,Digital Wallet,0.0
O0037682,C015416,2024-06-08,Store,S005,Completed,Credit Card,0.0
O0037693,C012456,2024-06-08,Pickup,S016,Completed,Credit Card,0.0
O0037698,C003399,2024-06-08,Store,S011,Completed,Credit Card,0.0
O0037701,C017920,2024-06-08,Store,S007,Completed,Credit Card,0.0
O0037705,C021291,2024-06-08,Store,S008,Completed,Digital Wallet,0.0
O0037706,C003779,2024-06-08,Online,,Completed,Debit Card,3.9
O0037724,C026085,2024-06-08,Pickup,S003,Cancelled,Credit Card,0.0
O0037728,C016470,2024-06-08,Store,S006,Completed,Digital Wallet,0.0
O0037731,C002541,2024-06-09,Store,S006,Completed,Digital Wallet,0.0
O0037734,C016835,2024-06-09,Online,,Completed,Credit Card,7.65
O0037737,C011332,2024-06-09,Store,S008,Completed,Credit Card,0.0
O0037741,C027364,2024-06-09,Online,,Completed,Credit Card,3.26
O0037749,C022086,2024-06-09,Store,S003,Completed,Digital Wallet,0.0
O0037751,C006910,2024-06-09,Online,,Completed,Credit Card,4.63
O0037753,C019084,2024-06-09,Online,,Completed,Digital Wallet,7.73
O0037759,C012075,2024-06-09,Online,,Completed,Debit Card,11.07
O0037772,C029344,2024-06-09,Online,,Completed,Digital Wallet,9.29
O0037779,C027273,2024-06-09,Online,,Completed,Credit Card,3.86
O0037784,C009682,2024-06-09,Store,S001,Completed,Credit Card,0.0
O0037797,C014984,2024-06-10,Pickup,S016,Completed,Credit Card,0.0
O0037810,C018603,2024-06-10,Online,,Completed,Credit Card,1.81
O0037811,C011437,2024-06-10,Online,,Completed,Debit Card,3.06
O0037812,C001228,2024-06-10,Store,S011,Completed,Credit Card,0.0
O0037821,C024553,2024-06-10,Store,S007,Completed,Credit Card,0.0
O0037826,C008048,2024-06-10,Store,S012,Returned,Credit Card,0.0
O0037827,C021480,2024-06-10,Online,,Returned,Debit Card,4.07
O0037835,C020006,2024-06-10,Store,S012,Completed,Debit Card,0.0
O0037845,C009556,2024-06-10,Store,S010,Completed,Credit Card,0.0
O0037849,C029204,2024-06-10,Online,,Completed,Digital Wallet,3.29
O0037859,C014412,2024-06-11,Online,,Completed,Digital Wallet,1.87
O0037872,C008486,2024-06-11,Store,S015,Completed,Credit Card,0.0
O0037886,C021888,2024-06-11,Store,S004,Completed,Credit Card,0.0
O0037909,C002013,2024-06-11,Online,,Completed,Debit Card,6.96
O0037916,C018833,2024-06-11,Online,,Completed,Digital Wallet,1.87
O0037939,C015790,2024-06-12,Online,,Completed,Credit Card,3.08
O0037943,C010987,2024-06-12,Online,,Completed,Digital Wallet,11.08
O0037953,C012365,2024-06-12,Store,S012,Completed,Digital Wallet,0.0
O0037962,C009215,2024-06-12,Store,S001,Completed,Credit Card,0.0
O0037972,C028201,2024-06-12,Store,S001,Completed,Debit Card,0.0
O0037977,C010183,2024-06-12,Store,S007,Returned,Digital Wallet,0.0
O0037989,C026784,2024-06-13,Online,,Completed,Credit Card,5.02
O0037993,C006704,2024-06-13,Store,S007,Completed,Digital Wallet,0.0
O0037998,C020843,2024-06-13,Store,S001,Completed,Debit Card,0.0
O0038011,C027116,2024-06-13,Store,S014,Completed,Digital Wallet,0.0
O0038013,C029495,2024-06-13,Online,,Completed,Credit Card,2.19
O0038015,C004449,2024-06-13,Store,S016,Completed,Credit Card,0.0
O0038016,C005283,2024-06-13,Store,S015,Completed,Credit Card,0.0
O0038019,C014718,2024-06-13,Store,S008,Returned,Digital Wallet,0.0
O0038022,C008517,2024-06-13,Online,,Completed,Digital Wallet,1.17
O0038041,C020641,2024-06-13,Store,S010,Completed,Credit Card,0.0
O0038052,C007828,2024-06-13,Online,,Completed,Credit Card,1.63
O0038055,C019932,2024-06-13,Store,S010,Completed,Gift Card,0.0
O0038056,C013962,2024-06-13,Store,S011,Completed,Digital Wallet,0.0
O0038071,C018498,2024-06-14,Online,,Completed,Credit Card,12.46
O0038072,C012557,2024-06-14,Store,S011,Completed,Debit Card,0.0
O0038092,C018341,2024-06-14,Online,,Completed,Credit Card,8.41
O0038097,C015790,2024-06-14,Store,S007,Completed,Credit Card,0.0
O0038107,C008863,2024-06-14,Pickup,S009,Completed,Credit Card,0.0
O0038137,C012234,2024-06-14,Online,,Completed,Credit Card,7.45
O0038142,C021814,2024-06-15,Online,,Completed,Credit Card,1.25
O0038143,C020200,2024-06-15,Online,,Completed,Digital Wallet,14.67
O0038162,C003661,2024-06-15,Online,,Completed,Credit Card,4.12
O0038179,C001691,2024-06-15,Online,,Completed,Digital Wallet,2.54
O0038182,C019402,2024-06-15,Online,,Completed,Credit Card,2.74
O0038194,C004521,2024-06-15,Store,S007,Completed,Debit Card,0.0
O0038202,C000716,2024-06-15,Store,S006,Completed,Credit Card,0.0
O0038208,C021719,2024-06-15,Store,S007,Completed,Gift Card,0.0
O0038212,C001148,2024-06-15,Store,S011,Completed,Credit Card,0.0
O0038213,C008590,2024-06-15,Online,,Completed,Credit Card,3.65
O0038223,C020024,2024-06-16,Online,,Completed,Credit Card,9.15
O0038232,C005845,2024-06-16,Store,S002,Completed,Credit Card,0.0
O0038240,C015417,2024-06-16,Store,S016,Completed,Digital Wallet,0.0
O0038241,C011991,2024-06-16,Store,S012,Completed,Credit Card,0.0
O0038257,C010020,2024-06-16,Online,,Completed,Gift Card,6.62
O0038270,C005655,2024-06-16,Store,S006,Completed,Credit Card,0.0
O0038273,C022422,2024-06-16,Store,S008,Returned,Credit Card,0.0
O0038279,C017449,2024-06-16,Store,S013,Completed,Credit Card,0.0
O0038292,C001093,2024-06-17,Store,S006,Cancelled,Debit Card,0.0
O0038294,C022618,2024-06-17,Online,,Completed,Debit Card,3.17
O0038297,C005283,2024-06-17,Store,S015,Returned,Credit Card,0.0
O0038298,C002309,2024-06-17,Store,S007, complete ,Debit Card,0.0
O0038299,C016811,2024-06-17,Pickup,S013,Completed,Digital Wallet,0.0
O0038307,C008197,2024-06-17,Online,,Completed,Digital Wallet,6.0
O0038313,C005392,2024-06-17,Online,,Returned,Credit Card,3.38
O0038314,C023309,2024-06-17,Store,S009,Completed,Debit Card,0.0
O0038318,C021291,2024-06-17,Online,,Completed,Gift Card,5.49
O0038321,C000244,2024-06-17,Store,S009,Completed,Credit Card,0.0
O0038327,C023588,2024-06-17,Store,S008,Completed,Gift Card,0.0
O0038333,C011258,2024-06-17,Online,,Completed,Credit Card,1.02
O0038378,C021144,2024-06-18,Online,,Completed,Credit Card,15.32
O0038381,C028302,2024-06-18,Online,,Completed,Credit Card,3.1
O0038382,C020087,2024-06-18,Pickup,S003,Completed,Credit Card,0.0
O0038383,C015403,2024-06-18,Store,S002,Completed,Digital Wallet,0.0
O0038384,C018004,2024-06-18,Online,,Completed,Debit Card,3.93
O0038393,C006690,2024-06-18,Online,,Completed,Credit Card,4.09
O0038418,C013009,2024-06-18,Store,S001,Returned,Debit Card,0.0
O0038425,C008181,2024-06-19,Online,,Completed,Credit Card,2.1
O0038433,C002983,2024-06-19,Online,,Completed,Credit Card,4.26
O0038437,C000280,2024-06-19,Pickup,S012,Completed,Debit Card,0.0
O0038442,C028772,2024-06-19,Online,,Completed,Credit Card,7.25
O0038443,C000122,2024-06-19,Store,S011,Completed,Digital Wallet,0.0
O0038444,C005788,2024-06-19,Online,,Completed,Digital Wallet,12.81
O0038447,C006836,2024-06-19,Online,,Completed,Credit Card,12.09
O0038462,C007269,2024-06-19,Online,,Completed,Debit Card,4.0
O0038467,C003930,2024-06-19,Store,S006,Completed,Credit Card,0.0
O0038479,C017121,2024-06-19,Store,S007,Completed,Credit Card,0.0
O0038483,C004878,2024-06-19,Store,S009,Completed,Credit Card,0.0
O0038492,C024247,2024-06-19,Online,,Completed,Debit Card,1.87
O0038499,C000251,2024-06-19,Store,S002,Completed,Debit Card,0.0
O0038503,C001378,2024-06-20,Online,,Completed,Credit Card,9.69
O0038518,C007654,2024-06-20,Store,S009,Completed,Credit Card,0.0
O0038530,C020045,2024-06-20,Online,,Completed,Debit Card,4.27
O0038531,C025168,2024-06-20,Store,S005,Completed,Credit Card,0.0
O0038535,C005689,2024-06-20,Online,,Completed,Credit Card,10.66
O0038547,C017035,2024-06-20,Online,,Completed,Credit Card,2.06
O0038550,C026923,2024-06-20,Online,,Returned,Credit Card,7.96
O0038554,C015275,2024-06-20,Online,,Completed,Digital Wallet,1.52
O0038556,C010125,2024-06-20,Store,S001,Completed,Credit Card,0.0
O0038563,C022368,2024-06-20,Online,,Completed,Debit Card,2.55
O0038566,C029721,2024-06-20,Online,,Completed,Credit Card,6.2
O0038577,C018552,2024-06-20,Online,,Completed,Debit Card,9.9
O0038579,C015738,2024-06-20,Store,S005,Returned,Digital Wallet,0.0
O0038583,C014835,2024-06-20,Online,,Completed,Debit Card,2.12
O0038585,C027273,2024-06-21,Online,,Completed,Debit Card,4.46
O0038587,C027604,2024-06-21,Pickup,S016,Completed,Gift Card,0.0
O0038588,C011548,2024-06-21,Online,,Completed,Credit Card,6.15
O0038593,C013521,2024-06-21,Online,,Completed,Credit Card,2.12
O0038609,C017591,2024-06-21,Pickup,S005,Completed,Digital Wallet,0.0
O0038617,C011506,2024-06-21,Store,S011,Completed,Debit Card,0.0
O0038618,C004242,2024-06-21,Store,S001,Completed,Credit Card,0.0
O0038623,C011029,2024-06-21,Store,S007,Completed,Gift Card,0.0
O0038627,C011926,2024-06-21,Online,,Completed,Credit Card,7.71
O0038634,C001828,2024-06-21,Store,S002,Completed,Credit Card,0.0
O0038635,C007786,2024-06-21,Online,,Returned,Debit Card,3.93
O0038639,C010093,2024-06-21,Pickup,S016,Completed,Debit Card,0.0
O0038642,C019833,2024-06-21,Store,S004,Completed,Credit Card,0.0
O0038645,C009988,2024-06-21,Store,S006,Completed,Credit Card,0.0
O0038651,C007793,2024-06-22,Online,,Completed,Credit Card,4.4
O0038665,C002904,2024-06-22,Online,,Completed,Credit Card,6.95
O0038668,C025868,2024-06-22,Online,,Completed,Digital Wallet,9.28
O0038717,C007031,2024-06-22,Store,S007,Completed,Credit Card,0.0
O0038723,C014619,2024-06-22,Online,,Cancelled,Credit Card,5.25
O0038729,C011239,2024-06-22,Store,S014,Completed,Gift Card,0.0
O0038731,C003581,2024-06-23,Online,,Completed,Credit Card,9.35
O0038736,C023842,2024-06-23,Online,,Completed,Digital Wallet,3.45
O0038747,C002981,2024-06-23,Store,S009,Completed,Debit Card,0.0
O0038748,C005473,2024-06-23,Online,,Completed,Credit Card,8.01
O0038754,C006603,2024-06-23,Pickup,S003,Completed,Gift Card,0.0
O0038757,C002806,2024-06-23,Online,,Completed,Digital Wallet,8.07
O0038758,C001164,2024-06-23,Pickup,S004,Completed,Debit Card,0.0
O0038759,C021451,2024-06-23,Store,S014,Returned,Digital Wallet,0.0
O0038760,C000502,2024-06-23,Online,,Completed,Debit Card,2.35
O0038761,C006920,2024-06-23,Pickup,S001,Completed,Credit Card,0.0
O0038763,C020274,2024-06-23,Online,,Completed,Credit Card,0.52
O0038780,C008058,2024-06-23,Online,,Completed,Credit Card,12.56
O0038782,C008740,2024-06-23,Pickup,S015,Completed,Credit Card,0.0
O0038786,C005227,2024-06-23,Store,S010,Completed,Credit Card,0.0
O0038814,C012793,2024-06-24,Store,S002,Completed,Debit Card,0.0
O0038838,C008675,2024-06-24,Store,S002,Completed,Debit Card,0.0
O0038848,C029752,2024-06-24,Online,,Completed,Credit Card,14.84
O0038853,C028746,2024-06-24,Online,,Completed,Credit Card,13.06
O0038855,C027864,2024-06-24,Pickup,S013,Completed,Credit Card,0.0
O0038883,C006033,2024-06-25,Store,S007,Completed,Digital Wallet,0.0
O0038886,C003299,2024-06-25,Store,S001,Completed,Digital Wallet,0.0
O0038899,C021006,2024-06-25,Store,S008,Completed,Digital Wallet,0.0
O0038901,C029587,2024-06-25,Online,,Completed,Gift Card,1.66
O0038909,C003161,2024-06-25,Store,S012,Completed,Credit Card,0.0
O0038910,C025821,2024-06-25,Online,,Completed,Credit Card,6.39
O0038930,C029256,2024-06-25,Store,S007,Completed,Digital Wallet,0.0
O0038945,C024992,2024-06-25,Online,,Completed,Credit Card,5.05
O0038954,C010230,2024-06-25,Pickup,S001,Completed,Credit Card,0.0
O0038955,C008687,2024-06-25,Store,S011,Completed,Digital Wallet,0.0
O0038963,C026477,2024-06-26,Store,S014,Returned,Credit Card,0.0
O0038975,C014171,2024-06-26,Store,S004,Completed,Digital Wallet,0.0
O0038983,C016672,2024-06-26,Online,,Completed,Debit Card,3.97
O0038987,C020006,2024-06-26,Pickup,S011,Returned,Gift Card,0.0
O0038989,C006259,2024-06-26,Pickup,S014,Completed,Credit Card,0.0
O0038994,C012970,2024-06-26,Online,,Completed,Credit Card,4.53
O0038999,C007503,2024-06-26,Online,,Cancelled,Credit Card,3.06
O0039003,C008958,2024-06-26,Online,,Cancelled,Debit Card,3.96
O0039010,C027882,2024-06-26,Store,S004,Completed,Debit Card,0.0
O0039015,C001093,2024-06-26,Store,S006,Completed,Gift Card,0.0
O0039021,C003271,2024-06-26,Online,,Completed,Digital Wallet,5.71
O0039024,C014171,2024-06-26,Store,S003,Completed,Credit Card,0.0
O0039031,C013885,2024-06-26,Online,,Completed,Credit Card,4.95
O0039033,C012627,2024-06-26,Online,,Completed,Debit Card,12.86
O0039034,C010046,2024-06-26,Online,,Completed,Credit Card,4.21
O0039050,C009846,2024-06-27,Online,,Completed,Gift Card,4.4
O0039070,C019341,2024-06-27,Store,S013,Completed,Credit Card,0.0
O0039078,C024383,2024-06-27,Store,S008,Returned,Digital Wallet,0.0
O0039081,C028867,2024-06-27,Online,,Completed,Gift Card,1.95
O0039084,C018073,2024-06-27,Store,S008,Completed,Credit Card,0.0
O0039086,C009190,2024-06-27,Online,,Cancelled,Debit Card,2.88
O0039091,C015054,2024-06-27,Online,,Completed,Credit Card,11.53
O0039106,C007279,2024-06-27,Online,,Completed,Credit Card,3.29
O0039112,C001423,2024-06-28,Store,S005,Completed,Credit Card,0.0
O0039129,C011176,2024-06-28,Store,S006,Completed,Credit Card,0.0
O0039145,C010561,2024-06-28,Store,S005,Completed,Gift Card,0.0
O0039148,C006506,2024-06-28,Online,,Completed,Credit Card,2.32
O0039161,C027935,2024-06-28,Online,,Returned,Gift Card,6.42
O0039162,C015956,2024-06-28,Online,,Completed,Gift Card,8.75
O0039166,C001148,2024-06-29,Online,,Completed,Debit Card,0.07
O0039173,C017820,2024-06-29,Pickup,S007,Completed,Credit Card,0.0
O0039180,C008477,2024-06-29,Online,,Completed,Digital Wallet,6.48
O0039183,C019317,2024-06-29,Store,S007,Completed,Digital Wallet,0.0
O0039185,C026803,2024-06-29,Store,S013,Completed,Credit Card,0.0
O0039186,C011734,2024-06-29,Online,,Completed,Credit Card,3.65
O0039200,C005226,2024-06-29,Pickup,S003,Completed,Credit Card,0.0
O0039214,C002142,2024-06-29,Store,S015,Completed,Debit Card,0.0
O0039216,C006704,2024-06-29,Online,,Completed,Credit Card,2.84
O0039226,C022512,2024-06-29,Online,,Completed,Debit Card,2.27
O0039238,C016116,2024-06-30,Online,,Completed,Debit Card,8.33
O0039239,C015874,2024-06-30,Online,,Completed,Credit Card,2.18
O0039254,C027604,2024-06-30,Online,,Completed,Credit Card,1.63
O0039289,C004668,2024-06-30,Online,,Completed,Credit Card,7.02
O0039291,C000937,2024-06-30,Online,,Cancelled,Credit Card,0.31
O0039292,C002930,2024-06-30,Store,S004,Completed,Digital Wallet,0.0
O0039304,C024576,2024-06-30,Online,,Completed,Credit Card,2.36
O0039315,C019698,2024-06-30,Store,S013,Cancelled,Credit Card,0.0
O0039321,C002326,2024-07-01,Store,S011,Completed,Credit Card,0.0
O0039334,C012464,2024-07-01,Pickup,S002,Completed,Debit Card,0.0
O0039336,C022719,2024-07-01,Store,S008,Completed,Debit Card,0.0
O0039349,C017496,2024-07-01,Store,S003,Completed,Credit Card,0.0
O0039365,C010439,2024-07-01,Online,,Completed,Digital Wallet,2.73
O0039369,C008224,2024-07-01,Online,,Completed,Digital Wallet,6.4
O0039370,C019176,2024-07-02,Online,,Returned,Credit Card,12.96
O0039373,C013657,2024-07-02,Online,,Completed,Debit Card,6.04
O0039387,C003059,2024-07-02,Online,,Completed,Digital Wallet,5.51
O0039401,C013928,2024-07-02,Online,,Returned,Credit Card,2.84
O0039407,C028100,2024-07-02,Store,S004,Completed,Debit Card,0.0
O0039413,C018833,2024-07-02,Pickup,S002,Completed,Credit Card,0.0
O0039417,C016954,2024-07-02,Store,S001,Completed,Credit Card,0.0
O0039422,C003051,2024-07-02,Pickup,S002,Completed,Digital Wallet,0.0
O0039425,C016184,2024-07-02,Store,S013,Completed,Credit Card,0.0
O0039434,C017134,2024-07-02,Store,S004,Completed,Digital Wallet,0.0
O0039436,C029357,2024-07-02,Online,,Returned,Debit Card,5.52
O0039457,C015023,2024-07-03,Store,S006,Cancelled,Credit Card,0.0
O0039463,C002277,2024-07-03,Online,,Completed,Credit Card,5.72
O0039465,C006700,2024-07-03,Store,S002,Completed,Credit Card,0.0
O0039469,C001445,2024-07-03,Pickup,S009,Completed,Credit Card,0.0
O0039482,C022810,2024-07-03,Store,S016,Completed,Digital Wallet,0.0
O0039485,C029752,2024-07-03,Store,S015,Completed,Credit Card,0.0
O0039497,C016967,2024-07-03,Online,,Returned,Credit Card,7.11
O0039532,C006713,2024-07-04,Online,,Completed,Credit Card,7.71
O0039540,C010526,2024-07-04,Online,,Completed,Digital Wallet,15.83
O0039553,C015282,2024-07-04,Pickup,S008,Completed,Credit Card,0.0
O0039570,C011437,2024-07-05,Store,S009,Completed,Credit Card,0.0
O0039575,C013421,2024-07-05,Pickup,S016,Completed,Credit Card,0.0
O0039576,C024625,2024-07-05,Pickup,S001,Completed,Digital Wallet,0.0
O0039590,C002465,2024-07-05,Pickup,S002,Completed,Debit Card,0.0
O0039595,C005122,2024-07-05,Online,,Completed,Credit Card,20.64
O0039597,C019173,2024-07-05,Store,S014,Completed,Credit Card,0.0
O0039599,C002486,2024-07-05,Online,,Completed,Digital Wallet,8.22
O0039604,C019196,2024-07-05,Store,S003,Completed,Debit Card,0.0
O0039609,C028390,2024-07-05,Store,S005,Completed,Credit Card,0.0
O0039610,C027487,2024-07-05,Online,,Cancelled,Digital Wallet,8.76
O0039613,C001244,2024-07-05,Online,,Completed,Credit Card,7.86
O0039644,C010631,2024-07-06,Store,S002,Completed,Debit Card,0.0
O0039645,C020257,2024-07-06,Store,S010,Completed,Gift Card,0.0
O0039649,C020959,2024-07-06,Pickup,S005,Completed,Digital Wallet,0.0
O0039679,C014055,2024-07-06,Online,,Completed,Credit Card,11.2
O0039680,C001024,2024-07-06,Online,,Completed,Debit Card,2.38
O0039683,C001960,2024-07-06,Store,S004,Completed,Credit Card,0.0
O0039684,C024938,2024-07-06,Store,S011,Completed,Credit Card,0.0
O0039685,C022391,2024-07-06,Store,S005,Completed,Digital Wallet,0.0
O0039697,C027943,2024-07-06,Store,S008,Completed,Credit Card,0.0
O0039754,C025059,2024-07-07,Store,S008,Completed,Credit Card,0.0
O0039761,C029551,2024-07-07,Pickup,S007,Completed,Credit Card,0.0
O0039762,C010009,2024-07-07,Store,S003,Completed,Credit Card,0.0
O0039764,C000954,2024-07-07,Online,,Completed,Digital Wallet,7.97
O0039766,C028968,2024-07-07,Store,S012,Completed,Credit Card,0.0
O0039767,C015774,2024-07-07,Store,S001,Completed,Debit Card,0.0
O0039775,C005227,2024-07-07,Online,,Returned,Credit Card,11.77
O0039799,C008352,2024-07-08,Online,,Completed,Debit Card,5.64
O0039823,C000047,2024-07-08,Store,S012,Cancelled,Digital Wallet,0.0
O0039837,C000217,2024-07-08,Online,,Completed,Digital Wallet,2.76
O0039846,C023355,2024-07-08,Store,S005,Completed,Credit Card,0.0
O0039853,C014658,2024-07-08,Online,,Completed,Digital Wallet,4.55
O0039863,C027604,2024-07-09,Store,S016,Completed,Digital Wallet,0.0
O0039886,C001805,2024-07-09,Online,,Completed,Credit Card,6.08
O0039890,C015182,2024-07-09,Store,S004,Completed,Credit Card,0.0
O0039894,C003595,2024-07-09,Store,S013,Completed,Credit Card,0.0
O0039899,C022836,2024-07-09,Online,,Completed,Debit Card,2.12
O0039906,C017600,2024-07-09,Store,S009,Completed,Credit Card,0.0
O0039922,C012838,2024-07-10,Store,S005,Completed,Digital Wallet,0.0
O0039952,C000873,2024-07-10,Online,,Completed,Debit Card,3.1
O0039954,C011703,2024-07-10,Store,S013,Completed,Digital Wallet,0.0
O0039959,C008828,2024-07-10,Online,,Completed,Credit Card,2.73
O0039962,C008517,2024-07-10,Online,,Cancelled,Digital Wallet,10.22
O0039966,C018969,2024-07-10,Online,,Completed,Credit Card,2.62
O0039968,C027996,2024-07-10,Online,,Completed,Credit Card,6.27
O0039979,C012433,2024-07-10,Online,,Completed,Credit Card,7.29
O0039981,C018416,2024-07-10,Online,,Completed,Debit Card,2.46
O0039986,C015615,2024-07-10,Store,S014,Completed,Debit Card,0.0
O0039991,C024782,2024-07-11,Online,,Completed,Debit Card,10.53
O0039996,C012574,2024-07-11,Store,S002,Completed,Credit Card,0.0
O0039999,C015809,2024-07-11,Store,S006,Completed,Credit Card,0.0
O0040009,C011995,2024-07-11,Online,,Completed,Credit Card,6.13
O0040020,C019637,2024-07-11,Pickup,S006,Completed,Digital Wallet,0.0
O0040022,C007569,2024-07-11,Store,S010,Cancelled,Debit Card,0.0
O0040025,C022292,2024-07-11,Online,,Completed,Credit Card,1.62
O0040033,C009135,2024-07-11,Store,S002,Completed,Debit Card,0.0
O0040034,C016355,2024-07-11,Online,,Completed,Credit Card,7.39
O0040043,C016027,2024-07-11,Online,,Completed,Credit Card,8.16
O0040047,C012814,2024-07-11,Online,,Completed,Digital Wallet,3.53
O0040054,C006068,2024-07-12,Online,,Completed,Credit Card,5.38
O0040055,C004852,2024-07-12,Pickup,S007,Completed,Digital Wallet,0.0
O0040065,C001938,2024-07-12,Pickup,S009,Completed,Debit Card,0.0
O0040080,C021524,2024-07-12,Store,S015,Completed,Debit Card,0.0
O0040086,C025047,2024-07-12,Online,,Completed,Debit Card,2.11
O0040092,C005815,2024-07-12,Pickup,S011,Completed,Digital Wallet,0.0
O0040124,C026923,2024-07-12,Store,S003,Completed,Digital Wallet,0.0
O0040125,C024383,2024-07-12,Online,,Completed,Debit Card,1.32
O0040127,C007761,2024-07-12,Pickup,S004,Completed,Gift Card,0.0
O0040131,C006088,2024-07-12,Online,,Completed,Debit Card,3.9
O0040139,C026736,2024-07-12,Online,,Completed,Debit Card,4.19
O0040143,C022475,2024-07-13,Pickup,S002,Returned,Digital Wallet,0.0
O0040151,C014171,2024-07-13,Online,,Cancelled,Credit Card,24.25
O0040159,C020024,2024-07-13,Store,S015,Completed,Credit Card,0.0
O0040162,C016838,2024-07-13,Pickup,S009,Completed,Gift Card,0.0
O0040168,C025234,2024-07-13,Store,S010,Completed,Credit Card,0.0
O0040173,C013041,2024-07-13,Store,S010,Completed,Gift Card,0.0
O0040174,C006483,2024-07-13,Pickup,S009,Completed,Debit Card,0.0
O0040187,C011265,2024-07-13,Online,,Completed,Digital Wallet,7.63
O0040189,C026736,2024-07-13,Store,S003,Returned,Digital Wallet,0.0
O0040209,C012618,2024-07-14,Online,,Completed,Credit Card,4.03
O0040218,C012838,2024-07-14,Online,,Completed,Credit Card,1.47
O0040227,C002899,2024-07-14,Online,,Completed,Gift Card,6.75
O0040228,C002326,2024-07-14,Store,S009,Completed,Debit Card,0.0
O0040233,C012229,2024-07-14,Online,,Completed,Digital Wallet,4.19
O0040236,C022772,2024-07-14,Online,,Returned,Credit Card,4.55
O0040254,C008145,2024-07-14,Store,S013,Completed,Credit Card,0.0
O0040258,C011496,2024-07-14,Store,S005,Completed,Credit Card,0.0
O0040260,C011623,2024-07-14,Pickup,S010,Completed,Digital Wallet,0.0
O0040262,C024931,2024-07-14,Store,S005,Completed,Debit Card,0.0
O0040264,C015874,2024-07-14,Online,,Completed,Credit Card,9.41
O0040271,C015669,2024-07-15,Online,,Completed,Credit Card,6.18
O0040272,C015595,2024-07-15,Online,,Completed,Debit Card,2.76
O0040287,C015108,2024-07-15,Store,S006,Completed,Credit Card,0.0
O0040297,C001451,2024-07-15,Online,,Completed,Gift Card,5.19
O0040298,C014725,2024-07-15,Store,S007,Completed,Credit Card,0.0
O0040301,C022172,2024-07-15,Store,S005,Completed,Debit Card,0.0
O0040315,C012543,2024-07-15,Store,S016,Completed,Digital Wallet,0.0
O0040321,C018066,2024-07-15,Store,S011,Completed,Credit Card,0.0
O0040327,C023494,2024-07-16,Store,S006,Completed,Credit Card,0.0
O0040335,C006910,2024-07-16,Store,S013,Completed,Debit Card,0.0
O0040337,C018969,2024-07-16,Online,,Completed,Credit Card,2.55
O0040344,C005215,2024-07-16,Online,,Completed,Credit Card,5.01
O0040350,C008388,2024-07-16,Pickup,S005,Completed,Digital Wallet,0.0
O0040351,C009397,2024-07-16,Pickup,S007,Completed,Credit Card,0.0
O0040355,C020870,2024-07-16,Online,,Completed,Gift Card,12.53
O0040356,C027364,2024-07-16,Online,,Returned,Credit Card,20.8
O0040384,C021451,2024-07-16,Online,,Cancelled,Credit Card,11.49
O0040391,C015200,2024-07-16,Online,,Completed,Credit Card,0.89
O0040400,C020062,2024-07-16,Online,,Completed,Credit Card,5.75
O0040415,C014089,2024-07-17,Online,,Completed,Debit Card,3.73
O0040422,C006770,2024-07-17,Store,S012,Returned,Credit Card,0.0
O0040425,C028390,2024-07-17,Store,S007,Completed,Debit Card,0.0
O0040427,C020478,2024-07-17,Online,,Completed,Digital Wallet,9.88
O0040429,C010950,2024-07-17,Online,,Completed,Credit Card,3.19
O0040434,C027003,2024-07-17,Online,,Completed,Digital Wallet,6.66
O0040443,C026759,2024-07-17,Online,,Completed,Debit Card,5.38
O0040445,C020905,2024-07-17,Store,S012,Completed,Digital Wallet,0.0
O0040446,C026639,2024-07-17,Online,,Completed,Debit Card,1.05
O0040449,C004557,2024-07-17,Online,,Completed,Credit Card,2.59
O0040453,C013659,2024-07-17,Online,,Completed,Credit Card,7.25
O0040458,C005161,2024-07-17,Store,S006,Completed,Credit Card,0.0
O0040478,C010386,2024-07-18,Store,S010,Completed,Digital Wallet,0.0
O0040480,C015982,2024-07-18,Pickup,S003,Completed,Credit Card,0.0
O0040482,C019187,2024-07-18,Online,,Completed,Credit Card,3.98
O0040485,C027199,2024-07-18,Pickup,S005,Completed,Digital Wallet,0.0
O0040491,C000574,2024-07-18,Online,,Completed,Digital Wallet,6.36
O0040493,C008926,2024-07-18,Online,,Completed,Credit Card,5.19
O0040494,C014810,2024-07-18,Online,,Completed,Credit Card,1.15
O0040497,C015949,2024-07-18,Online,,Completed,Debit Card,6.29
O0040516,C009683,2024-07-18,Store,S007,Completed,Debit Card,0.0
O0040533,C004141,2024-07-18,Online,,Cancelled,Gift Card,5.74
O0040550,C005534,2024-07-19,Online,,Completed,Digital Wallet,14.25
O0040553,C014000,2024-07-19,Store,S004,Completed,Credit Card,0.0
O0040559,C018674,2024-07-19,Online,,Completed,Debit Card,7.32
O0040578,C010599,2024-07-19,Online,,Completed,Credit Card,11.34
O0040599,C028613,2024-07-19,Store,S003,Completed,Credit Card,0.0
O0040609,C026089,2024-07-20,Online,,Completed,Gift Card,15.94
O0040619,C001838,2024-07-20,Store,S002,Completed,Debit Card,0.0
O0040637,C017893,2024-07-20,Pickup,S005,Completed,Debit Card,0.0
O0040663,C012234,2024-07-20,Store,S014,Completed,Credit Card,0.0
O0040666,C020521,2024-07-20,Store,S004,Completed,Credit Card,0.0
O0040684,C018732,2024-07-21,Online,,Completed,Digital Wallet,9.02
O0040687,C006152,2024-07-21,Store,S001,Returned,Debit Card,0.0
O0040691,C015416,2024-07-21,Store,S005,Completed,Gift Card,0.0
O0040696,C019862,2024-07-21,Online,,Completed,Credit Card,21.24
O0040699,C015054,2024-07-21,Online,,Completed,Debit Card,13.32
O0040720,C024625,2024-07-21,Pickup,S001,Completed,Credit Card,0.0
O0040721,C023910,2024-07-21,Online,,Returned,Debit Card,0.89
O0040722,C029894,2024-07-21,Store,S015,Completed,Debit Card,0.0
O0040724,C012369,2024-07-21,Pickup,S004,Completed,Credit Card,0.0
O0040738,C010183,2024-07-21,Pickup,S005,Completed,Digital Wallet,0.0
O0040739,C024754,2024-07-21,Store,S010,Completed,Credit Card,0.0
O0040740,C017432,2024-07-21,Store,S016,Completed,Credit Card,0.0
O0040744,C012837,2024-07-21,Pickup,S003,Completed,Digital Wallet,0.0
O0040745,C003032,2024-07-21,Pickup,S004,Completed,Credit Card,0.0
O0040749,C024795,2024-07-21,Store,S011,Completed,Credit Card,0.0
O0040751,C013688,2024-07-21,Store,S001,Completed,Debit Card,0.0
O0040756,C027895,2024-07-21,Store,S001,Completed,Credit Card,0.0
O0040769,C001340,2024-07-22,Online,,Completed,Digital Wallet,5.33
O0040770,C017820,2024-07-22,Store,S005,Completed,Credit Card,0.0
O0040771,C008874,2024-07-22,Online,,Completed,Debit Card,6.32
O0040781,C014836,2024-07-22,Store,S016,Completed,Credit Card,0.0
O0040794,C015845,2024-07-22,Online,,Completed,Credit Card,5.03
O0040795,C004221,2024-07-22,Store,S008,Completed,Digital Wallet,0.0
O0040796,C024216,2024-07-22,Store,S010,Completed,Debit Card,0.0
O0040798,C019377,2024-07-22,Pickup,S012,Completed,Credit Card,0.0
O0040805,C003950,2024-07-22,Online,,Completed,Debit Card,2.61
O0040813,C001982,2024-07-22,Online,,Cancelled,Debit Card,7.34
O0040817,C024997,2024-07-22,Pickup,S006,Completed,Credit Card,0.0
O0040826,C011161,2024-07-23,Online,,Completed,Debit Card,1.78
O0040827,C000100,2024-07-23,Store,S008,Completed,Credit Card,0.0
O0040835,C017557,2024-07-23,Store,S003,Completed,Gift Card,0.0
O0040837,C014764,2024-07-23,Store,S003,Completed,Gift Card,0.0
O0040876,C019356,2024-07-23,Online,,Completed,Credit Card,1.02
O0040914,C022561,2024-07-24,Online,,Completed,Debit Card,2.85
O0040923,C013659,2024-07-24,Online,,Completed,Debit Card,10.49
O0040928,C012043,2024-07-24,Online,,Completed,Debit Card,2.84
O0040929,C023144,2024-07-24,Online,,Completed,Debit Card,4.4
O0040932,C011467,2024-07-24,Store,S005,Completed,Digital Wallet,0.0
O0040933,C018372,2024-07-24,Pickup,S010,Completed,Debit Card,0.0
O0040934,C011772,2024-07-24,Online,,Completed,Debit Card,1.75
O0040947,C010508,2024-07-25,Store,S006,Completed,Digital Wallet,0.0
O0040960,C019176,2024-07-25,Store,S015,Completed,Credit Card,0.0
O0040964,C012650,2024-07-25,Store,S014,Completed,Digital Wallet,0.0
O0040967,C014122,2024-07-25,Store,S002,Completed,Debit Card,0.0
O0040970,C002572,2024-07-25,Online,,Completed,Credit Card,4.08
O0040977,C016688,2024-07-25,Store,S015,Completed,Credit Card,0.0
O0040983,C027658,2024-07-25,Online,,Completed,Gift Card,12.15
O0040996,C010940,2024-07-26,Store,S006,Completed,Credit Card,0.0
O0041006,C002877,2024-07-26,Pickup,S011,Completed,Digital Wallet,0.0
O0041014,C003395,2024-07-26,Online,,Completed,Digital Wallet,2.78
O0041028,C020994,2024-07-26,Online,,Returned,Gift Card,1.36
O0041030,C003580,2024-07-26,Online,,Completed,Digital Wallet,4.05
O0041035,C005747,2024-07-26,Online,,Completed,Credit Card,3.43
O0041040,C010262,2024-07-26,Store,S008,Completed,Debit Card,0.0
O0041042,C029295,2024-07-26,Online,,Returned,Digital Wallet,1.29
O0041054,C004344,2024-07-27,Pickup,S005,Completed,Credit Card,0.0
O0041067,C026848,2024-07-27,Store,S006,Completed,Credit Card,0.0
O0041074,C012739,2024-07-27,Store,S010,Completed,Debit Card,0.0
O0041075,C020748,2024-07-27,Pickup,S002,Completed,Credit Card,0.0
O0041082,C027996,2024-07-27,Online,,Completed,Debit Card,2.0
O0041104,C024222,2024-07-27,Store,S010,Completed,Digital Wallet,0.0
O0041111,C009873,2024-07-27,Store,S003,Completed,Credit Card,0.0
O0041130,C008138,2024-07-28,Online,,Completed,Digital Wallet,6.05
O0041131,C023504,2024-07-28,Online,,Completed,Debit Card,6.06
O0041142,C027658,2024-07-28,Online,,Completed,Debit Card,4.07
O0041157,C017244,2024-07-28,Store,S013,Completed,Credit Card,0.0
O0041161,C005158,2024-07-28,Online,,Returned,Credit Card,7.47
O0041163,C003644,2024-07-28,Online,,Returned,Digital Wallet,10.46
O0041164,C025699,2024-07-28,Online,,Cancelled,Debit Card,16.59
O0041167,C022754,2024-07-28,Store,S005,Completed,Credit Card,0.0
O0041168,C012969,2024-07-28,Store,S005,Completed,Debit Card,0.0
O0041177,C026085,2024-07-28,Store,S003,Completed,Gift Card,0.0
O0041183,C006112,2024-07-28,Store,S005,Completed,Digital Wallet,0.0
O0041184,C009408,2024-07-28,Store,S004,Completed,Debit Card,0.0
O0041193,C002223,2024-07-28,Online,,Completed,Credit Card,4.49
O0041200,C015559,2024-07-29,Online,,Completed,Digital Wallet,22.52
O0041204,C010046,2024-07-29,Online,,Completed,Gift Card,6.12
O0041246,C021513,2024-07-29,Online,,Completed,Digital Wallet,1.88
O0041252,C006188,2024-07-29,Pickup,S015,Cancelled,Gift Card,0.0
O0041257,C028631,2024-07-29,Online,,Cancelled,Debit Card,1.07
O0041260,C014725,2024-07-29,Store,S005,Completed,Debit Card,0.0
O0041272,C019296,2024-07-30,Store,S002,Completed,Credit Card,0.0
O0041281,C029293,2024-07-30,Online,,Completed,Debit Card,3.1
O0041288,C019932,2024-07-30,Store,S009,Cancelled,Digital Wallet,0.0
O0041292,C009267,2024-07-30,Store,S007,Returned,Debit Card,0.0
O0041310,C022337,2024-07-30,Online,,Completed,Debit Card,1.49
O0041311,C011623,2024-07-30,Store,S010,Completed,Credit Card,0.0
O0041320,C002276,2024-07-30,Pickup,S010,Completed,Credit Card,0.0
O0041330,C000716,2024-07-31,Store,S008,Completed,Digital Wallet,0.0
O0041331,C017162,2024-07-31,Online,,Completed,Credit Card,3.08
O0041346,C018929,2024-07-31,Store,S008,Completed,Credit Card,0.0
O0041350,C002534,2024-07-31,Online,,Completed,Debit Card,13.86
O0041358,C024871,2024-07-31,Store,S008,Completed,Credit Card,0.0
O0041364,C018068,2024-07-31,Online,,Completed,Digital Wallet,16.54
O0041366,C014848,2024-07-31,Online,,Completed,Debit Card,4.93
O0041369,C001924,2024-07-31,Online,,Cancelled,Digital Wallet,3.56
O0041370,C015210,2024-07-31,Pickup,S008,Completed,Credit Card,0.0
O0041373,C019083,2024-07-31,Online,,Completed,Debit Card,5.52
O0041391,C016558,2024-07-31,Store,S005,Completed,Credit Card,0.0
O0041396,C018606,2024-07-31,Online,,Completed,Credit Card,7.76
O0041408,C022630,2024-08-01,Store,S007,Completed,Credit Card,0.0
O0041415,C016357,2024-08-01,Store,S003,Completed,Credit Card,0.0
O0041435,C030000,2024-08-01,Store,S010,Completed,Digital Wallet,0.0
O0041448,C014668,2024-08-01,Online,,Completed,Credit Card,12.27
O0041455,C029985,2024-08-01,Store,S016,Completed,Credit Card,0.0
O0041464,C006050,2024-08-01,Store,S005,Completed,Credit Card,0.0
O0041466,C005187,2024-08-01,Store,S008,Cancelled,Debit Card,0.0
O0041475,C014462,2024-08-02,Online,,Completed,Gift Card,7.69
O0041479,C016404,2024-08-02,Online,,Returned,Credit Card,7.18
O0041480,C018702,2024-08-02,Store,S003,Completed,Credit Card,0.0
O0041491,C012972,2024-08-02,Pickup,S004,Completed,Debit Card,0.0
O0041501,C009575,2024-08-02,Online,,Completed,Debit Card,1.71
O0041503,C004570,2024-08-02,Pickup,S002,Completed,Credit Card,0.0
O0041515,C026120,2024-08-02,Pickup,S004,Completed,Credit Card,0.0
O0041521,C012203,2024-08-02,Online,,Completed,Digital Wallet,0.64
O0041528,C011888,2024-08-02,Online,,Completed,Credit Card,6.03
O0041531,C008833,2024-08-03,Store,S007,Completed,Digital Wallet,0.0
O0041532,C028967,2024-08-03,Online,,Completed,Debit Card,4.2
O0041540,C009351,2024-08-03,Online,,Completed,Credit Card,4.89
O0041543,C022088,2024-08-03,Online,,Completed,Credit Card,9.17
O0041544,C012634,2024-08-03,Online,,Returned,Digital Wallet,18.26
O0041561,C004094,2024-08-03,Store,S010,Completed,Digital Wallet,0.0
O0041562,C003078,2024-08-03,Pickup,S016,Completed,Debit Card,0.0
O0041568,C005129,2024-08-03,Store,S003,Completed,Digital Wallet,0.0
O0041570,C011741,2024-08-03,Pickup,S005,Completed,Credit Card,0.0
O0041575,C003917,2024-08-03,Online,,Completed,Debit Card,10.05
O0041595,C021341,2024-08-03,Store,S006,Completed,Gift Card,0.0
O0041597,C014633,2024-08-03,Online,,Completed,Debit Card,8.79
O0041609,C005462,2024-08-04,Pickup,S004,Completed,Debit Card,0.0
O0041612,C026980,2024-08-04,Online,,Completed,Gift Card,2.14
O0041614,C001661,2024-08-04,Store,S003,Completed,Debit Card,0.0
O0041616,C001093,2024-08-04,Online,,Completed,Debit Card,9.26
O0041622,C002919,2024-08-04,Store,S001,Completed,Debit Card,0.0
O0041626,C001643,2024-08-04,Store,S002,Completed,Credit Card,0.0
O0041627,C029678,2024-08-04,Online,,Completed,Digital Wallet,4.51
O0041634,C007885,2024-08-04,Store,S009,Completed,Credit Card,0.0
O0041637,C025810,2024-08-04,Pickup,S016,Completed,Credit Card,0.0
O0041640,C002541,2024-08-04,Online,,Completed,Debit Card,7.2
O0041646,C005161,2024-08-04,Online,,Completed,Credit Card,5.86
O0041664,C005605,2024-08-04,Store,S007,Completed,Digital Wallet,0.0
O0041665,C018835,2024-08-04,Store,S014,Completed,Debit Card,0.0
O0041675,C026377,2024-08-05,Online,,Completed,Debit Card,5.48
O0041682,C011445,2024-08-05,Pickup,S013,Completed,Digital Wallet,0.0
O0041690,C021369,2024-08-05,Online,,Completed,Credit Card,6.17
O0041693,C017032,2024-08-05,Online,,Completed,Credit Card,8.04
O0041695,C004144,2024-08-05,Online,,Completed,Credit Card,2.99
O0041701,C019637,2024-08-05,Store,S005,Completed,Credit Card,0.0
O0041707,C025208,2024-08-05,Store,S003,Completed,Credit Card,0.0
O0041712,C003383,2024-08-05,Online,,Completed,Credit Card,8.5
O0041723,C024415,2024-08-05,Online,,Completed,Digital Wallet,1.66
O0041733,C019187,2024-08-05,Store,S007,Completed,Digital Wallet,0.0
O0041738,C000716,2024-08-06,Store,S007,Returned,Credit Card,0.0
O0041747,C024469,2024-08-06,Store,S008,Completed,Digital Wallet,0.0
O0041757,C028369,2024-08-06,Store,S014,Completed,Digital Wallet,0.0
O0041763,C007828,2024-08-06,Store,S006,Completed,Credit Card,0.0
O0041768,C024754,2024-08-06,Online,,Completed,Debit Card,13.58
O0041770,C001669,2024-08-06,Online,,Completed,Credit Card,18.77
O0041775,C027368,2024-08-06,Store,S016,Completed,Credit Card,0.0
O0041776,C011223,2024-08-06,Online,,Completed,Debit Card,8.17
O0041781,C001283,2024-08-06,Online,,Completed,Debit Card,5.41
O0041794,C007389,2024-08-06,Online,,Completed,Digital Wallet,3.62
O0041797,C018404,2024-08-06,Store,S006,Completed,Credit Card,0.0
O0041801,C027103,2024-08-06,Online,,Completed,Credit Card,8.43
O0041811,C021012,2024-08-07,Online,,Completed,Credit Card,9.47
O0041818,C000748,2024-08-07,Online,,Completed,Debit Card,10.61
O0041823,C007279,2024-08-07,Online,,Completed,Digital Wallet,4.41
O0041825,C006629,2024-08-07,Store,S014,Completed,Credit Card,0.0
O0041828,C018124,2024-08-07,Online,,Completed,Credit Card,7.41
O0041838,C008674,2024-08-07,Online,,Completed,Credit Card,0.97
O0041842,C028526,2024-08-07,Store,S003,Completed,Credit Card,0.0
O0041843,C011512,2024-08-07,Store,S010,Completed,Credit Card,0.0
O0041845,C024541,2024-08-07,Online,,Completed,Digital Wallet,7.19
O0041852,C011728,2024-08-07,Online,,Completed,Debit Card,0.44
O0041854,C020834,2024-08-07,Online,,Completed,Debit Card,5.09
O0041862,C007692,2024-08-07,Store,S014,Completed,Debit Card,0.0
O0041870,C010899,2024-08-07,Store,S003,Completed,Credit Card,0.0
O0041874,C021033,2024-08-07,Store,S007,Completed,Digital Wallet,0.0
O0041881,C019187,2024-08-07,Pickup,S005,Cancelled,Credit Card,0.0
O0041885,C017658,2024-08-08,Online,,Completed,Digital Wallet,13.49
O0041886,C017299,2024-08-08,Store,S008,Returned,Digital Wallet,0.0
O0041901,C020384,2024-08-08,Pickup,S003,Completed,Credit Card,0.0
O0041905,C021451,2024-08-08,Store,S016,Completed,Debit Card,0.0
O0041929,C027937,2024-08-08,Online,,Completed,Debit Card,7.74
O0041959,C012644,2024-08-09,Online,,Completed,Credit Card,4.08
O0041971,C026210,2024-08-09,Online,,Completed,Credit Card,6.19
O0041972,C015228,2024-08-09,Store,S007,Completed,Digital Wallet,0.0
O0041976,C014571,2024-08-09,Online,,Completed,Debit Card,3.52
O0041988,C001472,2024-08-09,Store,S002,Completed,Digital Wallet,0.0
O0041989,C025699,2024-08-09,Online,,Completed,Credit Card,5.56
O0041991,C023992,2024-08-09,Pickup,S002,Completed,Digital Wallet,0.0
O0042006,C028574,2024-08-10,Store,S002,Completed,Credit Card,0.0
O0042011,C003906,2024-08-10,Online,,Completed,Digital Wallet,7.1
O0042016,C024456,2024-08-10,Online,,Completed,Digital Wallet,10.52
O0042021,C018841,2024-08-10,Online,,Completed,Debit Card,5.61
O0042023,C003283,2024-08-10,Store,S008,Completed,Debit Card,0.0
O0042029,C023708,2024-08-10,Pickup,S009,Completed,Credit Card,0.0
O0042035,C024783,2024-08-10,Store,S005,Completed,Gift Card,0.0
O0042040,C012651,2024-08-10,Online,,Completed,Digital Wallet,2.67
O0042041,C019315,2024-08-10,Online,,Completed,Debit Card,3.85
O0042048,C018124,2024-08-10,Online,,Completed,Credit Card,5.53
O0042049,C007485,2024-08-10,Pickup,S016,Completed,Digital Wallet,0.0
O0042068,C010991,2024-08-10,Online,,Completed,Debit Card,7.82
O0042081,C023578,2024-08-10,Online,,Completed,Debit Card,3.9
O0042082,C016383,2024-08-10,Store,S008,Completed,Gift Card,0.0
O0042084,C029495,2024-08-10,Online,, complete ,Credit Card,6.75
O0042096,C010456,2024-08-11,Online,, complete ,Gift Card,1.12
O0042107,C016008,2024-08-11,Pickup,S003,Completed,Credit Card,0.0
O0042126,C026134,2024-08-11,Store,S013,Completed,Debit Card,0.0
O0042127,C004126,2024-08-11,Online,,Completed,Gift Card,12.32
O0042152,C002519,2024-08-11,Store,S016,Completed,Credit Card,0.0
O0042153,C029428,2024-08-11,Pickup,S011,Completed,Digital Wallet,0.0
O0042154,C002497,2024-08-11,Online,,Completed,Digital Wallet,6.1
O0042156,C028358,2024-08-11,Store,S005,Completed,Debit Card,0.0
O0042157,C011667,2024-08-11,Store,S009,Cancelled,Digital Wallet,0.0
O0042158,C026989,2024-08-11,Store,S014,Completed,Credit Card,0.0
O0042164,C021479,2024-08-11,Online,,Cancelled,Credit Card,10.31
O0042171,C029238,2024-08-12,Store,S011,Completed,Debit Card,0.0
O0042183,C019937,2024-08-12,Online,,Completed,Credit Card,2.66
O0042196,C016470,2024-08-12,Online,,Cancelled,Credit Card,8.41
O0042197,C028983,2024-08-12,Pickup,S004,Completed,Digital Wallet,0.0
O0042207,C006940,2024-08-12,Online,,Completed,Digital Wallet,8.58
O0042209,C015725,2024-08-12,Online,,Completed,Credit Card,8.38
O0042212,C002684,2024-08-12,Store,S003,Completed,Digital Wallet,0.0
O0042221,C005659,2024-08-12,Online,,Completed,Credit Card,6.48
O0042228,C005565,2024-08-12,Store,S011,Completed,Credit Card,0.0
O0042231,C009568,2024-08-12,Online,,Completed,Digital Wallet,2.74
O0042248,C021003,2024-08-13,Online,,Completed,Credit Card,7.28
O0042253,C012012,2024-08-13,Online,,Completed,Digital Wallet,8.93
O0042263,C012800,2024-08-13,Online,,Cancelled,Credit Card,11.65
O0042268,C004750,2024-08-13,Online,,Completed,Credit Card,3.19
O0042278,C009215,2024-08-13,Store,S002,Completed,Credit Card,0.0
O0042284,C012921,2024-08-13,Pickup,S001,Completed,Gift Card,0.0
O0042292,C025113,2024-08-13,Store,S011,Completed,Debit Card,0.0
O0042293,C024083,2024-08-13,Store,S005, complete ,Credit Card,0.0
O0042313,C018183,2024-08-14,Store,S004,Completed,Credit Card,0.0
O0042314,C006657,2024-08-14,Store,S004,Completed,Credit Card,0.0
O0042318,C007210,2024-08-14,Online,,Completed,Credit Card,4.51
O0042323,C021252,2024-08-14,Pickup,S011,Completed,Debit Card,0.0
O0042332,C009052,2024-08-14,Online,,Cancelled,Credit Card,2.02
O0042367,C025168,2024-08-15,Online,,Completed,Digital Wallet,4.46
O0042368,C009565,2024-08-15,Pickup,S009,Completed,Credit Card,0.0
O0042391,C010987,2024-08-15,Online,,Completed,Debit Card,3.36
O0042394,C027367,2024-08-15,Store,S012,Completed,Credit Card,0.0
O0042401,C004480,2024-08-15,Pickup,S004,Completed,Digital Wallet,0.0
O0042404,C015054,2024-08-15,Online,,Completed,Gift Card,4.9
O0042407,C011225,2024-08-15,Online,,Completed,Debit Card,11.58
O0042415,C017841,2024-08-15,Online,,Completed,Debit Card,8.63
O0042422,C005457,2024-08-15,Pickup,S007,Completed,Credit Card,0.0
O0042436,C001267,2024-08-16,Online,,Completed,Credit Card,1.23
O0042445,C009304,2024-08-16,Online,,Returned,Credit Card,8.59
O0042460,C013495,2024-08-16,Store,S007,Returned,Credit Card,0.0
O0042462,C014024,2024-08-16,Online,,Completed,Debit Card,6.56
O0042465,C023965,2024-08-16,Store,S004,Completed,Credit Card,0.0
O0042467,C013721,2024-08-16,Online,,Completed,Credit Card,3.6
O0042479,C022221,2024-08-16,Pickup,S001,Completed,Credit Card,0.0
O0042486,C014577,2024-08-16,Online,,Returned,Digital Wallet,4.02
O0042489,C025983,2024-08-16,Store,S013,Completed,Credit Card,0.0
O0042502,C023897,2024-08-17,Online,,Completed,Credit Card,3.4
O0042507,C028201,2024-08-17,Online,,Completed,Digital Wallet,1.19
O0042512,C027812,2024-08-17,Store,S006,Completed,Credit Card,0.0
O0042522,C006700,2024-08-17,Store,S001,Completed,Digital Wallet,0.0
O0042525,C026188,2024-08-17,Online,,Completed,Credit Card,2.1
O0042544,C023110,2024-08-17,Store,S004,Completed,Credit Card,0.0
O0042556,C014332,2024-08-17,Online,,Completed,Gift Card,15.99
O0042557,C019996,2024-08-17,Online,,Returned,Credit Card,2.7
O0042562,C029841,2024-08-17,Store,S008,Completed,Credit Card,0.0
O0042568,C023897,2024-08-18,Online,,Completed,Credit Card,12.88
O0042578,C014668,2024-08-18,Pickup,S011,Completed,Credit Card,0.0
O0042579,C007924,2024-08-18,Store,S009,Completed,Digital Wallet,0.0
O0042592,C008944,2024-08-18,Store,S010,Completed,Credit Card,0.0
O0042599,C011652,2024-08-18,Store,S009,Completed,Credit Card,0.0
O0042610,C023503,2024-08-18,Pickup,S008,Completed,Debit Card,0.0
O0042612,C007526,2024-08-18,Online,,Completed,Digital Wallet,2.37
O0042613,C015949,2024-08-18,Store,S009,Completed,Digital Wallet,0.0
O0042621,C025638,2024-08-18,Store,S006,Completed,Credit Card,0.0
O0042644,C016116,2024-08-19,Online,,Completed,Credit Card,3.2
O0042645,C016811,2024-08-19,Online,,Completed,Digital Wallet,16.38
O0042652,C026759,2024-08-19,Online,,Completed,Debit Card,8.27
O0042659,C010013,2024-08-19,Online,,Completed,Digital Wallet,9.64
O0042665,C004872,2024-08-19,Online,,Completed,Debit Card,4.73
O0042673,C003028,2024-08-19,Pickup,S009,Completed,Digital Wallet,0.0
O0042691,C019940,2024-08-19,Online,,Completed,Credit Card,13.12
O0042693,C008635,2024-08-19,Store,S001,Completed,Digital Wallet,0.0
O0042700,C012288,2024-08-19,Store,S012,Returned,Credit Card,0.0
O0042705,C025324,2024-08-19,Online,,Completed,Digital Wallet,3.56
O0042706,C016470,2024-08-20,Online,,Completed,Credit Card,6.09
O0042727,C014009,2024-08-20,Store,S006,Completed,Credit Card,0.0
O0042740,C000122,2024-08-20,Online,,Completed,Debit Card,9.54
O0042756,C005599,2024-08-20,Store,S008,Returned,Digital Wallet,0.0
O0042760,C009699,2024-08-20,Store,S006,Completed,Credit Card,0.0
O0042761,C029018,2024-08-20,Pickup,S002,Completed,Debit Card,0.0
O0042765,C020381,2024-08-20,Online,,Completed,Debit Card,6.37
O0042773,C012302,2024-08-21,Online,,Completed,Debit Card,9.75
O0042788,C004166,2024-08-21,Store,S002,Completed,Debit Card,0.0
O0042801,C024415,2024-08-21,Store,S014,Completed,Credit Card,0.0
O0042803,C016116,2024-08-21,Online,,Completed,Credit Card,1.18
O0042808,C029427,2024-08-21,Store,S015,Completed,Gift Card,0.0
O0042817,C012837,2024-08-21,Online,,Completed,Digital Wallet,10.5
O0042828,C024358,2024-08-21,Pickup,S011,Completed,Credit Card,0.0
O0042829,C013790,2024-08-21,Online,,Completed,Credit Card,12.07
O0042841,C009683,2024-08-21,Store,S008,Completed,Credit Card,0.0
O0042847,C012970,2024-08-21,Online,,Completed,Debit Card,11.4
O0042855,C013539,2024-08-22,Store,S012,Completed,Digital Wallet,0.0
O0042861,C020164,2024-08-22,Store,S010,Completed,Credit Card,0.0
O0042866,C005385,2024-08-22,Online,,Completed,Credit Card,4.26
O0042871,C021033,2024-08-22,Store,S008,Completed,Debit Card,0.0
O0042874,C016766,2024-08-22,Online,,Returned,Credit Card,1.49
O0042880,C023503,2024-08-22,Store,S005,Cancelled,Digital Wallet,0.0
O0042896,C004739,2024-08-22,Online,,Cancelled,Gift Card,3.2
O0042924,C007654,2024-08-23,Store,S010,Completed,Credit Card,0.0
O0042939,C025162,2024-08-23,Online,,Completed,Credit Card,13.93
O0042940,C002665,2024-08-23,Store,S001,Completed,Digital Wallet,0.0
O0042982,C026608,2024-08-24,Store,S008,Completed,Digital Wallet,0.0
O0042983,C007579,2024-08-24,Online,,Completed,Debit Card,7.85
O0042984,C019368,2024-08-24,Pickup,S012,Completed,Debit Card,0.0
O0042985,C008086,2024-08-24,Pickup,S010,Completed,Credit Card,0.0
O0042994,C016470,2024-08-24,Online,,Completed,Debit Card,2.07
O0042999,C016738,2024-08-24,Online,,Completed,Gift Card,8.94
O0043008,C028780,2024-08-24,Store,S008,Completed,Credit Card,0.0
O0043012,C021341,2024-08-24,Online,,Completed,Digital Wallet,10.23
O0043017,C008864,2024-08-24,Pickup,S001,Completed,Credit Card,0.0
O0043021,C017841,2024-08-24,Online,,Completed,Digital Wallet,3.1
O0043028,C005211,2024-08-24,Online,,Returned,Credit Card,3.74
O0043032,C013631,2024-08-24,Store,S010,Returned,Digital Wallet,0.0
O0043035,C015784,2024-08-24,Online,,Completed,Credit Card,3.32
O0043042,C005158,2024-08-24,Online,,Completed,Digital Wallet,17.59
O0043048,C028117,2024-08-24,Store,S015,Completed,Credit Card,0.0
O0043049,C028778,2024-08-24,Online,,Completed,Debit Card,1.86
O0043053,C020478,2024-08-24,Store,S016,Completed,Credit Card,0.0
O0043057,C021314,2024-08-24,Online,,Completed,Credit Card,2.3
O0043068,C019567,2024-08-25,Store,S016,Completed,Credit Card,0.0
O0043074,C017542,2024-08-25,Pickup,S013,Returned,Credit Card,0.0
O0043086,C002508,2024-08-25,Store,S002,Completed,Debit Card,0.0
O0043089,C007256,2024-08-25,Store,S007,Completed,Digital Wallet,0.0
O0043102,C019378,2024-08-25,Online,,Completed,Digital Wallet,4.57
O0043135,C017432,2024-08-25,Online,,Completed,Digital Wallet,3.66
O0043136,C014304,2024-08-25,Online,,Completed,Debit Card,4.05
O0043144,C008181,2024-08-25,Store,S006,Completed,Digital Wallet,0.0
O0043152,C029848,2024-08-26,Online,,Completed,Credit Card,4.1
O0043154,C009190,2024-08-26,Store,S004,Completed,Credit Card,0.0
O0043174,C001732,2024-08-26,Online,,Completed,Credit Card,6.44
O0043179,C012987,2024-08-26,Pickup,S015,Completed,Credit Card,0.0
O0043180,C017595,2024-08-26,Online,,Completed,Debit Card,1.82
O0043190,C021437,2024-08-26,Pickup,S001,Completed,Credit Card,0.0
O0043195,C000980,2024-08-26,Online,,Completed,Debit Card,1.51
O0043202,C015844,2024-08-26,Online,,Completed,Debit Card,5.41
O0043210,C009092,2024-08-26,Online,,Returned,Credit Card,0.61
O0043211,C016404,2024-08-26,Store,S015,Completed,Credit Card,0.0
O0043226,C016355,2024-08-26,Online,,Completed,Debit Card,1.45
O0043244,C022377,2024-08-27,Store,S016,Completed,Gift Card,0.0
O0043249,C023843,2024-08-27,Online,,Completed,Gift Card,8.65
O0043258,C008659,2024-08-27,Store,S008,Completed,Credit Card,0.0
O0043263,C010868,2024-08-27,Online,,Completed,Gift Card,4.23
O0043267,C007851,2024-08-27,Store,S014,Completed,Credit Card,0.0
O0043268,C000574,2024-08-27,Store,S004,Completed,Debit Card,0.0
O0043278,C026799,2024-08-27,Pickup,S002,Completed,Credit Card,0.0
O0043283,C002497,2024-08-27,Pickup,S005,Completed,Credit Card,0.0
O0043289,C019368,2024-08-27,Store,S010,Completed,Credit Card,0.0
O0043292,C017035,2024-08-27,Online,,Completed,Gift Card,11.75
O0043297,C001415,2024-08-27,Store,S007,Completed,Credit Card,0.0
O0043300,C006715,2024-08-28,Store,S009,Cancelled,Debit Card,0.0
O0043305,C004673,2024-08-28,Store,S013,Completed,Digital Wallet,0.0
O0043318,C011239,2024-08-28,Online,,Completed,Debit Card,17.04
O0043333,C002961,2024-08-28,Store,S010,Completed,Credit Card,0.0
O0043337,C006715,2024-08-28,Store,S011,Completed,Credit Card,0.0
O0043340,C020553,2024-08-28,Online,,Completed,Gift Card,13.82
O0043361,C024541,2024-08-28,Pickup,S007,Returned,Gift Card,0.0
O0043377,C029349,2024-08-29,Online,,Completed,Debit Card,3.91
O0043378,C019842,2024-08-29,Store,S011,Completed,Digital Wallet,0.0
O0043383,C011891,2024-08-29,Store,S007,Completed,Credit Card,0.0
O0043389,C026597,2024-08-29,Online,,Completed,Digital Wallet,5.52
O0043397,C017820,2024-08-29,Store,S007,Completed,Digital Wallet,0.0
O0043409,C001948,2024-08-29,Store,S005,Completed,Debit Card,0.0
O0043415,C008239,2024-08-29,Online,,Completed,Debit Card,12.77
O0043427,C028844,2024-08-29,Online,,Completed,Digital Wallet,1.22
O0043433,C010528,2024-08-29,Store,S010,Completed,Debit Card,0.0
O0043443,C025230,2024-08-30,Store,S005,Cancelled,Credit Card,0.0
O0043446,C017434,2024-08-30,Store,S013,Completed,Credit Card,0.0
O0043451,C025311,2024-08-30,Online,,Cancelled,Debit Card,5.31
O0043455,C011336,2024-08-30,Online,,Completed,Debit Card,7.14
O0043475,C006715,2024-08-30,Store,S009,Completed,Debit Card,0.0
O0043480,C014411,2024-08-30,Online,,Completed,Credit Card,7.11
O0043486,C026622,2024-08-30,Online,,Completed,Credit Card,4.84
O0043507,C010985,2024-08-31,Online,,Completed,Debit Card,5.95
O0043511,C021243,2024-08-31,Store,S011,Completed,Credit Card,0.0
O0043519,C011154,2024-08-31,Store,S005,Completed,Gift Card,0.0
O0043531,C026555,2024-08-31,Online,,Completed,Credit Card,7.03
O0043537,C025576,2024-08-31,Pickup,S006,Completed,Credit Card,0.0
O0043548,C014304,2024-08-31,Store,S013,Completed,Digital Wallet,0.0
O0043553,C005800,2024-08-31,Online,,Completed,Credit Card,4.65
O0043557,C007389,2024-08-31,Store,S016,Completed,Credit Card,0.0
O0043559,C008165,2024-08-31,Online,,Completed,Credit Card,3.3
O0043567,C027364,2024-08-31,Online,,Completed,Credit Card,8.45
O0043574,C023105,2024-08-31,Pickup,S007,Completed,Debit Card,0.0
O0043586,C004126,2024-08-31,Online,,Completed,Credit Card,11.31
O0043606,C028100,2024-09-01,Store,S001,Completed,Digital Wallet,0.0
O0043608,C019315,2024-09-01,Pickup,S015,Returned,Digital Wallet,0.0
O0043611,C008923,2024-09-01,Online,,Completed,Digital Wallet,6.15
O0043616,C017673,2024-09-01,Online,,Completed,Credit Card,4.0
O0043617,C000743,2024-09-01,Online,,Completed,Credit Card,6.01
O0043621,C013846,2024-09-01,Store,S010,Cancelled,Credit Card,0.0
O0043625,C008058,2024-09-01,Online,,Completed,Debit Card,14.13
O0043639,C007851,2024-09-01,Store,S015,Completed,Credit Card,0.0
O0043640,C008275,2024-09-01,Store,S008,Completed,Credit Card,0.0
O0043652,C023391,2024-09-01,Store,S003,Completed,Credit Card,0.0
O0043655,C006940,2024-09-01,Online,,Completed,Digital Wallet,10.98
O0043656,C001995,2024-09-01,Store,S005,Completed,Digital Wallet,0.0
O0043670,C013678,2024-09-01,Online,,Completed,Debit Card,8.1
O0043673,C011766,2024-09-01,Online,,Completed,Gift Card,5.1
O0043676,C009556,2024-09-01,Store,S011,Returned,Credit Card,0.0
O0043686,C019818,2024-09-02,Store,S005,Completed,Credit Card,0.0
O0043688,C012418,2024-09-02,Store,S013,Completed,Credit Card,0.0
O0043690,C014580,2024-09-02,Pickup,S001,Completed,Digital Wallet,0.0
O0043692,C005983,2024-09-02,Online,,Completed,Credit Card,1.25
O0043705,C018009,2024-09-02,Store,S003,Completed,Credit Card,0.0
O0043719,C027305,2024-09-02,Store,S008,Completed,Digital Wallet,0.0
O0043723,C009321,2024-09-02,Online,,Completed,Credit Card,0.73
O0043733,C018478,2024-09-02,Store,S009,Completed,Debit Card,0.0
O0043749,C001347,2024-09-03,Online,,Completed,Credit Card,5.25
O0043759,C028032,2024-09-03,Store,S012,Completed,Credit Card,0.0
O0043779,C011575,2024-09-03,Pickup,S007,Completed,Credit Card,0.0
O0043792,C015228,2024-09-03,Online,,Completed,Credit Card,11.08
O0043804,C013518,2024-09-03,Online,,Completed,Credit Card,3.02
O0043805,C015545,2024-09-03,Pickup,S006,Completed,Digital Wallet,0.0
O0043811,C007176,2024-09-03,Online,,Completed,Credit Card,7.81
O0043816,C020732,2024-09-03,Store,S001,Returned,Credit Card,0.0
O0043818,C001036,2024-09-03,Online,,Completed,Digital Wallet,1.71
O0043821,C004772,2024-09-03,Store,S008,Completed,Digital Wallet,0.0
O0043826,C025687,2024-09-03,Online,,Completed,Debit Card,1.88
O0043831,C019353,2024-09-04,Online,,Completed,Digital Wallet,0.3
O0043855,C019083,2024-09-04,Online,,Completed,Credit Card,5.68
O0043860,C027187,2024-09-04,Store,S013,Completed,Credit Card,0.0
O0043865,C023481,2024-09-04,Online,,Completed,Debit Card,1.72
O0043878,C022124,2024-09-04,Store,S010,Completed,Digital Wallet,0.0
O0043881,C014332,2024-09-04,Store,S011,Completed,Digital Wallet,0.0
O0043886,C015618,2024-09-04,Store,S004,Completed,Debit Card,0.0
O0043891,C028780,2024-09-04,Pickup,S005,Completed,Credit Card,0.0
O0043896,C014354,2024-09-04,Online,,Completed,Credit Card,0.73
O0043900,C011636,2024-09-04,Online,,Completed,Digital Wallet,1.82
O0043901,C012619,2024-09-04,Store,S015,Completed,Credit Card,0.0
O0043913,C017167,2024-09-05,Online,,Returned,Debit Card,22.05
O0043918,C021612,2024-09-05,Store,S010,Completed,Credit Card,0.0
O0043929,C024992,2024-09-05,Store,S014,Completed,Credit Card,0.0
O0043930,C017285,2024-09-05,Pickup,S014,Completed,Credit Card,0.0
O0043940,C015583,2024-09-05,Store,S004,Returned,Debit Card,0.0
O0043943,C000574,2024-09-05,Pickup,S003,Completed,Digital Wallet,0.0
O0043958,C014929,2024-09-05,Online,,Completed,Debit Card,7.03
O0043960,C027275,2024-09-05,Online,,Completed,Digital Wallet,4.67
O0043961,C028718,2024-09-05,Store,S013,Completed,Digital Wallet,0.0
O0043966,C009428,2024-09-05,Store,S009,Completed,Credit Card,0.0
O0043967,C025144,2024-09-05,Online,,Completed,Digital Wallet,13.77
O0043974,C015278,2024-09-05,Online,,Completed,Credit Card,3.32
O0043977,C009774,2024-09-05,Store,S002,Completed,Credit Card,0.0
O0043985,C000739,2024-09-05,Online,,Completed,Credit Card,10.4
O0044001,C017167,2024-09-05,Store,S014,Completed,Digital Wallet,0.0
O0044003,C006396,2024-09-05,Online,,Completed,Credit Card,4.84
O0044005,C019773,2024-09-05,Online,,Returned,Debit Card,1.83
O0044008,C022357,2024-09-06,Store,S001,Completed,Credit Card,0.0
O0044019,C018603,2024-09-06,Store,S009,Completed,Credit Card,0.0
O0044029,C024541,2024-09-06,Store,S007,Completed,Credit Card,0.0
O0044031,C003835,2024-09-06,Store,S004,Completed,Credit Card,0.0
O0044048,C019561,2024-09-06,Online,,Completed,Credit Card,7.2
O0044059,C005713,2024-09-06,Store,S005,Completed,Debit Card,0.0
O0044061,C012424,2024-09-06,Online,,Completed,Debit Card,5.58
O0044062,C027098,2024-09-06,Store,S009,Cancelled,Credit Card,0.0
O0044073,C029752,2024-09-06,Pickup,S015,Completed,Digital Wallet,0.0
O0044088,C010940,2024-09-06,Store,S005,Completed,Credit Card,0.0
O0044090,C028628,2024-09-06,Store,S016,Completed,Credit Card,0.0
O0044096,C005473,2024-09-07,Store,S014,Completed,Gift Card,0.0
O0044122,C014718,2024-09-07,Online,,Completed,Digital Wallet,29.71
O0044128,C017320,2024-09-07,Online,,Completed,Gift Card,9.9
O0044131,C016535,2024-09-07,Store,S004,Completed,Debit Card,0.0
O0044136,C004094,2024-09-07,Online,,Completed,Gift Card,4.53
O0044143,C000197,2024-09-07,Store,S008,Completed,Digital Wallet,0.0
O0044150,C002542,2024-09-07,Store,S005,Completed,Credit Card,0.0
O0044153,C017116,2024-09-07,Online,,Completed,Debit Card,9.31
O0044161,C014810,2024-09-07,Store,S009,Completed,Credit Card,0.0
O0044165,C019867,2024-09-07,Online,,Returned,Credit Card,7.08
O0044166,C028794,2024-09-07,Online,,Completed,Credit Card,12.47
O0044167,C003548,2024-09-07,Online,,Completed,Credit Card,34.44
O0044171,C009173,2024-09-07,Store,S011,Completed,Debit Card,0.0
O0044174,C021888,2024-09-07,Store,S001,Completed,Debit Card,0.0
O0044183,C018338,2024-09-07,Online,,Returned,Digital Wallet,3.81
O0044192,C013885,2024-09-08,Online,,Completed,Credit Card,7.9
O0044193,C029601,2024-09-08,Online,,Completed,Credit Card,3.43
O0044198,C008780,2024-09-08,Online,,Completed,Debit Card,9.7
O0044200,C005861,2024-09-08,Store,S014,Completed,Digital Wallet,0.0
O0044208,C009817,2024-09-08,Online,,Completed,Digital Wallet,1.6
O0044213,C023503,2024-09-08,Store,S005,Completed,Debit Card,0.0
O0044214,C018124,2024-09-08,Store,S007,Completed,Digital Wallet,0.0
O0044228,C020654,2024-09-08,Online,,Completed,Debit Card,12.29
O0044232,C004485,2024-09-08,Online,,Completed,Digital Wallet,2.15
O0044238,C016486,2024-09-08,Store,S007,Completed,Gift Card,0.0
O0044239,C011678,2024-09-08,Pickup,S010,Completed,Credit Card,0.0
O0044245,C016783,2024-09-08,Online,,Completed,Credit Card,4.38
O0044251,C004094,2024-09-08,Online,,Completed,Credit Card,3.68
O0044265,C023436,2024-09-08,Store,S002,Completed,Debit Card,0.0
O0044266,C003243,2024-09-08,Online,,Completed,Digital Wallet,4.2
O0044274,C003028,2024-09-09,Store,S010,Completed,Gift Card,0.0
O0044304,C015336,2024-09-09,Online,,Completed,Credit Card,7.33
O0044309,C017658,2024-09-09,Store,S006,Completed,Credit Card,0.0
O0044310,C009565,2024-09-09,Store,S011,Completed,Credit Card,0.0
O0044320,C025582,2024-09-09,Online,,Completed,Credit Card,7.74
O0044322,C016008,2024-09-09,Online,,Cancelled,Credit Card,2.63
O0044327,C023594,2024-09-09,Online,,Completed,Digital Wallet,7.96
O0044329,C026395,2024-09-09,Store,S002,Completed,Digital Wallet,0.0
O0044343,C027161,2024-09-10,Store,S015,Completed,Credit Card,0.0
O0044351,C005428,2024-09-10,Online,,Completed,Digital Wallet,3.54
O0044355,C020257,2024-09-10,Online,,Completed,Digital Wallet,7.14
O0044384,C005226,2024-09-10,Store,S003,Completed,Digital Wallet,0.0
O0044388,C023534,2024-09-10,Store,S005,Completed,Digital Wallet,0.0
O0044392,C000937,2024-09-10,Online,,Completed,Gift Card,9.57
O0044412,C000347,2024-09-11,Online,,Completed,Debit Card,4.2
O0044415,C020994,2024-09-11,Store,S016,Completed,Debit Card,0.0
O0044433,C021437,2024-09-11,Online,,Returned,Credit Card,1.94
O0044438,C005349,2024-09-11,Pickup,S010,Completed,Credit Card,0.0
O0044449,C005536,2024-09-11,Store,S013,Completed,Digital Wallet,0.0
O0044456,C014688,2024-09-11,Online,,Completed,Credit Card,4.91
O0044477,C023424,2024-09-12,Online,,Completed,Digital Wallet,3.35
O0044480,C022522,2024-09-12,Online,,Returned,Credit Card,0.89
O0044488,C026502,2024-09-12,Store,S009,Completed,Digital Wallet,0.0
O0044494,C009683,2024-09-12,Online,,Completed,Digital Wallet,7.63
O0044495,C004342,2024-09-12,Pickup,S005,Completed,Credit Card,0.0
O0044497,C011292,2024-09-12,Online,,Completed,Digital Wallet,10.83
O0044500,C018073,2024-09-12,Online,,Completed,Gift Card,3.47
O0044503,C011914,2024-09-12,Online,,Completed,Digital Wallet,5.35
O0044534,C014601,2024-09-12,Online,,Completed,Credit Card,5.22
O0044537,C015403,2024-09-12,Store,S002,Completed,Debit Card,0.0
O0044539,C001816,2024-09-12,Pickup,S014,Completed,Debit Card,0.0
O0044542,C006864,2024-09-12,Store,S009,Completed,Credit Card,0.0
O0044545,C007250,2024-09-12,Pickup,S006,Completed,Credit Card,0.0
O0044554,C026597,2024-09-12,Store,S015,Completed,Digital Wallet,0.0
O0044577,C003309,2024-09-13,Store,S003,Completed,Digital Wallet,0.0
O0044593,C025677,2024-09-13,Store,S013,Completed,Credit Card,0.0
O0044594,C026598,2024-09-13,Online,,Completed,Credit Card,5.3
O0044604,C014443,2024-09-13,Store,S007,Completed,Credit Card,0.0
O0044605,C003223,2024-09-13,Online,,Completed,Debit Card,8.12
O0044609,C001088,2024-09-13,Online,,Completed,Debit Card,12.37
O0044640,C013318,2024-09-13,Store,S006,Completed,Credit Card,0.0
O0044644,C013846,2024-09-13,Pickup,S012,Returned,Digital Wallet,0.0
O0044650,C007793,2024-09-13,Store,S007,Cancelled,Credit Card,0.0
O0044688,C024492,2024-09-14,Store,S009,Completed,Credit Card,0.0
O0044694,C023594,2024-09-14,Store,S006,Completed,Credit Card,0.0
O0044721,C014601,2024-09-15,Store,S005,Completed,Debit Card,0.0
O0044728,C028837,2024-09-15,Online,,Completed,Credit Card,4.1
O0044738,C009503,2024-09-15,Online,,Completed,Debit Card,19.81
O0044744,C026349,2024-09-15,Store,S002,Completed,Digital Wallet,0.0
O0044750,C007761,2024-09-15,Store,S003,Completed,Digital Wallet,0.0
O0044757,C016604,2024-09-15,Online,,Completed,Credit Card,2.41
O0044762,C022086,2024-09-15,Pickup,S002,Returned,Credit Card,0.0
O0044763,C013370,2024-09-15,Store,S002,Completed,Credit Card,0.0
O0044764,C001472,2024-09-15,Online,,Completed,Credit Card,4.93
O0044768,C025984,2024-09-15,Store,S008,Completed,Gift Card,0.0
O0044778,C010934,2024-09-15,Online,,Completed,Credit Card,3.5
O0044787,C018879,2024-09-15,Pickup,S006,Completed,Credit Card,0.0
O0044796,C026730,2024-09-16,Online,,Completed,Credit Card,8.93
O0044809,C007791,2024-09-16,Online,,Cancelled,Digital Wallet,8.17
O0044835,C011223,2024-09-16,Store,S009,Completed,Credit Card,0.0
O0044849,C022069,2024-09-16,Store,S007,Completed,Gift Card,0.0
O0044876,C024327,2024-09-17,Store,S005,Returned,Digital Wallet,0.0
O0044879,C029433,2024-09-17,Store,S011,Completed,Digital Wallet,0.0
O0044886,C025295,2024-09-17,Online,,Completed,Credit Card,2.92
O0044898,C022870,2024-09-17,Store,S008,Returned,Credit Card,0.0
O0044906,C024744,2024-09-17,Online,,Completed,Credit Card,16.31
O0044910,C001338,2024-09-17,Pickup,S006,Completed,Credit Card,0.0
O0044912,C026555,2024-09-17,Online,,Completed,Credit Card,8.16
O0044915,C001283,2024-09-17,Online,,Returned,Digital Wallet,4.91
O0044924,C009004,2024-09-17,Pickup,S006,Cancelled,Credit Card,0.0
O0044951,C028413,2024-09-18,Store,S014,Completed,Debit Card,0.0
O0044958,C009301,2024-09-18,Store,S009,Returned,Debit Card,0.0
O0044959,C009682,2024-09-18,Online,,Completed,Debit Card,1.59
O0044962,C023355,2024-09-18,Online,,Completed,Digital Wallet,3.9
O0044965,C017017,2024-09-18,Online,,Completed,Digital Wallet,2.11
O0044977,C029574,2024-09-18,Store,S003,Completed,Gift Card,0.0
O0044981,C009846,2024-09-18,Pickup,S012,Completed,Debit Card,0.0
O0044982,C020821,2024-09-18,Online,,Completed,Credit Card,5.88
O0044987,C019262,2024-09-18,Online,,Completed,Debit Card,6.14
O0044993,C003581,2024-09-18,Online,,Completed,Credit Card,2.62
O0044994,C011777,2024-09-18,Online,,Completed,Gift Card,4.48
O0044995,C005340,2024-09-18,Store,S008,Completed,Credit Card,0.0
O0045006,C024877,2024-09-18,Online,, complete ,Debit Card,1.41
O0045009,C018183,2024-09-18,Online,,Returned,Credit Card,15.02
O0045016,C025275,2024-09-19,Store,S010,Completed,Debit Card,0.0
O0045027,C014741,2024-09-19,Store,S003,Completed,Credit Card,0.0
O0045038,C016027,2024-09-19,Online,,Completed,Credit Card,0.31
O0045041,C011404,2024-09-19,Store,S004,Completed,Credit Card,0.0
O0045057,C009203,2024-09-19,Online,,Returned,Digital Wallet,2.95
O0045059,C008035,2024-09-19,Pickup,S005,Completed,Credit Card,0.0
O0045065,C023980,2024-09-19,Pickup,S004, complete ,Credit Card,0.0
O0045072,C020905,2024-09-19,Store,S011,Completed,Debit Card,0.0
O0045073,C022115,2024-09-19,Online,,Completed,Debit Card,2.48
O0045074,C004795,2024-09-19,Pickup,S005,Cancelled,Debit Card,0.0
O0045082,C020240,2024-09-19,Pickup,S002,Completed,Credit Card,0.0
O0045089,C023664,2024-09-20,Store,S012,Completed,Gift Card,0.0
O0045108,C017841,2024-09-20,Online,,Cancelled,Credit Card,2.47
O0045109,C001338,2024-09-20,Pickup,S005,Completed,Credit Card,0.0
O0045115,C019315,2024-09-20,Store,S013,Completed,Gift Card,0.0
O0045123,C009565,2024-09-20,Online,,Completed,Debit Card,13.87
O0045157,C029271,2024-09-20,Store,S003,Completed,Digital Wallet,0.0
O0045164,C029601,2024-09-21,Store,S004,Completed,Debit Card,0.0
O0045166,C012216,2024-09-21,Pickup,S016,Completed,Digital Wallet,0.0
O0045184,C006033,2024-09-21,Store,S008,Completed,Digital Wallet,0.0
O0045187,C005554,2024-09-21,Online,,Completed,Debit Card,9.29
O0045190,C016470,2024-09-21,Online,,Completed,Digital Wallet,3.98
O0045204,C004814,2024-09-21,Online,,Completed,Credit Card,9.81
O0045212,C004144,2024-09-21,Pickup,S008,Completed,Credit Card,0.0
O0045223,C015774,2024-09-21,Pickup,S003,Completed,Digital Wallet,0.0
O0045242,C006789,2024-09-22,Store,S013,Completed,Credit Card,0.0
O0045269,C012426,2024-09-22,Store,S009,Completed,Debit Card,0.0
O0045275,C023709,2024-09-22,Store,S006,Completed,Gift Card,0.0
O0045284,C023980,2024-09-22,Store,S002,Completed,Digital Wallet,0.0
O0045285,C025816,2024-09-22,Store,S006,Completed,Debit Card,0.0
O0045302,C011897,2024-09-22,Pickup,S012,Completed,Credit Card,0.0
O0045303,C029162,2024-09-22,Online,,Completed,Debit Card,7.34
O0045345,C008481,2024-09-23,Online,,Completed,Digital Wallet,9.27
O0045380,C022086,2024-09-23,Online,,Completed,Credit Card,2.87
O0045390,C017698,2024-09-23,Store,S009,Completed,Gift Card,0.0
O0045392,C011062,2024-09-23,Store,S010,Completed,Digital Wallet,0.0
O0045393,C005672,2024-09-23,Online,,Returned,Credit Card,10.36
O0045398,C026788,2024-09-23,Pickup,S003,Completed,Credit Card,0.0
O0045404,C015023,2024-09-23,Online,,Completed,Credit Card,20.99
O0045407,C009899,2024-09-23,Pickup,S009,Completed,Debit Card,0.0
O0045412,C003489,2024-09-23,Online,,Completed,Credit Card,8.64
O0045414,C015462,2024-09-23,Store,S009,Completed,Digital Wallet,0.0
O0045415,C015784,2024-09-23,Online,,Completed,Credit Card,12.19
O0045422,C007648,2024-09-24,Store,S014,Completed,Credit Card,0.0
O0045425,C007504,2024-09-24,Store,S002,Completed,Debit Card,0.0
O0045426,C006798,2024-09-24,Online,,Completed,Digital Wallet,13.15
O0045427,C007780,2024-09-24,Online,,Completed,Debit Card,3.12
O0045432,C008880,2024-09-24,Online,,Completed,Debit Card,14.41
O0045451,C021040,2024-09-24,Online,,Completed,Credit Card,7.49
O0045456,C006530,2024-09-24,Pickup,S005,Completed,Debit Card,0.0
O0045459,C026052,2024-09-24,Store,S009,Completed,Credit Card,0.0
O0045470,C025355,2024-09-24,Store,S011,Completed,Credit Card,0.0
O0045477,C028213,2024-09-24,Store,S004,Completed,Credit Card,0.0
O0045483,C007677,2024-09-25,Pickup,S013,Completed,Digital Wallet,0.0
O0045485,C029597,2024-09-25,Online,,Completed,Credit Card,0.86
O0045486,C004373,2024-09-25,Online,,Completed,Credit Card,1.8
O0045498,C009903,2024-09-25,Store,S009,Completed,Debit Card,0.0
O0045501,C012793,2024-09-25,Store,S002,Completed,Gift Card,0.0
O0045514,C026608,2024-09-25,Store,S008,Completed,Gift Card,0.0
O0045527,C014615,2024-09-25,Online,,Returned,Credit Card,2.26
O0045539,C026681,2024-09-25,Store,S008,Completed,Debit Card,0.0
O0045551,C003287,2024-09-25,Online,,Returned,Digital Wallet,7.63
O0045558,C016835,2024-09-25,Online,,Completed,Debit Card,2.96
O0045562,C025615,2024-09-26,Online,,Returned,Credit Card,2.64
O0045563,C018981,2024-09-26,Store,S015,Completed,Debit Card,0.0
O0045585,C028631,2024-09-26,Online,,Completed,Credit Card,4.86
O0045596,C027715,2024-09-26,Online,,Completed,Credit Card,11.86
O0045598,C014444,2024-09-26,Store,S010,Completed,Digital Wallet,0.0
O0045612,C010400,2024-09-26,Pickup,S008,Completed,Debit Card,0.0
O0045614,C006715,2024-09-26,Online,,Completed,Credit Card,8.38
O0045616,C029358,2024-09-26,Online,,Completed,Credit Card,5.72
O0045622,C020318,2024-09-26,Online,,Completed,Debit Card,5.9
O0045624,C004986,2024-09-26,Online,,Completed,Digital Wallet,5.36
O0045640,C016557,2024-09-27,Store,S008,Completed,Credit Card,0.0
O0045647,C028628,2024-09-27,Online,,Completed,Credit Card,4.32
O0045651,C004914,2024-09-27,Online,,Completed,Credit Card,6.88
O0045658,C028062,2024-09-27,Store,S007,Completed,Digital Wallet,0.0
O0045678,C007653,2024-09-27,Online,,Completed,Credit Card,1.61
O0045684,C012355,2024-09-27,Store,S007,Returned,Digital Wallet,0.0
O0045729,C014330,2024-09-28,Store,S004,Returned,Credit Card,0.0
O0045750,C018785,2024-09-28,Online,,Completed,Credit Card,11.38
O0045751,C012012,2024-09-28,Online,,Completed,Debit Card,6.83
O0045754,C016551,2024-09-28,Online,,Returned,Credit Card,4.19
O0045761,C008226,2024-09-28,Store,S005,Completed,Credit Card,0.0
O0045767,C016011,2024-09-28,Store,S008,Completed,Debit Card,0.0
O0045784,C014574,2024-09-29,Store,S001,Completed,Digital Wallet,0.0
O0045799,C026483,2024-09-29,Online,,Completed,Digital Wallet,7.83
O0045812,C005349,2024-09-29,Store,S012,Completed,Debit Card,0.0
O0045813,C014146,2024-09-29,Online,,Cancelled,Credit Card,18.4
O0045815,C015545,2024-09-29,Store,S008,Completed,Debit Card,0.0
O0045818,C000481,2024-09-29,Pickup,S016,Completed,Digital Wallet,0.0
O0045822,C024340,2024-09-29,Pickup,S004,Completed,Credit Card,0.0
O0045828,C015244,2024-09-29,Store,S003,Completed,Debit Card,0.0
O0045840,C009166,2024-09-29,Online,,Completed,Digital Wallet,11.19
O0045842,C013721,2024-09-29,Online,,Completed,Digital Wallet,6.41
O0045844,C003519,2024-09-29,Store,S004,Completed,Credit Card,0.0
O0045845,C029384,2024-09-29,Online,,Completed,Digital Wallet,0.14
O0045849,C029753,2024-09-29,Store,S007,Completed,Digital Wallet,0.0
O0045853,C022687,2024-09-29,Pickup,S014,Completed,Debit Card,0.0
O0045888,C016738,2024-09-30,Pickup,S001,Completed,Digital Wallet,0.0
O0045890,C019385,2024-09-30,Online,,Completed,Credit Card,2.51
O0045907,C025821,2024-09-30,Store,S014,Completed,Debit Card,0.0
O0045911,C009972,2024-09-30,Online,,Completed,Credit Card,4.96
O0045916,C025181,2024-09-30,Store,S006,Completed,Debit Card,0.0
O0045919,C009321,2024-09-30,Online,,Completed,Credit Card,5.24
O0045928,C000853,2024-09-30,Online,,Completed,Digital Wallet,9.67
O0045945,C022618,2024-10-01,Online,,Completed,Gift Card,4.46
O0045950,C000313,2024-10-01,Pickup,S015,Completed,Debit Card,0.0
O0045959,C022235,2024-10-01,Store,S013,Completed,Credit Card,0.0
O0045964,C012585,2024-10-01,Online,,Completed,Digital Wallet,6.35
O0045965,C027603,2024-10-01,Store,S002,Completed,Debit Card,0.0
O0045974,C029495,2024-10-01,Online,,Completed,Debit Card,9.21
O0045995,C012974,2024-10-01,Online,,Completed,Debit Card,3.5
O0046005,C023459,2024-10-01,Online,,Completed,Digital Wallet,8.13
O0046006,C015548,2024-10-01,Online,,Completed,Debit Card,5.47
O0046007,C017987,2024-10-01,Store,S011,Completed,Credit Card,0.0
O0046010,C008148,2024-10-01,Store,S003,Completed,Credit Card,0.0
O0046014,C018004,2024-10-01,Store,S010,Completed,Credit Card,0.0
O0046028,C006704,2024-10-02,Store,S008,Returned,Digital Wallet,0.0
O0046043,C001967,2024-10-02,Store,S005,Completed,Credit Card,0.0
O0046053,C018613,2024-10-02,Online,,Completed,Debit Card,3.5
O0046060,C017463,2024-10-02,Online,,Cancelled,Gift Card,3.73
O0046064,C029858,2024-10-02,Online,,Completed,Debit Card,17.71
O0046066,C006429,2024-10-02,Store,S006,Completed,Credit Card,0.0
O0046082,C018888,2024-10-02,Pickup,S001,Completed,Credit Card,0.0
O0046090,C014790,2024-10-02,Online,,Completed,Credit Card,8.79
O0046093,C021656,2024-10-02,Store,S005,Completed,Credit Card,0.0
O0046100,C021150,2024-10-02,Store,S014,Completed,Credit Card,0.0
O0046109,C009085,2024-10-03,Online,,Completed,Debit Card,4.68
O0046121,C002765,2024-10-03,Store,S005,Completed,Credit Card,0.0
O0046123,C022797,2024-10-03,Online,,Completed,Digital Wallet,6.38
O0046129,C023842,2024-10-03,Online,,Completed,Debit Card,9.69
O0046133,C009316,2024-10-03,Store,S003,Completed,Digital Wallet,0.0
O0046134,C029659,2024-10-03,Pickup,S015,Completed,Credit Card,0.0
O0046135,C025756,2024-10-03,Store,S015,Completed,Debit Card,0.0
O0046136,C018958,2024-10-03,Store,S008,Returned,Credit Card,0.0
O0046137,C029358,2024-10-03,Online,,Returned,Digital Wallet,2.55
O0046138,C014338,2024-10-03,Online,,Completed,Digital Wallet,1.82
O0046160,C023350,2024-10-03,Online,,Completed,Credit Card,8.43
O0046164,C008021,2024-10-04,Store,S013,Completed,Credit Card,0.0
O0046165,C023309,2024-10-04,Online,,Completed,Credit Card,4.76
O0046182,C016414,2024-10-04,Online,,Cancelled,Debit Card,14.89
O0046187,C002745,2024-10-04,Store,S008,Completed,Credit Card,0.0
O0046194,C001457,2024-10-04,Online,,Completed,Digital Wallet,8.78
O0046199,C029916,2024-10-04,Store,S002,Completed,Credit Card,0.0
O0046200,C018364,2024-10-04,Pickup,S016,Completed,Credit Card,0.0
O0046201,C025559,2024-10-04,Online,,Completed,Credit Card,3.52
O0046203,C018387,2024-10-04,Online,,Completed,Debit Card,11.31
O0046206,C023965,2024-10-04,Online,,Completed,Digital Wallet,7.82
O0046212,C011068,2024-10-04,Online,,CANCELLED,Digital Wallet,20.71
O0046229,C007614,2024-10-04,Online,,Completed,Digital Wallet,16.57
O0046245,C025458,2024-10-05,Pickup,S016,Completed,Credit Card,0.0
O0046246,C002901,2024-10-05,Store,S002,Completed,Credit Card,0.0
O0046253,C013062,2024-10-05,Store,S001,Completed,Credit Card,0.0
O0046255,C003387,2024-10-05,Online,,Completed,Debit Card,12.97
O0046264,C028837,2024-10-05,Pickup,S002,Completed,Digital Wallet,0.0
O0046274,C006506,2024-10-05,Online,,Completed,Credit Card,4.67
O0046275,C009937,2024-10-05,Store,S005,Completed,Digital Wallet,0.0
O0046276,C026931,2024-10-05,Store,S015,Completed,Debit Card,0.0
O0046278,C010822,2024-10-05,Pickup,S002,Cancelled,Digital Wallet,0.0
O0046282,C028574,2024-10-05,Online,,Completed,Debit Card,0.48
O0046291,C003830,2024-10-05,Online,,Completed,Digital Wallet,8.32
O0046301,C014417,2024-10-05,Online,,Completed,Credit Card,2.85
O0046308,C003483,2024-10-05,Store,S013,Completed,Credit Card,0.0
O0046309,C028213,2024-10-05,Online,,Completed,Digital Wallet,3.74
O0046311,C015077,2024-10-05,Store,S009,Completed,Digital Wallet,0.0
O0046314,C028419,2024-10-05,Online,,Completed,Digital Wallet,4.77
O0046330,C021020,2024-10-06,Online,,Completed,Digital Wallet,2.55
O0046331,C008378,2024-10-06,Pickup,S011,Completed,Debit Card,0.0
O0046344,C028983,2024-10-06,Online,,Completed,Digital Wallet,7.2
O0046354,C016399,2024-10-06,Store,S008,Completed,Debit Card,0.0
O0046364,C028695,2024-10-06,Pickup,S011,Completed,Credit Card,0.0
O0046370,C008590,2024-10-06,Store,S007,Completed,Credit Card,0.0
O0046387,C014875,2024-10-06,Store,S003,Completed,Debit Card,0.0
O0046397,C016604,2024-10-06,Store,S003,Returned,Digital Wallet,0.0
O0046399,C017615,2024-10-06,Online,,Completed,Credit Card,9.39
O0046400,C025059,2024-10-06,Online,,Completed,Digital Wallet,2.35
O0046403,C022844,2024-10-06,Store,S006,Completed,Credit Card,0.0
O0046411,C023629,2024-10-06,Store,S006,Completed,Digital Wallet,0.0
O0046417,C006690,2024-10-07,Store,S007,Completed,Credit Card,0.0
O0046426,C006215,2024-10-07,Store,S004,Completed,Credit Card,0.0
O0046452,C011467,2024-10-07,Online,,Completed,Credit Card,0.98
O0046464,C029732,2024-10-07,Online,,Returned,Credit Card,6.17
O0046467,C014919,2024-10-07,Store,S004,Completed,Digital Wallet,0.0
O0046485,C017593,2024-10-07,Store,S008,Returned,Credit Card,0.0
O0046493,C016613,2024-10-08,Pickup,S005,Completed,Credit Card,0.0
O0046504,C007668,2024-10-08,Store,S010,Completed,Gift Card,0.0
O0046521,C012585,2024-10-08,Online,,Completed,Digital Wallet,1.84
O0046530,C006215,2024-10-08,Store,S003,Completed,Credit Card,0.0
O0046548,C009332,2024-10-08,Store,S013,CANCELLED,Credit Card,0.0
O0046558,C019061,2024-10-08,Online,,Completed,Credit Card,9.68
O0046572,C003924,2024-10-09,Store,S015,Completed,Debit Card,0.0
O0046577,C006333,2024-10-09,Store,S010,Completed,Credit Card,0.0
O0046586,C019225,2024-10-09,Online,,Returned,Debit Card,4.76
O0046588,C025998,2024-10-09,Pickup,S013,Completed,Digital Wallet,0.0
O0046592,C025275,2024-10-09,Online,,Returned,Debit Card,18.24
O0046606,C007786,2024-10-09,Online,,Completed,Debit Card,0.87
O0046610,C008224,2024-10-09,Store,S001,Completed,Credit Card,0.0
O0046611,C014571,2024-10-09,Store,S009,Completed,Credit Card,0.0
O0046633,C009085,2024-10-09,Online,,Completed,Debit Card,4.21
O0046640,C028990,2024-10-10,Store,S008,Completed,Credit Card,0.0
O0046644,C008486,2024-10-10,Store,S013,Completed,Credit Card,0.0
O0046652,C026274,2024-10-10,Online,,Completed,Credit Card,11.5
O0046657,C024783,2024-10-10,Store,S006,Completed,Credit Card,0.0
O0046658,C021012,2024-10-10,Online,,Completed,Debit Card,4.94
O0046668,C020766,2024-10-10,Online,,Completed,Credit Card,2.77
O0046679,C008958,2024-10-10,Online,,Returned,Credit Card,17.03
O0046685,C015559,2024-10-10,Online,,Completed,Debit Card,0.72
O0046700,C006621,2024-10-10,Online,,Completed,Digital Wallet,6.31
O0046702,C005679,2024-10-10,Online,,Completed,Debit Card,10.14
O0046704,C017715,2024-10-10,Store,S003,Completed,Debit Card,0.0
O0046709,C020024,2024-10-10,Store,S013,Completed,Credit Card,0.0
O0046713,C001617,2024-10-10,Pickup,S006,Completed,Debit Card,0.0
O0046717,C001104,2024-10-10,Store,S004,Completed,Credit Card,0.0
O0046726,C000513,2024-10-10,Store,S004,Completed,Digital Wallet,0.0
O0046732,C007478,2024-10-11,Online,,Completed,Credit Card,10.64
O0046755,C009301,2024-10-11,Store,S009,Completed,Debit Card,0.0
O0046760,C012365,2024-10-11,Online,,Completed,Credit Card,11.75
O0046763,C019978,2024-10-11,Store,S006,Completed,Debit Card,0.0
O0046764,C000429,2024-10-11,Online,,Returned,Debit Card,3.34
O0046767,C009689,2024-10-11,Store,S012,Completed,Credit Card,0.0
O0046784,C006135,2024-10-11,Online,,Cancelled,Debit Card,3.98
O0046787,C010580,2024-10-11,Store,S003,Completed,Debit Card,0.0
O0046788,C012418,2024-10-11,Store,S014,Completed,Debit Card,0.0
O0046791,C016271,2024-10-11,Store,S011,Completed,Credit Card,0.0
O0046792,C025466,2024-10-11,Store,S007,Completed,Debit Card,0.0
O0046798,C018929,2024-10-11,Store,S007,Completed,Debit Card,0.0
O0046804,C004878,2024-10-11,Store,S011,Completed,Credit Card,0.0
O0046807,C023992,2024-10-11,Store,S004,Completed,Credit Card,0.0
O0046808,C011332,2024-10-11,Online,,Completed,Credit Card,1.56
O0046815,C016686,2024-10-12,Online,,Returned,Credit Card,4.18
O0046817,C007501,2024-10-12,Pickup,S012,Completed,Debit Card,0.0
O0046819,C023967,2024-10-12,Store,S008,Completed,Digital Wallet,0.0
O0046825,C017078,2024-10-12,Store,S004,Completed,Credit Card,0.0
O0046854,C015844,2024-10-12,Store,S004,Completed,Credit Card,0.0
O0046856,C009166,2024-10-12,Online,,Completed,Debit Card,0.65
O0046868,C023503,2024-10-12,Pickup,S008,Completed,Credit Card,0.0
O0046870,C001283,2024-10-12,Online,,Completed,Debit Card,2.47
O0046873,C017912,2024-10-12,Store,S004,Completed,Digital Wallet,0.0
O0046880,C024166,2024-10-12,Online,,Completed,Gift Card,4.74
O0046884,C005326,2024-10-12,Store,S004,Returned,Credit Card,0.0
O0046885,C027908,2024-10-12,Store,S006,Completed,Debit Card,0.0
O0046898,C015538,2024-10-12,Online,,Completed,Debit Card,19.78
O0046900,C018981,2024-10-12,Store,S013,Completed,Credit Card,0.0
O0046948,C000352,2024-10-13,Store,S001,Completed,Credit Card,0.0
O0046952,C016975,2024-10-13,Store,S003,Completed,Digital Wallet,0.0
O0046961,C026454,2024-10-13,Online,,Completed,Gift Card,5.75
O0046972,C003470,2024-10-13,Pickup,S001,Completed,Credit Card,0.0
O0046986,C014256,2024-10-13,Online,,Completed,Digital Wallet,14.31
O0046994,C018267,2024-10-13,Online,,Completed,Credit Card,2.09
O0047012,C024356,2024-10-14,Store,S002,Completed,Credit Card,0.0
O0047016,C015949,2024-10-14,Store,S011,Completed,Digital Wallet,0.0
O0047025,C020352,2024-10-14,Store,S016,Completed,Digital Wallet,0.0
O0047046,C005641,2024-10-14,Online,,Completed,Digital Wallet,2.43
O0047047,C010736,2024-10-14,Pickup,S007,Completed,Credit Card,0.0
O0047055,C003470,2024-10-14,Store,S002,Completed,Digital Wallet,0.0
O0047059,C018498,2024-10-14,Online,,Completed,Credit Card,6.25
O0047060,C003843,2024-10-14,Store,S011,Completed,Credit Card,0.0
O0047068,C015228,2024-10-14,Store,S007,Completed,Debit Card,0.0
O0047072,C028358,2024-10-14,Online,,Completed,Credit Card,7.29
O0047073,C024576,2024-10-14,Store,S014,Completed,Digital Wallet,0.0
O0047075,C007176,2024-10-14,Online,,Completed,Digital Wallet,10.28
O0047082,C011332,2024-10-14,Online,,Returned,Debit Card,20.08
O0047107,C025338,2024-10-15,Online,,Completed,Debit Card,5.54
O0047118,C025340,2024-10-15,Pickup,S007,Completed,Credit Card,0.0
O0047119,C020071,2024-10-15,Online,,Completed,Credit Card,10.2
O0047124,C007526,2024-10-15,Online,,Completed,Credit Card,7.28
O0047133,C002768,2024-10-15,Online,,Completed,Digital Wallet,11.96
O0047147,C021742,2024-10-15,Online,,Completed,Credit Card,7.34
O0047148,C023424,2024-10-15,Online,,Completed,Credit Card,4.39
O0047149,C019636,2024-10-15,Online,,Completed,Credit Card,4.76
O0047160,C020433,2024-10-15,Online,,Completed,Debit Card,3.72
O0047171,C010093,2024-10-15,Online,,Returned,Digital Wallet,1.69
O0047175,C008179,2024-10-16,Pickup,S001,Returned,Credit Card,0.0
O0047201,C001805,2024-10-16,Store,S008,Completed,Credit Card,0.0
O0047207,C012408,2024-10-16,Online,,Completed,Debit Card,4.0
O0047212,C025265,2024-10-16,Online,,Completed,Credit Card,4.22
O0047214,C003231,2024-10-16,Store,S007,Completed,Gift Card,0.0
O0047216,C016294,2024-10-16,Store,S008,Cancelled,Debit Card,0.0
O0047223,C015136,2024-10-16,Online,,Completed,Credit Card,2.53
O0047224,C008201,2024-10-16,Store,S004,Completed,Digital Wallet,0.0
O0047229,C023424,2024-10-16,Online,,Completed,Credit Card,7.08
O0047231,C018904,2024-10-16,Online,,Completed,Debit Card,1.19
O0047235,C001699,2024-10-16,Store,S013,Completed,Credit Card,0.0
O0047240,C012284,2024-10-16,Store,S013,Returned,Credit Card,0.0
O0047257,C011772,2024-10-16,Online,,Completed,Credit Card,4.26
O0047258,C019084,2024-10-16,Online,,Completed,Credit Card,6.45
O0047259,C008874,2024-10-16,Store,S003,Completed,Digital Wallet,0.0
O0047264,C009154,2024-10-17,Online,,Completed,Digital Wallet,5.96
O0047276,C017352,2024-10-17,Store,S003,Completed,Debit Card,0.0
O0047289,C019937,2024-10-17,Pickup,S007,Returned,Debit Card,0.0
O0047291,C004081,2024-10-17,Online,,Completed,Credit Card,6.22
O0047292,C000035,2024-10-17,Store,S005,Completed,Credit Card,0.0
O0047319,C023851,2024-10-17,Store,S015,Completed,Digital Wallet,0.0
O0047321,C010970,2024-10-17,Online,,Completed,Credit Card,27.02
O0047323,C019543,2024-10-17,Store,S007,Completed,Debit Card,0.0
O0047351,C023209,2024-10-18,Online,,Completed,Debit Card,0.47
O0047366,C018789,2024-10-18,Online,,Completed,Credit Card,10.59
O0047383,C000551,2024-10-18,Online,,Completed,Credit Card,3.0
O0047384,C026937,2024-10-18,Online,,Completed,Credit Card,3.05
O0047388,C026059,2024-10-18,Store,S007,Completed,Gift Card,0.0
O0047391,C021111,2024-10-18,Online,,Completed,Debit Card,11.6
O0047395,C005536,2024-10-18,Store,S013,Completed,Digital Wallet,0.0
O0047416,C003980,2024-10-18,Pickup,S007,Completed,Credit Card,0.0
O0047430,C026823,2024-10-19,Online,,Completed,Gift Card,10.79
O0047436,C003069,2024-10-19,Online,,Completed,Credit Card,9.14
O0047456,C001732,2024-10-19,Online,,Completed,Credit Card,6.09
O0047459,C024103,2024-10-19,Online,,Completed,Credit Card,7.28
O0047466,C009683,2024-10-19,Store,S007,Completed,Digital Wallet,0.0
O0047483,C024997,2024-10-19,Online,,Completed,Debit Card,8.84
O0047486,C011223,2024-10-19,Store,S011,Completed,Credit Card,0.0
O0047490,C014245,2024-10-19,Pickup,S002,Completed,Digital Wallet,0.0
O0047512,C012651,2024-10-19,Store,S014,Completed,Credit Card,0.0
O0047516,C006603,2024-10-20,Pickup,S002,Returned,Debit Card,0.0
O0047522,C005872,2024-10-20,Online,,Completed,Debit Card,2.2
O0047528,C014725,2024-10-20,Online,,Completed,Credit Card,2.46
O0047531,C023458,2024-10-20,Store,S006,Completed,Debit Card,0.0
O0047533,C012560,2024-10-20,Online,,Completed,Credit Card,4.55
O0047571,C013507,2024-10-20,Pickup,S010,Completed,Credit Card,0.0
O0047573,C006881,2024-10-20,Online,,Cancelled,Digital Wallet,4.88
O0047581,C022256,2024-10-20,Store,S010,Completed,Debit Card,0.0
O0047592,C020994,2024-10-20,Online,,Completed,Debit Card,2.84
O0047595,C015215,2024-10-20,Online,,Completed,Credit Card,2.99
O0047596,C002933,2024-10-20,Online,,Completed,Credit Card,5.41
O0047606,C023163,2024-10-21,Online,,Completed,Gift Card,3.79
O0047610,C025047,2024-10-21,Online,,Completed,Credit Card,2.92
O0047616,C007828,2024-10-21,Store,S005,Completed,Digital Wallet,0.0
O0047622,C026014,2024-10-21,Online,,Completed,Credit Card,11.23
O0047629,C013721,2024-10-21,Store,S005,Completed,Gift Card,0.0
O0047638,C020028,2024-10-21,Online,,Completed,Gift Card,7.06
O0047652,C019468,2024-10-21,Online,,Returned,Debit Card,3.35
O0047655,C010262,2024-10-21,Online,,Completed,Debit Card,7.4
O0047665,C009903,2024-10-21,Store,S011,Completed,Credit Card,0.0
O0047667,C022277,2024-10-21,Pickup,S003,Completed,Digital Wallet,0.0
O0047668,C024419,2024-10-21,Online,,Completed,Digital Wallet,5.6
O0047672,C000211,2024-10-21,Online,,Completed,Debit Card,15.5
O0047677,C024315,2024-10-21,Store,S002,Completed,Debit Card,0.0
O0047706,C023110,2024-10-22,Online,,Completed,Credit Card,1.33
O0047708,C022115,2024-10-22,Online,,Returned,Credit Card,4.44
O0047715,C004255,2024-10-22,Online,,Completed,Digital Wallet,7.34
O0047726,C017035,2024-10-22,Online,,Completed,Credit Card,5.15
O0047729,C008148,2024-10-22,Store,S003,Cancelled,Credit Card,0.0
O0047730,C011861,2024-10-22,Online,,Completed,Credit Card,7.22
O0047753,C018613,2024-10-22,Online,,Completed,Digital Wallet,19.56
O0047760,C021150,2024-10-22,Store,S016,Returned,Digital Wallet,0.0
O0047761,C009899,2024-10-22,Online,,Returned,Digital Wallet,8.59
O0047784,C012557,2024-10-23,Pickup,S009,Completed,Debit Card,0.0
O0047803,C010691,2024-10-23,Online,,Completed,Credit Card,1.64
O0047808,C005611,2024-10-23,Store,S009,Completed,Credit Card,0.0
O0047815,C014000,2024-10-23,Online,,Completed,Credit Card,3.32
O0047835,C017715,2024-10-23,Online,,Completed,Credit Card,3.18
O0047839,C017688,2024-10-23,Store,S006,Completed,Credit Card,0.0
O0047848,C029162,2024-10-23,Store,S006,Completed,Debit Card,0.0
O0047853,C017898,2024-10-23,Online,,Completed,Credit Card,9.59
O0047865,C008035,2024-10-24,Online,,Completed,Debit Card,3.32
O0047871,C024419,2024-10-24,Pickup,S006,Returned,Credit Card,0.0
O0047875,C017757,2024-10-24,Online,,Completed,Digital Wallet,2.16
O0047876,C019162,2024-10-24,Store,S001,Completed,Debit Card,0.0
O0047896,C002542,2024-10-24,Pickup,S005,Completed,Digital Wallet,0.0
O0047898,C026904,2024-10-24,Pickup,S015,Completed,Credit Card,0.0
O0047904,C013009,2024-10-24,Store,S001,Returned,Debit Card,0.0
O0047915,C019439,2024-10-24,Pickup,S016,Completed,Credit Card,0.0
O0047921,C022865,2024-10-24,Store,S016,Completed,Credit Card,0.0
O0047929,C013062,2024-10-24,Store,S001,Completed,Credit Card,0.0
O0047934,C011703,2024-10-24,Online,,Completed,Digital Wallet,7.36
O0047939,C018613,2024-10-24,Online,,Cancelled,Credit Card,1.09
O0047941,C014308,2024-10-24,Store,S010,Completed,Credit Card,0.0
O0047946,C005253,2024-10-24,Online,,Completed,Digital Wallet,6.19
O0047949,C012731,2024-10-24,Store,S013,Completed,Digital Wallet,0.0
O0047953,C010300,2024-10-24,Store,S012,Completed,Digital Wallet,0.0
O0047959,C016798,2024-10-25,Pickup,S006,Completed,Gift Card,0.0
O0047960,C024799,2024-10-25,Store,S014,Completed,Credit Card,0.0
O0047970,C012229,2024-10-25,Store,S007,Completed,Credit Card,0.0
O0047977,C017310,2024-10-25,Online,,Completed,Digital Wallet,7.69
O0047981,C016416,2024-10-25,Online,,Cancelled,Credit Card,3.19
O0047990,C023481,2024-10-25,Store,S004,Completed,Credit Card,0.0
O0047994,C026730,2024-10-25,Pickup,S003,Completed,Credit Card,0.0
O0048001,C008758,2024-10-25,Store,S014,Completed,Digital Wallet,0.0
O0048005,C003777,2024-10-25,Store,S003,Returned,Debit Card,0.0
O0048023,C006441,2024-10-25,Online,,Completed,Credit Card,5.81
O0048028,C020572,2024-10-25,Store,S004,Completed,Debit Card,0.0
O0048030,C004476,2024-10-25,Online,,Completed,Digital Wallet,5.72
O0048039,C022035,2024-10-25,Pickup,S003,Completed,Digital Wallet,0.0
O0048053,C022754,2024-10-26,Online,,Completed,Credit Card,9.87
O0048064,C029855,2024-10-26,Online,,Completed,Credit Card,5.61
O0048066,C028295,2024-10-26,Store,S009,Completed,Digital Wallet,0.0
O0048067,C017017,2024-10-26,Online,,Completed,Credit Card,6.01
O0048075,C003489,2024-10-26,Online,,Completed,Debit Card,7.36
O0048078,C020503,2024-10-26,Online,,Completed,Credit Card,3.79
O0048084,C023309,2024-10-26,Online,,Completed,Credit Card,9.56
O0048086,C019833,2024-10-26,Pickup,S002,Completed,Credit Card,0.0
O0048097,C001216,2024-10-26,Online,,Completed,Debit Card,2.5
O0048098,C017755,2024-10-26,Store,S013,Completed,Credit Card,0.0
O0048100,C015108,2024-10-26,Store,S005,Completed,Credit Card,0.0
O0048121,C020147,2024-10-26,Online,,Completed,Digital Wallet,3.5
O0048127,C002458,2024-10-26,Store,S016,Completed,Digital Wallet,0.0
O0048129,C016294,2024-10-26,Pickup,S008,Completed,Digital Wallet,0.0
O0048153,C014223,2024-10-27,Store,S016,Completed,Credit Card,0.0
O0048160,C017035,2024-10-27,Online,,Completed,Debit Card,18.2
O0048161,C025059,2024-10-27,Pickup,S005,Returned,Digital Wallet,0.0
O0048177,C029989,2024-10-27,Store,S002,Completed,Digital Wallet,0.0
O0048184,C022844,2024-10-27,Online,,Completed,Credit Card,9.25
O0048191,C017903,2024-10-27,Store,S013,Completed,Credit Card,0.0
O0048202,C000853,2024-10-27,Store,S012,Completed,Digital Wallet,0.0
O0048204,C012928,2024-10-27,Online,,Completed,Credit Card,6.12
O0048205,C017121,2024-10-27,Store,S005,Completed,Credit Card,0.0
O0048216,C016584,2024-10-28,Store,S004,Completed,Digital Wallet,0.0
O0048227,C014700,2024-10-28,Store,S012,Completed,Digital Wallet,0.0
O0048228,C000537,2024-10-28,Pickup,S012,Completed,Credit Card,0.0
O0048231,C021131,2024-10-28,Online,,Completed,Credit Card,9.33
O0048235,C028641,2024-10-28,Store,S005,Completed,Credit Card,0.0
O0048240,C011770,2024-10-28,Online,,Completed,Credit Card,9.5
O0048242,C016218,2024-10-28,Online,,Completed,Digital Wallet,5.33
O0048247,C029894,2024-10-28,Online,,Completed,Credit Card,10.53
O0048248,C001445,2024-10-28,Pickup,S012,Completed,Credit Card,0.0
O0048250,C008365,2024-10-28,Store,S005,Completed,Credit Card,0.0
O0048257,C009972,2024-10-28,Online,,Completed,Credit Card,2.68
O0048263,C011873,2024-10-28,Store,S013,Completed,Debit Card,0.0
O0048268,C002908,2024-10-28,Online,,Completed,Debit Card,2.03
O0048279,C018110,2024-10-28,Store,S009,Completed,Digital Wallet,0.0
O0048287,C011194,2024-10-29,Online,,Completed,Debit Card,11.83
O0048298,C020347,2024-10-29,Online,,Completed,Credit Card,7.46
O0048305,C024222,2024-10-29,Online,,Completed,Digital Wallet,9.01
O0048308,C001731,2024-10-29,Online,,Completed,Credit Card,14.53
O0048312,C018785,2024-10-29,Store,S008,Completed,Credit Card,0.0
O0048323,C012059,2024-10-29,Store,S002,Completed,Debit Card,0.0
O0048326,C003475,2024-10-29,Store,S014,Completed,Debit Card,0.0
O0048331,C027173,2024-10-29,Online,,Completed,Debit Card,8.13
O0048342,C025543,2024-10-29,Store,S004,Completed,Debit Card,0.0
O0048346,C009004,2024-10-29,Store,S005,Completed,Debit Card,0.0
O0048366,C001093,2024-10-29,Store,S007,Completed,Credit Card,0.0
O0048369,C013345,2024-10-29,Online,,Cancelled,Credit Card,3.0
O0048377,C021740,2024-10-30,Store,S009,Completed,Gift Card,0.0
O0048382,C018674,2024-10-30,Online,,Completed,Debit Card,2.96
O0048383,C003917,2024-10-30,Online,,Completed,Digital Wallet,15.68
O0048405,C022017,2024-10-30,Store,S004,Completed,Debit Card,0.0
O0048416,C021694,2024-10-30,Store,S008,Completed,Credit Card,0.0
O0048423,C008224,2024-10-30,Store,S003,Completed,Debit Card,0.0
O0048437,C013763,2024-10-30,Online,,Completed,Digital Wallet,5.48
O0048439,C027187,2024-10-30,Online,,Completed,Credit Card,4.31
O0048481,C024024,2024-10-31,Online,,Completed,Debit Card,5.49
O0048484,C027095,2024-10-31,Store,S001,Completed,Credit Card,0.0
O0048486,C011770,2024-10-31,Pickup,S015,Completed,Digital Wallet,0.0
O0048487,C008388,2024-10-31,Pickup,S006,Completed,Credit Card,0.0
O0048493,C025954,2024-10-31,Store,S010,Completed,Gift Card,0.0
O0048511,C023967,2024-11-01,Pickup,S008,Completed,Debit Card,0.0
O0048512,C021348,2024-11-01,Online,,Completed,Debit Card,3.01
O0048523,C014286,2024-11-01,Online,,Completed,Credit Card,4.87
O0048543,C000035,2024-11-01,Store,S005,Completed,Credit Card,0.0
O0048552,C017789,2024-11-01,Online,,Completed,Credit Card,1.37
O0048558,C016551,2024-11-01,Store,S002,Completed,Digital Wallet,0.0
O0048560,C006215,2024-11-01,Online,,Completed,Debit Card,7.41
O0048563,C008736,2024-11-01,Store,S002,Completed,Credit Card,0.0
O0048566,C023935,2024-11-01,Store,S011,Completed,Debit Card,0.0
O0048567,C023481,2024-11-01,Online,,Completed,Debit Card,4.03
O0048568,C023030,2024-11-01,Store,S016,Completed,Debit Card,0.0
O0048573,C028152,2024-11-01,Store,S012,Completed,Credit Card,0.0
O0048576,C025176,2024-11-01,Online,,Completed,Digital Wallet,4.86
O0048581,C026922,2024-11-01,Online,,Completed,Credit Card,2.59
O0048585,C018876,2024-11-01,Store,S010,Completed,Debit Card,0.0
O0048592,C004348,2024-11-01,Store,S003,Completed,Digital Wallet,0.0
O0048601,C009545,2024-11-01,Store,S006,Completed,Credit Card,0.0
O0048612,C016907,2024-11-01,Online,,Completed,Digital Wallet,2.63
O0048624,C028082,2024-11-02,Store,S008,Completed,Gift Card,0.0
O0048626,C010934,2024-11-02,Online,,Returned,Credit Card,7.5
O0048644,C004081,2024-11-02,Online,,Completed,Digital Wallet,11.23
O0048651,C008086,2024-11-02,Store,S011,Completed,Digital Wallet,0.0
O0048657,C027199,2024-11-02,Store,S005,Completed,Credit Card,0.0
O0048661,C008780,2024-11-02,Store,S006,Completed,Debit Card,0.0
O0048674,C007744,2024-11-02,Store,S004,Completed,Debit Card,0.0
O0048678,C007913,2024-11-02,Online,,Completed,Credit Card,2.51
O0048681,C013310,2024-11-02,Online,,Completed,Credit Card,1.69
O0048685,C024241,2024-11-02,Store,S013,Completed,Debit Card,0.0
O0048694,C023598,2024-11-02,Online,,Completed,Digital Wallet,8.39
O0048703,C005305,2024-11-02,Online,,Completed,Debit Card,2.88
O0048716,C023406,2024-11-02,Pickup,S009,Completed,Debit Card,0.0
O0048723,C007553,2024-11-02,Pickup,S016,Completed,Debit Card,0.0
O0048724,C014995,2024-11-02,Pickup,S006,Completed,Gift Card,0.0
O0048725,C003483,2024-11-02,Online,,Cancelled,Digital Wallet,14.5
O0048726,C007732,2024-11-02,Online,,Completed,Digital Wallet,3.38
O0048734,C012597,2024-11-02,Online,,Completed,Gift Card,8.38
O0048741,C014700,2024-11-02,Pickup,S011,Completed,Credit Card,0.0
O0048748,C006268,2024-11-03,Pickup,S004,Returned,Debit Card,0.0
O0048750,C006484,2024-11-03,Pickup,S001,Completed,Debit Card,0.0
O0048753,C002141,2024-11-03,Online,,Cancelled,Credit Card,3.0
O0048769,C019636,2024-11-03,Online,,Completed,Credit Card,3.01
O0048775,C019176,2024-11-03,Online,,Completed,Digital Wallet,6.53
O0048788,C017867,2024-11-03,Online,,Completed,Digital Wallet,3.33
O0048795,C019272,2024-11-03,Store,S004,Completed,Digital Wallet,0.0
O0048809,C014790,2024-11-03,Online,,Completed,Digital Wallet,5.9
O0048827,C006441,2024-11-03,Online,,Completed,Credit Card,3.98
O0048835,C000211,2024-11-03,Online,,Completed,Gift Card,14.61
O0048838,C009843,2024-11-03,Online,,Completed,Credit Card,4.48
O0048850,C024742,2024-11-03,Online,,Completed,Credit Card,5.07
O0048871,C023709,2024-11-04,Online,,Completed,Credit Card,5.54
O0048872,C009988,2024-11-04,Store,S008,Completed,Digital Wallet,0.0
O0048880,C007793,2024-11-04,Store,S008,Completed,Credit Card,0.0
O0048887,C026134,2024-11-04,Online,,Completed,Credit Card,14.91
O0048891,C004286,2024-11-04,Store,S009,Completed,Digital Wallet,0.0
O0048893,C008778,2024-11-04,Pickup,S008,Completed,Gift Card,0.0
O0048897,C006483,2024-11-04,Store,S012,Completed,Credit Card,0.0
O0048906,C017134,2024-11-04,Store,S002,Completed,Debit Card,0.0
O0048909,C000251,2024-11-04,Store,S004,Completed,Debit Card,0.0
O0048914,C003054,2024-11-04,Online,,Returned,Gift Card,9.86
O0048915,C024024,2024-11-04,Online,,Completed,Credit Card,3.06
O0048921,C021513,2024-11-04,Online,,Returned,Debit Card,13.15
O0048936,C029903,2024-11-04,Online,,Returned,Credit Card,5.11
O0048940,C021513,2024-11-04,Online,,Completed,Credit Card,9.54
O0048945,C021040,2024-11-04,Online,,Completed,Debit Card,9.32
O0048948,C025234,2024-11-04,Online,,Completed,Credit Card,21.96
O0048949,C026179,2024-11-04,Online,,Cancelled,Credit Card,10.31
O0048950,C008248,2024-11-04,Online,,Completed,Digital Wallet,4.09
O0048959,C008091,2024-11-04,Pickup,S005,Completed,Digital Wallet,0.0
O0048967,C021869,2024-11-04,Online,,Completed,Credit Card,4.35
O0048985,C011766,2024-11-05,Online,,Completed,Credit Card,10.86
O0048999,C011379,2024-11-05,Store,S007,Completed,Credit Card,0.0
O0049018,C003511,2024-11-05,Store,S007,Completed,Digital Wallet,0.0
O0049024,C028607,2024-11-05,Store,S001,Completed,Credit Card,0.0
O0049025,C027999,2024-11-05,Store,S004,Completed,Credit Card,0.0
O0049032,C026320,2024-11-05,Online,,Completed,Debit Card,2.74
O0049033,C025340,2024-11-05,Online,,Completed,Credit Card,6.21
O0049039,C026602,2024-11-05,Store,S014,Completed,Debit Card,0.0
O0049048,C015002,2024-11-05,Online,,Completed,Digital Wallet,12.91
O0049049,C003266,2024-11-05,Online,,Cancelled,Credit Card,2.29
O0049076,C011525,2024-11-05,Online,,Completed,Gift Card,6.82
O0049079,C029430,2024-11-05,Online,,Completed,Gift Card,5.77
O0049082,C005041,2024-11-05,Store,S003,Completed,Credit Card,0.0
O0049086,C013619,2024-11-05,Pickup,S008,Completed,Debit Card,0.0
O0049087,C000739,2024-11-05,Store,S008,Completed,Credit Card,0.0
O0049090,C010885,2024-11-05,Online,,Completed,Debit Card,3.37
O0049095,C021962,2024-11-06,Online,,Completed,Debit Card,3.58
O0049107,C019729,2024-11-06,Store,S004,Completed,Credit Card,0.0
O0049116,C023437,2024-11-06,Store,S001,Cancelled,Credit Card,0.0
O0049119,C026085,2024-11-06,Store,S003,Completed,Debit Card,0.0
O0049123,C003051,2024-11-06,Online,,Completed,Digital Wallet,3.66
O0049133,C022687,2024-11-06,Online,,Completed,Digital Wallet,6.7
O0049150,C014000,2024-11-06,Online,,Completed,Gift Card,6.45
O0049152,C002222,2024-11-06,Online,,Completed,Gift Card,3.72
O0049154,C011891,2024-11-06,Online,,Completed,Digital Wallet,1.41
O0049167,C026915,2024-11-06,Online,,Completed,Gift Card,9.48
O0049176,C003243,2024-11-06,Online,,Completed,Digital Wallet,9.92
O0049179,C026788,2024-11-06,Online,,Completed,Credit Card,2.01
O0049180,C017279,2024-11-06,Store,S015,Completed,Debit Card,0.0
O0049185,C001445,2024-11-06,Online,,Completed,Digital Wallet,16.56
O0049186,C008224,2024-11-06,Online,,Completed,Credit Card,11.07
O0049207,C013578,2024-11-06,Pickup,S001,Completed,Digital Wallet,0.0
O0049208,C000665,2024-11-06,Store,S013,Completed,Credit Card,0.0
O0049217,C000574,2024-11-07,Store,S004,Completed,Credit Card,0.0
O0049218,C012427,2024-11-07,Online,,Completed,Credit Card,4.3
O0049228,C006742,2024-11-07,Online,,Completed,Credit Card,3.9
O0049229,C002169,2024-11-07,Pickup,S005,Completed,Credit Card,0.0
O0049239,C017336,2024-11-07,Pickup,S002,Completed,Digital Wallet,0.0
O0049240,C022710,2024-11-07,Online,,Completed,Credit Card,7.38
O0049242,C013856,2024-11-07,Pickup,S007,Completed,Debit Card,0.0
O0049247,C029428,2024-11-07,Pickup,S011,Completed,Credit Card,0.0
O0049272,C027943,2024-11-07,Store,S006,Completed,Digital Wallet,0.0
O0049284,C010129,2024-11-07,Online,,Completed,Credit Card,6.71
O0049287,C003069,2024-11-07,Online,,Returned,Credit Card,1.99
O0049294,C026395,2024-11-07,Online,,Returned,Debit Card,5.58
O0049296,C024083,2024-11-07,Online,,Completed,Credit Card,5.19
O0049300,C023735,2024-11-07,Store,S012,Completed,Debit Card,0.0
O0049304,C019377,2024-11-07,Online,,Completed,Credit Card,0.1
O0049312,C029855,2024-11-07,Online,,Completed,Credit Card,5.0
O0049314,C016240,2024-11-07,Store,S015,Completed,Digital Wallet,0.0
O0049316,C008414,2024-11-07,Store,S015,Completed,Credit Card,0.0
O0049332,C022831,2024-11-08,Store,S011,Completed,Debit Card,0.0
O0049342,C019807,2024-11-08,Store,S016,Returned,Credit Card,0.0
O0049345,C020162,2024-11-08,Online,,Completed,Digital Wallet,7.46
O0049349,C005554,2024-11-08,Online,,Completed,Credit Card,0.46
O0049358,C029112,2024-11-08,Online,,Completed,Credit Card,4.48
O0049379,C001139,2024-11-08,Store,S003,Completed,Credit Card,0.0
O0049380,C021602,2024-11-08,Online,,Completed,Credit Card,11.54
O0049386,C011205,2024-11-08,Online,,Completed,Credit Card,7.65
O0049387,C004846,2024-11-08,Store,S004,Completed,Debit Card,0.0
O0049398,C008239,2024-11-08,Store,S003,Completed,Debit Card,0.0
O0049406,C005082,2024-11-08,Online,,Completed,Credit Card,1.53
O0049425,C000551,2024-11-08,Store,S014,Completed,Digital Wallet,0.0
O0049426,C014406,2024-11-08,Online,,Completed,Credit Card,3.95
O0049427,C007101,2024-11-08,Online,,Completed,Digital Wallet,2.54
O0049428,C012557,2024-11-08,Online,,Returned,Debit Card,9.8
O0049434,C020521,2024-11-08,Store,S004,Completed,Digital Wallet,0.0
O0049450,C007446,2024-11-08,Store,S011,Completed,Credit Card,0.0
O0049458,C007653,2024-11-08,Pickup,S013,Completed,Credit Card,0.0
O0049460,C007279,2024-11-08,Store,S011,Returned,Digital Wallet,0.0
O0049475,C010782,2024-11-09,Online,,Completed,Digital Wallet,7.26
O0049507,C012075,2024-11-09,Online,,Completed,Credit Card,2.16
O0049510,C017035,2024-11-09,Online,,Completed,Debit Card,6.94
O0049524,C007733,2024-11-09,Store,S015,Completed,Digital Wallet,0.0
O0049526,C026923,2024-11-09,Pickup,S003,Completed,Digital Wallet,0.0
O0049532,C013621,2024-11-09,Online,,Completed,Credit Card,11.9
O0049534,C020724,2024-11-09,Store,S006,Completed,Gift Card,0.0
O0049536,C002650,2024-11-09,Store,S003,Completed,Credit Card,0.0
O0049544,C018336,2024-11-09,Online,,Completed,Credit Card,6.9
O0049557,C004283,2024-11-09,Online,,Completed,Credit Card,1.3
O0049560,C017698,2024-11-09,Online,,Completed,Debit Card,13.24
O0049567,C010883,2024-11-09,Store,S010,Completed,Credit Card,0.0
O0049568,C024931,2024-11-09,Online,,Completed,Credit Card,6.89
O0049571,C014000,2024-11-09,Store,S003,Completed,Credit Card,0.0
O0049582,C024815,2024-11-10,Online,,Completed,Debit Card,3.53
O0049595,C001513,2024-11-10,Online,,Completed,Debit Card,6.48
O0049619,C026088,2024-11-10,Store,S008,Completed,Debit Card,0.0
O0049654,C021314,2024-11-10,Store,S001,Completed,Credit Card,0.0
O0049660,C005285,2024-11-10,Pickup,S002,Completed,Digital Wallet,0.0
O0049666,C014249,2024-11-10,Online,,Completed,Credit Card,4.82
O0049693,C020766,2024-11-10,Online,,Completed,Digital Wallet,4.75
O0049698,C007504,2024-11-10,Pickup,S003,Completed,Debit Card,0.0
O0049709,C016838,2024-11-10,Store,S012,Completed,Gift Card,0.0
O0049710,C020392,2024-11-10,Online,,Completed,Debit Card,3.29
O0049713,C005599,2024-11-10,Store,S005,Cancelled,Debit Card,0.0
O0049719,C003581,2024-11-10,Online,,Completed,Credit Card,14.47
O0049724,C022297,2024-11-11,Store,S015,Completed,Credit Card,0.0
O0049742,C008248,2024-11-11,Store,S001,Completed,Credit Card,0.0
O0049761,C010778,2024-11-11,Online,,Completed,Credit Card,9.72
O0049766,C013535,2024-11-11,Pickup,S009,Returned,Credit Card,0.0
O0049767,C019403,2024-11-11,Store,S004,Completed,Debit Card,0.0
O0049784,C018369,2024-11-11,Store,S003,Completed,Credit Card,0.0
O0049786,C014215,2024-11-11,Store,S001,Completed,Credit Card,0.0
O0049809,C025075,2024-11-11,Store,S008,Completed,Debit Card,0.0
O0049813,C024647,2024-11-11,Pickup,S014,Completed,Debit Card,0.0
O0049830,C023386,2024-11-12,Online,,Completed,Credit Card,2.19
O0049849,C022329,2024-11-12,Online,,Completed,Credit Card,1.68
O0049851,C015108,2024-11-12,Online,,Completed,Credit Card,1.1
O0049856,C010657,2024-11-12,Online,,Completed,Credit Card,1.32
O0049871,C008650,2024-11-12,Pickup,S002,Cancelled,Digital Wallet,0.0
O0049877,C002085,2024-11-12,Store,S013,Completed,Credit Card,0.0
O0049878,C001691,2024-11-12,Store,S011,Completed,Credit Card,0.0
O0049886,C020889,2024-11-12,Online,,Completed,Credit Card,1.01
O0049894,C015080,2024-11-12,Store,S014,Completed,Credit Card,0.0
O0049899,C025274,2024-11-12,Online,,Completed,Credit Card,6.23
O0049910,C017891,2024-11-12,Online,,Completed,Digital Wallet,3.25
O0049912,C012711,2024-11-12,Store,S008,Completed,Credit Card,0.0
O0049933,C025884,2024-11-12,Store,S015,Completed,Digital Wallet,0.0
O0049955,C027275,2024-11-13,Online,,Completed,Credit Card,3.05
O0049965,C024120,2024-11-13,Store,S003,Completed,Digital Wallet,0.0
O0049966,C011734,2024-11-13,Store,S005,Cancelled,Digital Wallet,0.0
O0049967,C018372,2024-11-13,Store,S010,Completed,Credit Card,0.0
O0049972,C010959,2024-11-13,Online,,Returned,Gift Card,2.58
O0049980,C020219,2024-11-13,Online,,Completed,Credit Card,14.78
O0049984,C023598,2024-11-13,Store,S013,Completed,Debit Card,0.0
O0049986,C011153,2024-11-13,Store,S006,Completed,Credit Card,0.0
O0049991,C022086,2024-11-13,Pickup,S002,Completed,Debit Card,0.0
O0049999,C022287,2024-11-13,Pickup,S006,Completed,Credit Card,0.0
O0050005,C029072,2024-11-13,Online,,Cancelled,Credit Card,10.06
O0050015,C007101,2024-11-13,Online,,Completed,Credit Card,11.28
O0050023,C020905,2024-11-13,Online,,Completed,Credit Card,6.22
O0050028,C015063,2024-11-13,Online,,Completed,Credit Card,4.9
O0050043,C017434,2024-11-13,Store,S016,Completed,Credit Card,0.0
O0050046,C028837,2024-11-13,Online,,Completed,Credit Card,16.45
O0050057,C010987,2024-11-14,Pickup,S001,Completed,Debit Card,0.0
O0050062,C028334,2024-11-14,Store,S007,Completed,Credit Card,0.0
O0050066,C018791,2024-11-14,Online,,Completed,Credit Card,5.74
O0050067,C005861,2024-11-14,Online,,Completed,Credit Card,5.57
O0050081,C017069,2024-11-14,Online,,Cancelled,Debit Card,10.96
O0050083,C007302,2024-11-14,Online,,Completed,Gift Card,3.39
O0050084,C025572,2024-11-14,Store,S003,Completed,Gift Card,0.0
O0050088,C002321,2024-11-14,Online,,Completed,Debit Card,5.72
O0050099,C027875,2024-11-14,Store,S008,Completed,Credit Card,0.0
O0050127,C013029,2024-11-14,Online,,Completed,Credit Card,9.93
O0050128,C019682,2024-11-14,Online,,Completed,Credit Card,5.29
O0050130,C005501,2024-11-14,Pickup,S004,Completed,Credit Card,0.0
O0050139,C021656,2024-11-14,Store,S007,Completed,Gift Card,0.0
O0050154,C028686,2024-11-15,Online,,Completed,Credit Card,7.08
O0050170,C014443,2024-11-15,Online,,Returned,Credit Card,8.94
O0050183,C012750,2024-11-15,Online,,Completed,Digital Wallet,8.81
O0050191,C010611,2024-11-15,Store,S006,Completed,Credit Card,0.0
O0050194,C018241,2024-11-15,Store,S015,Completed,Digital Wallet,0.0
O0050196,C015956,2024-11-15,Online,,Completed,Credit Card,20.2
O0050199,C026555,2024-11-15,Online,,Completed,Digital Wallet,6.08
O0050208,C002981,2024-11-15,Pickup,S009,Completed,Digital Wallet,0.0
O0050210,C002542,2024-11-15,Online,,Completed,Debit Card,4.95
O0050216,C023212,2024-11-15,Store,S015,Completed,Debit Card,0.0
O0050223,C007203,2024-11-15,Store,S012,Completed,Credit Card,0.0
O0050231,C003980,2024-11-15,Online,,Completed,Credit Card,13.41
O0050232,C021131,2024-11-15,Online,,Completed,Debit Card,5.12
O0050236,C010145,2024-11-15,Online,,Returned,Credit Card,8.05
O0050262,C023119,2024-11-15,Online,,Completed,Digital Wallet,2.62
O0050272,C017269,2024-11-15,Online,,Completed,Credit Card,2.84
O0050275,C022200,2024-11-15,Online,,Completed,Digital Wallet,5.63
O0050281,C018529,2024-11-16,Store,S004,Completed,Credit Card,0.0
O0050285,C014700,2024-11-16,Store,S012,Completed,Credit Card,0.0
O0050291,C004247,2024-11-16,Online,,Completed,Digital Wallet,0.63
O0050292,C017009,2024-11-16,Store,S016,Completed,Credit Card,0.0
O0050296,C001139,2024-11-16,Online,,Completed,Credit Card,1.65
O0050300,C003595,2024-11-16,Store,S014,Completed,Debit Card,0.0
O0050311,C003442,2024-11-16,Store,S015,Completed,Debit Card,0.0
O0050314,C017600,2024-11-16,Store,S012,Completed,Debit Card,0.0
O0050328,C015638,2024-11-16,Online,,Completed,Credit Card,0.77
O0050334,C024147,2024-11-16,Online,,Completed,Credit Card,7.73
O0050341,C003101,2024-11-16,Store,S016,Completed,Credit Card,0.0
O0050342,C009170,2024-11-16,Store,S001,Cancelled,Credit Card,0.0
O0050349,C013885,2024-11-16,Online,,Completed,Credit Card,5.95
O0050354,C007203,2024-11-16,Store,S011,Completed,Digital Wallet,0.0
O0050356,C023924,2024-11-16,Store,S005,Completed,Credit Card,0.0
O0050364,C012969,2024-11-16,Online,,Completed,Debit Card,3.99
O0050370,C018785,2024-11-16,Online,,Completed,Credit Card,3.87
O0050373,C017600,2024-11-16,Pickup,S011,Completed,Digital Wallet,0.0
O0050379,C024247,2024-11-16,Online,,Completed,Credit Card,2.53
O0050383,C020257,2024-11-16,Store,S012,Completed,Gift Card,0.0
O0050389,C013633,2024-11-16,Store,S014,Completed,Credit Card,0.0
O0050394,C007686,2024-11-16,Store,S014,Completed,Debit Card,0.0
O0050399,C026399,2024-11-16,Store,S009,Completed,Digital Wallet,0.0
O0050405,C015514,2024-11-16,Store,S002,Completed,Digital Wallet,0.0
O0050408,C012703,2024-11-16,Store,S005,Completed,Debit Card,0.0
O0050416,C012426,2024-11-16,Online,,Completed,Credit Card,4.21
O0050430,C014443,2024-11-17,Online,,Completed,Credit Card,8.68
O0050437,C026799,2024-11-17,Online,,Completed,Credit Card,4.77
O0050440,C026937,2024-11-17,Store,S013,Completed,Debit Card,0.0
O0050443,C003704,2024-11-17,Online,,Completed,Debit Card,8.53
O0050445,C012557,2024-11-17,Online,,Cancelled,Debit Card,4.5
O0050450,C011579,2024-11-17,Store,S010,Completed,Credit Card,0.0
O0050452,C012147,2024-11-17,Store,S007,Completed,Credit Card,0.0
O0050456,C022671,2024-11-17,Store,S004,Completed,Credit Card,0.0
O0050466,C004703,2024-11-17,Pickup,S008,Completed,Digital Wallet,0.0
O0050468,C010877,2024-11-17,Store,S001,Completed,Credit Card,0.0
O0050469,C028054,2024-11-17,Store,S007,Completed,Credit Card,0.0
O0050478,C013361,2024-11-17,Online,,Completed,Digital Wallet,4.16
O0050487,C025628,2024-11-17,Pickup,S016,Completed,Credit Card,0.0
O0050490,C023662,2024-11-17,Store,S002,Completed,Debit Card,0.0
O0050524,C001114,2024-11-17,Online,,Completed,Digital Wallet,0.51
O0050537,C011991,2024-11-17,Store,S009,Completed,Credit Card,0.0
O0050539,C001139,2024-11-17,Online,,Cancelled,Debit Card,3.02
O0050544,C003264,2024-11-17,Online,,Completed,Debit Card,11.67
O0050547,C023588,2024-11-17,Online,,Completed,Gift Card,8.95
O0050549,C029519,2024-11-17,Store,S008,Completed,Credit Card,0.0
O0050550,C015023,2024-11-17,Store,S005,Completed,Digital Wallet,0.0
O0050561,C026548,2024-11-18,Store,S016,CANCELLED,Debit Card,0.0
O0050562,C022749,2024-11-18,Store,S016,Completed,Credit Card,0.0
O0050565,C002719,2024-11-18,Store,S006,Completed,Credit Card,0.0
O0050571,C022592,2024-11-18,Store,S004,Completed,Credit Card,0.0
O0050597,C022086,2024-11-18,Online,,Completed,Credit Card,1.66
O0050598,C007500,2024-11-18,Store,S016,Completed,Debit Card,0.0
O0050600,C001191,2024-11-18,Store,S009,Completed,Credit Card,0.0
O0050606,C010382,2024-11-18,Store,S016,Returned,Debit Card,0.0
O0050619,C005333,2024-11-18,Online,,Completed,Credit Card,4.05
O0050624,C028852,2024-11-18,Store,S015,Completed,Credit Card,0.0
O0050628,C020131,2024-11-18,Online,,Completed,Credit Card,4.66
O0050630,C001924,2024-11-18,Online,,Completed,Credit Card,6.49
O0050642,C017829,2024-11-18,Store,S008,Completed,Debit Card,0.0
O0050643,C003283,2024-11-18,Store,S005,Completed,Digital Wallet,0.0
O0050646,C003549,2024-11-18,Online,,Returned,Credit Card,4.66
O0050650,C023772,2024-11-18,Store,S008,Completed,Credit Card,0.0
O0050652,C029364,2024-11-18,Online,,Completed,Credit Card,3.49
O0050654,C009699,2024-11-18,Pickup,S006,Completed,Credit Card,0.0
O0050660,C017032,2024-11-18,Online,,Completed,Gift Card,1.87
O0050670,C009227,2024-11-18,Store,S005,Completed,Credit Card,0.0
O0050679,C009304,2024-11-18,Store,S009,Completed,Credit Card,0.0
O0050682,C003330,2024-11-18,Online,,Completed,Digital Wallet,7.24
O0050694,C027831,2024-11-19,Online,,Completed,Credit Card,4.65
O0050704,C014633,2024-11-19,Online,,Completed,Debit Card,3.11
O0050706,C025408,2024-11-19,Pickup,S013,Completed,Credit Card,0.0
O0050722,C005082,2024-11-19,Store,S010,Completed,Credit Card,0.0
O0050724,C010981,2024-11-19,Online,,Completed,Digital Wallet,6.97
O0050727,C012203,2024-11-19,Online,,Completed,Credit Card,1.03
O0050728,C029752,2024-11-19,Online,,Completed,Credit Card,5.91
O0050731,C014771,2024-11-19,Store,S007,Returned,Credit Card,0.0
O0050734,C015244,2024-11-19,Store,S001,Completed,Credit Card,0.0
O0050742,C017269,2024-11-19,Store,S009,Completed,Credit Card,0.0
O0050748,C006704,2024-11-19,Store,S007,Completed,Gift Card,0.0
O0050749,C017121,2024-11-19,Store,S008,Completed,Credit Card,0.0
O0050766,C022161,2024-11-19,Store,S001,Completed,Digital Wallet,0.0
O0050768,C011248,2024-11-19,Online,,Completed,Digital Wallet,2.51
O0050772,C019637,2024-11-19,Store,S008,Returned,Debit Card,0.0
O0050773,C020312,2024-11-19,Pickup,S002,Completed,Credit Card,0.0
O0050777,C018125,2024-11-19,Store,S016,Completed,Credit Card,0.0
O0050784,C000703,2024-11-19,Pickup,S016,Returned,Digital Wallet,0.0
O0050791,C017482,2024-11-19,Store,S009,Completed,Debit Card,0.0
O0050794,C015001,2024-11-19,Store,S009,Completed,Digital Wallet,0.0
O0050802,C015774,2024-11-19,Online,,Completed,Debit Card,0.94
O0050803,C028817,2024-11-19,Online,,Completed,Credit Card,6.6
O0050804,C028598,2024-11-19,Online,,Completed,Credit Card,6.03
O0050805,C008410,2024-11-19,Pickup,S002,Returned,Credit Card,0.0
O0050806,C023717,2024-11-19,Store,S013,Returned,Credit Card,0.0
O0050808,C019377,2024-11-20,Store,S010,Completed,Credit Card,0.0
O0050813,C028032,2024-11-20,Store,S009,Completed,Debit Card,0.0
O0050814,C015644,2024-11-20,Online,,Returned,Credit Card,9.42
O0050823,C001662,2024-11-20,Online,,Completed,Debit Card,1.13
O0050834,C021144,2024-11-20,Online,,Completed,Digital Wallet,5.62
O0050844,C016558,2024-11-20,Online,,Completed,Digital Wallet,11.31
O0050851,C026874,2024-11-20,Store,S007,Completed,Credit Card,0.0
O0050865,C018549,2024-11-20,Store,S012,Completed,Credit Card,0.0
O0050871,C020802,2024-11-20,Store,S004,Completed,Debit Card,0.0
O0050876,C012520,2024-11-20,Online,,Completed,Debit Card,10.03
O0050881,C002950,2024-11-20,Pickup,S006,Completed,Digital Wallet,0.0
O0050883,C002141,2024-11-20,Store,S003,Completed,Credit Card,0.0
O0050884,C023119,2024-11-20,Online,,Completed,Digital Wallet,12.68
O0050886,C009190,2024-11-20,Online,,Completed,Gift Card,5.0
O0050896,C019156,2024-11-20,Pickup,S007,Completed,Debit Card,0.0
O0050902,C021642,2024-11-20,Online,,Completed,Debit Card,18.65
O0050906,C006485,2024-11-20,Store,S001,Completed,Credit Card,0.0
O0050910,C008162,2024-11-20,Online,,Completed,Debit Card,0.55
O0050912,C016587,2024-11-20,Store,S015,Completed,Debit Card,0.0
O0050915,C021524,2024-11-20,Online,,Completed,Digital Wallet,6.81
O0050920,C004635,2024-11-20,Online,,Completed,Debit Card,7.89
O0050922,C007269,2024-11-20,Store,S006,Completed,Credit Card,0.0
O0050925,C028295,2024-11-20,Online,,Completed,Credit Card,10.26
O0050930,C017472,2024-11-20,Online,,Returned,Debit Card,5.16
O0050959,C000345,2024-11-21,Online,,Completed,Digital Wallet,9.06
O0050962,C023339,2024-11-21,Store,S010,Completed,Credit Card,0.0
O0050965,C001613,2024-11-21,Online,,Completed,Digital Wallet,6.63
O0050997,C026298,2024-11-21,Online,,Completed,Digital Wallet,6.76
O0051008,C013401,2024-11-21,Store,S006,Returned,Credit Card,0.0
O0051013,C006152,2024-11-21,Store,S001,Completed,Digital Wallet,0.0
O0051014,C016984,2024-11-21,Store,S016,Completed,Credit Card,0.0
O0051015,C011861,2024-11-21,Online,,Completed,Credit Card,4.79
O0051041,C023594,2024-11-21,Store,S006,Completed,Credit Card,0.0
O0051050,C008296,2024-11-21,Online,,Completed,Credit Card,2.53
O0051052,C025884,2024-11-21,Store,S016,Completed,Credit Card,0.0
O0051053,C000574,2024-11-21,Online,,Completed,Digital Wallet,10.68
O0051058,C012043,2024-11-22,Store,S006,Completed,Digital Wallet,0.0
O0051085,C028702,2024-11-22,Store,S011,Completed,Digital Wallet,0.0
O0051086,C029219,2024-11-22,Online,,Completed,Digital Wallet,10.99
O0051088,C029815,2024-11-22,Store,S007,Completed,Debit Card,0.0
O0051089,C020131,2024-11-22,Pickup,S005,Completed,Debit Card,0.0
O0051090,C012527,2024-11-22,Online,,Completed,Digital Wallet,4.71
O0051092,C029344,2024-11-22,Store,S012,Completed,Credit Card,0.0
O0051106,C018876,2024-11-22,Store,S011,Completed,Credit Card,0.0
O0051116,C010561,2024-11-22,Online,,Completed,Debit Card,3.64
O0051126,C008224,2024-11-22,Store,S002,Completed,Debit Card,0.0
O0051129,C028990,2024-11-22,Online,,Completed,Credit Card,8.99
O0051133,C007485,2024-11-22,Store,S016,Completed,Debit Card,0.0
O0051135,C010024,2024-11-22,Online,,Completed,Credit Card,17.61
O0051140,C023629,2024-11-22,Online,,Completed,Credit Card,6.15
O0051144,C020443,2024-11-22,Online,,Completed,Credit Card,3.17
O0051146,C008197,2024-11-22,Online,,Cancelled,Debit Card,19.91
O0051155,C001685,2024-11-22,Store,S001,Completed,Debit Card,0.0
O0051157,C009434,2024-11-22,Store,S003,Completed,Debit Card,0.0
O0051158,C016202,2024-11-22,Online,,Completed,Digital Wallet,6.17
O0051166,C010088,2024-11-22,Store,S013,Completed,Digital Wallet,0.0
O0051171,C013539,2024-11-23,Online,,Completed,Credit Card,4.21
O0051177,C017796,2024-11-23,Online,,Completed,Credit Card,11.03
O0051180,C007506,2024-11-23,Pickup,S012,Completed,Credit Card,0.0
O0051186,C009402,2024-11-23,Online,,Returned,Digital Wallet,24.82
O0051187,C007176,2024-11-23,Online,,Completed,Credit Card,5.73
O0051225,C014751,2024-11-23,Online,,Completed,Credit Card,2.44
O0051228,C015343,2024-11-23,Online,,Completed,Credit Card,7.11
O0051240,C026665,2024-11-23,Pickup,S016,Completed,Credit Card,0.0
O0051247,C008630,2024-11-23,Pickup,S010,Completed,Credit Card,0.0
O0051266,C011506,2024-11-23,Online,,Completed,Credit Card,5.99
O0051267,C025628,2024-11-23,Store,S014,Completed,Credit Card,0.0
O0051271,C019287,2024-11-23,Online,,Returned,Credit Card,12.87
O0051290,C013029,2024-11-23,Online,,Completed,Digital Wallet,6.42
O0051298,C000873,2024-11-23,Online,,Completed,Digital Wallet,3.01
O0051304,C022186,2024-11-24,Store,S014,Completed,Credit Card,0.0
O0051307,C011136,2024-11-24,Online,,Completed,Gift Card,2.67
O0051312,C003793,2024-11-24,Online,,Completed,Credit Card,3.82
O0051330,C000517,2024-11-24,Store,S011,Completed,Credit Card,0.0
O0051331,C009568,2024-11-24,Online,,Completed,Digital Wallet,2.15
O0051334,C015193,2024-11-24,Online,,Completed,Credit Card,4.09
O0051335,C001731,2024-11-24,Online,,Completed,Credit Card,3.94
O0051337,C011074,2024-11-24,Pickup,S011,Completed,Digital Wallet,0.0
O0051351,C018599,2024-11-24,Pickup,S007,Completed,Digital Wallet,0.0
O0051359,C001890,2024-11-24,Store,S013,Completed,Credit Card,0.0
O0051366,C007566,2024-11-24,Online,,Completed,Credit Card,13.74
O0051383,C010145,2024-11-24,Store,S006,Completed,Digital Wallet,0.0
O0051384,C013819,2024-11-24,Online,,Completed,Digital Wallet,5.07
O0051389,C008148,2024-11-24,Store,S001,Completed,Debit Card,0.0
O0051392,C006434,2024-11-24,Online,,Completed,Digital Wallet,1.91
O0051400,C022257,2024-11-24,Online,,Completed,Credit Card,2.29
O0051404,C010657,2024-11-24,Pickup,S015,Completed,Credit Card,0.0
O0051407,C006978,2024-11-24,Pickup,S015,Completed,Digital Wallet,0.0
O0051410,C001451,2024-11-24,Store,S001,Completed,Credit Card,0.0
O0051414,C009723,2024-11-24,Store,S015,Completed,Debit Card,0.0
O0051422,C014764,2024-11-25,Online,,Completed,Debit Card,4.15
O0051444,C024667,2024-11-25,Pickup,S015,Completed,Credit Card,0.0
O0051454,C006940,2024-11-25,Online,,Completed,Digital Wallet,10.79
O0051463,C003579,2024-11-25,Store,S006,Completed,Debit Card,0.0
O0051465,C001963,2024-11-25,Store,S001,Completed,Digital Wallet,0.0
O0051466,C011265,2024-11-25,Pickup,S013,Completed,Digital Wallet,0.0
O0051470,C003793,2024-11-25,Online,,Completed,Credit Card,6.65
O0051471,C023693,2024-11-25,Online,,Completed,Credit Card,1.42
O0051478,C011683,2024-11-25,Store,S004,Completed,Debit Card,0.0
O0051482,C014007,2024-11-25,Store,S014,Completed,Debit Card,0.0
O0051492,C009382,2024-11-25,Store,S013,Completed,Gift Card,0.0
O0051493,C018398,2024-11-25,Pickup,S002,Completed,Credit Card,0.0
O0051499,C012407,2024-11-25,Online,,Completed,Credit Card,4.14
O0051506,C016416,2024-11-25,Store,S011,Completed,Digital Wallet,0.0
O0051514,C014919,2024-11-25,Online,,Completed,Credit Card,3.93
O0051531,C019126,2024-11-26,Store,S004,Completed,Digital Wallet,0.0
O0051539,C027775,2024-11-26,Store,S005,Returned,Debit Card,0.0
O0051545,C020686,2024-11-26,Store,S015,Completed,Digital Wallet,0.0
O0051552,C015987,2024-11-26,Online,,Completed,Debit Card,3.77
O0051553,C005534,2024-11-26,Online,,Returned,Credit Card,3.31
O0051558,C000197,2024-11-26,Store,S005,Completed,Credit Card,0.0
O0051562,C009792,2024-11-26,Store,S014,Completed,Credit Card,0.0
O0051588,C021047,2024-11-26,Online,,Completed,Credit Card,17.23
O0051589,C003924,2024-11-26,Store,S014,Completed,Debit Card,0.0
O0051594,C018969,2024-11-26,Online,,Completed,Debit Card,1.42
O0051596,C023629,2024-11-26,Store,S006,Completed,Digital Wallet,0.0
O0051618,C012012,2024-11-26,Store,S004,Completed,Debit Card,0.0
O0051623,C009682,2024-11-26,Store,S002,Completed,Credit Card,0.0
O0051625,C021602,2024-11-26,Online,,Completed,Digital Wallet,3.53
O0051651,C001244,2024-11-27,Store,S003,Cancelled,Digital Wallet,0.0
O0051657,C010864,2024-11-27,Store,S001,Completed,Digital Wallet,0.0
O0051658,C003097,2024-11-27,Online,,Completed,Debit Card,3.33
O0051661,C028186,2024-11-27,Online,,Completed,Digital Wallet,17.25
O0051667,C026041,2024-11-27,Store,S008,Completed,Credit Card,0.0
O0051673,C016216,2024-11-27,Store,S002,Completed,Credit Card,0.0
O0051685,C012770,2024-11-27,Store,S007,Completed,Credit Card,0.0
O0051697,C026663,2024-11-27,Online,,Completed,Debit Card,3.0
O0051700,C002141,2024-11-27,Online,,Completed,Digital Wallet,6.97
O0051702,C015282,2024-11-27,Online,,Completed,Digital Wallet,15.19
O0051717,C009189,2024-11-27,Online,,Completed,Debit Card,5.86
O0051721,C022870,2024-11-27,Store,S008,Completed,Digital Wallet,0.0
O0051722,C004820,2024-11-27,Online,,Completed,Digital Wallet,1.86
O0051754,C004707,2024-11-27,Store,S009,Completed,Digital Wallet,0.0
O0051763,C007938,2024-11-27,Store,S016,Completed,Digital Wallet,0.0
O0051771,C016355,2024-11-27,Store,S012,Completed,Credit Card,0.0
O0051775,C006254,2024-11-27,Online,,Completed,Credit Card,2.81
O0051782,C015000,2024-11-28,Online,,Completed,Digital Wallet,4.89
O0051795,C024576,2024-11-28,Online,,Returned,Credit Card,8.08
O0051803,C015695,2024-11-28,Store,S003,Completed,Digital Wallet,0.0
O0051806,C010456,2024-11-28,Pickup,S007,Completed,Digital Wallet,0.0
O0051807,C021144,2024-11-28,Online,,Completed,Credit Card,7.37
O0051824,C019468,2024-11-28,Online,,Completed,Debit Card,2.43
O0051826,C000703,2024-11-28,Online,,Completed,Credit Card,3.96
O0051832,C024179,2024-11-28,Online,,Returned,Credit Card,9.38
O0051835,C020572,2024-11-28,Store,S003,Completed,Digital Wallet,0.0
O0051837,C004895,2024-11-28,Online,,Completed,Credit Card,3.26
O0051847,C001504,2024-11-28,Store,S008,Completed,Credit Card,0.0
O0051848,C026989,2024-11-28,Pickup,S014,Completed,Debit Card,0.0
O0051849,C007203,2024-11-28,Store,S011,Completed,Debit Card,0.0
O0051850,C006225,2024-11-28,Online,,Completed,Debit Card,4.7
O0051895,C016202,2024-11-28,Online,,Completed,Credit Card,3.97
O0051897,C018335,2024-11-28,Store,S011,Completed,Credit Card,0.0
O0051899,C019691,2024-11-28,Store,S007,Completed,Digital Wallet,0.0
O0051908,C012012,2024-11-29,Store,S002,Completed,Credit Card,0.0
O0051913,C006012,2024-11-29,Online,,Completed,Credit Card,4.21
O0051915,C013064,2024-11-29,Store,S016,Completed,Debit Card,0.0
O0051918,C028681,2024-11-29,Store,S001,Completed,Credit Card,0.0
O0051924,C000853,2024-11-29,Online,,Completed,Digital Wallet,12.47
O0051926,C024075,2024-11-29,Online,,Completed,Debit Card,4.44
O0051929,C009947,2024-11-29,Online,,Completed,Credit Card,4.31
O0051930,C014539,2024-11-29,Online,,Completed,Digital Wallet,8.43
O0051934,C004182,2024-11-29,Pickup,S003,Returned,Debit Card,0.0
O0051949,C024849,2024-11-29,Online,,Completed,Credit Card,7.04
O0051956,C017595,2024-11-29,Pickup,S013,Completed,Credit Card,0.0
O0051971,C002572,2024-11-29,Online,,Completed,Credit Card,4.65
O0051973,C020301,2024-11-29,Online,,Completed,Credit Card,2.84
O0051986,C006272,2024-11-29,Store,S009,Completed,Credit Card,0.0
O0051995,C004157,2024-11-29,Online,,Completed,Credit Card,1.71
O0052001,C009812,2024-11-29,Online,,Completed,Debit Card,20.84
O0052003,C015429,2024-11-29,Pickup,S003,Returned,Gift Card,0.0
O0052016,C014899,2024-11-30,Online,,Completed,Credit Card,1.62
O0052024,C016535,2024-11-30,Store,S003,Completed,Digital Wallet,0.0
O0052029,C010621,2024-11-30,Online,,Completed,Credit Card,4.27
O0052030,C018789,2024-11-30,Online,,Completed,Credit Card,4.99
O0052033,C026602,2024-11-30,Store,S014,Completed,Credit Card,0.0
O0052039,C027999,2024-11-30,Store,S001,Completed,Credit Card,0.0
O0052041,C023663,2024-11-30,Store,S001,Completed,Credit Card,0.0
O0052043,C022200,2024-11-30,Store,S011,Completed,Digital Wallet,0.0
O0052056,C012838,2024-11-30,Store,S008,Completed,Debit Card,0.0
O0052069,C017247,2024-11-30,Online,,Completed,Credit Card,0.58
O0052084,C000867,2024-11-30,Online,,Completed,Credit Card,1.74
O0052088,C001531,2024-11-30,Online,,Completed,Credit Card,4.4
O0052094,C024871,2024-11-30,Online,,Cancelled,Digital Wallet,2.62
O0052098,C019280,2024-11-30,Online,,Completed,Debit Card,8.81
O0052113,C017674,2024-11-30,Pickup,S015,Completed,Digital Wallet,0.0
O0052116,C009792,2024-11-30,Online,,Completed,Credit Card,10.33
O0052121,C018876,2024-11-30,Online,,Completed,Credit Card,6.04
O0052124,C002719,2024-11-30,Store,S006,Completed,Digital Wallet,0.0
O0052133,C017522,2024-11-30,Store,S001,Returned,Digital Wallet,0.0
O0052136,C018933,2024-11-30,Store,S007,Returned,Credit Card,0.0
O0052140,C021012,2024-11-30,Pickup,S016,Completed,Credit Card,0.0
O0052146,C000035,2024-11-30,Store,S008,Completed,Digital Wallet,0.0
O0052150,C009444,2024-12-01,Online,,Completed,Credit Card,6.93
O0052152,C007013,2024-12-01,Pickup,S011,Completed,Gift Card,0.0
O0052164,C015200,2024-12-01,Online,,Completed,Credit Card,4.15
O0052169,C028690,2024-12-01,Store,S006,Returned,Digital Wallet,0.0
O0052175,C018418,2024-12-01,Online,,Completed,Digital Wallet,2.23
O0052179,C023704,2024-12-01,Pickup,S013,Completed,Debit Card,0.0
O0052189,C021310,2024-12-01,Store,S006,Completed,Debit Card,0.0
O0052196,C014411,2024-12-01,Online,,Completed,Debit Card,11.07
O0052199,C017477,2024-12-01,Online,,Completed,Digital Wallet,2.59
O0052200,C004895,2024-12-01,Store,S014,Completed,Debit Card,0.0
O0052221,C023288,2024-12-01,Online,,Completed,Digital Wallet,9.26
O0052226,C023372,2024-12-01,Online,,Completed,Credit Card,16.52
O0052228,C027000,2024-12-01,Online,,Completed,Digital Wallet,6.11
O0052230,C029519,2024-12-01,Online,,Completed,Gift Card,8.86
O0052231,C021528,2024-12-01,Store,S015,Completed,Credit Card,0.0
O0052234,C024430,2024-12-01,Online,,Completed,Credit Card,8.97
O0052237,C016383,2024-12-01,Pickup,S005,Completed,Debit Card,0.0
O0052238,C012052,2024-12-01,Pickup,S010,Completed,Gift Card,0.0
O0052243,C008635,2024-12-01,Store,S003,Completed,Debit Card,0.0
O0052250,C013815,2024-12-01,Online,,Completed,Credit Card,2.96
O0052265,C000748,2024-12-01,Online,,Completed,Credit Card,5.28
O0052278,C020301,2024-12-01,Store,S010,Completed,Credit Card,0.0
O0052300,C000383,2024-12-02,Store,S002,Completed,Credit Card,0.0
O0052303,C001367,2024-12-02,Store,S011,Completed,Credit Card,0.0
O0052306,C001490,2024-12-02,Online,,Completed,Debit Card,8.33
O0052308,C011933,2024-12-02,Online,,Completed,Debit Card,10.64
O0052335,C028690,2024-12-02,Pickup,S007,Completed,Credit Card,0.0
O0052338,C014338,2024-12-02,Store,S008,Cancelled,Credit Card,0.0
O0052345,C026821,2024-12-02,Pickup,S005,Completed,Credit Card,0.0
O0052347,C015215,2024-12-02,Store,S013,Completed,Debit Card,0.0
O0052348,C006880,2024-12-02,Store,S014,Returned,Credit Card,0.0
O0052358,C019296,2024-12-02,Store,S003,Completed,Credit Card,0.0
O0052371,C026843,2024-12-02,Store,S013,Completed,Digital Wallet,0.0
O0052379,C015545,2024-12-02,Pickup,S006,Completed,Digital Wallet,0.0
O0052391,C006581,2024-12-02,Online,,Returned,Digital Wallet,3.22
O0052400,C020087,2024-12-02,Online,,Completed,Debit Card,3.57
O0052413,C010769,2024-12-02,Online,,Completed,Debit Card,7.36
O0052419,C015845,2024-12-02,Store,S002,Completed,Credit Card,0.0
O0052420,C010145,2024-12-02,Online,,Completed,Digital Wallet,8.01
O0052435,C014320,2024-12-03,Online,,Completed,Credit Card,6.39
O0052438,C000402,2024-12-03,Online,,Completed,Credit Card,6.37
O0052445,C012607,2024-12-03,Store,S007,Completed,Debit Card,0.0
O0052452,C006529,2024-12-03,Store,S014,Returned,Gift Card,0.0
O0052458,C024798,2024-12-03,Pickup,S008,Completed,Credit Card,0.0
O0052474,C026866,2024-12-03,Store,S001,Completed,Credit Card,0.0
O0052482,C026726,2024-12-03,Store,S008,Completed,Credit Card,0.0
O0052484,C015392,2024-12-03,Store,S006,Completed,Credit Card,0.0
O0052494,C024469,2024-12-03,Store,S006,Completed,Credit Card,0.0
O0052500,C018791,2024-12-03,Online,,Completed,Credit Card,8.71
O0052504,C000873,2024-12-03,Store,S008,Completed,Credit Card,0.0
O0052512,C015378,2024-12-03,Online,,Completed,Credit Card,5.77
O0052521,C003442,2024-12-03,Store,S013,Cancelled,Credit Card,0.0
O0052524,C015809,2024-12-03,Store,S005,Completed,Credit Card,0.0
O0052525,C028575,2024-12-03,Online,,Completed,Digital Wallet,5.6
O0052530,C007250,2024-12-03,Store,S005,Completed,Credit Card,0.0
O0052538,C028369,2024-12-03,Pickup,S014,Cancelled,Credit Card,0.0
O0052552,C026399,2024-12-04,Store,S011,Completed,Gift Card,0.0
O0052554,C008325,2024-12-04,Pickup,S006,Completed,Credit Card,0.0
O0052561,C014352,2024-12-04,Store,S013,Completed,Credit Card,0.0
O0052569,C005976,2024-12-04,Online,,Completed,Credit Card,2.01
O0052618,C008762,2024-12-04,Store,S014,Completed,Credit Card,0.0
O0052623,C012877,2024-12-04,Online,,Completed,Credit Card,13.4
O0052624,C010439,2024-12-04,Online,,Completed,Credit Card,1.28
O0052646,C009792,2024-12-04,Online,,Completed,Debit Card,4.74
O0052650,C012638,2024-12-04,Online,,Completed,Credit Card,5.65
O0052651,C001960,2024-12-04,Pickup,S002,Completed,Digital Wallet,0.0
O0052680,C013127,2024-12-04,Store,S012,Completed,Credit Card,0.0
O0052687,C001554,2024-12-05,Store,S011,Completed,Credit Card,0.0
O0052695,C021040,2024-12-05,Store,S004,Completed,Credit Card,0.0
O0052704,C010445,2024-12-05,Online,,Completed,Digital Wallet,18.35
O0052713,C009792,2024-12-05,Online,,Completed,Gift Card,11.32
O0052716,C027094,2024-12-05,Online,,Completed,Gift Card,17.17
O0052719,C028413,2024-12-05,Store,S016,Returned,Credit Card,0.0
O0052723,C024723,2024-12-05,Online,,Completed,Debit Card,11.74
O0052727,C022630,2024-12-05,Online,,Completed,Debit Card,2.52
O0052733,C005227,2024-12-05,Online,,Completed,Credit Card,7.54
O0052742,C004485,2024-12-05,Store,S006, complete ,Credit Card,0.0
O0052752,C008833,2024-12-05,Store,S008,Completed,Digital Wallet,0.0
O0052764,C016651,2024-12-05,Online,,Completed,Digital Wallet,11.31
O0052765,C025496,2024-12-05,Online,,Completed,Digital Wallet,6.3
O0052784,C025572,2024-12-05,Pickup,S003,Returned,Credit Card,0.0
O0052789,C022965,2024-12-05,Online,,Completed,Debit Card,6.51
O0052792,C022671,2024-12-05,Store,S001,Completed,Debit Card,0.0
O0052847,C000053,2024-12-06,Pickup,S006,Completed,Digital Wallet,0.0
O0052855,C029505,2024-12-06,Pickup,S002,Completed,Digital Wallet,0.0
O0052858,C001427,2024-12-06,Online,,Completed,Gift Card,1.66
O0052864,C023234,2024-12-06,Online,,Completed,Digital Wallet,8.13
O0052869,C017042,2024-12-06,Store,S002,Completed,Credit Card,0.0
O0052877,C027275,2024-12-06,Online,,Completed,Credit Card,1.88
O0052882,C027000,2024-12-06,Store,S008,Completed,Digital Wallet,0.0
O0052883,C008471,2024-12-06,Pickup,S009,Completed,Debit Card,0.0
O0052890,C010400,2024-12-06,Online,,Completed,Credit Card,8.12
O0052893,C018554,2024-12-06,Online,,Completed,Credit Card,3.0
O0052894,C007256,2024-12-06,Online,,Completed,Credit Card,6.35
O0052896,C022764,2024-12-06,Store,S003,Completed,Credit Card,0.0
O0052899,C024397,2024-12-06,Online,,Completed,Credit Card,16.54
O0052911,C029612,2024-12-06,Online,,Completed,Digital Wallet,8.7
O0052915,C022889,2024-12-06,Online,,Completed,Digital Wallet,2.44
O0052929,C003484,2024-12-06,Online,,Completed,Credit Card,5.11
O0052948,C012137,2024-12-06,Store,S003,Returned,Digital Wallet,0.0
O0052958,C003659,2024-12-07,Store,S007,Completed,Digital Wallet,0.0
O0052959,C006798,2024-12-07,Store,S010,Returned,Debit Card,0.0
O0052977,C005599,2024-12-07,Online,,Returned,Gift Card,4.3
O0052985,C018304,2024-12-07,Pickup,S012,Completed,Credit Card,0.0
O0052987,C019036,2024-12-07,Store,S016,Returned,Credit Card,0.0
O0052994,C012519,2024-12-07,Pickup,S016,Completed,Credit Card,0.0
O0052997,C008874,2024-12-07,Online,,Returned,Digital Wallet,13.98
O0052998,C005156,2024-12-07,Store,S015,Completed,Credit Card,0.0
O0053007,C029848,2024-12-07,Store,S016,Completed,Credit Card,0.0
O0053012,C002930,2024-12-07,Pickup,S001,Completed,Debit Card,0.0
O0053014,C012215,2024-12-07,Pickup,S008,Completed,Credit Card,0.0
O0053032,C024625,2024-12-07,Online,,Completed,Debit Card,3.27
O0053041,C000980,2024-12-07,Store,S011,Completed,Digital Wallet,0.0
O0053051,C014256,2024-12-07,Store,S005,Completed,Credit Card,0.0
O0053056,C029916,2024-12-07,Store,S004,Completed,Credit Card,0.0
O0053066,C005599,2024-12-07,Store,S008,Completed,Credit Card,0.0
O0053075,C001476,2024-12-07,Online,,Completed,Debit Card,2.66
O0053087,C025274,2024-12-07,Pickup,S016,Completed,Debit Card,0.0
O0053096,C013819,2024-12-07,Store,S010,Completed,Credit Card,0.0
O0053097,C010186,2024-12-07,Store,S016,Completed,Credit Card,0.0
O0053105,C009903,2024-12-08,Store,S009,Completed,Debit Card,0.0
O0053114,C026784,2024-12-08,Pickup,S005,Completed,Digital Wallet,0.0
O0053130,C015300,2024-12-08,Online,,Completed,Credit Card,4.96
O0053136,C004304,2024-12-08,Online,,Completed,Gift Card,5.67
O0053143,C020392,2024-12-08,Online,,Completed,Debit Card,13.26
O0053148,C003579,2024-12-08,Online,,Completed,Digital Wallet,5.4
O0053149,C027659,2024-12-08,Online,,Completed,Debit Card,1.27
O0053151,C010899,2024-12-08,Online,,Completed,Credit Card,2.21
O0053166,C013499,2024-12-08,Online,,Completed,Credit Card,2.75
O0053188,C009215,2024-12-08,Online,,Completed,Digital Wallet,4.6
O0053193,C004752,2024-12-08,Pickup,S008,Returned,Digital Wallet,0.0
O0053194,C028369,2024-12-08,Store,S015,Completed,Credit Card,0.0
O0053196,C001805,2024-12-08,Store,S006,Completed,Debit Card,0.0
O0053200,C012120,2024-12-08,Online,,Completed,Digital Wallet,10.19
O0053213,C020087,2024-12-08,Store,S004,Completed,Credit Card,0.0
O0053217,C015737,2024-12-08,Store,S010,Completed,Digital Wallet,0.0
O0053226,C001451,2024-12-08,Online,,Completed,Credit Card,6.44
O0053238,C000324,2024-12-08,Online,,Completed,Digital Wallet,4.36
O0053250,C009434,2024-12-09,Online,,Completed,Credit Card,17.68
O0053262,C002869,2024-12-09,Online,,Completed,Credit Card,22.5
O0053265,C012586,2024-12-09,Online,,Completed,Digital Wallet,6.36
O0053278,C018843,2024-12-09,Store,S016,Completed,Credit Card,0.0
O0053281,C000007,2024-12-09,Online,,Completed,Credit Card,6.21
O0053290,C002010,2024-12-09,Pickup,S007,Completed,Credit Card,0.0
O0053310,C007569,2024-12-09,Online,,Completed,Digital Wallet,2.57
O0053312,C023350,2024-12-09,Online,,Completed,Credit Card,2.58
O0053313,C023406,2024-12-09,Store,S010,Returned,Debit Card,0.0
O0053326,C016216,2024-12-09,Online,,Completed,Debit Card,10.93
O0053344,C001367,2024-12-09,Store,S011,Completed,Digital Wallet,0.0
O0053349,C015559,2024-12-09,Pickup,S011,Completed,Debit Card,0.0
O0053354,C010780,2024-12-09,Online,,Completed,Digital Wallet,2.89
O0053356,C022719,2024-12-09,Online,,Completed,Debit Card,7.02
O0053361,C008410,2024-12-09,Online,,Completed,Credit Card,5.92
O0053363,C006253,2024-12-09,Store,S009,Completed,Debit Card,0.0
O0053367,C015336,2024-12-09,Store,S011,Completed,Credit Card,0.0
O0053385,C017167,2024-12-09,Store,S013,Completed,Credit Card,0.0
O0053388,C012216,2024-12-09,Online,,Completed,Debit Card,7.33
O0053396,C005389,2024-12-10,Online,,Completed,Debit Card,7.51
O0053403,C019385,2024-12-10,Store,S008,Completed,Credit Card,0.0
O0053404,C007034,2024-12-10,Store,S006,Completed,Credit Card,0.0
O0053406,C002875,2024-12-10,Online,,Completed,Debit Card,14.19
O0053407,C016606,2024-12-10,Online,,Completed,Credit Card,6.46
O0053413,C017411,2024-12-10,Online,,Completed,Credit Card,5.96
O0053415,C010780,2024-12-10,Online,,Cancelled,Credit Card,5.53
O0053416,C009092,2024-12-10,Store,S009,Completed,Debit Card,0.0
O0053426,C014978,2024-12-10,Store,S012,Completed,Credit Card,0.0
O0053434,C026874,2024-12-10,Online,,Completed,Debit Card,6.73
O0053439,C014543,2024-12-10,Store,S008,Completed,Credit Card,0.0
O0053468,C029697,2024-12-10,Online,,Completed,Credit Card,1.6
O0053476,C016430,2024-12-10,Pickup,S009,Completed,Credit Card,0.0
O0053477,C022109,2024-12-10,Online,,Completed,Gift Card,7.36
O0053485,C028347,2024-12-10,Online,,Completed,Credit Card,8.11
O0053507,C028418,2024-12-10,Online,,Returned,Credit Card,5.79
O0053513,C003028,2024-12-10,Store,S012,Completed,Credit Card,0.0
O0053527,C005680,2024-12-11,Store,S008,Completed,Credit Card,0.0
O0053535,C007446,2024-12-11,Store,S009,Completed,Digital Wallet,0.0
O0053542,C012075,2024-12-11,Online,,Completed,Credit Card,1.34
O0053543,C021144,2024-12-11,Online,,Completed,Gift Card,4.52
O0053545,C016972,2024-12-11,Store,S003,Completed,Credit Card,0.0
O0053548,C007654,2024-12-11,Online,,Completed,Digital Wallet,2.61
O0053549,C000313,2024-12-11,Online,,Returned,Debit Card,9.56
O0053554,C008687,2024-12-11,Store,S012,Completed,Digital Wallet,0.0
O0053555,C009761,2024-12-11,Online,,Completed,Debit Card,8.81
O0053565,C025998,2024-12-11,Store,S016,Completed,Credit Card,0.0
O0053578,C014835,2024-12-11,Online,,Completed,Debit Card,13.77
O0053584,C019101,2024-12-11,Store,S014,Completed,Credit Card,0.0
O0053611,C003549,2024-12-11,Online,,Completed,Digital Wallet,4.7
O0053626,C010129,2024-12-11,Store,S006,Completed,Debit Card,0.0
O0053629,C007294,2024-12-11,Online,,Completed,Credit Card,0.71
O0053656,C028235,2024-12-12,Online,,Completed,Credit Card,5.07
O0053663,C016271,2024-12-12,Store,S011,Completed,Digital Wallet,0.0
O0053672,C029012,2024-12-12,Store,S010,Completed,Digital Wallet,0.0
O0053676,C009189,2024-12-12,Online,,Completed,Credit Card,6.25
O0053678,C014286,2024-12-12,Store,S015,Completed,Credit Card,0.0
O0053690,C022973,2024-12-12,Store,S008,Completed,Credit Card,0.0
O0053695,C026051,2024-12-12,Store,S014,Completed,Debit Card,0.0
O0053714,C020834,2024-12-12,Pickup,S006,Completed,Credit Card,0.0
O0053721,C015519,2024-12-12,Online,,Completed,Debit Card,10.07
O0053728,C002908,2024-12-12,Online,,Completed,Digital Wallet,7.7
O0053734,C000867,2024-12-12,Store,S015,Completed,Credit Card,0.0
O0053746,C027975,2024-12-12,Online,,Completed,Gift Card,2.33
O0053748,C004071,2024-12-12,Online,,Completed,Digital Wallet,0.53
O0053752,C007559,2024-12-12,Store,S003,Completed,Digital Wallet,0.0
O0053753,C002010,2024-12-12,Store,S008,Completed,Credit Card,0.0
O0053758,C014854,2024-12-12,Pickup,S004,Completed,Digital Wallet,0.0
O0053764,C007203,2024-12-12,Online,,Completed,Debit Card,14.18
O0053768,C000486,2024-12-12,Store,S010,Completed,Debit Card,0.0
O0053779,C025408,2024-12-12,Online,,Completed,Digital Wallet,5.66
O0053803,C007389,2024-12-13,Online,,Completed,Digital Wallet,18.92
O0053806,C006482,2024-12-13,Store,S007,Completed,Debit Card,0.0
O0053807,C001960,2024-12-13,Online,,Completed,Credit Card,4.5
O0053824,C010561,2024-12-13,Online,,Completed,Digital Wallet,8.86
O0053833,C024460,2024-12-13,Pickup,S013,Completed,Credit Card,0.0
O0053836,C002603,2024-12-13,Online,,Completed,Credit Card,3.94
O0053838,C011960,2024-12-13,Pickup,S013,Completed,Credit Card,0.0
O0053840,C004986,2024-12-13,Online,,Completed,Credit Card,1.36
O0053848,C008674,2024-12-13,Online,,Completed,Digital Wallet,0.46
O0053851,C006689,2024-12-13,Pickup,S008,Completed,Debit Card,0.0
O0053857,C015737,2024-12-13,Pickup,S012,Completed,Debit Card,0.0
O0053862,C007756,2024-12-13,Online,,Completed,Debit Card,2.97
O0053864,C007327,2024-12-13,Online,,Completed,Debit Card,5.27
O0053870,C014571,2024-12-13,Online,, complete ,Debit Card,0.87
O0053882,C026799,2024-12-13,Store,S003,Completed,Credit Card,0.0
O0053905,C016587,2024-12-13,Online,,Completed,Digital Wallet,4.77
O0053908,C011492,2024-12-13,Online,,Returned,Credit Card,12.96
O0053914,C011752,2024-12-14,Online,,Completed,Debit Card,5.8
O0053915,C011713,2024-12-14,Pickup,S005,Completed,Credit Card,0.0
O0053932,C021451,2024-12-14,Pickup,S015,Completed,Debit Card,0.0
O0053936,C000231,2024-12-14,Online,,Completed,Credit Card,7.97
O0053937,C017688,2024-12-14,Online,,Completed,Credit Card,5.43
O0053948,C029112,2024-12-14,Online,,Completed,Debit Card,9.73
O0053949,C008841,2024-12-14,Store,S013,Completed,Credit Card,0.0
O0053950,C004409,2024-12-14,Store,S001,Completed,Debit Card,0.0
O0053953,C028721,2024-12-14,Online,,Returned,Debit Card,6.27
O0053960,C024356,2024-12-14,Online,,Completed,Credit Card,3.79
O0053975,C019637,2024-12-14,Store,S007,Returned,Credit Card,0.0
O0053976,C018958,2024-12-14,Store,S008,Completed,Credit Card,0.0
O0053979,C000347,2024-12-14,Online,,Completed,Credit Card,3.73
O0053981,C029430,2024-12-14,Online,,Completed,Digital Wallet,18.76
O0053984,C003779,2024-12-14,Online,,Completed,Credit Card,10.0
O0053988,C015545,2024-12-14,Online,,Completed,Credit Card,3.31
O0053998,C027161,2024-12-14,Online,,Cancelled,Credit Card,1.19
O0054001,C024746,2024-12-14,Store,S015,Completed,Credit Card,0.0
O0054011,C009203,2024-12-14,Pickup,S014,Returned,Credit Card,0.0
O0054015,C007365,2024-12-14,Store,S014,Completed,Debit Card,0.0
O0054024,C023190,2024-12-14,Store,S016,Returned,Digital Wallet,0.0
O0054030,C024849,2024-12-14,Store,S003,Completed,Debit Card,0.0
O0054034,C005536,2024-12-14,Online,,Completed,Digital Wallet,5.25
O0054036,C006068,2024-12-14,Online,,Completed,Credit Card,2.04
O0054041,C001347,2024-12-14,Online,,Completed,Debit Card,6.63
O0054044,C000352,2024-12-14,Store,S004,Completed,Digital Wallet,0.0
O0054050,C012650,2024-12-14,Online,,Completed,Digital Wallet,8.6
O0054061,C006825,2024-12-15,Pickup,S005,Completed,Debit Card,0.0
O0054080,C025916,2024-12-15,Store,S012,Completed,Credit Card,0.0
O0054092,C015939,2024-12-15,Online,,Completed,Debit Card,4.38
O0054098,C015985,2024-12-15,Online,,Completed,Credit Card,0.37
O0054099,C015806,2024-12-15,Store,S007,Completed,Credit Card,0.0
O0054108,C024810,2024-12-15,Store,S005,Cancelled,Credit Card,0.0
O0054119,C000912,2024-12-15,Online,,Completed,Credit Card,1.6
O0054125,C025694,2024-12-15,Online,,Completed,Debit Card,2.23
O0054140,C023288,2024-12-15,Pickup,S001,Completed,Credit Card,0.0
O0054149,C005815,2024-12-15,Online,,Completed,Digital Wallet,6.15
O0054156,C011616,2024-12-15,Online,,Completed,Digital Wallet,3.41
O0054161,C017901,2024-12-15,Store,S002,Completed,Digital Wallet,0.0
O0054175,C014751,2024-12-15,Online,,Completed,Credit Card,3.94
O0054180,C015774,2024-12-15,Store,S001,Completed,Credit Card,0.0
O0054182,C018099,2024-12-15,Online,,Completed,Credit Card,2.25
O0054193,C015559,2024-12-15,Store,S010,Completed,Debit Card,0.0
O0054200,C028768,2024-12-15,Store,S010,Completed,Credit Card,0.0
O0054211,C011683,2024-12-15,Online,,Completed,Digital Wallet,0.81
O0054222,C019842,2024-12-16,Online,,Completed,Digital Wallet,6.63
O0054225,C018765,2024-12-16,Store,S003,Completed,Credit Card,0.0
O0054229,C005599,2024-12-16,Online,,Returned,Digital Wallet,11.46
O0054231,C001397,2024-12-16,Store,S005,Completed,Credit Card,0.0
O0054235,C023406,2024-12-16,Pickup,S012,Completed,Debit Card,0.0
O0054237,C017336,2024-12-16,Pickup,S001,Completed,Debit Card,0.0
O0054240,C004635,2024-12-16,Store,S006,Completed,Digital Wallet,0.0
O0054251,C000873,2024-12-16,Store,S007,Returned,Digital Wallet,0.0
O0054261,C029443,2024-12-16,Store,S004,Completed,Credit Card,0.0
O0054264,C010353,2024-12-16,Store,S009,Completed,Digital Wallet,0.0
O0054266,C004914,2024-12-16,Store,S010,Returned,Digital Wallet,0.0
O0054276,C014726,2024-12-16,Store,S016,Completed,Credit Card,0.0
O0054284,C013023,2024-12-16,Pickup,S008,Completed,Credit Card,0.0
O0054288,C021528,2024-12-16,Store,S013,Completed,Credit Card,0.0
O0054295,C024334,2024-12-16,Store,S005,Completed,Digital Wallet,0.0
O0054301,C020127,2024-12-16,Online,,Completed,Digital Wallet,12.49
O0054306,C013203,2024-12-16,Pickup,S004,Completed,Debit Card,0.0
O0054316,C009933,2024-12-16,Online,,Completed,Debit Card,4.65
O0054319,C009039,2024-12-16,Pickup,S008,Completed,Digital Wallet,0.0
O0054320,C012464,2024-12-16,Store,S004,Cancelled,Digital Wallet,0.0
O0054321,C005573,2024-12-16,Pickup,S005,Completed,Debit Card,0.0
O0054327,C028510,2024-12-16,Pickup,S001,Completed,Digital Wallet,0.0
O0054331,C028082,2024-12-16,Pickup,S008,Completed,Debit Card,0.0
O0054342,C028714,2024-12-17,Pickup,S015,Completed,Credit Card,0.0
O0054349,C014995,2024-12-17,Store,S006,Completed,Gift Card,0.0
O0054367,C011239,2024-12-17,Online,,Completed,Debit Card,8.66
O0054369,C007446,2024-12-17,Online,,Completed,Credit Card,11.64
O0054370,C004916,2024-12-17,Online,,Completed,Credit Card,9.78
O0054372,C003387,2024-12-17,Pickup,S005,Cancelled,Credit Card,0.0
O0054375,C002533,2024-12-17,Store,S011,Completed,Credit Card,0.0
O0054388,C008649,2024-12-17,Online,,Cancelled,Credit Card,4.72
O0054440,C023372,2024-12-17,Store,S007,Completed,Credit Card,0.0
O0054464,C005713,2024-12-17,Online,,Returned,Credit Card,2.59
O0054468,C004451,2024-12-17,Store,S006,Completed,Debit Card,0.0
O0054469,C025969,2024-12-17,Online,,Completed,Debit Card,11.29
O0054476,C006253,2024-12-18,Online,,Completed,Credit Card,6.46
O0054481,C006434,2024-12-18,Store,S012,Completed,Credit Card,0.0
O0054486,C013358,2024-12-18,Store,S016,Completed,Credit Card,0.0
O0054488,C017403,2024-12-18,Pickup,S005,Completed,Credit Card,0.0
O0054492,C026428,2024-12-18,Pickup,S015,Completed,Credit Card,0.0
O0054497,C013746,2024-12-18,Pickup,S005,Completed,Credit Card,0.0
O0054500,C020245,2024-12-18,Online,,Completed,Debit Card,1.8
O0054502,C019264,2024-12-18,Online,,Completed,Credit Card,5.42
O0054508,C010494,2024-12-18,Online,,Cancelled,Digital Wallet,16.17
O0054519,C024849,2024-12-18,Store,S001,Completed,Digital Wallet,0.0
O0054520,C028369,2024-12-18,Online,,Returned,Debit Card,2.28
O0054534,C013805,2024-12-18,Online,,Returned,Credit Card,7.4
O0054536,C015618,2024-12-18,Online,,Completed,Credit Card,9.97
O0054543,C027585,2024-12-18,Online,,Completed,Credit Card,2.33
O0054545,C009094,2024-12-18,Store,S004,Completed,Credit Card,0.0
O0054555,C016098,2024-12-18,Store,S003,Completed,Credit Card,0.0
O0054563,C007614,2024-12-18,Online,,Completed,Debit Card,4.99
O0054572,C005788,2024-12-18,Store,S013,Returned,Credit Card,0.0
O0054595,C020606,2024-12-18,Online,,Completed,Credit Card,5.39
O0054603,C024471,2024-12-18,Online,,Completed,Credit Card,2.67
O0054614,C026692,2024-12-18,Online,,Completed,Credit Card,6.64
O0054621,C011417,2024-12-18,Pickup,S002,Completed,Debit Card,0.0
O0054622,C026900,2024-12-19,Online,,Completed,Debit Card,5.18
O0054623,C021791,2024-12-19,Store,S003,Completed,Digital Wallet,0.0
O0054625,C021376,2024-12-19,Online,,Completed,Debit Card,3.84
O0054628,C011375,2024-12-19,Online,,Completed,Credit Card,2.03
O0054643,C024992,2024-12-19,Store,S014,Completed,Debit Card,0.0
O0054657,C013100,2024-12-19,Store,S002,Completed,Credit Card,0.0
O0054662,C002768,2024-12-19,Store,S014,Completed,Credit Card,0.0
O0054680,C015545,2024-12-19,Online,,Completed,Credit Card,3.83
O0054681,C014574,2024-12-19,Online,,Completed,Debit Card,0.96
O0054684,C026014,2024-12-19,Online,,Completed,Credit Card,1.22
O0054686,C019842,2024-12-19,Store,S010,Completed,Credit Card,0.0
O0054696,C012921,2024-12-19,Online,,Completed,Credit Card,13.58
O0054698,C012043,2024-12-19,Store,S007,Completed,Gift Card,0.0
O0054712,C015801,2024-12-19,Online,,Completed,Debit Card,2.96
O0054741,C013633,2024-12-19,Store,S013,Completed,Credit Card,0.0
O0054742,C027449,2024-12-19,Store,S007,Completed,Credit Card,0.0
O0054749,C021207,2024-12-19,Pickup,S005,Completed,Credit Card,0.0
O0054796,C012706,2024-12-20,Online,,Completed,Credit Card,2.76
O0054799,C001476,2024-12-20,Pickup,S014,Completed,Digital Wallet,0.0
O0054807,C002141,2024-12-20,Store,S003,Returned,Credit Card,0.0
O0054817,C014798,2024-12-20,Online,,Completed,Credit Card,0.57
O0054836,C021012,2024-12-20,Store,S016,Completed,Debit Card,0.0
O0054839,C027152,2024-12-20,Online,,Completed,Credit Card,12.55
O0054857,C020713,2024-12-20,Online,,Returned,Digital Wallet,7.39
O0054863,C014658,2024-12-20,Store,S014,Completed,Credit Card,0.0
O0054871,C006935,2024-12-20,Online,,Returned,Credit Card,10.53
O0054875,C017116,2024-12-20,Online,,Completed,Gift Card,1.55
O0054888,C021522,2024-12-20,Online,,Completed,Debit Card,4.54
O0054897,C006726,2024-12-21,Online,,Completed,Credit Card,5.93
O0054918,C028266,2024-12-21,Store,S005,Completed,Credit Card,0.0
O0054933,C022334,2024-12-21,Online,,Returned,Digital Wallet,9.31
O0054941,C004449,2024-12-21,Online,,Completed,Digital Wallet,2.84
O0054947,C004846,2024-12-21,Pickup,S001,Completed,Debit Card,0.0
O0054949,C023588,2024-12-21,Store,S005,Completed,Digital Wallet,0.0
O0054968,C025275,2024-12-21,Online,,Completed,Credit Card,6.58
O0054974,C015336,2024-12-21,Online,,Cancelled,Digital Wallet,3.2
O0054976,C010715,2024-12-21,Pickup,S011,Completed,Digital Wallet,0.0
O0054978,C020137,2024-12-21,Online,,Completed,Debit Card,3.39
O0054985,C018697,2024-12-21,Store,S016,Completed,Debit Card,0.0
O0054987,C003726,2024-12-21,Store,S015,Completed,Credit Card,0.0
O0054995,C004141,2024-12-21,Store,S004,Completed,Debit Card,0.0
O0055007,C006935,2024-12-21,Pickup,S010,Completed,Debit Card,0.0
O0055010,C027603,2024-12-21,Store,S002,Completed,Gift Card,0.0
O0055018,C023668,2024-12-21,Online,,Completed,Credit Card,4.77
O0055029,C004304,2024-12-21,Online,,Completed,Credit Card,7.62
O0055030,C020085,2024-12-21,Online,,Completed,Digital Wallet,3.44
O0055033,C019536,2024-12-21,Online,,Completed,Credit Card,1.63
O0055034,C024134,2024-12-21,Online,,Cancelled,Credit Card,17.97
O0055036,C016484,2024-12-21,Online,,Completed,Digital Wallet,11.23
O0055056,C005648,2024-12-22,Store,S004,Completed,Digital Wallet,0.0
O0055070,C006715,2024-12-22,Online,,Completed,Credit Card,7.78
O0055081,C002715,2024-12-22,Online,,Returned,Credit Card,5.09
O0055085,C000035,2024-12-22,Store,S007,Completed,Gift Card,0.0
O0055093,C009732,2024-12-22,Pickup,S002,Completed,Credit Card,0.0
O0055096,C019081,2024-12-22,Pickup,S016,Cancelled,Credit Card,0.0
O0055132,C008677,2024-12-22,Store,S004,Completed,Gift Card,0.0
O0055138,C020162,2024-12-22,Pickup,S016,Completed,Digital Wallet,0.0
O0055140,C013495,2024-12-22,Online,,Completed,Credit Card,3.67
O0055158,C005139,2024-12-22,Online,,Completed,Credit Card,4.14
O0055163,C021791,2024-12-22,Online,,Completed,Digital Wallet,12.83
O0055170,C003980,2024-12-22,Store,S008,Completed,Debit Card,0.0
O0055172,C029218,2024-12-22,Online,,Completed,Credit Card,7.31
O0055174,C008958,2024-12-22,Online,,Completed,Credit Card,5.17
O0055202,C026759,2024-12-23,Store,S015,Completed,Credit Card,0.0
O0055218,C005872,2024-12-23,Online,,Completed,Digital Wallet,9.15
O0055233,C008488,2024-12-23,Store,S016,Returned,Debit Card,0.0
O0055242,C020605,2024-12-23,Store,S006,Completed,Credit Card,0.0
O0055244,C002202,2024-12-23,Online,,Completed,Digital Wallet,0.99
O0055254,C009919,2024-12-23,Store,S013,Completed,Credit Card,0.0
O0055263,C009332,2024-12-23,Online,,Completed,Digital Wallet,14.86
O0055270,C003965,2024-12-23,Online,,Completed,Credit Card,2.93
O0055277,C009166,2024-12-23,Online,,Completed,Gift Card,2.1
O0055285,C015023,2024-12-23,Store,S006,Returned,Debit Card,0.0
O0055290,C011583,2024-12-23,Online,,Completed,Debit Card,4.47
O0055294,C010815,2024-12-23,Online,,Completed,Debit Card,1.63
O0055297,C021243,2024-12-23,Online,,Returned,Debit Card,7.54
O0055313,C014749,2024-12-23,Store,S015,Completed,Digital Wallet,0.0
O0055335,C008091,2024-12-24,Pickup,S007,Completed,Credit Card,0.0
O0055350,C028613,2024-12-24,Online,,Completed,Credit Card,3.87
O0055357,C012284,2024-12-24,Store,S016,Completed,Debit Card,0.0
O0055390,C001110,2024-12-24,Online,,Completed,Credit Card,4.26
O0055399,C017688,2024-12-24,Online,,Completed,Credit Card,3.62
O0055403,C023350,2024-12-24,Online,,Completed,Gift Card,6.24
O0055404,C009428,2024-12-24,Pickup,S010,Completed,Debit Card,0.0
O0055406,C022097,2024-12-24,Online,,Completed,Credit Card,2.75
O0055417,C008736,2024-12-24,Online,,Returned,Digital Wallet,1.73
O0055421,C017279,2024-12-24,Online,,Completed,Debit Card,5.12
O0055422,C009565,2024-12-24,Online,,Completed,Credit Card,2.19
O0055424,C016089,2024-12-24,Online,,Completed,Digital Wallet,8.19
O0055453,C007692,2024-12-24,Store,S015,Completed,Credit Card,0.0
O0055461,C016116,2024-12-25,Online,,Completed,Digital Wallet,2.42
O0055478,C005392,2024-12-25,Online,,Completed,Debit Card,10.42
O0055486,C016602,2024-12-25,Store,S006,Completed,Gift Card,0.0
O0055499,C017829,2024-12-25,Online,,Cancelled,Gift Card,12.35
O0055501,C021939,2024-12-25,Pickup,S008,Completed,Credit Card,0.0
O0055509,C017625,2024-12-25,Online,,Completed,Debit Card,7.75
O0055518,C014958,2024-12-25,Pickup,S012,Completed,Credit Card,0.0
O0055524,C002519,2024-12-25,Store,S016,Completed,Digital Wallet,0.0
O0055534,C020028,2024-12-25,Online,,Completed,Digital Wallet,3.35
O0055537,C008732,2024-12-25,Store,S010,Completed,Debit Card,0.0
O0055544,C000368,2024-12-25,Store,S001,Completed,Credit Card,0.0
O0055552,C013272,2024-12-25,Online,,Completed,Credit Card,7.63
O0055562,C006217,2024-12-25,Store,S004,Completed,Digital Wallet,0.0
O0055568,C001806,2024-12-25,Online,,Completed,Debit Card,7.23
O0055573,C000658,2024-12-25,Store,S005,Completed,Credit Card,0.0
O0055578,C011891,2024-12-25,Store,S008,Completed,Debit Card,0.0
O0055582,C000431,2024-12-25,Online,,Completed,Digital Wallet,3.22
O0055585,C028262,2024-12-25,Online,,Completed,Credit Card,1.2
O0055603,C013641,2024-12-25,Pickup,S009,Completed,Debit Card,0.0
O0055606,C016149,2024-12-25,Online,,Completed,Debit Card,5.82
O0055615,C025289,2024-12-26,Store,S007,Completed,Credit Card,0.0
O0055616,C026634,2024-12-26,Online,,Completed,Credit Card,4.21
O0055617,C003319,2024-12-26,Online,,Completed,Digital Wallet,5.79
O0055620,C013659,2024-12-26,Online,,Completed,Credit Card,2.03
O0055635,C017434,2024-12-26,Store,S016,Completed,Debit Card,0.0
O0055636,C017472,2024-12-26,Store,S010,Completed,Gift Card,0.0
O0055638,C027305,2024-12-26,Online,,Completed,Credit Card,3.8
O0055641,C014619,2024-12-26,Online,,Returned,Debit Card,11.71
O0055643,C005800,2024-12-26,Online,,Returned,Debit Card,3.75
O0055646,C006629,2024-12-26,Store,S013,Completed,Credit Card,0.0
O0055650,C013558,2024-12-26,Store,S012,Completed,Credit Card,0.0
O0055657,C012336,2024-12-26,Online,,Completed,Credit Card,2.37
O0055661,C016027,2024-12-26,Pickup,S015,Completed,Credit Card,0.0
O0055664,C017434,2024-12-26,Online,,Completed,Credit Card,7.92
O0055665,C003059,2024-12-26,Store,S009,Completed,Digital Wallet,0.0
O0055677,C005860,2024-12-26,Store,S003,Completed,Credit Card,0.0
O0055716,C019682,2024-12-26,Online,,Completed,Credit Card,6.71
O0055717,C004116,2024-12-26,Store,S004,Completed,Debit Card,0.0
O0055721,C017674,2024-12-26,Store,S014,Returned,Debit Card,0.0
O0055727,C022370,2024-12-27,Store,S001,Returned,Debit Card,0.0
O0055749,C010430,2024-12-27,Online,,Completed,Digital Wallet,4.55
O0055751,C011151,2024-12-27,Store,S003,Completed,Credit Card,0.0
O0055761,C005781,2024-12-27,Online,,Completed,Debit Card,13.27
O0055770,C027684,2024-12-27,Online,,Completed,Credit Card,5.92
O0055772,C021553,2024-12-27,Store,S005,Completed,Digital Wallet,0.0
O0055788,C022522,2024-12-27,Store,S007,Completed,Credit Card,0.0
O0055789,C003830,2024-12-27,Store,S009,Completed,Debit Card,0.0
O0055790,C006188,2024-12-27,Online,,Returned,Digital Wallet,2.72
O0055800,C006506,2024-12-27,Pickup,S015,Completed,Credit Card,0.0
O0055811,C003116,2024-12-27,Store,S005,Completed,Digital Wallet,0.0
O0055813,C017732,2024-12-27,Online,,Completed,Credit Card,1.15
O0055817,C021612,2024-12-27,Store,S009,Completed,Debit Card,0.0
O0055825,C021784,2024-12-27,Pickup,S012,Completed,Credit Card,0.0
O0055831,C015300,2024-12-27,Online,,Completed,Credit Card,5.21
O0055836,C017593,2024-12-27,Store,S005,Completed,Credit Card,0.0
O0055904,C018552,2024-12-28,Pickup,S006,Completed,Credit Card,0.0
O0055906,C023598,2024-12-28,Online,,Completed,Credit Card,0.75
O0055909,C017121,2024-12-28,Store,S006,Completed,Credit Card,0.0
O0055920,C004169,2024-12-28,Store,S001,Completed,Digital Wallet,0.0
O0055956,C011074,2024-12-28,Store,S010,Completed,Debit Card,0.0
O0055957,C010388,2024-12-28,Store,S005,Completed,Credit Card,0.0
O0055971,C027318,2024-12-28,Online,,Completed,Credit Card,5.68
O0055977,C009382,2024-12-28,Online,,Completed,Credit Card,5.72
O0055981,C014658,2024-12-28,Store,S014,Completed,Credit Card,0.0
O0055988,C026446,2024-12-28,Online,,Completed,Debit Card,3.11
O0055989,C014802,2024-12-28,Store,S009,Completed,Credit Card,0.0
O0055992,C010691,2024-12-28,Store,S008,Completed,Credit Card,0.0
O0055995,C026555,2024-12-28,Store,S011,Completed,Debit Card,0.0
O0056016,C003384,2024-12-29,Store,S003,Completed,Debit Card,0.0
O0056017,C013119,2024-12-29,Pickup,S002,Completed,Credit Card,0.0
O0056022,C029416,2024-12-29,Store,S006,Completed,Credit Card,0.0
O0056029,C029295,2024-12-29,Online,,Completed,Digital Wallet,7.0
O0056037,C009154,2024-12-29,Store,S012,Completed,Credit Card,0.0
O0056050,C001691,2024-12-29,Online,,Completed,Credit Card,23.81
O0056063,C009947,2024-12-29,Online,,Completed,Gift Card,1.56
O0056072,C020805,2024-12-29,Pickup,S001,Completed,Credit Card,0.0
O0056100,C000743,2024-12-29,Online,,Completed,Debit Card,5.59
O0056108,C018572,2024-12-29,Store,S004,Completed,Gift Card,0.0
O0056116,C022706,2024-12-29,Store,S012,Completed,Digital Wallet,0.0
O0056126,C026747,2024-12-29,Online,,Completed,Credit Card,5.75
O0056129,C024449,2024-12-29,Online,,Completed,Credit Card,12.53
O0056134,C010203,2024-12-29,Store,S007,Returned,Credit Card,0.0
O0056139,C026736,2024-12-29,Store,S002,Completed,Credit Card,0.0
O0056143,C027726,2024-12-29,Store,S013,Completed,Debit Card,0.0
O0056146,C020770,2024-12-29,Store,S013,Completed,Credit Card,0.0
O0056152,C020157,2024-12-30,Online,,Completed,Credit Card,1.0
O0056160,C003704,2024-12-30,Store,S005,Completed,Credit Card,0.0
O0056164,C027069,2024-12-30,Store,S013,Completed,Debit Card,0.0
O0056165,C026226,2024-12-30,Online,,Completed,Digital Wallet,10.6
O0056175,C014574,2024-12-30,Online,,Completed,Credit Card,1.94
O0056177,C001617,2024-12-30,Store,S008,Completed,Credit Card,0.0
O0056187,C003399,2024-12-30,Store,S009,Completed,Gift Card,0.0
O0056188,C001413,2024-12-30,Store,S013,Completed,Debit Card,0.0
O0056194,C023693,2024-12-30,Online,,Completed,Debit Card,7.55
O0056209,C014338,2024-12-30,Pickup,S005,Completed,Digital Wallet,0.0
O0056213,C018714,2024-12-30,Store,S008,Completed,Digital Wallet,0.0
O0056215,C009846,2024-12-30,Pickup,S011,Completed,Gift Card,0.0
O0056227,C002857,2024-12-30,Online,,Completed,Debit Card,0.87
O0056230,C004982,2024-12-30,Online,,Completed,Debit Card,8.82
O0056231,C018153,2024-12-30,Online,,Completed,Credit Card,4.85
O0056237,C005019,2024-12-30,Store,S002,Completed,Credit Card,0.0
O0056258,C005506,2024-12-30,Online,,Completed,Digital Wallet,5.8
O0056270,C015845,2024-12-30,Pickup,S002,Completed,Credit Card,0.0
O0056271,C021922,2024-12-30,Online,,Completed,Digital Wallet,2.69
O0056285,C023424,2024-12-31,Store,S014,Completed,Digital Wallet,0.0
O0056288,C013521,2024-12-31,Online,,Returned,Digital Wallet,6.42
O0056290,C014466,2024-12-31,Online,,Completed,Debit Card,5.72
O0056292,C029340,2024-12-31,Online,,Completed,Credit Card,22.42
O0056306,C013009,2024-12-31,Store,S004,Completed,Debit Card,0.0
O0056319,C014460,2024-12-31,Store,S015,Cancelled,Debit Card,0.0
O0056322,C004297,2024-12-31,Store,S011,Completed,Debit Card,0.0
O0056325,C012682,2024-12-31,Online,,Completed,Credit Card,2.03
O0056326,C022569,2024-12-31,Pickup,S002,Returned,Debit Card,0.0
O0056331,C001337,2024-12-31,Store,S001,Completed,Credit Card,0.0
O0056342,C007937,2024-12-31,Pickup,S003,Completed,Credit Card,0.0
O0056350,C019641,2024-12-31,Store,S005,Completed,Credit Card,0.0
O0056352,C027364,2024-12-31,Store,S011,Completed,Gift Card,0.0
O0056369,C019880,2024-12-31,Store,S003,Completed,Debit Card,0.0
O0056380,C000402,2024-12-31,Store,S012,Completed,Debit Card,0.0
O0056387,C027812,2024-12-31,Store,S005,Completed,Debit Card,0.0
O0056390,C000912,2024-12-31,Store,S013,Completed,Credit Card,0.0
O0056393,C013361,2024-12-31,Store,S008,Completed,Credit Card,0.0
O0056401,C007648,2024-12-31,Store,S016,Returned,Debit Card,0.0
O0056406,C022860,2024-12-31,Online,,Returned,Digital Wallet,2.69
O0056408,C022475,2024-12-31,Online,,Completed,Credit Card,0.26
O0056409,C026263,2024-12-31,Store,S011,Returned,Credit Card,0.0
O0056413,C002287,2024-12-31,Store,S011,Completed,Debit Card,0.0
O0056416,C004342,2024-12-31,Store,S005,Completed,Digital Wallet,0.0
O0056421,C022799,2024-12-31,Online,,Completed,Credit Card,0.91
O0056424,C001176,2025-01-01,Store,S006,Completed,Debit Card,0.0
O0056438,C011592,2025-01-01,Online,,Completed,Digital Wallet,5.44
O0056449,C018009,2025-01-01,Pickup,S001,Completed,Credit Card,0.0
O0056455,C007327,2025-01-01,Online,,Completed,Debit Card,4.24
O0056464,C014153,2025-01-01,Store,S002,Completed,Credit Card,0.0
O0056467,C002586,2025-01-01,Store,S004,Completed,Debit Card,0.0
O0056470,C010306,2025-01-01,Pickup,S015,Completed,Credit Card,0.0
O0056476,C027316,2025-01-01,Pickup,S015,Completed,Credit Card,0.0
O0056486,C023662,2025-01-01,Store,S001,Completed,Credit Card,0.0
O0056490,C028510,2025-01-02,Online,,Completed,Digital Wallet,12.89
O0056491,C000742,2025-01-02,Store,S010,Completed,Debit Card,0.0
O0056492,C007768,2025-01-02,Online,,Completed,Credit Card,2.37
O0056502,C002251,2025-01-02,Store,S006,Completed,Digital Wallet,0.0
O0056503,C028784,2025-01-02,Online,,Completed,Debit Card,2.67
O0056512,C025419,2025-01-02,Online,,Completed,Credit Card,19.54
O0056529,C026799,2025-01-02,Store,S002,Completed,Credit Card,0.0
O0056543,C023110,2025-01-02,Store,S001,Completed,Debit Card,0.0
O0056546,C001148,2025-01-02,Online,,Completed,Credit Card,7.91
O0056551,C012456,2025-01-02,Store,S013,Completed,Credit Card,0.0
O0056555,C021944,2025-01-02,Online,,Completed,Digital Wallet,11.35
O0056557,C024557,2025-01-02,Online,,Cancelled,Credit Card,13.31
O0056560,C017937,2025-01-03,Store,S007,Completed,Digital Wallet,0.0
O0056563,C027086,2025-01-03,Online,,Completed,Credit Card,6.5
O0056567,C013627,2025-01-03,Online,,Completed,Credit Card,6.11
O0056572,C028882,2025-01-03,Online,,Returned,Credit Card,3.64
O0056578,C015615,2025-01-03,Online,,Completed,Digital Wallet,7.37
O0056595,C012696,2025-01-03,Store,S004,Completed,Digital Wallet,0.0
O0056606,C018701,2025-01-03,Online,,Completed,Digital Wallet,7.31
O0056621,C002763,2025-01-04,Pickup,S002,Completed,Credit Card,0.0
O0056632,C017867,2025-01-04,Store,S012,Returned,Gift Card,0.0
O0056634,C003330,2025-01-04,Online,,Completed,Credit Card,8.06
O0056646,C025176,2025-01-04,Store,S008,Completed,Credit Card,0.0
O0056648,C027271,2025-01-04,Online,,Completed,Debit Card,12.34
O0056650,C022569,2025-01-04,Online,,Completed,Credit Card,0.39
O0056651,C015228,2025-01-04,Online,,Cancelled,Debit Card,15.28
O0056657,C012627,2025-01-04,Online,,Completed,Digital Wallet,3.07
O0056660,C004085,2025-01-04,Online,,Completed,Credit Card,3.96
O0056663,C029204,2025-01-04,Online,,Completed,Credit Card,6.35
O0056666,C010388,2025-01-04,Store,S006,Completed,Digital Wallet,0.0
O0056672,C016557,2025-01-04,Online,,Completed,Debit Card,7.12
O0056674,C008674,2025-01-04,Online,,Completed,Credit Card,1.76
O0056691,C021286,2025-01-04,Online,,Completed,Credit Card,3.87
O0056696,C019287,2025-01-04,Store,S009,Completed,Credit Card,0.0
O0056712,C022546,2025-01-05,Online,,Returned,Credit Card,1.69
O0056718,C012877,2025-01-05,Online,,Completed,Credit Card,6.29
O0056727,C026663,2025-01-05,Online,,Completed,Credit Card,10.04
O0056731,C017497,2025-01-05,Pickup,S008,Completed,Debit Card,0.0
O0056734,C023234,2025-01-05,Store,S011,Completed,Debit Card,0.0
O0056735,C017245,2025-01-05,Online,,Completed,Debit Card,12.32
O0056744,C018702,2025-01-05,Store,S002,Completed,Credit Card,0.0
O0056746,C008091,2025-01-05,Store,S007,Completed,Credit Card,0.0
O0056756,C013009,2025-01-05,Store,S003,Completed,Digital Wallet,0.0
O0056777,C003902,2025-01-05,Store,S008,Completed,Digital Wallet,0.0
O0056793,C014354,2025-01-06,Store,S013,Completed,Credit Card,0.0
O0056797,C020433,2025-01-06,Online,,Completed,Debit Card,3.07
O0056799,C010393,2025-01-06,Online,,Completed,Credit Card,7.06
O0056803,C013125,2025-01-06,Store,S005,Completed,Gift Card,0.0
O0056804,C020257,2025-01-06,Store,S011,Completed,Credit Card,0.0
O0056812,C010145,2025-01-06,Online,,Completed,Credit Card,2.77
O0056824,C019842,2025-01-06,Online,,Completed,Digital Wallet,4.61
O0056828,C005788,2025-01-06,Store,S016,Completed,Credit Card,0.0
O0056835,C027749,2025-01-06,Online,,Completed,Credit Card,4.61
O0056836,C015957,2025-01-06,Online,,Completed,Credit Card,4.45
O0056841,C001766,2025-01-06,Pickup,S004,Returned,Credit Card,0.0
O0056861,C025984,2025-01-07,Store,S008,Completed,Digital Wallet,0.0
O0056869,C009876,2025-01-07,Online,,Completed,Credit Card,5.05
O0056877,C016216,2025-01-07,Store,S002,Completed,Debit Card,0.0
O0056881,C011092,2025-01-07,Online,,Completed,Debit Card,8.83
O0056886,C028822,2025-01-07,Store,S008,Completed,Debit Card,0.0
O0056891,C029869,2025-01-07,Online,,Completed,Credit Card,7.37
O0056894,C000231,2025-01-07,Online,,Completed,Credit Card,5.36
O0056896,C014304,2025-01-07,Online,,Completed,Credit Card,3.48
O0056899,C016309,2025-01-07,Store,S007,Completed,Credit Card,0.0
O0056910,C002950,2025-01-07,Online,,Completed,Digital Wallet,1.87
O0056913,C010856,2025-01-07,Online,,Completed,Credit Card,27.61
O0056922,C012692,2025-01-07,Online,,Completed,Gift Card,8.65
O0056932,C026592,2025-01-08,Online,,Completed,Credit Card,1.4
O0056933,C004126,2025-01-08,Pickup,S006,Completed,Credit Card,0.0
O0056954,C010945,2025-01-08,Store,S016,Completed,Credit Card,0.0
O0056961,C010981,2025-01-08,Store,S006,Completed,Credit Card,0.0
O0056980,C005554,2025-01-08,Store,S001,Completed,Digital Wallet,0.0
O0056987,C009873,2025-01-08,Store,S002,Completed,Debit Card,0.0
O0056990,C002981,2025-01-08,Online,,Completed,Debit Card,8.97
O0057006,C020006,2025-01-09,Store,S011,Returned,Debit Card,0.0
O0057012,C024742,2025-01-09,Store,S012,Completed,Debit Card,0.0
O0057013,C012260,2025-01-09,Online,,Completed,Debit Card,8.06
O0057020,C013272,2025-01-09,Store,S016,Completed,Digital Wallet,0.0
O0057023,C004169,2025-01-09,Store,S001,Completed,Debit Card,0.0
O0057024,C004668,2025-01-09,Online,,Completed,Credit Card,14.37
O0057029,C010017,2025-01-09,Online,,Completed,Credit Card,0.84
O0057032,C009673,2025-01-09,Pickup,S004,Completed,Debit Card,0.0
O0057038,C027000,2025-01-09,Online,,Completed,Credit Card,0.45
O0057040,C018040,2025-01-09,Online,,Completed,Digital Wallet,19.22
O0057041,C010856,2025-01-09,Store,S008,Completed,Credit Card,0.0
O0057054,C008486,2025-01-09,Online,,Completed,Credit Card,5.3
O0057064,C000981,2025-01-10,Store,S002,Completed,Credit Card,0.0
O0057081,C005253,2025-01-10,Store,S009,Completed,Gift Card,0.0
O0057086,C012692,2025-01-10,Store,S016,Completed,Digital Wallet,0.0
O0057091,C017500,2025-01-10,Online,,Completed,Credit Card,7.88
O0057093,C014764,2025-01-10,Pickup,S001,Completed,Debit Card,0.0
O0057098,C003116,2025-01-10,Pickup,S007,Completed,Digital Wallet,0.0
O0057130,C015182,2025-01-10,Store,S002,Completed,Credit Card,0.0
O0057157,C022810,2025-01-11,Online,,Completed,Digital Wallet,2.09
O0057160,C029405,2025-01-11,Store,S016,Completed,Digital Wallet,0.0
O0057164,C011401,2025-01-11,Store,S008,Completed,Credit Card,0.0
O0057172,C026395,2025-01-11,Store,S001,Completed,Credit Card,0.0
O0057188,C002648,2025-01-11,Online,,Completed,Credit Card,5.66
O0057191,C019272,2025-01-11,Store,S004,Completed,Digital Wallet,0.0
O0057195,C011239,2025-01-11,Online,,Completed,Debit Card,3.79
O0057214,C002905,2025-01-12,Store,S007,Completed,Debit Card,0.0
O0057215,C027271,2025-01-12,Online,,Completed,Digital Wallet,7.68
O0057218,C024126,2025-01-12,Online,,Completed,Debit Card,3.32
O0057230,C026388,2025-01-12,Store,S002,Completed,Credit Card,0.0
O0057231,C008371,2025-01-12,Online,,Completed,Credit Card,14.74
O0057241,C004852,2025-01-12,Online,,Completed,Debit Card,1.91
O0057250,C010245,2025-01-12,Store,S007,Completed,Debit Card,0.0
O0057255,C022655,2025-01-12,Store,S011,Completed,Credit Card,0.0
O0057262,C028784,2025-01-12,Online,,Completed,Debit Card,3.54
O0057271,C028702,2025-01-12,Online,,Completed,Credit Card,3.87
O0057280,C028631,2025-01-12,Online,,Completed,Digital Wallet,6.49
O0057281,C001024,2025-01-12,Online,,Completed,Credit Card,7.92
O0057282,C020087,2025-01-12,Online,,Completed,Credit Card,13.45
O0057283,C017500,2025-01-12,Online,,Completed,Credit Card,15.13
O0057287,C025355,2025-01-13,Store,S010,Completed,Digital Wallet,0.0
O0057292,C020641,2025-01-13,Online,,Completed,Digital Wallet,0.86
O0057293,C018087,2025-01-13,Store,S014,Completed,Credit Card,0.0
O0057298,C023663,2025-01-13,Pickup,S004,Completed,Debit Card,0.0
O0057301,C015948,2025-01-13,Store,S003,Completed,Debit Card,0.0
O0057302,C005326,2025-01-13,Store,S004,Returned,Debit Card,0.0
O0057304,C010651,2025-01-13,Store,S008,Completed,Credit Card,0.0
O0057307,C024782,2025-01-13,Store,S002,Completed,Credit Card,0.0
O0057310,C000313,2025-01-13,Online,,Completed,Gift Card,11.74
O0057311,C021144,2025-01-13,Online,,Completed,Digital Wallet,10.34
O0057317,C001816,2025-01-13,Online,,Completed,Credit Card,1.6
O0057323,C022844,2025-01-13,Store,S005,Completed,Digital Wallet,0.0
O0057333,C023132,2025-01-13,Store,S007,Completed,Debit Card,0.0
O0057352,C015638,2025-01-14,Store,S004,Completed,Credit Card,0.0
O0057356,C023843,2025-01-14,Online,,Completed,Credit Card,10.97
O0057365,C025466,2025-01-14,Online,,Completed,Credit Card,18.53
O0057392,C005815,2025-01-14,Online,,Completed,Credit Card,7.58
O0057395,C028116,2025-01-14,Online,,Completed,Credit Card,6.8
O0057398,C024790,2025-01-14,Pickup,S003,Completed,Credit Card,0.0
O0057401,C002930,2025-01-14,Store,S002,Completed,Digital Wallet,0.0
O0057414,C017698,2025-01-15,Online,,Completed,Credit Card,9.46
O0057422,C008872,2025-01-15,Store,S016,Completed,Credit Card,0.0
O0057430,C013469,2025-01-15,Online,,Completed,Gift Card,2.23
O0057432,C011409,2025-01-15,Online,,Completed,Gift Card,5.91
O0057452,C021968,2025-01-15,Pickup,S008,Completed,Debit Card,0.0
O0057461,C015063,2025-01-15,Online,,Completed,Digital Wallet,6.47
O0057463,C018765,2025-01-15,Online,,Completed,Debit Card,11.84
O0057472,C019272,2025-01-15,Store,S004,Completed,Debit Card,0.0
O0057477,C007086,2025-01-16,Online,,Completed,Credit Card,6.0
O0057478,C020778,2025-01-16,Store,S006,Completed,Credit Card,0.0
O0057486,C007250,2025-01-16,Online,,Completed,Credit Card,3.28
O0057492,C004814,2025-01-16,Store,S006,Completed,Debit Card,0.0
O0057495,C025628,2025-01-16,Online,,Completed,Credit Card,16.57
O0057496,C011772,2025-01-16,Online,,Completed,Credit Card,8.28
O0057498,C017386,2025-01-16,Store,S009,Completed,Debit Card,0.0
O0057503,C012137,2025-01-16,Store,S004,Completed,Digital Wallet,0.0
O0057506,C027651,2025-01-16,Pickup,S016,Completed,Credit Card,0.0
O0057523,C017787,2025-01-16,Store,S009,Completed,Debit Card,0.0
O0057559,C008414,2025-01-17,Store,S013,Returned,Digital Wallet,0.0
O0057569,C007979,2025-01-17,Store,S003,Completed,Credit Card,0.0
O0057584,C026051,2025-01-17,Online,,Completed,Credit Card,1.73
O0057590,C007250,2025-01-17,Online,,Returned,Digital Wallet,3.38
O0057602,C020543,2025-01-17,Online,,Returned,Gift Card,2.44
O0057618,C024449,2025-01-18,Online,,Completed,Credit Card,8.5
O0057619,C013087,2025-01-18,Online,,Completed,Digital Wallet,3.8
O0057620,C023717,2025-01-18,Store,S014,Completed,Debit Card,0.0
O0057621,C009162,2025-01-18,Online,,Completed,Gift Card,2.62
O0057624,C027937,2025-01-18,Online,,Completed,Digital Wallet,7.45
O0057625,C006240,2025-01-18,Online,,Completed,Digital Wallet,5.98
O0057629,C018087,2025-01-18,Store,S013,Completed,Digital Wallet,0.0
O0057641,C013578,2025-01-18,Online,,Completed,Credit Card,0.62
O0057643,C029204,2025-01-18,Pickup,S006,Completed,Debit Card,0.0
O0057667,C015988,2025-01-18,Online,,Completed,Credit Card,18.45
O0057671,C022965,2025-01-18,Pickup,S014,Completed,Credit Card,0.0
O0057676,C010576,2025-01-18,Online,,Completed,Credit Card,10.0
O0057684,C024179,2025-01-19,Online,,Completed,Debit Card,13.1
O0057693,C002950,2025-01-19,Online,,Completed,Credit Card,2.6
O0057704,C023212,2025-01-19,Pickup,S016,Completed,Credit Card,0.0
O0057707,C004257,2025-01-19,Pickup,S016,Completed,Credit Card,0.0
O0057716,C017336,2025-01-19,Online,,Completed,Debit Card,3.96
O0057718,C002959,2025-01-19,Store,S014,Completed,Credit Card,0.0
O0057721,C020686,2025-01-19,Pickup,S016,Completed,Digital Wallet,0.0
O0057739,C009622,2025-01-19,Online,,Completed,Digital Wallet,8.13
O0057741,C000719,2025-01-19,Online,,Completed,Credit Card,11.12
O0057771,C004105,2025-01-20,Store,S007,Returned,Credit Card,0.0
O0057773,C003924,2025-01-20,Store,S015,Completed,Digital Wallet,0.0
O0057778,C017960,2025-01-20,Store,S006,Completed,Credit Card,0.0
O0057785,C009321,2025-01-20,Online,,Completed,Credit Card,12.72
O0057787,C002868,2025-01-20,Online,,Completed,Credit Card,6.88
O0057816,C027514,2025-01-20,Online,,Completed,Debit Card,5.91
O0057821,C029039,2025-01-21,Online,,Completed,Gift Card,13.26
O0057822,C023851,2025-01-21,Online,,Completed,Debit Card,7.65
O0057834,C005161,2025-01-21,Online,,Returned,Digital Wallet,1.74
O0057838,C009756,2025-01-21,Online,,Cancelled,Debit Card,1.5
O0057851,C015519,2025-01-21,Store,S014,Returned,Credit Card,0.0
O0057867,C026014,2025-01-21,Store,S006,Completed,Digital Wallet,0.0
O0057873,C000197,2025-01-21,Online,,Completed,Credit Card,2.05
O0057875,C006071,2025-01-21,Online,,Completed,Debit Card,3.12
O0057878,C022257,2025-01-21,Pickup,S002,Completed,Gift Card,0.0
O0057890,C002868,2025-01-21,Online,,Completed,Debit Card,2.87
O0057899,C018837,2025-01-21,Store,S002,Completed,Debit Card,0.0
O0057914,C024744,2025-01-22,Online,,Completed,Credit Card,13.55
O0057921,C026624,2025-01-22,Online,,Cancelled,Credit Card,13.52
O0057924,C002141,2025-01-22,Online,,Completed,Credit Card,4.6
O0057925,C025792,2025-01-22,Store,S007,Completed,Credit Card,0.0
O0057936,C014447,2025-01-22,Store,S007,Completed,Credit Card,0.0
O0057943,C011434,2025-01-22,Online,,Completed,Credit Card,5.3
O0057948,C020870,2025-01-22,Store,S005,Completed,Digital Wallet,0.0
O0057949,C008825,2025-01-22,Online,,Completed,Debit Card,0.94
O0057951,C022565,2025-01-22,Store,S013,Completed,Digital Wallet,0.0
O0057955,C014929,2025-01-22,Online,,Completed,Debit Card,3.9
O0057959,C002905,2025-01-22,Store,S005,Completed,Digital Wallet,0.0
O0057975,C027086,2025-01-23,Pickup,S012,Completed,Digital Wallet,0.0
O0057977,C025507,2025-01-23,Online,,Completed,Credit Card,2.63
O0057984,C004304,2025-01-23,Online,,Completed,Debit Card,17.59
O0057985,C018387,2025-01-23,Online,,Completed,Credit Card,6.15
O0057986,C012711,2025-01-23,Online,,Completed,Credit Card,2.41
O0057987,C014215,2025-01-23,Online,,Completed,Debit Card,7.09
O0057990,C014419,2025-01-23,Pickup,S008,Returned,Digital Wallet,0.0
O0057994,C019729,2025-01-23,Store,S001,Completed,Gift Card,0.0
O0057997,C029029,2025-01-23,Pickup,S013,Completed,Credit Card,0.0
O0058013,C006127,2025-01-23,Online,,Completed,Credit Card,5.42
O0058015,C018098,2025-01-23,Online,,Completed,Digital Wallet,0.54
O0058021,C006603,2025-01-23,Online,,Completed,Debit Card,16.73
O0058024,C009527,2025-01-23,Online,,Completed,Credit Card,9.22
O0058037,C015054,2025-01-23,Store,S006,Completed,Digital Wallet,0.0
O0058046,C029612,2025-01-24,Online,,Completed,Credit Card,5.03
O0058049,C018701,2025-01-24,Online,,Completed,Credit Card,7.13
O0058065,C003509,2025-01-24,Store,S005,Cancelled,Credit Card,0.0
O0058067,C020392,2025-01-24,Online,,Completed,Digital Wallet,3.68
O0058071,C000574,2025-01-24,Online,,Completed,Digital Wallet,12.54
O0058079,C020569,2025-01-24,Online,,Completed,Debit Card,11.56
O0058081,C004221,2025-01-24,Online,,Completed,Debit Card,11.1
O0058111,C006268,2025-01-24,Online,,Completed,Digital Wallet,7.52
O0058112,C017463,2025-01-24,Pickup,S002,Returned,Credit Card,0.0
O0058120,C027604,2025-01-25,Online,,Completed,Digital Wallet,9.26
O0058138,C014899,2025-01-25,Online,,Returned,Debit Card,4.03
O0058139,C001806,2025-01-25,Online,,Returned,Credit Card,2.46
O0058144,C021907,2025-01-25,Store,S007,Completed,Gift Card,0.0
O0058145,C021582,2025-01-25,Online,,Completed,Digital Wallet,12.59
O0058159,C023091,2025-01-25,Store,S011,Completed,Credit Card,0.0
O0058183,C012682,2025-01-25,Store,S002,Completed,Credit Card,0.0
O0058189,C002765,2025-01-25,Online,,Completed,Credit Card,4.0
O0058194,C011223,2025-01-25,Store,S009,Completed,Credit Card,0.0
O0058195,C025768,2025-01-25,Online,,Completed,Digital Wallet,6.04
O0058216,C016223,2025-01-26,Online,,Completed,Credit Card,7.73
O0058217,C026759,2025-01-26,Store,S013,Completed,Gift Card,0.0
O0058218,C025786,2025-01-26,Online,,Completed,Debit Card,9.08
O0058282,C017674,2025-01-26,Online,,Completed,Gift Card,4.62
O0058285,C022110,2025-01-26,Online,,Completed,Debit Card,2.61
O0058312,C010782,2025-01-27,Online,,Completed,Gift Card,9.41
O0058319,C010262,2025-01-27,Online,,Completed,Credit Card,4.48
O0058347,C013134,2025-01-27,Online,,Completed,Debit Card,7.57
O0058349,C002509,2025-01-27,Store,S006,Completed,Credit Card,0.0
O0058353,C029416,2025-01-28,Online,,Completed,Debit Card,2.03
O0058362,C020269,2025-01-28,Online,,Completed,Credit Card,6.37
O0058381,C012711,2025-01-28,Online,,Completed,Debit Card,5.18
O0058383,C029601,2025-01-28,Online,,Completed,Debit Card,1.33
O0058401,C016294,2025-01-28,Pickup,S006,Completed,Credit Card,0.0
O0058406,C020274,2025-01-28,Online,,Completed,Digital Wallet,11.11
O0058407,C019549,2025-01-28,Store,S014,Completed,Debit Card,0.0
O0058415,C013345,2025-01-28,Online,,Cancelled,Digital Wallet,1.55
O0058418,C012972,2025-01-28,Store,S001,Completed,Debit Card,0.0
O0058427,C025786,2025-01-29,Online,,Completed,Debit Card,2.08
O0058434,C004385,2025-01-29,Store,S004,Completed,Digital Wallet,0.0
O0058444,C002983,2025-01-29,Store,S008,Completed,Debit Card,0.0
O0058451,C026041,2025-01-29,Store,S008,Completed,Credit Card,0.0
O0058456,C023424,2025-01-29,Store,S016,Completed,Digital Wallet,0.0
O0058458,C007440,2025-01-29,Store,S011,Completed,Credit Card,0.0
O0058463,C023010,2025-01-29,Store,S014,Completed,Debit Card,0.0
O0058468,C006530,2025-01-29,Online,,Completed,Digital Wallet,6.37
O0058476,C005019,2025-01-29,Store,S003,Completed,Credit Card,0.0
O0058488,C028302,2025-01-29,Pickup,S016,Completed,Credit Card,0.0
O0058501,C005184,2025-01-30,Online,,Completed,Credit Card,14.82
O0058504,C006940,2025-01-30,Store,S009,Completed,Credit Card,0.0
O0058514,C017477,2025-01-30,Online,,Completed,Credit Card,4.54
O0058520,C023598,2025-01-30,Online,,Completed,Digital Wallet,5.03
O0058522,C019907,2025-01-30,Store,S002,Returned,Credit Card,0.0
O0058525,C004820,2025-01-30,Online,,Completed,Credit Card,7.15
O0058529,C004852,2025-01-30,Store,S007,Completed,Credit Card,0.0
O0058542,C017162,2025-01-30,Online,,Completed,Credit Card,6.63
O0058553,C012155,2025-01-30,Store,S002,Completed,Credit Card,0.0
O0058561,C007213,2025-01-30,Online,,Completed,Debit Card,4.68
O0058568,C019417,2025-01-31,Pickup,S011,Completed,Credit Card,0.0
O0058569,C009215,2025-01-31,Pickup,S003,Completed,Credit Card,0.0
O0058570,C011190,2025-01-31,Store,S007,Completed,Credit Card,0.0
O0058578,C008705,2025-01-31,Online,,Completed,Digital Wallet,4.58
O0058579,C001661,2025-01-31,Online,,Completed,Credit Card,7.75
O0058588,C001617,2025-01-31,Pickup,S005,Completed,Debit Card,0.0
O0058594,C018606,2025-01-31,Online,,Completed,Gift Card,12.56
O0058598,C021006,2025-01-31,Online,,Completed,Debit Card,5.24
O0058601,C026876,2025-01-31,Online,,Cancelled,Credit Card,6.25
O0058604,C012284,2025-01-31,Online,,Completed,Digital Wallet,2.6
O0058611,C012079,2025-01-31,Online,,Returned,Credit Card,12.39
O0058620,C020713,2025-01-31,Online,,Completed,Digital Wallet,18.65
O0058627,C001176,2025-02-01,Online,,Cancelled,Credit Card,3.66
O0058630,C022799,2025-02-01,Pickup,S016,Returned,Digital Wallet,0.0
O0058632,C020986,2025-02-01,Pickup,S007,Completed,Credit Card,0.0
O0058637,C027937,2025-02-01,Online,,Returned,Debit Card,4.57
O0058647,C004458,2025-02-01,Store,S013,Completed,Digital Wallet,0.0
O0058648,C008575,2025-02-01,Store,S006,Completed,Credit Card,0.0
O0058650,C013708,2025-02-01,Online,,Completed,Digital Wallet,4.59
O0058668,C006920,2025-02-01,Store,S003,Completed,Credit Card,0.0
O0058675,C025543,2025-02-01,Pickup,S003,Completed,Gift Card,0.0
O0058684,C008911,2025-02-01,Online,,Completed,Gift Card,2.15
O0058689,C014146,2025-02-01,Store,S015,Completed,Digital Wallet,0.0
O0058690,C008825,2025-02-01,Store,S011,Completed,Credit Card,0.0
O0058703,C019842,2025-02-01,Store,S009,Completed,Credit Card,0.0
O0058705,C009548,2025-02-02,Store,S008,Completed,Digital Wallet,0.0
O0058711,C015050,2025-02-02,Online,,Completed,Credit Card,12.01
O0058716,C028812,2025-02-02,Online,,Completed,Credit Card,6.38
O0058725,C011944,2025-02-02,Online,,Completed,Credit Card,7.79
O0058731,C001819,2025-02-02,Online,,Completed,Credit Card,2.32
O0058747,C017472,2025-02-02,Store,S011,Completed,Debit Card,0.0
O0058770,C005438,2025-02-02,Online,,Completed,Debit Card,10.68
O0058781,C018525,2025-02-03,Store,S005,Completed,Credit Card,0.0
O0058783,C015182,2025-02-03,Online,,Completed,Debit Card,8.09
O0058802,C029753,2025-02-03,Store,S006,Completed,Gift Card,0.0
O0058806,C017796,2025-02-03,Store,S004,Completed,Digital Wallet,0.0
O0058811,C021939,2025-02-03,Online,,Completed,Credit Card,3.27
O0058813,C021694,2025-02-03,Online,,Completed,Credit Card,6.83
O0058817,C022940,2025-02-03,Online,,Completed,Credit Card,3.66
O0058834,C010580,2025-02-03,Online,,Completed,Credit Card,1.97
O0058838,C020237,2025-02-04,Pickup,S003,Completed,Credit Card,0.0
O0058841,C023163,2025-02-04,Online,,Completed,Credit Card,11.29
O0058844,C004580,2025-02-04,Online,,Completed,Digital Wallet,4.06
O0058863,C017167,2025-02-04,Store,S014,Completed,Credit Card,0.0
O0058868,C015673,2025-02-04,Online,,Completed,Credit Card,8.34
O0058870,C017820,2025-02-04,Online,,Completed,Credit Card,8.5
O0058874,C011322,2025-02-04,Online,,Completed,Debit Card,3.55
O0058884,C021378,2025-02-04,Online,,Completed,Credit Card,17.51
O0058888,C008762,2025-02-04,Store,S015,Completed,Debit Card,0.0
O0058892,C002202,2025-02-04,Store,S006,Completed,Credit Card,0.0
O0058911,C012377,2025-02-05,Online,,Completed,Digital Wallet,1.19
O0058914,C015916,2025-02-05,Online,,Completed,Credit Card,8.08
O0058919,C007327,2025-02-05,Online,,Completed,Debit Card,2.93
O0058923,C005305,2025-02-05,Store,S015,Completed,Digital Wallet,0.0
O0058925,C024083,2025-02-05,Store,S006,Cancelled,Digital Wallet,0.0
O0058929,C007496,2025-02-05,Store,S005,Completed,Debit Card,0.0
O0058938,C018387,2025-02-05,Pickup,S014,Completed,Gift Card,0.0
O0058941,C027152,2025-02-05,Pickup,S007,Cancelled,Credit Card,0.0
O0058948,C017804,2025-02-05,Online,,Returned,Credit Card,7.81
O0058953,C022568,2025-02-05,Online,,Completed,Digital Wallet,4.33
O0058955,C027173,2025-02-05,Online,,Completed,Credit Card,4.61
O0058961,C003101,2025-02-05,Pickup,S016,Cancelled,Credit Card,0.0
O0058964,C013695,2025-02-05,Store,S015,Completed,Digital Wallet,0.0
O0058970,C022230,2025-02-05,Online,,Completed,Debit Card,0.69
O0058975,C020318,2025-02-06,Online,,Completed,Gift Card,3.38
O0058978,C009503,2025-02-06,Pickup,S005,Completed,Digital Wallet,0.0
O0058982,C010046,2025-02-06,Pickup,S016,Completed,Digital Wallet,0.0
O0058988,C014153,2025-02-06,Store,S002,Completed,Debit Card,0.0
O0059009,C018789,2025-02-06,Online,,Completed,Digital Wallet,2.96
O0059029,C023425,2025-02-06,Pickup,S003,Completed,Debit Card,0.0
O0059032,C029357,2025-02-06,Store,S009,Completed,Debit Card,0.0
O0059049,C010017,2025-02-07,Online,,Completed,Credit Card,5.19
O0059061,C009622,2025-02-07,Online,,Completed,Digital Wallet,5.37
O0059070,C021522,2025-02-07,Online,,Completed,Credit Card,14.77
O0059073,C003674,2025-02-07,Online,,Completed,Digital Wallet,5.53
O0059074,C002665,2025-02-07,Store,S001,Completed,Gift Card,0.0
O0059090,C002715,2025-02-07,Online,,Completed,Credit Card,13.68
O0059127,C007302,2025-02-08,Online,,Completed,Credit Card,7.22
O0059131,C014481,2025-02-08,Online,,Completed,Credit Card,4.74
O0059141,C000960,2025-02-08,Online,,Completed,Credit Card,3.89
O0059143,C024449,2025-02-08,Store,S012,Completed,Debit Card,0.0
O0059146,C010494,2025-02-08,Online,,Returned,Credit Card,6.06
O0059150,C019595,2025-02-08,Pickup,S014,Completed,Credit Card,0.0
O0059152,C018594,2025-02-08,Store,S004,Completed,Credit Card,0.0
O0059158,C023468,2025-02-08,Pickup,S004,Completed,Credit Card,0.0
O0059160,C028422,2025-02-08,Online,,Returned,Debit Card,5.9
O0059161,C009094,2025-02-08,Store,S001,Completed,Credit Card,0.0
O0059162,C014330,2025-02-08,Pickup,S002,Returned,Debit Card,0.0
O0059169,C001347,2025-02-08,Online,,Completed,Digital Wallet,0.82
O0059178,C027749,2025-02-08,Online,,Completed,Digital Wallet,4.76
O0059182,C000537,2025-02-08,Online,,Returned,Debit Card,3.25
O0059188,C012770,2025-02-08,Store,S008,Completed,Credit Card,0.0
O0059194,C021220,2025-02-08,Online,,Completed,Debit Card,5.69
O0059200,C022889,2025-02-08,Online,,Completed,Credit Card,2.59
O0059203,C003495,2025-02-08,Pickup,S016,Completed,Digital Wallet,0.0
O0059222,C008506,2025-02-09,Online,,Completed,Credit Card,7.36
O0059254,C012463,2025-02-09,Pickup,S007,Completed,Debit Card,0.0
O0059257,C011891,2025-02-09,Online,,Completed,Credit Card,2.26
O0059281,C010115,2025-02-09,Online,,Completed,Credit Card,10.35
O0059286,C020442,2025-02-09,Online,,Completed,Debit Card,1.9
O0059293,C026799,2025-02-10,Online,,Completed,Credit Card,6.84
O0059303,C020137,2025-02-10,Online,,Completed,Gift Card,3.08
O0059309,C000128,2025-02-10,Online,,Returned,Credit Card,2.79
O0059316,C013011,2025-02-10,Online,,Completed,Credit Card,4.07
O0059321,C016651,2025-02-10,Online,,Completed,Debit Card,3.31
O0059322,C015001,2025-02-10,Online,,Completed,Debit Card,6.67
O0059335,C003483,2025-02-10,Store,S014,Completed,Debit Card,0.0
O0059339,C014059,2025-02-10,Online,,Completed,Credit Card,7.66
O0059341,C020127,2025-02-10,Online,,Completed,Credit Card,10.29
O0059345,C007101,2025-02-10,Store,S009,Completed,Debit Card,0.0
O0059347,C011334,2025-02-10,Store,S016,Completed,Digital Wallet,0.0
O0059348,C018714,2025-02-10,Online,,Completed,Debit Card,4.21
O0059354,C024937,2025-02-11,Online,,Completed,Credit Card,5.59
O0059361,C022110,2025-02-11,Store,S010,Completed,Digital Wallet,0.0
O0059365,C002550,2025-02-11,Online,,Completed,Digital Wallet,7.02
O0059369,C020994,2025-02-11,Pickup,S016,Completed,Digital Wallet,0.0
O0059381,C006050,2025-02-11,Pickup,S007,Completed,Credit Card,0.0
O0059382,C007885,2025-02-11,Store,S010,Completed,Debit Card,0.0
O0059386,C004872,2025-02-11,Store,S003,Returned,Debit Card,0.0
O0059389,C008226,2025-02-11,Online,,Completed,Credit Card,2.34
O0059391,C010981,2025-02-11,Online,,Completed,Credit Card,6.64
O0059422,C003843,2025-02-11,Online,,Returned,Credit Card,2.51
O0059442,C025140,2025-02-12,Online,,Completed,Debit Card,1.91
O0059450,C023309,2025-02-12,Online,,Completed,Credit Card,6.69
O0059451,C009899,2025-02-12,Online,,Completed,Digital Wallet,5.91
O0059467,C006880,2025-02-12,Store,S014,Completed,Credit Card,0.0
O0059469,C021346,2025-02-12,Online,,Returned,Digital Wallet,6.19
O0059474,C011334,2025-02-12,Online,,Completed,Gift Card,4.58
O0059483,C004321,2025-02-12,Online,,Returned,Credit Card,3.94
O0059486,C012692,2025-02-12,Store,S016,Completed,Gift Card,0.0
O0059496,C006166,2025-02-12,Pickup,S007,Completed,Credit Card,0.0
O0059503,C003917,2025-02-13,Online,,Completed,Credit Card,9.54
O0059507,C025198,2025-02-13,Store,S015,Completed,Debit Card,0.0
O0059509,C023459,2025-02-13,Store,S002,Completed,Credit Card,0.0
O0059516,C026729,2025-02-13,Online,,Completed,Credit Card,7.31
O0059522,C015784,2025-02-13,Online,,Completed,Debit Card,7.93
O0059525,C015981,2025-02-13,Online,,Completed,Credit Card,15.09
O0059542,C021131,2025-02-13,Online,,Completed,Credit Card,5.34
O0059550,C009527,2025-02-13,Online,,Completed,Credit Card,4.05
O0059552,C003703,2025-02-13,Online,,Completed,Credit Card,21.99
O0059560,C013272,2025-02-13,Online,,Completed,Digital Wallet,6.84
O0059563,C006742,2025-02-13,Store,S007,Completed,Credit Card,0.0
O0059566,C001759,2025-02-14,Online,,Completed,Credit Card,2.17
O0059582,C006836,2025-02-14,Online,,Completed,Credit Card,3.39
O0059589,C022240,2025-02-14,Online,,Completed,Credit Card,10.77
O0059594,C009004,2025-02-14,Store,S007,Returned,Credit Card,0.0
O0059600,C018637,2025-02-14,Online,,Completed,Debit Card,4.82
O0059602,C013317,2025-02-14,Online,,Completed,Credit Card,3.55
O0059609,C004373,2025-02-14,Online,,Completed,Credit Card,5.57
O0059627,C022612,2025-02-15,Store,S005,Completed,Credit Card,0.0
O0059648,C005389,2025-02-15,Online,,Completed,Credit Card,2.87
O0059652,C010022,2025-02-15,Store,S006,Completed,Credit Card,0.0
O0059658,C007469,2025-02-15,Store,S012,Completed,Digital Wallet,0.0
O0059698,C004982,2025-02-15,Store,S007,Completed,Gift Card,0.0
O0059701,C015001,2025-02-16,Online,,Completed,Credit Card,0.93
O0059702,C003283,2025-02-16,Online,,Completed,Debit Card,1.38
O0059707,C027364,2025-02-16,Pickup,S009,Completed,Debit Card,0.0
O0059712,C010655,2025-02-16,Store,S012,Completed,Digital Wallet,0.0
O0059714,C000053,2025-02-16,Online,,Completed,Credit Card,4.88
O0059743,C013798,2025-02-16,Pickup,S015,Completed,Debit Card,0.0
O0059745,C025458,2025-02-16,Store,S016,Completed,Debit Card,0.0
O0059747,C003050,2025-02-16,Store,S011,Completed,Gift Card,0.0
O0059751,C022329,2025-02-16,Store,S015,Completed,Digital Wallet,0.0
O0059753,C005524,2025-02-16,Store,S002,Completed,Debit Card,0.0
O0059758,C024997,2025-02-16,Online,,Returned,Credit Card,5.88
O0059759,C022334,2025-02-16,Online,,Cancelled,Debit Card,7.68
O0059762,C002010,2025-02-16,Store,S008,Completed,Credit Card,0.0
O0059771,C024014,2025-02-16,Online,,Completed,Credit Card,9.44
O0059777,C025496,2025-02-17,Online,,Completed,Gift Card,4.2
O0059812,C022088,2025-02-17,Store,S003,Completed,Digital Wallet,0.0
O0059814,C018765,2025-02-17,Store,S001,Completed,Digital Wallet,0.0
O0059826,C014000,2025-02-17,Online,,Completed,Debit Card,2.96
O0059836,C000539,2025-02-18,Online,,Returned,Credit Card,4.36
O0059837,C015913,2025-02-18,Pickup,S011,Completed,Debit Card,0.0
O0059840,C024010,2025-02-18,Online,,Completed,Digital Wallet,5.59
O0059845,C006758,2025-02-18,Store,S011,Cancelled,Digital Wallet,0.0
O0059861,C026543,2025-02-18,Store,S006,Completed,Credit Card,0.0
O0059864,C001267,2025-02-18,Online,,Completed,Credit Card,1.18
O0059882,C015058,2025-02-18,Store,S005,Completed,Debit Card,0.0
O0059883,C019065,2025-02-18,Online,,Returned,Credit Card,5.84
O0059891,C015300,2025-02-18,Online,,Completed,Credit Card,2.83
O0059895,C016027,2025-02-18,Pickup,S015,Completed,Digital Wallet,0.0
O0059903,C013962,2025-02-18,Online,,Completed,Digital Wallet,3.7
O0059904,C019176,2025-02-19,Online,,Completed,Digital Wallet,15.73
O0059929,C014007,2025-02-19,Online,,Returned,Debit Card,11.92
O0059935,C017602,2025-02-19,Online,,Completed,Credit Card,3.77
O0059944,C001119,2025-02-19,Store,S010,Completed,Digital Wallet,0.0
O0059946,C000280,2025-02-19,Store,S011,Completed,Digital Wallet,0.0
O0059957,C018416,2025-02-19,Online,,Completed,Debit Card,5.35
O0059970,C000972,2025-02-19,Pickup,S010,Completed,Gift Card,0.0
O0059974,C015429,2025-02-19,Pickup,S002,Completed,Credit Card,0.0
O0059978,C012418,2025-02-20,Store,S015,Completed,Credit Card,0.0
O0059984,C006253,2025-02-20,Pickup,S012,Completed,Credit Card,0.0
O0059987,C011766,2025-02-20,Online,,Completed,Debit Card,4.59
O0059996,C025144,2025-02-20,Online,,Completed,Digital Wallet,1.74
O0059999,C014615,2025-02-20,Online,,Completed,Digital Wallet,3.07
O0060004,C010024,2025-02-20,Pickup,S003,Completed,Digital Wallet,0.0
O0060012,C024356,2025-02-20,Online,,Completed,Credit Card,3.4
O0060013,C026989,2025-02-20,Store,S016,Completed,Credit Card,0.0
O0060025,C003484,2025-02-20,Store,S005,Completed,Gift Card,0.0
O0060036,C025180,2025-02-21,Online,,Completed,Gift Card,2.45
O0060049,C004581,2025-02-21,Online,,Completed,Debit Card,17.24
O0060052,C001476,2025-02-21,Online,,Completed,Debit Card,3.64
O0060058,C027428,2025-02-21,Pickup,S015,Completed,Credit Card,0.0
O0060061,C019960,2025-02-21,Store,S006,Completed,Digital Wallet,0.0
O0060066,C006441,2025-02-21,Store,S004,Cancelled,Credit Card,0.0
O0060088,C011734,2025-02-21,Online,,Completed,Credit Card,6.41
O0060101,C004283,2025-02-22,Online,,Completed,Credit Card,1.3
O0060105,C001938,2025-02-22,Store,S009,Completed,Credit Card,0.0
O0060127,C001973,2025-02-22,Pickup,S002,Completed,Digital Wallet,0.0
O0060130,C012970,2025-02-22,Online,,Completed,Credit Card,9.19
O0060133,C025014,2025-02-22,Online,,Completed,Digital Wallet,12.37
O0060138,C011936,2025-02-22,Pickup,S001,Completed,Credit Card,0.0
O0060140,C002572,2025-02-22,Online,,Completed,Credit Card,3.54
O0060176,C016557,2025-02-23,Online,,Returned,Digital Wallet,13.71
O0060180,C004035,2025-02-23,Online,,Completed,Credit Card,8.0
O0060195,C007654,2025-02-23,Store,S010,Completed,Credit Card,0.0
O0060238,C001661,2025-02-23,Online,,Completed,Debit Card,6.07
O0060242,C006166,2025-02-23,Pickup,S006,Completed,Digital Wallet,0.0
O0060245,C007072,2025-02-23,Online,,Completed,Credit Card,8.11
O0060252,C019818,2025-02-23,Online,,Completed,Debit Card,7.26
O0060257,C018673,2025-02-24,Online,,Completed,Credit Card,15.36
O0060260,C004773,2025-02-24,Store,S006,Completed,Digital Wallet,0.0
O0060271,C018372,2025-02-24,Store,S012,Returned,Credit Card,0.0
O0060289,C010644,2025-02-24,Online,,Completed,Debit Card,5.81
O0060290,C006715,2025-02-24,Online,,Completed,Debit Card,8.4
O0060309,C013621,2025-02-24,Online,,Returned,Credit Card,2.38
O0060310,C028485,2025-02-24,Store,S012,Completed,Digital Wallet,0.0
O0060313,C018171,2025-02-24,Online,,Completed,Digital Wallet,2.25
O0060315,C022687,2025-02-24,Online,,Completed,Digital Wallet,7.72
O0060319,C002648,2025-02-24,Online,,Completed,Credit Card,0.75
O0060320,C003471,2025-02-24,Online,,Returned,Credit Card,4.82
O0060327,C020543,2025-02-24,Store,S005,Completed,Credit Card,0.0
O0060336,C015809,2025-02-25,Store,S008,Completed,Credit Card,0.0
O0060339,C002477,2025-02-25,Store,S009,Completed,Debit Card,0.0
O0060341,C027236,2025-02-25,Online,,Completed,Digital Wallet,10.47
O0060355,C009673,2025-02-25,Online,,Completed,Digital Wallet,1.81
O0060361,C021869,2025-02-25,Online,,Completed,Debit Card,4.85
O0060362,C013251,2025-02-25,Online,,Completed,Credit Card,3.25
O0060363,C027718,2025-02-25,Online,,Completed,Digital Wallet,2.41
O0060380,C010145,2025-02-25,Pickup,S005,Completed,Digital Wallet,0.0
O0060384,C016318,2025-02-25,Store,S006, complete ,Debit Card,0.0
O0060394,C009899,2025-02-25,Pickup,S009,Completed,Digital Wallet,0.0
O0060404,C007503,2025-02-25,Online,,Completed,Digital Wallet,0.93
O0060405,C016984,2025-02-25,Store,S013,Completed,Credit Card,0.0
O0060410,C001340,2025-02-25,Online,,Completed,Gift Card,7.72
O0060416,C023180,2025-02-25,Online,,Returned,Credit Card,9.02
O0060417,C026922,2025-02-25,Store,S001,Completed,Digital Wallet,0.0
O0060423,C007894,2025-02-26,Online,,Cancelled,Debit Card,2.41
O0060434,C005156,2025-02-26,Store,S016,Cancelled,Digital Wallet,0.0
O0060438,C011189,2025-02-26,Online,,Completed,Debit Card,19.0
O0060439,C023741,2025-02-26,Online,,Completed,Digital Wallet,4.26
O0060449,C006150,2025-02-26,Online,,Completed,Debit Card,2.04
O0060452,C004085,2025-02-26,Online,,Cancelled,Credit Card,3.75
O0060464,C000533,2025-02-26,Online,,Completed,Digital Wallet,6.96
O0060465,C012768,2025-02-26,Online,,Completed,Debit Card,13.78
O0060469,C013863,2025-02-26,Online,,Returned,Credit Card,12.35
O0060475,C018369,2025-02-26,Store,S004,Completed,Digital Wallet,0.0
O0060486,C001256,2025-02-26,Online,,Completed,Debit Card,6.0
O0060503,C009104,2025-02-27,Online,,Returned,Credit Card,0.82
O0060511,C003309,2025-02-27,Online,,Completed,Gift Card,3.16
O0060516,C023589,2025-02-27,Pickup,S001,Completed,Digital Wallet,0.0
O0060537,C004740,2025-02-27,Online,,Completed,Digital Wallet,0.38
O0060573,C009092,2025-02-28,Store,S009,Cancelled,Credit Card,0.0
O0060575,C025496,2025-02-28,Online,,Completed,Digital Wallet,1.95
O0060585,C014215,2025-02-28,Store,S004,Completed,Credit Card,0.0
O0060594,C016636,2025-02-28,Store,S009,Completed,Credit Card,0.0
O0060595,C015054,2025-02-28,Online,,Completed,Credit Card,1.78
O0060596,C004570,2025-02-28,Online,,Completed,Credit Card,2.65
O0060607,C012125,2025-02-28,Store,S014,Completed,Digital Wallet,0.0
O0060610,C009408,2025-02-28,Online,,Returned,Digital Wallet,23.8
O0060617,C007114,2025-02-28,Store,S001,Completed,Credit Card,0.0
O0060619,C006910,2025-02-28,Online,,Completed,Debit Card,7.69
O0060626,C011936,2025-02-28,Store,S004,Completed,Debit Card,0.0
O0060630,C011942,2025-02-28,Online,,Completed,Digital Wallet,11.83
O0060637,C014041,2025-02-28,Online,,Completed,Debit Card,4.39
O0060664,C001531,2025-03-01,Online,,Completed,Debit Card,4.23
O0060667,C018673,2025-03-01,Online,,Completed,Debit Card,4.07
O0060677,C013378,2025-03-01,Online,,Completed,Credit Card,2.27
O0060680,C011515,2025-03-01,Online,,Completed,Credit Card,5.87
O0060685,C010651,2025-03-01,Online,,Cancelled,Gift Card,7.05
O0060720,C029697,2025-03-01,Online,,Completed,Gift Card,2.6
O0060735,C014718,2025-03-01,Store,S007,Completed,Digital Wallet,0.0
O0060743,C019691,2025-03-01,Store,S007,Completed,Digital Wallet,0.0
O0060747,C027924,2025-03-01,Store,S016,Returned,Digital Wallet,0.0
O0060763,C002534,2025-03-02,Online,,Completed,Credit Card,3.69
O0060764,C022706,2025-03-02,Online,,Returned,Credit Card,5.0
O0060778,C008226,2025-03-02,Pickup,S005,Completed,Debit Card,0.0
O0060780,C017320,2025-03-02,Online,,Completed,Credit Card,8.57
O0060781,C021144,2025-03-02,Online,,Completed,Credit Card,6.77
O0060786,C004990,2025-03-02,Store,S008,Returned,Debit Card,0.0
O0060795,C012141,2025-03-02,Store,S006,Completed,Credit Card,0.0
O0060802,C020388,2025-03-02,Store,S011,Returned,Gift Card,0.0
O0060815,C019417,2025-03-02,Store,S009,Completed,Credit Card,0.0
O0060834,C019437,2025-03-02,Store,S001,Completed,Digital Wallet,0.0
O0060835,C021784,2025-03-02,Store,S011,Completed,Digital Wallet,0.0
O0060841,C016414,2025-03-03,Online,,Completed,Credit Card,6.85
O0060850,C001913,2025-03-03,Store,S005,Completed,Credit Card,0.0
O0060863,C007443,2025-03-03,Store,S006,Completed,Digital Wallet,0.0
O0060864,C019808,2025-03-03,Store,S010,Completed,Digital Wallet,0.0
O0060866,C028152,2025-03-03,Store,S012,Completed,Debit Card,0.0
O0060869,C026446,2025-03-03,Online,,Completed,Credit Card,5.98
O0060877,C028062,2025-03-03,Online,,Completed,Credit Card,3.15
O0060879,C005035,2025-03-03,Online,,Completed,Credit Card,3.58
O0060886,C015181,2025-03-03,Pickup,S004,Completed,Digital Wallet,0.0
O0060887,C025390,2025-03-03,Pickup,S002,Completed,Debit Card,0.0
O0060897,C010145,2025-03-03,Online,,Completed,Debit Card,18.58
O0060902,C012407,2025-03-03,Store,S006,Completed,Credit Card,0.0
O0060910,C003399,2025-03-03,Online,,Completed,Digital Wallet,4.11
O0060911,C018131,2025-03-03,Pickup,S007,Completed,Digital Wallet,0.0
O0060917,C004795,2025-03-03,Store,S008,Completed,Credit Card,0.0
O0060933,C015806,2025-03-04,Online,,Completed,Debit Card,2.84
O0060943,C022292,2025-03-04,Online,,Completed,Debit Card,6.06
O0060957,C023432,2025-03-04,Store,S005,Completed,Debit Card,0.0
O0060980,C017804,2025-03-04,Online,,Completed,Digital Wallet,2.81
O0060982,C016340,2025-03-04,Store,S006,Completed,Debit Card,0.0
O0061005,C017547,2025-03-05,Store,S014,Completed,Credit Card,0.0
O0061028,C002857,2025-03-05,Online,,Completed,Debit Card,8.38
O0061038,C018183,2025-03-05,Online,,Completed,Credit Card,5.14
O0061041,C019729,2025-03-05,Online,,Completed,Credit Card,4.11
O0061049,C013885,2025-03-05,Store,S006,Completed,Digital Wallet,0.0
O0061055,C009190,2025-03-05,Store,S002,Completed,Credit Card,0.0
O0061058,C012288,2025-03-05,Online,,Completed,Debit Card,6.36
O0061070,C020131,2025-03-05,Store,S007,Returned,Credit Card,0.0
O0061071,C008154,2025-03-05,Online,,Completed,Digital Wallet,1.53
O0061074,C020950,2025-03-05,Online,,Completed,Debit Card,0.23
O0061077,C001685,2025-03-05,Store,S001,Completed,Digital Wallet,0.0
O0061078,C015431,2025-03-05,Store,S005,Completed,Credit Card,0.0
O0061082,C007421,2025-03-05,Online,,Completed,Gift Card,8.35
O0061096,C001716,2025-03-06,Online,,Completed,Debit Card,13.59
O0061115,C007894,2025-03-06,Online,,CANCELLED,Debit Card,6.5
O0061129,C026028,2025-03-06,Pickup,S007,Completed,Credit Card,0.0
O0061136,C020530,2025-03-06,Store,S001,Completed,Digital Wallet,0.0
O0061137,C009253,2025-03-06,Pickup,S004,Cancelled,Credit Card,0.0
O0061145,C010960,2025-03-06,Online,,Completed,Credit Card,16.26
O0061168,C005415,2025-03-07,Online,,Completed,Digital Wallet,10.56
O0061180,C017266,2025-03-07,Online,,Completed,Debit Card,2.66
O0061183,C014919,2025-03-07,Online,,Completed,Digital Wallet,5.94
O0061185,C011991,2025-03-07,Online,,Returned,Credit Card,4.21
O0061199,C007031,2025-03-07,Store,S008,Completed,Credit Card,0.0
O0061203,C023113,2025-03-07,Online,,Completed,Credit Card,3.46
O0061206,C023844,2025-03-07,Store,S005,Completed,Credit Card,0.0
O0061212,C011718,2025-03-07,Store,S011,Completed,Credit Card,0.0
O0061220,C012782,2025-03-07,Pickup,S002,Returned,Credit Card,0.0
O0061223,C001816,2025-03-07,Store,S014,Completed,Credit Card,0.0
O0061227,C029021,2025-03-08,Online,,Returned,Gift Card,14.78
O0061228,C020036,2025-03-08,Store,S010,Completed,Credit Card,0.0
O0061232,C023842,2025-03-08,Store,S014,Completed,Digital Wallet,0.0
O0061242,C019636,2025-03-08,Store,S015,Completed,Credit Card,0.0
O0061246,C000960,2025-03-08,Online,,Completed,Credit Card,6.9
O0061262,C002497,2025-03-08,Online,,Completed,Credit Card,9.09
O0061276,C009253,2025-03-08,Store,S002,Completed,Credit Card,0.0
O0061286,C019591,2025-03-08,Store,S007,Completed,Gift Card,0.0
O0061288,C023333,2025-03-08,Store,S003,Returned,Credit Card,0.0
O0061289,C016360,2025-03-08,Store,S003,Completed,Digital Wallet,0.0
O0061295,C023091,2025-03-08,Online,,Completed,Digital Wallet,12.0
O0061296,C015343,2025-03-08,Online,,Completed,Digital Wallet,3.15
O0061313,C021485,2025-03-09,Online,,Completed,Credit Card,4.32
O0061316,C028356,2025-03-09,Store,S015,Completed,Credit Card,0.0
O0061317,C010013,2025-03-09,Store,S005,Completed,Digital Wallet,0.0
O0061325,C018099,2025-03-09,Store,S006,Completed,Digital Wallet,0.0
O0061329,C009903,2025-03-09,Online,,Completed,Credit Card,6.53
O0061332,C017820,2025-03-09,Store,S006,Completed,Credit Card,0.0
O0061338,C027309,2025-03-09,Store,S008,Returned,Credit Card,0.0
O0061344,C008630,2025-03-09,Store,S009,Completed,Debit Card,0.0
O0061345,C009962,2025-03-09,Online,,Completed,Debit Card,7.6
O0061349,C012921,2025-03-09,Store,S004,Completed,Credit Card,0.0
O0061371,C024415,2025-03-09,Online,,Completed,Debit Card,5.72
O0061372,C019807,2025-03-09,Online,,Completed,Digital Wallet,7.3
O0061382,C029774,2025-03-10,Store,S008,Returned,Digital Wallet,0.0
O0061383,C025043,2025-03-10,Online,,Completed,Digital Wallet,2.97
O0061390,C029364,2025-03-10,Online,,Completed,Digital Wallet,1.69
O0061393,C029443,2025-03-10,Store,S001,Completed,Debit Card,0.0
O0061411,C015011,2025-03-10,Online,,Completed,Credit Card,1.48
O0061415,C016414,2025-03-10,Store,S007,Completed,Digital Wallet,0.0
O0061420,C013962,2025-03-10,Store,S009,Completed,Credit Card,0.0
O0061421,C026692,2025-03-10,Online,,Completed,Digital Wallet,17.46
O0061433,C013029,2025-03-10,Store,S010,Completed,Debit Card,0.0
O0061436,C025355,2025-03-10,Online,,Completed,Credit Card,2.18
O0061438,C013493,2025-03-10,Pickup,S005,Returned,Digital Wallet,0.0
O0061439,C000742,2025-03-10,Pickup,S010,Completed,Credit Card,0.0
O0061443,C001244,2025-03-10,Online,,Completed,Credit Card,16.44
O0061451,C023897,2025-03-10,Online,,Completed,Credit Card,4.04
O0061456,C004204,2025-03-10,Online,,Completed,Debit Card,5.43
O0061484,C026134,2025-03-11,Online,,Completed,Debit Card,10.23
O0061488,C007133,2025-03-11,Online,,Completed,Debit Card,7.29
O0061492,C015316,2025-03-11,Online,,Completed,Debit Card,8.07
O0061493,C029029,2025-03-11,Store,S015,Completed,Debit Card,0.0
O0061502,C011583,2025-03-11,Store,S005,Completed,Credit Card,0.0
O0061507,C027750,2025-03-11,Online,,Completed,Credit Card,2.89
O0061511,C003708,2025-03-11,Online,,Cancelled,Credit Card,13.0
O0061514,C004668,2025-03-11,Online,,Completed,Credit Card,1.94
O0061517,C028547,2025-03-11,Online,,Completed,Credit Card,2.13
O0061519,C022759,2025-03-11,Online,,Completed,Digital Wallet,32.03
O0061526,C016115,2025-03-11,Store,S007,Completed,Credit Card,0.0
O0061537,C010039,2025-03-12,Online,,Cancelled,Debit Card,4.17
O0061538,C008138,2025-03-12,Online,,Completed,Debit Card,3.54
O0061539,C029568,2025-03-12,Online,,Completed,Credit Card,8.47
O0061542,C002509,2025-03-12,Store,S005,Completed,Debit Card,0.0
O0061556,C019084,2025-03-12,Online,,Completed,Credit Card,5.26
O0061557,C010841,2025-03-12,Online,,Completed,Digital Wallet,3.57
O0061560,C013627,2025-03-12,Store,S005,Completed,Debit Card,0.0
O0061575,C004845,2025-03-12,Online,,Returned,Debit Card,4.31
O0061589,C003173,2025-03-12,Store,S006,Completed,Digital Wallet,0.0
O0061593,C022995,2025-03-12,Store,S005,Completed,Credit Card,0.0
O0061597,C018398,2025-03-12,Online,,Completed,Gift Card,9.28
O0061603,C026089,2025-03-12,Store,S013,Completed,Debit Card,0.0
O0061611,C019033,2025-03-12,Pickup,S008,Completed,Credit Card,0.0
O0061613,C000313,2025-03-12,Pickup,S014,Completed,Credit Card,0.0
O0061618,C007673,2025-03-13,Store,S010,Completed,Credit Card,0.0
O0061620,C002948,2025-03-13,Store,S004,Completed,Credit Card,0.0
O0061632,C006539,2025-03-13,Store,S013,Completed,Digital Wallet,0.0
O0061641,C002650,2025-03-13,Store,S001,Completed,Digital Wallet,0.0
O0061644,C029574,2025-03-13,Online,,Completed,Credit Card,11.03
O0061647,C009162,2025-03-13,Online,,Completed,Credit Card,2.77
O0061650,C009622,2025-03-13,Online,,Completed,Credit Card,5.09
O0061655,C005648,2025-03-13,Pickup,S002,Completed,Credit Card,0.0
O0061656,C009817,2025-03-13,Store,S001,Completed,Gift Card,0.0
O0061657,C006935,2025-03-13,Store,S009,Returned,Credit Card,0.0
O0061663,C000402,2025-03-13,Store,S009,Completed,Digital Wallet,0.0
O0061664,C025466,2025-03-13,Online,,Completed,Digital Wallet,7.44
O0061698,C018522,2025-03-14,Store,S001,Completed,Credit Card,0.0
O0061744,C003065,2025-03-14,Online,,Completed,Credit Card,0.14
O0061747,C028334,2025-03-14,Online,,Completed,Digital Wallet,0.92
O0061750,C025075,2025-03-14,Pickup,S008,Completed,Credit Card,0.0
O0061756,C005253,2025-03-14,Online,,Completed,Debit Card,11.7
O0061770,C012456,2025-03-15,Online,,Completed,Debit Card,6.99
O0061771,C004660,2025-03-15,Store,S004,Completed,Debit Card,0.0
O0061780,C012972,2025-03-15,Store,S004,Completed,Credit Card,0.0
O0061784,C016868,2025-03-15,Online,,Completed,Credit Card,19.99
O0061796,C010769,2025-03-15,Online,,Cancelled,Credit Card,4.25
O0061808,C021286,2025-03-15,Store,S016,Completed,Digital Wallet,0.0
O0061821,C002251,2025-03-15,Online,,Completed,Gift Card,2.56
O0061825,C005215,2025-03-15,Store,S015,Completed,Credit Card,0.0
O0061826,C011579,2025-03-15,Online,,Returned,Digital Wallet,5.08
O0061831,C021789,2025-03-15,Store,S002,Completed,Digital Wallet,0.0
O0061832,C016360,2025-03-15,Online,,Completed,Debit Card,6.57
O0061854,C016416,2025-03-16,Online,,Completed,Credit Card,10.95
O0061855,C003266,2025-03-16,Pickup,S013,Completed,Debit Card,0.0
O0061856,C010740,2025-03-16,Online,,Completed,Digital Wallet,3.58
O0061869,C007555,2025-03-16,Pickup,S007,Completed,Credit Card,0.0
O0061878,C024147,2025-03-16,Store,S006,Completed,Credit Card,0.0
O0061887,C022292,2025-03-16,Online,,Completed,Debit Card,8.99
O0061890,C012594,2025-03-16,Online,,Returned,Credit Card,9.05
O0061895,C029659,2025-03-16,Online,,Completed,Digital Wallet,1.19
O0061902,C015181,2025-03-16,Online,,Completed,Debit Card,7.53
O0061911,C007841,2025-03-17,Store,S008,Completed,Debit Card,0.0
O0061931,C019818,2025-03-17,Online,,Completed,Credit Card,4.39
O0061937,C013631,2025-03-17,Online,,Completed,Digital Wallet,8.83
O0061939,C003048,2025-03-17,Online,,Completed,Debit Card,6.44
O0061940,C003050,2025-03-17,Online,,Completed,Debit Card,5.75
O0061943,C021372,2025-03-17,Online,,Completed,Digital Wallet,5.51
O0061953,C018732,2025-03-17,Online,,Returned,Debit Card,3.87
O0061957,C012768,2025-03-17,Store,S014,Completed,Credit Card,0.0
O0061958,C006174,2025-03-17,Online,,Completed,Credit Card,2.37
O0061960,C003032,2025-03-17,Pickup,S004,Completed,Credit Card,0.0
O0061964,C007013,2025-03-17,Pickup,S012,Completed,Credit Card,0.0
O0061969,C029519,2025-03-17,Store,S008,Completed,Digital Wallet,0.0
O0061973,C001806,2025-03-17,Online,,Completed,Digital Wallet,6.44
O0061975,C014215,2025-03-17,Pickup,S002,Completed,Debit Card,0.0
O0061981,C016486,2025-03-17,Online,,Returned,Debit Card,1.45
O0061983,C021881,2025-03-17,Pickup,S013,Completed,Credit Card,0.0
O0061996,C001148,2025-03-18,Store,S009,Completed,Digital Wallet,0.0
O0061999,C018714,2025-03-18,Store,S007,Completed,Credit Card,0.0
O0062012,C016384,2025-03-18,Store,S011,Completed,Credit Card,0.0
O0062022,C016443,2025-03-18,Store,S013,Completed,Digital Wallet,0.0
O0062023,C010736,2025-03-18,Online,,Completed,Digital Wallet,7.0
O0062034,C009385,2025-03-18,Online,,Completed,Digital Wallet,2.11
O0062043,C028641,2025-03-18,Online,,Returned,Credit Card,4.43
O0062050,C009503,2025-03-18,Pickup,S005,Completed,Credit Card,0.0
O0062053,C001669,2025-03-18,Store,S013,Completed,Gift Card,0.0
O0062055,C028780,2025-03-18,Online,,Completed,Credit Card,11.69
O0062060,C029384,2025-03-18,Store,S005,Returned,Debit Card,0.0
O0062061,C002765,2025-03-18,Pickup,S008,Completed,Digital Wallet,0.0
O0062065,C013131,2025-03-19,Pickup,S012,Completed,Debit Card,0.0
O0062066,C014065,2025-03-19,Store,S007,Completed,Credit Card,0.0
O0062077,C029985,2025-03-19,Online,,Completed,Credit Card,8.49
O0062084,C011506,2025-03-19,Store,S010,Completed,Digital Wallet,0.0
O0062085,C002930,2025-03-19,Online,,Completed,Credit Card,13.83
O0062089,C003048,2025-03-19,Online,,Completed,Credit Card,8.18
O0062094,C021286,2025-03-19,Store,S014,Completed,Credit Card,0.0
O0062115,C017688,2025-03-19,Store,S006,Completed,Debit Card,0.0
O0062117,C015429,2025-03-19,Online,,Completed,Credit Card,10.26
O0062119,C000533,2025-03-19,Online,,Completed,Digital Wallet,3.39
O0062121,C015412,2025-03-19,Online,,Completed,Digital Wallet,2.01
O0062126,C024103,2025-03-19,Online,,Completed,Debit Card,4.68
O0062135,C022915,2025-03-19,Online,,Completed,Digital Wallet,9.35
O0062136,C022035,2025-03-19,Pickup,S004,Completed,Credit Card,0.0
O0062146,C003001,2025-03-20,Online,,Completed,Credit Card,3.76
O0062163,C001054,2025-03-20,Store,S001,Returned,Credit Card,0.0
O0062167,C027069,2025-03-20,Pickup,S013,Completed,Credit Card,0.0
O0062197,C023596,2025-03-20,Online,,Completed,Credit Card,3.0
O0062206,C016557,2025-03-20,Online,,Completed,Credit Card,4.48
O0062214,C018295,2025-03-21,Store,S002,Completed,Debit Card,0.0
O0062217,C009876,2025-03-21,Store,S010,Completed,Credit Card,0.0
O0062232,C005861,2025-03-21,Online,,Completed,Credit Card,4.8
O0062288,C021372,2025-03-22,Online,,Completed,Gift Card,6.73
O0062291,C029774,2025-03-22,Online,,Completed,Credit Card,2.05
O0062298,C001303,2025-03-22,Online,,Completed,Digital Wallet,5.37
O0062301,C012849,2025-03-22,Store,S016,Completed,Credit Card,0.0
O0062310,C009310,2025-03-22,Online,,Completed,Digital Wallet,2.95
O0062313,C010084,2025-03-22,Online,,Completed,Digital Wallet,8.64
O0062317,C020279,2025-03-22,Online,,Returned,Debit Card,10.77
O0062318,C000402,2025-03-22,Pickup,S012,Completed,Debit Card,0.0
O0062319,C020269,2025-03-22,Pickup,S005,Completed,Credit Card,0.0
O0062326,C011678,2025-03-22,Store,S011,Completed,Credit Card,0.0
O0062358,C023708,2025-03-22,Online,,Completed,Debit Card,3.07
O0062368,C012125,2025-03-23,Store,S015,Completed,Credit Card,0.0
O0062371,C001816,2025-03-23,Store,S015,Completed,Debit Card,0.0
O0062390,C014001,2025-03-23,Store,S007,Completed,Credit Card,0.0
O0062394,C027812,2025-03-23,Pickup,S006,Completed,Credit Card,0.0
O0062406,C018427,2025-03-23,Online,,Completed,Credit Card,12.25
O0062410,C025906,2025-03-23,Store,S002,Completed,Credit Card,0.0
O0062424,C016416,2025-03-23,Online,,Completed,Digital Wallet,14.22
O0062427,C010508,2025-03-23,Store,S006,Completed,Digital Wallet,0.0
O0062428,C006217,2025-03-23,Online,,Completed,Credit Card,5.41
O0062435,C010950,2025-03-23,Store,S006,Completed,Debit Card,0.0
O0062446,C025496,2025-03-23,Pickup,S008,Completed,Gift Card,0.0
O0062455,C009478,2025-03-23,Store,S003,Completed,Debit Card,0.0
O0062456,C025289,2025-03-23,Store,S007,Completed,Credit Card,0.0
O0062462,C019353,2025-03-24,Online,,Completed,Debit Card,0.97
O0062467,C014412,2025-03-24,Online,,Returned,Debit Card,12.94
O0062469,C004166,2025-03-24,Store,S001,Completed,Credit Card,0.0
O0062478,C002933,2025-03-24,Online,,Completed,Credit Card,2.9
O0062493,C002281,2025-03-24,Store,S003,Completed,Credit Card,0.0
O0062500,C005041,2025-03-24,Store,S003,Completed,Credit Card,0.0
O0062507,C026915,2025-03-24,Store,S014,Completed,Credit Card,0.0
O0062512,C007503,2025-03-24,Store,S009,Completed,Credit Card,0.0
O0062515,C006129,2025-03-24,Store,S012,Completed,Credit Card,0.0
O0062533,C007579,2025-03-25,Store,S002,Completed,Digital Wallet,0.0
O0062548,C000981,2025-03-25,Online,,Completed,Credit Card,11.11
O0062554,C007101,2025-03-25,Pickup,S011,Completed,Digital Wallet,0.0
O0062560,C029903,2025-03-25,Store,S002,Completed,Credit Card,0.0
O0062562,C018470,2025-03-25,Online,,Completed,Credit Card,5.53
O0062564,C006484,2025-03-25,Online,,Completed,Gift Card,4.69
O0062568,C017093,2025-03-25,Online,,Completed,Credit Card,7.45
O0062569,C005344,2025-03-25,Store,S016,Completed,Gift Card,0.0
O0062574,C003567,2025-03-25,Pickup,S006,Completed,Credit Card,0.0
O0062590,C008872,2025-03-25,Pickup,S014,Completed,Credit Card,0.0
O0062597,C025496,2025-03-25,Store,S006,Completed,Credit Card,0.0
O0062601,C001228,2025-03-25,Store,S012,Completed,Digital Wallet,0.0
O0062637,C010129,2025-03-26,Online,,Returned,Debit Card,2.17
O0062652,C004247,2025-03-26,Store,S005,Completed,Credit Card,0.0
O0062660,C023339,2025-03-26,Store,S010,Cancelled,Credit Card,0.0
O0062662,C009000,2025-03-26,Online,,Completed,Digital Wallet,16.26
O0062669,C024471,2025-03-26,Store,S015,Completed,Debit Card,0.0
O0062681,C022567,2025-03-27,Store,S003,Returned,Credit Card,0.0
O0062693,C001792,2025-03-27,Online,,Completed,Debit Card,5.78
O0062707,C011525,2025-03-27,Online,,Completed,Debit Card,7.81
O0062712,C022147,2025-03-27,Store,S014,Completed,Credit Card,0.0
O0062715,C004406,2025-03-27,Pickup,S015,Completed,Credit Card,0.0
O0062717,C018773,2025-03-27,Pickup,S007,Completed,Credit Card,0.0
O0062726,C022405,2025-03-27,Online,,Completed,Digital Wallet,4.42
O0062731,C002143,2025-03-27,Store,S007,Completed,Debit Card,0.0
O0062732,C023686,2025-03-27,Online,,Completed,Credit Card,9.6
O0062734,C012984,2025-03-27,Store,S011,Completed,Credit Card,0.0
O0062735,C001244,2025-03-27,Store,S002,Completed,Credit Card,0.0
O0062737,C020339,2025-03-27,Store,S009,Completed,Credit Card,0.0
O0062742,C007595,2025-03-27,Store,S006,Returned,Credit Card,0.0
O0062748,C001046,2025-03-28,Online,,Returned,Credit Card,0.98
O0062756,C020493,2025-03-28,Online,,Returned,Credit Card,0.81
O0062759,C027514,2025-03-28,Store,S016,Completed,Digital Wallet,0.0
O0062763,C003426,2025-03-28,Store,S005,Completed,Credit Card,0.0
O0062769,C020164,2025-03-28,Store,S009,Completed,Digital Wallet,0.0
O0062774,C010508,2025-03-28,Store,S007,Completed,Debit Card,0.0
O0062794,C008970,2025-03-28,Store,S007,Completed,Credit Card,0.0
O0062798,C008162,2025-03-28,Store,S003,Completed,Credit Card,0.0
O0062802,C012029,2025-03-28,Store,S014,Completed,Debit Card,0.0
O0062807,C001838,2025-03-28,Pickup,S004,Completed,Digital Wallet,0.0
O0062808,C010985,2025-03-28,Pickup,S004,Completed,Credit Card,0.0
O0062810,C008195,2025-03-28,Pickup,S004,Completed,Digital Wallet,0.0
O0062814,C006704,2025-03-28,Online,,Completed,Credit Card,5.97
O0062820,C005385,2025-03-29,Store,S016,Completed,Digital Wallet,0.0
O0062835,C017586,2025-03-29,Pickup,S004,Completed,Credit Card,0.0
O0062837,C002933,2025-03-29,Store,S003,Completed,Credit Card,0.0
O0062838,C019362,2025-03-29,Online,,Completed,Credit Card,6.59
O0062856,C001427,2025-03-29,Pickup,S015,Completed,Credit Card,0.0
O0062861,C028550,2025-03-29,Online,,Completed,Credit Card,1.29
O0062876,C013192,2025-03-29,Online,,Completed,Digital Wallet,5.94
O0062893,C006333,2025-03-29,Store,S010,Completed,Digital Wallet,0.0
O0062903,C011434,2025-03-29,Store,S015,Completed,Credit Card,0.0
O0062904,C009527,2025-03-29,Store,S006,Completed,Credit Card,0.0
O0062909,C026759,2025-03-30,Store,S014,Completed,Credit Card,0.0
O0062922,C010206,2025-03-30,Store,S015,Completed,Debit Card,0.0
O0062929,C006259,2025-03-30,Online,,Completed,Credit Card,12.5
O0062934,C021606,2025-03-30,Online,,Completed,Credit Card,12.96
O0062945,C024103,2025-03-30,Pickup,S003,Completed,Gift Card,0.0
O0062947,C027757,2025-03-30,Online,,Completed,Debit Card,5.64
O0062950,C026821,2025-03-30,Online,,Completed,Debit Card,5.82
O0062955,C001742,2025-03-30,Online,,Completed,Credit Card,5.22
O0062958,C025355,2025-03-30,Online,,Completed,Digital Wallet,5.39
O0062961,C019636,2025-03-30,Pickup,S016,Completed,Credit Card,0.0
O0062969,C025247,2025-03-30,Online,,Completed,Credit Card,1.86
O0062978,C023708,2025-03-30,Online,,Completed,Digital Wallet,7.16
O0062996,C010599,2025-03-31,Online,,Completed,Digital Wallet,0.67
O0063000,C023693,2025-03-31,Online,,Completed,Debit Card,9.12
O0063018,C011375,2025-03-31,Store,S010,Completed,Credit Card,0.0
O0063025,C021513,2025-03-31,Online,,Completed,Credit Card,16.17
O0063029,C019678,2025-03-31,Store,S003,Completed,Digital Wallet,0.0
O0063030,C013493,2025-03-31,Online,,Cancelled,Credit Card,5.79
O0063036,C007478,2025-03-31,Online,,Completed,Digital Wallet,9.09
O0063038,C018529,2025-03-31,Online,,Completed,Debit Card,7.59
O0063044,C006917,2025-03-31,Online,,Completed,Credit Card,1.06
O0063067,C015519,2025-03-31,Pickup,S013,Cancelled,Credit Card,0.0
O0063068,C007501,2025-03-31,Online,,Completed,Credit Card,10.55
O0063071,C029678,2025-03-31,Online,,Completed,Credit Card,5.39
O0063079,C015462,2025-04-01,Online,,CANCELLED,Debit Card,4.62
O0063081,C012355,2025-04-01,Online,,Completed,Credit Card,5.56
O0063089,C021346,2025-04-01,Pickup,S014,Completed,Credit Card,0.0
O0063091,C023234,2025-04-01,Online,,Completed,Credit Card,4.79
O0063095,C014215,2025-04-01,Store,S002,Completed,Debit Card,0.0
O0063115,C022405,2025-04-01,Store,S013,Completed,Credit Card,0.0
O0063126,C020285,2025-04-01,Online,,Completed,Digital Wallet,10.85
O0063128,C028100,2025-04-01,Online,,Completed,Digital Wallet,3.98
O0063140,C022706,2025-04-01,Store,S009,Cancelled,Credit Card,0.0
O0063175,C010959,2025-04-02,Store,S003,Returned,Digital Wallet,0.0
O0063187,C014460,2025-04-02,Pickup,S013,Completed,Credit Card,0.0
O0063190,C022124,2025-04-02,Online,,Completed,Credit Card,2.85
O0063195,C002908,2025-04-02,Store,S011,Completed,Credit Card,0.0
O0063196,C026624,2025-04-02,Online,,Completed,Credit Card,1.97
O0063199,C023598,2025-04-02,Store,S015,Completed,Digital Wallet,0.0
O0063209,C016811,2025-04-02,Online,,Completed,Digital Wallet,0.93
O0063210,C019187,2025-04-02,Pickup,S007,Returned,Credit Card,0.0
O0063224,C019081,2025-04-03,Store,S016,Completed,Debit Card,0.0
O0063237,C003906,2025-04-03,Store,S011,Completed,Digital Wallet,0.0
O0063247,C028686,2025-04-03,Online,,Cancelled,Credit Card,7.41
O0063253,C016198,2025-04-03,Online,,Completed,Debit Card,0.41
O0063255,C025954,2025-04-03,Store,S011,Cancelled,Digital Wallet,0.0
O0063262,C023745,2025-04-03,Store,S015,Completed,Credit Card,0.0
O0063267,C021740,2025-04-03,Pickup,S010,Completed,Credit Card,0.0
O0063279,C009227,2025-04-03,Pickup,S008,Completed,Digital Wallet,0.0
O0063281,C009007,2025-04-03,Online,,Completed,Debit Card,5.47
O0063283,C008677,2025-04-03,Pickup,S003,Completed,Credit Card,0.0
O0063293,C020392,2025-04-03,Online,,Completed,Credit Card,8.45
O0063307,C005844,2025-04-04,Pickup,S001,Returned,Credit Card,0.0
O0063310,C019833,2025-04-04,Online,,Completed,Debit Card,6.6
O0063315,C008517,2025-04-04,Online,,Completed,Credit Card,3.73
O0063321,C004521,2025-04-04,Online,,Completed,Credit Card,4.07
O0063327,C006523,2025-04-04,Store,S005,Completed,Credit Card,0.0
O0063334,C012634,2025-04-04,Pickup,S010,Completed,Digital Wallet,0.0
O0063335,C029916,2025-04-04,Online,,Returned,Digital Wallet,5.5
O0063336,C013677,2025-04-04,Store,S007,Completed,Credit Card,0.0
O0063340,C023870,2025-04-04,Pickup,S013,Completed,Credit Card,0.0
O0063346,C006272,2025-04-04,Store,S011,Completed,Debit Card,0.0
O0063366,C011772,2025-04-04,Online,,Completed,Debit Card,2.46
O0063370,C020792,2025-04-04,Online,,Completed,Credit Card,10.49
O0063384,C003875,2025-04-04,Online,,Cancelled,Digital Wallet,5.34
O0063385,C011451,2025-04-04,Store,S004,Completed,Debit Card,0.0
O0063391,C026670,2025-04-05,Store,S003,Completed,Digital Wallet,0.0
O0063398,C024849,2025-04-05,Store,S004,Completed,Gift Card,0.0
O0063400,C027449,2025-04-05,Store,S007,Completed,Debit Card,0.0
O0063402,C019961,2025-04-05,Online,,Returned,Credit Card,3.45
O0063404,C021922,2025-04-05,Online,,Completed,Credit Card,2.73
O0063406,C020352,2025-04-05,Pickup,S015,Completed,Credit Card,0.0
O0063410,C020185,2025-04-05,Online,,Completed,Credit Card,4.2
O0063411,C006920,2025-04-05,Store,S002,Completed,Debit Card,0.0
O0063414,C004480,2025-04-05,Store,S003,Completed,Credit Card,0.0
O0063424,C001599,2025-04-05,Online,,Completed,Credit Card,5.56
O0063427,C024014,2025-04-05,Pickup,S009,Completed,Digital Wallet,0.0
O0063432,C010190,2025-04-05,Online,,Completed,Credit Card,3.52
O0063441,C022297,2025-04-05,Online,,Completed,Debit Card,3.36
O0063443,C005473,2025-04-05,Online,,Completed,Credit Card,3.98
O0063445,C026730,2025-04-05,Store,S003,Returned,Credit Card,0.0
O0063450,C007389,2025-04-05,Store,S015,Completed,Debit Card,0.0
O0063455,C028213,2025-04-05,Store,S003,Returned,Debit Card,0.0
O0063465,C008841,2025-04-05,Online,,Cancelled,Credit Card,3.52
O0063480,C016218,2025-04-06,Online,,Completed,Credit Card,2.0
O0063482,C019567,2025-04-06,Store,S016,Completed,Debit Card,0.0
O0063492,C003579,2025-04-06,Online,,Completed,Gift Card,2.89
O0063495,C017542,2025-04-06,Store,S016,Returned,Credit Card,0.0
O0063497,C012740,2025-04-06,Online,,Completed,Credit Card,3.85
O0063498,C019536,2025-04-06,Pickup,S002,Cancelled,Digital Wallet,0.0
O0063518,C006905,2025-04-06,Online,,Completed,Digital Wallet,5.87
O0063520,C001805,2025-04-06,Online,,Completed,Credit Card,4.68
O0063521,C002650,2025-04-06,Online,,Completed,Debit Card,24.88
O0063534,C020778,2025-04-06,Store,S006,Completed,Digital Wallet,0.0
O0063540,C016636,2025-04-06,Store,S009,Completed,Credit Card,0.0
O0063542,C004743,2025-04-06,Store,S016,Completed,Credit Card,0.0
O0063548,C007256,2025-04-06,Online,,Completed,Credit Card,10.27
O0063562,C006897,2025-04-06,Online,,Completed,Digital Wallet,7.76
O0063578,C004739,2025-04-07,Pickup,S009,Completed,Credit Card,0.0
O0063580,C029029,2025-04-07,Online,,Completed,Digital Wallet,11.9
O0063585,C017547,2025-04-07,Online,,Completed,Credit Card,6.57
O0063588,C025366,2025-04-07,Online,,Returned,Digital Wallet,1.77
O0063590,C004904,2025-04-07,Store,S007,Completed,Credit Card,0.0
O0063592,C007108,2025-04-07,Online,,Completed,Credit Card,5.64
O0063593,C023190,2025-04-07,Online,,Completed,Debit Card,11.71
O0063605,C002347,2025-04-07,Pickup,S001,Completed,Credit Card,0.0
O0063607,C000928,2025-04-07,Store,S003,Completed,Digital Wallet,0.0
O0063614,C014836,2025-04-07,Store,S016,Completed,Digital Wallet,0.0
O0063622,C012793,2025-04-07,Store,S003,Completed,Credit Card,0.0
O0063624,C008674,2025-04-07,Store,S004,Completed,Debit Card,0.0
O0063625,C015023,2025-04-07,Online,,Completed,Credit Card,9.01
O0063635,C005655,2025-04-07,Online,,Completed,Digital Wallet,12.08
O0063646,C020313,2025-04-08,Online,,Completed,Debit Card,0.7
O0063652,C020131,2025-04-08,Online,,Completed,Digital Wallet,2.64
O0063665,C029906,2025-04-08,Online,,Completed,Debit Card,1.71
O0063678,C003844,2025-04-08,Store,S007,Completed,Credit Card,0.0
O0063679,C010230,2025-04-08,Online,,Completed,Debit Card,14.12
O0063681,C009699,2025-04-08,Store,S008,Completed,Digital Wallet,0.0
O0063682,C026702,2025-04-08,Online,,Completed,Credit Card,7.89
O0063687,C016234,2025-04-08,Pickup,S015,Returned,Credit Card,0.0
O0063688,C019368,2025-04-08,Store,S009,Completed,Credit Card,0.0
O0063690,C000742,2025-04-08,Pickup,S010,Completed,Credit Card,0.0
O0063693,C011652,2025-04-08,Store,S011,Cancelled,Debit Card,0.0
O0063694,C023350,2025-04-08,Online,,Returned,Debit Card,8.21
O0063696,C011652,2025-04-08,Store,S011,Completed,Digital Wallet,0.0
O0063698,C025338,2025-04-08,Online,,Completed,Credit Card,3.04
O0063707,C001378,2025-04-08,Online,,Completed,Digital Wallet,13.7
O0063716,C004485,2025-04-08,Online,,Completed,Credit Card,12.38
O0063736,C005861,2025-04-09,Online,,Completed,Credit Card,5.63
O0063744,C009193,2025-04-09,Online,,Completed,Debit Card,10.59
O0063753,C019162,2025-04-09,Online,,Completed,Credit Card,7.08
O0063776,C027720,2025-04-09,Online,,Completed,Debit Card,7.12
O0063779,C009193,2025-04-09,Store,S010,Completed,Debit Card,0.0
O0063784,C001643,2025-04-09,Online,,Completed,Credit Card,7.22
O0063787,C012837,2025-04-09,Online,,Completed,Debit Card,8.86
O0063790,C025234,2025-04-09,Online,,Returned,Debit Card,14.75
O0063792,C017288,2025-04-09,Store,S007,Completed,Credit Card,0.0
O0063836,C004105,2025-04-10,Store,S007,Completed,Credit Card,0.0
O0063860,C023010,2025-04-10,Online,,Completed,Digital Wallet,3.43
O0063872,C001180,2025-04-10,Online,,Completed,Credit Card,26.53
O0063875,C004342,2025-04-10,Pickup,S007,Completed,Debit Card,0.0
O0063890,C024667,2025-04-11,Store,S015,Completed,Credit Card,0.0
O0063898,C017960,2025-04-11,Store,S006,Completed,Credit Card,0.0
O0063902,C001472,2025-04-11,Store,S004,Completed,Debit Card,0.0
O0063915,C005139,2025-04-11,Online,,Completed,Debit Card,6.32
O0063916,C009170,2025-04-11,Store,S003,Completed,Debit Card,0.0
O0063930,C010528,2025-04-11,Online,,Completed,Credit Card,16.13
O0063939,C029833,2025-04-11,Store,S008,Completed,Credit Card,0.0
O0063948,C018906,2025-04-11,Pickup,S005,Completed,Digital Wallet,0.0
O0063962,C017891,2025-04-11,Online,,Completed,Debit Card,4.9
O0063970,C027021,2025-04-12,Online,,Completed,Credit Card,18.56
O0063979,C001819,2025-04-12,Online,,Completed,Credit Card,5.46
O0063993,C029603,2025-04-12,Online,,Completed,Debit Card,19.31
O0063995,C017958,2025-04-12,Online,,Completed,Credit Card,0.42
O0063996,C017409,2025-04-12,Store,S004,Completed,Credit Card,0.0
O0063997,C002919,2025-04-12,Online,,Completed,Digital Wallet,4.92
O0064014,C020713,2025-04-12,Online,,Cancelled,Digital Wallet,4.7
O0064017,C001476,2025-04-12,Store,S016,Completed,Debit Card,0.0
O0064025,C005599,2025-04-12,Online,,Completed,Debit Card,8.41
O0064029,C029340,2025-04-12,Online,,Completed,Credit Card,1.94
O0064043,C011789,2025-04-12,Online,,Completed,Debit Card,3.21
O0064050,C026876,2025-04-12,Online,,Completed,Credit Card,10.14
O0064055,C009972,2025-04-12,Store,S005,Completed,Credit Card,0.0
O0064059,C011713,2025-04-12,Online,,Completed,Credit Card,4.09
O0064064,C009607,2025-04-13,Online,,Completed,Digital Wallet,15.05
O0064078,C004257,2025-04-13,Store,S014,Completed,Debit Card,0.0
O0064080,C002719,2025-04-13,Online,,Returned,Digital Wallet,8.62
O0064083,C003065,2025-04-13,Online,,Completed,Credit Card,3.5
O0064091,C024419,2025-04-13,Online,,Completed,Credit Card,3.11
O0064107,C017551,2025-04-13,Online,,Completed,Digital Wallet,3.98
O0064124,C009683,2025-04-13,Store,S005,Completed,Gift Card,0.0
O0064128,C020553,2025-04-13,Store,S011,Completed,Gift Card,0.0
O0064131,C014768,2025-04-13,Online,,Completed,Digital Wallet,8.4
O0064154,C025168,2025-04-14,Pickup,S008,Completed,Digital Wallet,0.0
O0064156,C003271,2025-04-14,Store,S001,Completed,Debit Card,0.0
O0064163,C025969,2025-04-14,Store,S012,Completed,Credit Card,0.0
O0064164,C004580,2025-04-14,Store,S003,Completed,Digital Wallet,0.0
O0064174,C019083,2025-04-14,Store,S007,Completed,Credit Card,0.0
O0064178,C012125,2025-04-14,Online,,Completed,Debit Card,4.66
O0064186,C024869,2025-04-14,Online,,Returned,Digital Wallet,7.91
O0064188,C010841,2025-04-14,Store,S006,Completed,Credit Card,0.0
O0064214,C002905,2025-04-14,Online,,Completed,Credit Card,1.43
O0064218,C011316,2025-04-14,Online,,Completed,Credit Card,4.48
O0064222,C021334,2025-04-14,Pickup,S008,Completed,Credit Card,0.0
O0064234,C003185,2025-04-14,Store,S016,Completed,Debit Card,0.0
O0064240,C027572,2025-04-15,Store,S013,Completed,Credit Card,0.0
O0064247,C012463,2025-04-15,Online,,Completed,Credit Card,8.74
O0064254,C021045,2025-04-15,Online,,Completed,Credit Card,9.02
O0064257,C014170,2025-04-15,Store,S015,Completed,Digital Wallet,0.0
O0064275,C017674,2025-04-15,Online,,Completed,Credit Card,1.31
O0064284,C029775,2025-04-15,Online,,Completed,Credit Card,3.44
O0064285,C025906,2025-04-15,Store,S002,Completed,Credit Card,0.0
O0064288,C024938,2025-04-15,Online,,Completed,Debit Card,4.14
O0064295,C019536,2025-04-15,Store,S002,Completed,Credit Card,0.0
O0064300,C021789,2025-04-15,Store,S004,Completed,Debit Card,0.0
O0064301,C011683,2025-04-15,Online,,Completed,Digital Wallet,2.25
O0064303,C005035,2025-04-15,Online,,Completed,Credit Card,6.51
O0064305,C028780,2025-04-15,Pickup,S008,Returned,Credit Card,0.0
O0064310,C002056,2025-04-15,Store,S008,Completed,Credit Card,0.0
O0064311,C017336,2025-04-15,Store,S001,Completed,Credit Card,0.0
O0064316,C005983,2025-04-15,Store,S003,Completed,Credit Card,0.0
O0064327,C000874,2025-04-16,Online,,Returned,Debit Card,7.61
O0064333,C021097,2025-04-16,Online,,Completed,Digital Wallet,3.15
O0064347,C011503,2025-04-16,Store,S012,Completed,Debit Card,0.0
O0064371,C023335,2025-04-16,Store,S005,Completed,Debit Card,0.0
O0064373,C013582,2025-04-16,Store,S013,Completed,Digital Wallet,0.0
O0064378,C024335,2025-04-16,Online,,Completed,Credit Card,1.06
O0064379,C011861,2025-04-16,Pickup,S015,Completed,Digital Wallet,0.0
O0064387,C001415,2025-04-16,Store,S008,Completed,Debit Card,0.0
O0064394,C029551,2025-04-17,Store,S006,Completed,Credit Card,0.0
O0064395,C024338,2025-04-17,Store,S001,Completed,Credit Card,0.0
O0064409,C012164,2025-04-17,Pickup,S002,Completed,Debit Card,0.0
O0064416,C022201,2025-04-17,Store,S005,Completed,Debit Card,0.0
O0064426,C011258,2025-04-17,Online,,Returned,Digital Wallet,12.13
O0064458,C017645,2025-04-17,Store,S013,Completed,Digital Wallet,0.0
O0064460,C009713,2025-04-17,Store,S015,Completed,Digital Wallet,0.0
O0064464,C007554,2025-04-17,Store,S006,Completed,Gift Card,0.0
O0064471,C022094,2025-04-18,Online,,Returned,Credit Card,9.99
O0064488,C007210,2025-04-18,Online,,Completed,Credit Card,3.33
O0064490,C023163,2025-04-18,Online,,Completed,Debit Card,8.18
O0064492,C004916,2025-04-18,Online,,Completed,Digital Wallet,5.05
O0064494,C025265,2025-04-18,Online,,Completed,Credit Card,5.43
O0064499,C005349,2025-04-18,Online,,Completed,Credit Card,7.25
O0064534,C013686,2025-04-18,Store,S010,Completed,Credit Card,0.0
O0064548,C027514,2025-04-18,Online,,Completed,Debit Card,3.16
O0064550,C029769,2025-04-18,Store,S005,Completed,Gift Card,0.0
O0064560,C008352,2025-04-19,Online,,Completed,Credit Card,1.27
O0064572,C014571,2025-04-19,Store,S010,Completed,Digital Wallet,0.0
O0064574,C026502,2025-04-19,Online,,Returned,Digital Wallet,7.71
O0064583,C011964,2025-04-19,Online,,Completed,Credit Card,14.8
O0064584,C006152,2025-04-19,Online,,Completed,Debit Card,3.81
O0064588,C022742,2025-04-19,Online,,Completed,Debit Card,4.94
O0064596,C006903,2025-04-19,Online,,Completed,Digital Wallet,6.5
O0064602,C026639,2025-04-19,Online,,Completed,Credit Card,14.51
O0064605,C020236,2025-04-19,Store,S010,Completed,Debit Card,0.0
O0064606,C007030,2025-04-19,Store,S001,Returned,Credit Card,0.0
O0064609,C004345,2025-04-19,Online,,Returned,Credit Card,5.78
O0064644,C013677,2025-04-19,Store,S005,Completed,Credit Card,0.0
O0064651,C025240,2025-04-19,Store,S001,Completed,Credit Card,0.0
O0064672,C024358,2025-04-20,Store,S012,Completed,Gift Card,0.0
O0064677,C022363,2025-04-20,Online,,Completed,Digital Wallet,9.16
O0064685,C022405,2025-04-20,Online,,Completed,Digital Wallet,1.83
O0064689,C015845,2025-04-20,Store,S001,Returned,Credit Card,0.0
O0064690,C013863,2025-04-20,Online,,Returned,Digital Wallet,9.55
O0064711,C001378,2025-04-20,Online,,Completed,Debit Card,6.89
O0064714,C015786,2025-04-20,Pickup,S012,Completed,Credit Card,0.0
O0064717,C000791,2025-04-20,Online,,Completed,Credit Card,5.87
O0064731,C011847,2025-04-20,Store,S007,Completed,Debit Card,0.0
O0064732,C008630,2025-04-20,Online,,Completed,Debit Card,4.37
O0064754,C019862,2025-04-20,Online,,Completed,Gift Card,11.49
O0064756,C011525,2025-04-21,Online,,Completed,Credit Card,7.99
O0064764,C016486,2025-04-21,Online,,Completed,Gift Card,8.1
O0064765,C007485,2025-04-21,Online,,Completed,Gift Card,6.57
O0064770,C025163,2025-04-21,Store,S015,Completed,Digital Wallet,0.0
O0064772,C014725,2025-04-21,Online,,Completed,Gift Card,5.91
O0064788,C012433,2025-04-21,Online,,Completed,Gift Card,1.98
O0064827,C001685,2025-04-21,Online,,Completed,Credit Card,9.87
O0064832,C012302,2025-04-21,Store,S013,Completed,Debit Card,0.0
O0064844,C004182,2025-04-21,Online,,Completed,Gift Card,10.65
O0064848,C005097,2025-04-21,Pickup,S011,Completed,Credit Card,0.0
O0064853,C010183,2025-04-21,Store,S008,Completed,Credit Card,0.0
O0064859,C027191,2025-04-21,Online,,Completed,Credit Card,8.77
O0064869,C017093,2025-04-22,Store,S006,Completed,Debit Card,0.0
O0064870,C012203,2025-04-22,Store,S004,Cancelled,Credit Card,0.0
O0064882,C005916,2025-04-22,Pickup,S013,Completed,Credit Card,0.0
O0064891,C007487,2025-04-22,Pickup,S009,Completed,Digital Wallet,0.0
O0064897,C028768,2025-04-22,Store,S011,Completed,Debit Card,0.0
O0064898,C026598,2025-04-22,Online,,Completed,Debit Card,9.99
O0064903,C024456,2025-04-22,Store,S004,Returned,Credit Card,0.0
O0064904,C028437,2025-04-22,Store,S014,Completed,Digital Wallet,0.0
O0064907,C019078,2025-04-22,Online,,Completed,Debit Card,4.76
O0064913,C010899,2025-04-22,Store,S004,Completed,Credit Card,0.0
O0064919,C007336,2025-04-22,Pickup,S007,Completed,Credit Card,0.0
O0064923,C009792,2025-04-22,Store,S014,Completed,Credit Card,0.0
O0064938,C013678,2025-04-22,Online,,Completed,Credit Card,5.65
O0064941,C009899,2025-04-22,Pickup,S012,Completed,Credit Card,0.0
O0064943,C024310,2025-04-23,Online,,Completed,Credit Card,0.54
O0064944,C021522,2025-04-23,Store,S006,Completed,Credit Card,0.0
O0064966,C005788,2025-04-23,Online,,Completed,Gift Card,5.57
O0064968,C005554,2025-04-23,Pickup,S003,Completed,Debit Card,0.0
O0064974,C004048,2025-04-23,Pickup,S008,Completed,Debit Card,0.0
O0064979,C006905,2025-04-23,Online,,Returned,Digital Wallet,1.96
O0064998,C028557,2025-04-23,Store,S013,Completed,Debit Card,0.0
O0065002,C025954,2025-04-23,Store,S011,Completed,Digital Wallet,0.0
O0065004,C016557,2025-04-23,Store,S005,Completed,Debit Card,0.0
O0065006,C016176,2025-04-23,Online,,Cancelled,Credit Card,6.49
O0065010,C005454,2025-04-23,Online,,Completed,Credit Card,1.02
O0065011,C002509,2025-04-23,Online,,Completed,Credit Card,5.78
O0065012,C006603,2025-04-23,Store,S003,Completed,Digital Wallet,0.0
O0065022,C015054,2025-04-24,Store,S006,Completed,Digital Wallet,0.0
O0065024,C014981,2025-04-24,Pickup,S001,Completed,Credit Card,0.0
O0065026,C012463,2025-04-24,Store,S008,Completed,Credit Card,0.0
O0065027,C020313,2025-04-24,Online,,Completed,Credit Card,1.67
O0065031,C024241,2025-04-24,Store,S013,Completed,Digital Wallet,0.0
O0065041,C004085,2025-04-24,Online,,Returned,Debit Card,0.68
O0065043,C004784,2025-04-24,Online,,Completed,Digital Wallet,7.84
O0065046,C003875,2025-04-24,Online,,Completed,Credit Card,11.45
O0065051,C015046,2025-04-24,Store,S011,Completed,Digital Wallet,0.0
O0065052,C010950,2025-04-24,Pickup,S007,Completed,Digital Wallet,0.0
O0065063,C005097,2025-04-24,Online,,Completed,Gift Card,5.24
O0065066,C019101,2025-04-24,Online,,Completed,Debit Card,5.86
O0065075,C022363,2025-04-24,Pickup,S002,Completed,Digital Wallet,0.0
O0065078,C023318,2025-04-24,Online,,Completed,Gift Card,5.61
O0065081,C007404,2025-04-24,Store,S016,Completed,Digital Wallet,0.0
O0065101,C006215,2025-04-25,Online,,Completed,Debit Card,13.61
O0065102,C011029,2025-04-25,Store,S006,Completed,Digital Wallet,0.0
O0065117,C028002,2025-04-25,Store,S004,Completed,Credit Card,0.0
O0065122,C013272,2025-04-25,Store,S015,Completed,Digital Wallet,0.0
O0065139,C011248,2025-04-25,Store,S016,Completed,Credit Card,0.0
O0065152,C008944,2025-04-25,Pickup,S009,Completed,Credit Card,0.0
O0065159,C003526,2025-04-25,Store,S013,Completed,Digital Wallet,0.0
O0065160,C006920,2025-04-25,Online,,Completed,Debit Card,1.27
O0065161,C012322,2025-04-25,Online,,Completed,Digital Wallet,0.42
O0065173,C016982,2025-04-25,Online,,Completed,Credit Card,12.59
O0065175,C012644,2025-04-25,Store,S002,Completed,Credit Card,0.0
O0065182,C028746,2025-04-26,Online,,Completed,Debit Card,10.85
O0065192,C006903,2025-04-26,Store,S007,Completed,Debit Card,0.0
O0065193,C005876,2025-04-26,Store,S004,Completed,Digital Wallet,0.0
O0065201,C006945,2025-04-26,Store,S007,Completed,Debit Card,0.0
O0065219,C024782,2025-04-26,Online,,Completed,Digital Wallet,4.66
O0065227,C028224,2025-04-26,Store,S009,Completed,Digital Wallet,0.0
O0065230,C015957,2025-04-26,Online,,Completed,Credit Card,2.85
O0065243,C005805,2025-04-26,Store,S006,Completed,Credit Card,0.0
O0065245,C003456,2025-04-26,Store,S010,Completed,Credit Card,0.0
O0065248,C022710,2025-04-26,Pickup,S006,Returned,Digital Wallet,0.0
O0065250,C006224,2025-04-26,Online,,Completed,Debit Card,9.36
O0065251,C011062,2025-04-26,Online,,Returned,Digital Wallet,6.6
O0065261,C012427,2025-04-26,Store,S003,Completed,Debit Card,0.0
O0065269,C009990,2025-04-26,Store,S015,Completed,Debit Card,0.0
O0065277,C005184,2025-04-27,Store,S009,Completed,Digital Wallet,0.0
O0065278,C026736,2025-04-27,Store,S004,Completed,Credit Card,0.0
O0065279,C007440,2025-04-27,Store,S010,Completed,Credit Card,0.0
O0065280,C014354,2025-04-27,Store,S016,Completed,Digital Wallet,0.0
O0065291,C022759,2025-04-27,Store,S002,Completed,Credit Card,0.0
O0065299,C007446,2025-04-27,Store,S012,Completed,Debit Card,0.0
O0065301,C000292,2025-04-27,Online,,Completed,Credit Card,10.41
O0065313,C028224,2025-04-27,Store,S010,Completed,Credit Card,0.0
O0065314,C015080,2025-04-27,Pickup,S014,Returned,Credit Card,0.0
O0065319,C025639,2025-04-27,Store,S016,Completed,Credit Card,0.0
O0065321,C014338,2025-04-27,Online,,Completed,Digital Wallet,2.28
O0065323,C025493,2025-04-27,Online,,Completed,Digital Wallet,23.05
O0065331,C007654,2025-04-27,Online,,Completed,Credit Card,5.82
O0065344,C028205,2025-04-27,Online,,Completed,Credit Card,6.63
O0065346,C011936,2025-04-27,Online,,Completed,Credit Card,2.3
O0065351,C001691,2025-04-27,Store,S009,Completed,Credit Card,0.0
O0065352,C012928,2025-04-27,Store,S010,Completed,Credit Card,0.0
O0065360,C008864,2025-04-28,Online,,Completed,Debit Card,21.87
O0065367,C027305,2025-04-28,Online,,Completed,Debit Card,7.95
O0065380,C020628,2025-04-28,Online,,Completed,Debit Card,12.39
O0065385,C021789,2025-04-28,Online,,Completed,Debit Card,5.65
O0065390,C020490,2025-04-28,Online,,Returned,Credit Card,2.68
O0065395,C028663,2025-04-28,Store,S016,Completed,Digital Wallet,0.0
O0065409,C016786,2025-04-28,Store,S010,Completed,Digital Wallet,0.0
O0065413,C025639,2025-04-28,Online,,Completed,Credit Card,14.27
O0065415,C000580,2025-04-28,Store,S006,Completed,Credit Card,0.0
O0065422,C026827,2025-04-28,Store,S007,Completed,Digital Wallet,0.0
O0065425,C028356,2025-04-28,Store,S013,Completed,Digital Wallet,0.0
O0065435,C027943,2025-04-28,Online,,Completed,Credit Card,10.15
O0065444,C011968,2025-04-29,Online,,Completed,Debit Card,8.81
O0065454,C010882,2025-04-29,Online,,Returned,Digital Wallet,1.09
O0065469,C017645,2025-04-29,Online,,Completed,Credit Card,24.49
O0065481,C010691,2025-04-29,Store,S005,Completed,Digital Wallet,0.0
O0065492,C029349,2025-04-29,Online,,Returned,Debit Card,0.82
O0065498,C022618,2025-04-29,Pickup,S016,Returned,Credit Card,0.0
O0065501,C019671,2025-04-29,Online,,Completed,Digital Wallet,3.21
O0065502,C020654,2025-04-29,Online,,Completed,Debit Card,15.25
O0065515,C021874,2025-04-29,Store,S013,Completed,Debit Card,0.0
O0065521,C013272,2025-04-30,Online,,Completed,Credit Card,6.56
O0065522,C007977,2025-04-30,Online,,Completed,Debit Card,11.02
O0065523,C017247,2025-04-30,Online,,Completed,Digital Wallet,5.01
O0065524,C014312,2025-04-30,Online,,Returned,Credit Card,10.21
O0065525,C023184,2025-04-30,Online,,Completed,Credit Card,9.81
O0065529,C003790,2025-04-30,Pickup,S008,Completed,Debit Card,0.0
O0065540,C002223,2025-04-30,Online,,Completed,Credit Card,13.48
O0065545,C027770,2025-04-30,Online,,Completed,Digital Wallet,7.09
O0065553,C021045,2025-04-30,Store,S015,Completed,Credit Card,0.0
O0065559,C025444,2025-04-30,Online,,Completed,Gift Card,7.92
O0065570,C012969,2025-04-30,Pickup,S005,Completed,Debit Card,0.0
O0065588,C019536,2025-05-01,Online,,Completed,Debit Card,3.82
O0065592,C013272,2025-05-01,Store,S016,Completed,Debit Card,0.0
O0065593,C008363,2025-05-01,Store,S007,Completed,Credit Card,0.0
O0065603,C007210,2025-05-01,Store,S006,Returned,Credit Card,0.0
O0065622,C005184,2025-05-01,Online,,Cancelled,Debit Card,9.76
O0065623,C007894,2025-05-01,Online,,Completed,Debit Card,10.56
O0065626,C006434,2025-05-01,Store,S012,Completed,Debit Card,0.0
O0065633,C014835,2025-05-01,Store,S001,Completed,Credit Card,0.0
O0065635,C005926,2025-05-01,Online,,Completed,Digital Wallet,5.42
O0065644,C006347,2025-05-01,Online,,Completed,Credit Card,5.0
O0065645,C011009,2025-05-01,Store,S012,Completed,Digital Wallet,0.0
O0065649,C024992,2025-05-01,Online,,Returned,Digital Wallet,4.41
O0065672,C029723,2025-05-02,Online,,Completed,Debit Card,5.47
O0065685,C019265,2025-05-02,Pickup,S016,Completed,Credit Card,0.0
O0065687,C022861,2025-05-02,Online,,Completed,Credit Card,7.97
O0065689,C028319,2025-05-02,Online,,Completed,Digital Wallet,1.29
O0065697,C019377,2025-05-02,Store,S010,Completed,Credit Card,0.0
O0065704,C022687,2025-05-02,Online,,Completed,Digital Wallet,7.79
O0065707,C007269,2025-05-02,Online,,Completed,Credit Card,4.19
O0065716,C009173,2025-05-02,Online,,Completed,Digital Wallet,3.09
O0065721,C028497,2025-05-02,Online,,Completed,Credit Card,3.55
O0065723,C002877,2025-05-02,Store,S011,Completed,Credit Card,0.0
O0065734,C009873,2025-05-02,Store,S003,Completed,Digital Wallet,0.0
O0065743,C011283,2025-05-02,Online,,Completed,Digital Wallet,4.07
O0065754,C008224,2025-05-03,Store,S001,Completed,Debit Card,0.0
O0065756,C007133,2025-05-03,Store,S001, complete ,Credit Card,0.0
O0065764,C026454,2025-05-03,Online,,Completed,Credit Card,1.76
O0065768,C002498,2025-05-03,Online,,Completed,Credit Card,1.92
O0065771,C011933,2025-05-03,Online,,Completed,Gift Card,4.04
O0065774,C028628,2025-05-03,Online,,Completed,Credit Card,9.19
O0065776,C010088,2025-05-03,Online,,Completed,Debit Card,5.31
O0065779,C023318,2025-05-03,Online,,Completed,Debit Card,9.25
O0065785,C029903,2025-05-03,Online,,Completed,Digital Wallet,6.47
O0065787,C003001,2025-05-03,Store,S013,Completed,Digital Wallet,0.0
O0065800,C008371,2025-05-03,Store,S014,Completed,Digital Wallet,0.0
O0065834,C012134,2025-05-04,Online,,Completed,Credit Card,5.42
O0065846,C012059,2025-05-04,Online,,Completed,Debit Card,9.57
O0065853,C019033,2025-05-04,Store,S006,Completed,Digital Wallet,0.0
O0065859,C010290,2025-05-04,Store,S014,Completed,Credit Card,0.0
O0065869,C010310,2025-05-04,Store,S004,Completed,Credit Card,0.0
O0065873,C008674,2025-05-04,Online,,Completed,Credit Card,3.06
O0065877,C017868,2025-05-04,Online,,Completed,Credit Card,7.12
O0065891,C009756,2025-05-04,Store,S007,Completed,Credit Card,0.0
O0065898,C029021,2025-05-04,Pickup,S014,Returned,Gift Card,0.0
O0065903,C000929,2025-05-04,Store,S004,Cancelled,Credit Card,0.0
O0065908,C009792,2025-05-04,Online,,Completed,Digital Wallet,8.83
O0065916,C014728,2025-05-05,Store,S008,Completed,Debit Card,0.0
O0065917,C024179,2025-05-05,Online,,Completed,Credit Card,4.25
O0065918,C014170,2025-05-05,Online,,Completed,Credit Card,2.8
O0065919,C004321,2025-05-05,Store,S003,Completed,Credit Card,0.0
O0065924,C002309,2025-05-05,Online,,Completed,Credit Card,11.84
O0065929,C003097,2025-05-05,Store,S012,Completed,Credit Card,0.0
O0065944,C021237,2025-05-05,Store,S015,Completed,Credit Card,0.0
O0065955,C020831,2025-05-05,Online,,Returned,Credit Card,13.86
O0065967,C005287,2025-05-05,Online,,Completed,Credit Card,6.45
O0065968,C009888,2025-05-05,Store,S016,Completed,Credit Card,0.0
O0065970,C012302,2025-05-05,Online,,Completed,Credit Card,6.72
O0065976,C008224,2025-05-05,Store,S003,Completed,Gift Card,0.0
O0065982,C017285,2025-05-05,Store,S014,Completed,Credit Card,0.0
O0065984,C006831,2025-05-05,Online,,Completed,Debit Card,1.91
O0065986,C014352,2025-05-05,Store,S015,Returned,Credit Card,0.0
O0065999,C009085,2025-05-06,Online,,Completed,Gift Card,5.91
O0066007,C000812,2025-05-06,Store,S006,Completed,Credit Card,0.0
O0066013,C005140,2025-05-06,Pickup,S002,Completed,Debit Card,0.0
O0066018,C005122,2025-05-06,Online,,Completed,Gift Card,6.54
O0066023,C018549,2025-05-06,Online,,Returned,Digital Wallet,6.77
O0066026,C012866,2025-05-06,Pickup,S014,Completed,Debit Card,0.0
O0066027,C003161,2025-05-06,Store,S012,Completed,Debit Card,0.0
O0066029,C012377,2025-05-06,Online,,Completed,Credit Card,11.15
O0066041,C018470,2025-05-06,Store,S012,Completed,Credit Card,0.0
O0066048,C023494,2025-05-06,Store,S005,Returned,Credit Card,0.0
O0066053,C018335,2025-05-06,Online,,Completed,Credit Card,2.44
O0066055,C022889,2025-05-06,Online,,Completed,Credit Card,15.49
O0066079,C025570,2025-05-07,Online,,Completed,Digital Wallet,6.7
O0066083,C008365,2025-05-07,Online,,Completed,Credit Card,4.83
O0066089,C000128,2025-05-07,Store,S007,Completed,Credit Card,0.0
O0066091,C008248,2025-05-07,Store,S003,Completed,Debit Card,0.0
O0066094,C008197,2025-05-07,Online,,Completed,Gift Card,6.1
O0066097,C015949,2025-05-07,Online,,Completed,Gift Card,10.71
O0066120,C027273,2025-05-07,Online,,Completed,Credit Card,1.61
O0066123,C024744,2025-05-07,Store,S015,Completed,Credit Card,0.0
O0066130,C021821,2025-05-07,Online,,Completed,Debit Card,2.38
O0066136,C001119,2025-05-07,Online,,Completed,Debit Card,1.98
O0066142,C028356,2025-05-07,Pickup,S014,Completed,Debit Card,0.0
O0066198,C029788,2025-05-08,Online,,Completed,Gift Card,5.95
O0066203,C025868,2025-05-08,Store,S009,Completed,Debit Card,0.0
O0066209,C021610,2025-05-08,Online,,Completed,Digital Wallet,3.5
O0066221,C023310,2025-05-08,Online,,Completed,Digital Wallet,2.39
O0066234,C009397,2025-05-09,Store,S005,Completed,Debit Card,0.0
O0066238,C019418,2025-05-09,Online,,Completed,Credit Card,7.87
O0066240,C015919,2025-05-09,Store,S015,Completed,Debit Card,0.0
O0066256,C028518,2025-05-09,Online,,Completed,Credit Card,6.56
O0066267,C004885,2025-05-09,Store,S005,Completed,Credit Card,0.0
O0066268,C011842,2025-05-09,Online,,Completed,Credit Card,1.62
O0066285,C020036,2025-05-09,Store,S011,Completed,Credit Card,0.0
O0066293,C003691,2025-05-09,Online,,Completed,Debit Card,2.83
O0066300,C006484,2025-05-09,Online,,Returned,Credit Card,5.26
O0066304,C025791,2025-05-09,Store,S008,Completed,Credit Card,0.0
O0066307,C003266,2025-05-09,Store,S013,Completed,Digital Wallet,0.0
O0066309,C020722,2025-05-09,Store,S010,Completed,Credit Card,0.0
O0066312,C015874,2025-05-10,Pickup,S011,Returned,Credit Card,0.0
O0066339,C006523,2025-05-10,Pickup,S006,Completed,Credit Card,0.0
O0066340,C026692,2025-05-10,Store,S006,Completed,Credit Card,0.0
O0066348,C013011,2025-05-10,Online,,Completed,Credit Card,5.96
O0066356,C021528,2025-05-10,Online,,Returned,Credit Card,10.68
O0066378,C015949,2025-05-10,Online,,Cancelled,Digital Wallet,4.49
O0066385,C025756,2025-05-10,Online,,Returned,Credit Card,6.14
O0066389,C021580,2025-05-10,Online,,Completed,Credit Card,7.47
O0066402,C016486,2025-05-11,Pickup,S007,Completed,Debit Card,0.0
O0066404,C005027,2025-05-11,Store,S001,Completed,Credit Card,0.0
O0066407,C012218,2025-05-11,Online,,Completed,Debit Card,12.66
O0066411,C002665,2025-05-11,Online,,Cancelled,Credit Card,2.87
O0066418,C001104,2025-05-11,Pickup,S004,Completed,Digital Wallet,0.0
O0066432,C003950,2025-05-11,Online,,Completed,Digital Wallet,6.66
O0066449,C026261,2025-05-11,Online,,Returned,Credit Card,6.59
O0066450,C016218,2025-05-11,Online,,Completed,Credit Card,16.56
O0066452,C005860,2025-05-11,Pickup,S004,Completed,Credit Card,0.0
O0066453,C022744,2025-05-11,Pickup,S001,Completed,Debit Card,0.0
O0066456,C010407,2025-05-11,Online,,Completed,Digital Wallet,1.63
O0066478,C008349,2025-05-11,Store,S007,Completed,Credit Card,0.0
O0066483,C021791,2025-05-12,Online,,Completed,Credit Card,1.37
O0066494,C003493,2025-05-12,Store,S002,Completed,Credit Card,0.0
O0066502,C002773,2025-05-12,Online,,Completed,Debit Card,3.95
O0066522,C028817,2025-05-12,Online,,Completed,Debit Card,11.36
O0066525,C005658,2025-05-12,Pickup,S009,Completed,Debit Card,0.0
O0066535,C016486,2025-05-12,Store,S008,Completed,Debit Card,0.0
O0066546,C015336,2025-05-12,Online,,Returned,Credit Card,7.18
O0066549,C005349,2025-05-12,Online,,Completed,Digital Wallet,21.11
O0066555,C000100,2025-05-12,Online,,Completed,Digital Wallet,10.21
O0066556,C004038,2025-05-12,Online,,Completed,Debit Card,0.18
O0066562,C002650,2025-05-13,Online,,Completed,Gift Card,4.43
O0066575,C025632,2025-05-13,Store,S013,Completed,Digital Wallet,0.0
O0066588,C010072,2025-05-13,Online,,Completed,Credit Card,15.2
O0066622,C017958,2025-05-13,Store,S010,Completed,Credit Card,0.0
O0066623,C007199,2025-05-13,Pickup,S010,Completed,Digital Wallet,0.0
O0066625,C016834,2025-05-13,Pickup,S007,Completed,Debit Card,0.0
O0066632,C015821,2025-05-13,Online,,Completed,Debit Card,6.36
O0066636,C005333,2025-05-13,Store,S016,Completed,Digital Wallet,0.0
O0066641,C012134,2025-05-13,Online,,Completed,Debit Card,6.73
O0066648,C016604,2025-05-14,Pickup,S002,Completed,Digital Wallet,0.0
O0066654,C011964,2025-05-14,Store,S002,Completed,Credit Card,0.0
O0066674,C005557,2025-05-14,Online,,Completed,Digital Wallet,1.49
O0066677,C021717,2025-05-14,Store,S013,Completed,Debit Card,0.0
O0066686,C006434,2025-05-14,Pickup,S009,Completed,Credit Card,0.0
O0066696,C021882,2025-05-14,Pickup,S015,Completed,Credit Card,0.0
O0066697,C016360,2025-05-14,Store,S004,Completed,Credit Card,0.0
O0066699,C024829,2025-05-14,Pickup,S007,Returned,Digital Wallet,0.0
O0066701,C007176,2025-05-14,Store,S012,Completed,Digital Wallet,0.0
O0066716,C027715,2025-05-15,Pickup,S002,Completed,Debit Card,0.0
O0066718,C026729,2025-05-15,Store,S016,Completed,Credit Card,0.0
O0066726,C000053,2025-05-15,Online,,Returned,Digital Wallet,10.51
O0066742,C014816,2025-05-15,Store,S014,Completed,Digital Wallet,0.0
O0066745,C023184,2025-05-15,Store,S005,Completed,Debit Card,0.0
O0066748,C004286,2025-05-15,Online,,Completed,Digital Wallet,16.69
O0066791,C016184,2025-05-16,Online,,Completed,Debit Card,12.37
O0066797,C007319,2025-05-16,Store,S012,Completed,Digital Wallet,0.0
O0066800,C023534,2025-05-16,Online,,Completed,Debit Card,1.72
O0066801,C005772,2025-05-16,Store,S015,Completed,Credit Card,0.0
O0066809,C003644,2025-05-16,Pickup,S016,Completed,Debit Card,0.0
O0066816,C017674,2025-05-16,Store,S016,Completed,Digital Wallet,0.0
O0066824,C020236,2025-05-16,Store,S009,Completed,Credit Card,0.0
O0066827,C000217,2025-05-16,Online,,Completed,Debit Card,3.39
O0066835,C008352,2025-05-16,Online,,Completed,Credit Card,7.61
O0066841,C005139,2025-05-16,Store,S015,Completed,Credit Card,0.0
O0066842,C001570,2025-05-16,Online,,Completed,Credit Card,4.6
O0066852,C021081,2025-05-16,Online,,Returned,Digital Wallet,7.52
O0066854,C025649,2025-05-16,Store,S012,Completed,Digital Wallet,0.0
O0066861,C028391,2025-05-16,Online,,Completed,Debit Card,6.68
O0066862,C000906,2025-05-16,Pickup,S010,Completed,Credit Card,0.0
O0066867,C018879,2025-05-17,Online,,Completed,Credit Card,5.1
O0066876,C007749,2025-05-17,Store,S012,Completed,Digital Wallet,0.0
O0066905,C009527,2025-05-17,Online,,Completed,Debit Card,1.86
O0066909,C028695,2025-05-17,Store,S011,Completed,Debit Card,0.0
O0066915,C020237,2025-05-17,Online,,Completed,Credit Card,7.37
O0066917,C016613,2025-05-17,Store,S007,Completed,Credit Card,0.0
O0066941,C011143,2025-05-17,Online,,Completed,Digital Wallet,5.14
O0066943,C004904,2025-05-17,Online,,Completed,Credit Card,7.09
O0066952,C023425,2025-05-17,Online,,Completed,Credit Card,2.31
O0066955,C020318,2025-05-17,Online,,Returned,Credit Card,1.63
O0066963,C004668,2025-05-17,Store,S007,Completed,Digital Wallet,0.0
O0066964,C023594,2025-05-17,Online,,Completed,Credit Card,9.46
O0066968,C014419,2025-05-17,Online,,Completed,Credit Card,4.86
O0066971,C016216,2025-05-17,Store,S003,Completed,Credit Card,0.0
O0066973,C027003,2025-05-17,Store,S012,Completed,Digital Wallet,0.0
O0066976,C011864,2025-05-18,Online,,Completed,Digital Wallet,5.35
O0066984,C004166,2025-05-18,Pickup,S001,Completed,Debit Card,0.0
O0067001,C026854,2025-05-18,Store,S013,Completed,Digital Wallet,0.0
O0067011,C012302,2025-05-18,Pickup,S016,Completed,Debit Card,0.0
O0067013,C019176,2025-05-18,Pickup,S016,Completed,Debit Card,0.0
O0067022,C024010,2025-05-18,Online,,Completed,Digital Wallet,4.12
O0067026,C001449,2025-05-18,Pickup,S005,Completed,Credit Card,0.0
O0067030,C002950,2025-05-18,Store,S005,Completed,Debit Card,0.0
O0067048,C003835,2025-05-18,Online,,Completed,Credit Card,15.95
O0067051,C014447,2025-05-18,Online,,Returned,Credit Card,1.72
O0067053,C005344,2025-05-18,Store,S015,Completed,Digital Wallet,0.0
O0067056,C001913,2025-05-18,Online,,Completed,Digital Wallet,0.66
O0067059,C008880,2025-05-18,Online,,Completed,Credit Card,3.85
O0067080,C021911,2025-05-18,Store,S007,Completed,Digital Wallet,0.0
O0067101,C013633,2025-05-19,Online,,Returned,Credit Card,9.73
O0067104,C026624,2025-05-19,Online,,Completed,Credit Card,3.36
O0067116,C014619,2025-05-19,Online,,Completed,Debit Card,6.76
O0067121,C024456,2025-05-19,Online,,Returned,Digital Wallet,10.95
O0067126,C016089,2025-05-19,Store,S005,Completed,Credit Card,0.0
O0067161,C022671,2025-05-19,Store,S003,Completed,Credit Card,0.0
O0067163,C023386,2025-05-20,Online,,Completed,Credit Card,5.52
O0067169,C012288,2025-05-20,Store,S012,Completed,Credit Card,0.0
O0067172,C028785,2025-05-20,Online,,Completed,Credit Card,3.29
O0067184,C012141,2025-05-20,Store,S006,Completed,Credit Card,0.0
O0067185,C005027,2025-05-20,Online,,Completed,Debit Card,2.14
O0067186,C007559,2025-05-20,Pickup,S003,Returned,Credit Card,0.0
O0067189,C020889,2025-05-20,Online,,Completed,Credit Card,5.49
O0067208,C012557,2025-05-20,Online,,Completed,Credit Card,0.99
O0067213,C014444,2025-05-20,Pickup,S009,Completed,Credit Card,0.0
O0067214,C007886,2025-05-20,Store,S012,Completed,Credit Card,0.0
O0067217,C015806,2025-05-20,Online,,Returned,Gift Card,4.44
O0067219,C010206,2025-05-20,Store,S016,Completed,Credit Card,0.0
O0067234,C020994,2025-05-20,Online,,Completed,Credit Card,2.87
O0067236,C023406,2025-05-20,Pickup,S012,Completed,Credit Card,0.0
O0067239,C028686,2025-05-20,Online,,Completed,Digital Wallet,6.36
O0067240,C006423,2025-05-20,Pickup,S009,Completed,Credit Card,0.0
O0067265,C023131,2025-05-21,Online,,Completed,Digital Wallet,11.32
O0067270,C021821,2025-05-21,Online,,Completed,Gift Card,1.11
O0067276,C010945,2025-05-21,Online,,Completed,Credit Card,5.5
O0067279,C012216,2025-05-21,Online,,Completed,Credit Card,3.84
O0067280,C004772,2025-05-21,Online,,Completed,Digital Wallet,8.78
O0067290,C010301,2025-05-21,Online,,Completed,Debit Card,1.5
O0067302,C024634,2025-05-21,Online,,Completed,Digital Wallet,5.08
O0067306,C000200,2025-05-21,Online,,Completed,Digital Wallet,5.62
O0067309,C016149,2025-05-21,Store,S006,Completed,Credit Card,0.0
O0067328,C025917,2025-05-21,Store,S012,Completed,Gift Card,0.0
O0067330,C003426,2025-05-22,Store,S007,Returned,Credit Card,0.0
O0067351,C007114,2025-05-22,Store,S002,Completed,Gift Card,0.0
O0067361,C017190,2025-05-22,Pickup,S010,Completed,Digital Wallet,0.0
O0067365,C023049,2025-05-22,Online,,Completed,Credit Card,16.67
O0067367,C013317,2025-05-22,Online,,Completed,Debit Card,3.24
O0067386,C011467,2025-05-22,Pickup,S005,Completed,Digital Wallet,0.0
O0067412,C007654,2025-05-23,Online,,Completed,Digital Wallet,11.24
O0067424,C017905,2025-05-23,Store,S008,Completed,Debit Card,0.0
O0067431,C003032,2025-05-23,Online,,Completed,Credit Card,4.37
O0067437,C003663,2025-05-23,Online,,Completed,Credit Card,3.25
O0067442,C003548,2025-05-23,Store,S008,Completed,Digital Wallet,0.0
O0067445,C024456,2025-05-23,Store,S002,Completed,Credit Card,0.0
O0067463,C018833,2025-05-23,Online,,Completed,Debit Card,5.01
O0067464,C016149,2025-05-23,Store,S008,Returned,Debit Card,0.0
O0067467,C015136,2025-05-23,Pickup,S008,Completed,Digital Wallet,0.0
O0067471,C012543,2025-05-23,Online,,Completed,Debit Card,3.19
O0067473,C027157,2025-05-23,Store,S011,Returned,Credit Card,0.0
O0067478,C025917,2025-05-23,Online,,Completed,Debit Card,6.15
O0067484,C008841,2025-05-23,Store,S015,Completed,Digital Wallet,0.0
O0067487,C019162,2025-05-23,Online,,Completed,Credit Card,9.43
O0067498,C007800,2025-05-23,Online,,Completed,Debit Card,1.92
O0067509,C010773,2025-05-24,Store,S015,Completed,Credit Card,0.0
O0067515,C013067,2025-05-24,Store,S008,Completed,Debit Card,0.0
O0067531,C020085,2025-05-24,Online,,Completed,Credit Card,11.55
O0067537,C006150,2025-05-24,Online,,Completed,Gift Card,3.39
O0067560,C001739,2025-05-24,Online,,Completed,Debit Card,10.74
O0067561,C001397,2025-05-24,Online,,Completed,Credit Card,9.72
O0067564,C005069,2025-05-24,Online,,Completed,Credit Card,9.04
O0067572,C020805,2025-05-24,Online,,Completed,Digital Wallet,6.34
O0067576,C006704,2025-05-24,Store,S007,Completed,Digital Wallet,0.0
O0067584,C022896,2025-05-24,Pickup,S010,Cancelled,Credit Card,0.0
O0067591,C026120,2025-05-24,Store,S003,Completed,Credit Card,0.0
O0067606,C026915,2025-05-25,Store,S015,Completed,Credit Card,0.0
O0067621,C026755,2025-05-25,Store,S015,Completed,Digital Wallet,0.0
O0067634,C003161,2025-05-25,Store,S010,Completed,Digital Wallet,0.0
O0067639,C025239,2025-05-25,Pickup,S005,Returned,Credit Card,0.0
O0067664,C020322,2025-05-25,Online,,Completed,Credit Card,6.01
O0067669,C003456,2025-05-25,Online,,Completed,Credit Card,3.57
O0067675,C023622,2025-05-25,Online,,Completed,Credit Card,2.21
O0067684,C024507,2025-05-25,Store,S006,Completed,Debit Card,0.0
O0067689,C022200,2025-05-25,Online,,Completed,Debit Card,1.15
O0067702,C004230,2025-05-26,Online,,Completed,Credit Card,4.43
O0067708,C003384,2025-05-26,Pickup,S003,Completed,Debit Card,0.0
O0067728,C029858,2025-05-26,Pickup,S005,Completed,Digital Wallet,0.0
O0067749,C008410,2025-05-26,Online,,Completed,Credit Card,9.33
O0067752,C011525,2025-05-26,Online,,Completed,Credit Card,6.96
O0067753,C006978,2025-05-26,Online,,Completed,Debit Card,12.05
O0067767,C023503,2025-05-27,Pickup,S007,Completed,Credit Card,0.0
O0067778,C015290,2025-05-27,Store,S005,Completed,Credit Card,0.0
O0067779,C016259,2025-05-27,Store,S012,Completed,Debit Card,0.0
O0067784,C017829,2025-05-27,Store,S005,Completed,Credit Card,0.0
O0067786,C004950,2025-05-27,Store,S001,Completed,Digital Wallet,0.0
O0067795,C020478,2025-05-27,Store,S013,Completed,Credit Card,0.0
O0067801,C004283,2025-05-27,Pickup,S009,Completed,Credit Card,0.0
O0067802,C022630,2025-05-27,Store,S007,Completed,Digital Wallet,0.0
O0067814,C005221,2025-05-27,Online,,Completed,Credit Card,7.79
O0067820,C018549,2025-05-27,Online,,Completed,Debit Card,2.45
O0067833,C024581,2025-05-27,Store,S009, complete ,Digital Wallet,0.0
O0067842,C001613,2025-05-27,Online,,Completed,Gift Card,5.38
O0067850,C008822,2025-05-27,Online,,Completed,Credit Card,5.27
O0067870,C010245,2025-05-28,Online,,Cancelled,Credit Card,3.68
O0067874,C006553,2025-05-28,Store,S004,Completed,Credit Card,0.0
O0067877,C024849,2025-05-28,Online,,Completed,Digital Wallet,6.17
O0067884,C024693,2025-05-28,Pickup,S011,Completed,Credit Card,0.0
O0067888,C008869,2025-05-28,Pickup,S001,Completed,Credit Card,0.0
O0067904,C025297,2025-05-28,Online,,Completed,Credit Card,8.47
O0067906,C020236,2025-05-28,Store,S010,Completed,Credit Card,0.0
O0067908,C027205,2025-05-28,Online,,Completed,Credit Card,12.29
O0067912,C026827,2025-05-28,Online,,Completed,Debit Card,2.15
O0067915,C024972,2025-05-28,Store,S007,Completed,Digital Wallet,0.0
O0067924,C003800,2025-05-28,Online,,Completed,Credit Card,3.78
O0067940,C025810,2025-05-29,Online,,Completed,Debit Card,3.85
O0067942,C015393,2025-05-29,Online,,Completed,Credit Card,4.37
O0067945,C007540,2025-05-29,Online,,Completed,Credit Card,4.58
O0067958,C000244,2025-05-29,Store,S011,Completed,Debit Card,0.0
O0067967,C029568,2025-05-29,Online,,Completed,Credit Card,9.54
O0067973,C012415,2025-05-29,Store,S008,Completed,Credit Card,0.0
O0067978,C017434,2025-05-29,Online,,Completed,Digital Wallet,2.95
O0067995,C021372,2025-05-29,Online,,Completed,Digital Wallet,4.16
O0067997,C012043,2025-05-29,Store,S005,Completed,Credit Card,0.0
O0068000,C028852,2025-05-29,Online,,Completed,Debit Card,1.96
O0068016,C017789,2025-05-29,Online,,Completed,Digital Wallet,6.97
O0068028,C020959,2025-05-30,Online,,Completed,Credit Card,4.14
O0068031,C021372,2025-05-30,Store,S005,Completed,Debit Card,0.0
O0068045,C027110,2025-05-30,Store,S012,Completed,Digital Wallet,0.0
O0068050,C021440,2025-05-30,Online,,Completed,Debit Card,2.38
O0068053,C001805,2025-05-30,Online,,Completed,Credit Card,12.22
O0068058,C004035,2025-05-30,Online,,Completed,Credit Card,2.01
O0068062,C009972,2025-05-30,Store,S007,Cancelled,Debit Card,0.0
O0068069,C017804,2025-05-30,Online,,Completed,Credit Card,1.87
O0068097,C020496,2025-05-30,Store,S007,Completed,Credit Card,0.0
O0068098,C010183,2025-05-30,Store,S007,Completed,Credit Card,0.0
O0068109,C010213,2025-05-31,Online,,Completed,Debit Card,9.65
O0068128,C007579,2025-05-31,Store,S002,Completed,Digital Wallet,0.0
O0068141,C023731,2025-05-31,Online,,Completed,Debit Card,3.73
O0068156,C020352,2025-05-31,Online,,Completed,Debit Card,1.48
O0068169,C005462,2025-05-31,Online,,Completed,Digital Wallet,5.54
O0068176,C028819,2025-05-31,Online,,Completed,Credit Card,6.64
O0068177,C013535,2025-05-31,Online,,Completed,Digital Wallet,6.13
O0068197,C019691,2025-06-01,Online,,Completed,Debit Card,15.02
O0068200,C027937,2025-06-01,Online,,Completed,Credit Card,7.37
O0068207,C007504,2025-06-01,Store,S001,Completed,Digital Wallet,0.0
O0068211,C016172,2025-06-01,Online,,Completed,Gift Card,15.48
O0068233,C001203,2025-06-01,Store,S005,Completed,Gift Card,0.0
O0068236,C019403,2025-06-01,Store,S003,Completed,Debit Card,0.0
O0068243,C010587,2025-06-01,Pickup,S015,Completed,Credit Card,0.0
O0068244,C025441,2025-06-01,Online,,Returned,Credit Card,2.76
O0068245,C023924,2025-06-01,Online,,Completed,Credit Card,1.68
O0068261,C012627,2025-06-01,Online,,Completed,Gift Card,2.45
O0068262,C015100,2025-06-01,Store,S006,Completed,Digital Wallet,0.0
O0068268,C015812,2025-06-01,Pickup,S004,Completed,Credit Card,0.0
O0068276,C008635,2025-06-01,Online,,Completed,Credit Card,4.05
O0068294,C025969,2025-06-02,Pickup,S010,Cancelled,Debit Card,0.0
O0068299,C025441,2025-06-02,Online,,Completed,Credit Card,6.61
O0068300,C022546,2025-06-02,Online,,Completed,Credit Card,9.32
O0068324,C008241,2025-06-02,Online,,Completed,Credit Card,5.46
O0068338,C011062,2025-06-02,Pickup,S009,Completed,Credit Card,0.0
O0068353,C019960,2025-06-03,Online,,Completed,Debit Card,2.72
O0068356,C024992,2025-06-03,Online,,Completed,Credit Card,3.92
O0068371,C007828,2025-06-03,Online,,Completed,Credit Card,7.93
O0068387,C014601,2025-06-03,Store,S006,Completed,Debit Card,0.0
O0068389,C019126,2025-06-03,Online,,Cancelled,Digital Wallet,9.39
O0068398,C011029,2025-06-03,Online,,Completed,Debit Card,2.99
O0068401,C029072,2025-06-03,Online,,Completed,Debit Card,8.16
O0068402,C000280,2025-06-03,Store,S012,Returned,Gift Card,0.0
O0068406,C002030,2025-06-03,Online,,Completed,Digital Wallet,3.93
O0068411,C018350,2025-06-03,Pickup,S013,Completed,Digital Wallet,0.0
O0068419,C005253,2025-06-03,Online,,Completed,Credit Card,5.03
O0068427,C007653,2025-06-04,Store,S016,Completed,Credit Card,0.0
O0068432,C000448,2025-06-04,Online,,Completed,Credit Card,1.49
O0068447,C021811,2025-06-04,Pickup,S006,Completed,Credit Card,0.0
O0068462,C027264,2025-06-04,Online,,Completed,Debit Card,1.97
O0068476,C029659,2025-06-04,Online,,Completed,Gift Card,9.07
O0068477,C011451,2025-06-04,Online,,Completed,Digital Wallet,9.96
O0068485,C002005,2025-06-04,Store,S011,Completed,Credit Card,0.0
O0068491,C001407,2025-06-04,Online,,Completed,Credit Card,7.06
O0068492,C010983,2025-06-04,Pickup,S016,Completed,Debit Card,0.0
O0068493,C003456,2025-06-04,Pickup,S011,Completed,Digital Wallet,0.0
O0068509,C019588,2025-06-04,Online,,Completed,Credit Card,8.32
O0068522,C001347,2025-06-05,Online,,Completed,Gift Card,2.14
O0068531,C015801,2025-06-05,Online,,Completed,Digital Wallet,8.01
O0068541,C021115,2025-06-05,Online,,Completed,Credit Card,2.17
O0068544,C017463,2025-06-05,Online,,Returned,Digital Wallet,6.35
O0068547,C017637,2025-06-05,Online,,Completed,Digital Wallet,2.34
O0068575,C005019,2025-06-05,Online,,Completed,Credit Card,7.18
O0068580,C001922,2025-06-05,Store,S002,Completed,Digital Wallet,0.0
O0068587,C006889,2025-06-05,Store,S012,Completed,Credit Card,0.0
O0068596,C013127,2025-06-05,Online,,Completed,Credit Card,1.27
O0068604,C028243,2025-06-06,Online,,Completed,Digital Wallet,3.44
O0068612,C013578,2025-06-06,Store,S003,Completed,Credit Card,0.0
O0068613,C025821,2025-06-06,Online,,Completed,Credit Card,14.79
O0068624,C029027,2025-06-06,Online,,Completed,Digital Wallet,12.21
O0068628,C005680,2025-06-06,Online,, complete ,Digital Wallet,1.7
O0068632,C016602,2025-06-06,Store,S007,Completed,Credit Card,0.0
O0068635,C014848,2025-06-06,Online,,Completed,Digital Wallet,8.31
O0068655,C024516,2025-06-06,Online,,Completed,Credit Card,16.53
O0068656,C020778,2025-06-06,Online,,Completed,Gift Card,7.49
O0068664,C014242,2025-06-06,Pickup,S008,Completed,Credit Card,0.0
O0068668,C015300,2025-06-06,Online,,Completed,Credit Card,13.73
O0068673,C015462,2025-06-06,Store,S009,Completed,Credit Card,0.0
O0068692,C010014,2025-06-07,Online,,Completed,Credit Card,2.35
O0068708,C012691,2025-06-07,Store,S006,Completed,Digital Wallet,0.0
O0068709,C004179,2025-06-07,Store,S007,Completed,Gift Card,0.0
O0068711,C025764,2025-06-07,Store,S016,Completed,Gift Card,0.0
O0068719,C004242,2025-06-07,Store,S004,Completed,Credit Card,0.0
O0068724,C014330,2025-06-07,Online,,Completed,Credit Card,0.71
O0068736,C008923,2025-06-07,Store,S011,Completed,Digital Wallet,0.0
O0068747,C023842,2025-06-07,Online,,Completed,Debit Card,7.59
O0068750,C002202,2025-06-07,Store,S008,Completed,Gift Card,0.0
O0068751,C001164,2025-06-07,Online,,Completed,Credit Card,3.21
O0068755,C015394,2025-06-07,Online,,Cancelled,Credit Card,19.64
O0068765,C009792,2025-06-07,Store,S015,Completed,Credit Card,0.0
O0068774,C029732,2025-06-08,Store,S002,Completed,Digital Wallet,0.0
O0068776,C024799,2025-06-08,Store,S013,Completed,Digital Wallet,0.0
O0068783,C005340,2025-06-08,Store,S005,Completed,Debit Card,0.0
O0068787,C006745,2025-06-08,Store,S005,Completed,Credit Card,0.0
O0068789,C009947,2025-06-08,Online,,Completed,Credit Card,3.24
O0068791,C019607,2025-06-08,Store,S006,Completed,Gift Card,0.0
O0068794,C010125,2025-06-08,Store,S003,Completed,Digital Wallet,0.0
O0068797,C029678,2025-06-08,Store,S009,Completed,Digital Wallet,0.0
O0068800,C014972,2025-06-08,Online,,Completed,Credit Card,13.26
O0068805,C011417,2025-06-08,Online,,Completed,Credit Card,20.79
O0068811,C002567,2025-06-08,Store,S003,Completed,Digital Wallet,0.0
O0068812,C022976,2025-06-08,Store,S004,Completed,Credit Card,0.0
O0068822,C019187,2025-06-08,Store,S008,Completed,Debit Card,0.0
O0068845,C011265,2025-06-08,Online,,Returned,Debit Card,7.86
O0068847,C003243,2025-06-08,Online,,Completed,Debit Card,0.95
O0068850,C001051,2025-06-08,Store,S006,Cancelled,Gift Card,0.0
O0068864,C028197,2025-06-09,Online,,Completed,Digital Wallet,6.81
O0068873,C015544,2025-06-09,Online,,Returned,Debit Card,1.89
O0068877,C003674,2025-06-09,Store,S016,Completed,Credit Card,0.0
O0068905,C022088,2025-06-09,Online,,Completed,Gift Card,8.08
O0068907,C028598,2025-06-09,Online,,Returned,Digital Wallet,5.02
O0068920,C014577,2025-06-09,Store,S009,Completed,Debit Card,0.0
O0068926,C025364,2025-06-09,Online,,Completed,Credit Card,12.1
O0068927,C019356,2025-06-09,Pickup,S016,Completed,Digital Wallet,0.0
O0068964,C008714,2025-06-10,Store,S006,Completed,Debit Card,0.0
O0068966,C015417,2025-06-10,Online,,Completed,Credit Card,4.17
O0068998,C023672,2025-06-10,Pickup,S004,Completed,Credit Card,0.0
O0069000,C021968,2025-06-10,Store,S005,Completed,Credit Card,0.0
O0069006,C013316,2025-06-10,Online,,Completed,Digital Wallet,4.86
O0069010,C020732,2025-06-10,Online,,Returned,Credit Card,3.04
O0069016,C009039,2025-06-11,Store,S007,Returned,Credit Card,0.0
O0069023,C015181,2025-06-11,Online,,Completed,Digital Wallet,2.32
O0069044,C020994,2025-06-11,Online,,Completed,Debit Card,5.15
O0069056,C007428,2025-06-11,Store,S003,Completed,Debit Card,0.0
O0069057,C001428,2025-06-11,Store,S004,Completed,Credit Card,0.0
O0069059,C006636,2025-06-11,Store,S004,Completed,Credit Card,0.0
O0069067,C003483,2025-06-11,Online,,Completed,Credit Card,12.57
O0069071,C008006,2025-06-11,Store,S008,Completed,Debit Card,0.0
O0069072,C002562,2025-06-11,Store,S003,Completed,Debit Card,0.0
O0069078,C008195,2025-06-11,Store,S002,Completed,Digital Wallet,0.0
O0069088,C010013,2025-06-11,Store,S008,Completed,Credit Card,0.0
O0069101,C009393,2025-06-11,Store,S014,Completed,Credit Card,0.0
O0069122,C021012,2025-06-12,Store,S014,Completed,Debit Card,0.0
O0069132,C019907,2025-06-12,Online,,Completed,Debit Card,1.06
O0069136,C030000,2025-06-12,Store,S010,Completed,Debit Card,0.0
O0069140,C016318,2025-06-12,Online,,Completed,Credit Card,5.14
O0069149,C003830,2025-06-12,Online,,Completed,Credit Card,9.17
O0069155,C008630,2025-06-12,Pickup,S009,Completed,Digital Wallet,0.0
O0069174,C028815,2025-06-12,Pickup,S002,Completed,Credit Card,0.0
O0069176,C028575,2025-06-12,Store,S010,Completed,Credit Card,0.0
O0069184,C015412,2025-06-12,Online,,Completed,Credit Card,2.68
O0069186,C023131,2025-06-12,Online,,Completed,Credit Card,12.22
O0069187,C013578,2025-06-12,Online,,Completed,Credit Card,5.08
O0069191,C003319,2025-06-12,Online,,Completed,Gift Card,3.35
O0069199,C009288,2025-06-13,Pickup,S015,Completed,Debit Card,0.0
O0069203,C001283,2025-06-13,Online,,Completed,Credit Card,12.21
O0069209,C016738,2025-06-13,Store,S003,Completed,Credit Card,0.0
O0069211,C004708,2025-06-13,Online,,Completed,Credit Card,10.35
O0069214,C008887,2025-06-13,Store,S004,Completed,Debit Card,0.0
O0069227,C012134,2025-06-13,Pickup,S015,Completed,Credit Card,0.0
O0069228,C012234,2025-06-13,Online,,Completed,Digital Wallet,3.49
O0069231,C013798,2025-06-13,Online,,Completed,Credit Card,4.76
O0069239,C000097,2025-06-13,Store,S006,Completed,Credit Card,0.0
O0069240,C011062,2025-06-13,Store,S012,Completed,Debit Card,0.0
O0069242,C022668,2025-06-13,Store,S013,Completed,Debit Card,0.0
O0069249,C020496,2025-06-13,Pickup,S008,Completed,Credit Card,0.0
O0069251,C004895,2025-06-13,Online,,Completed,Debit Card,13.58
O0069253,C014768,2025-06-13,Store,S011,Completed,Gift Card,0.0
O0069255,C006657,2025-06-13,Store,S003,Completed,Credit Card,0.0
O0069264,C029443,2025-06-13,Online,,Completed,Gift Card,24.19
O0069266,C027305,2025-06-13,Online,,Completed,Digital Wallet,0.69
O0069268,C006742,2025-06-13,Online,,Completed,Credit Card,5.8
O0069276,C015806,2025-06-14,Store,S007,Completed,Digital Wallet,0.0
O0069288,C011258,2025-06-14,Online,,Completed,Digital Wallet,4.41
O0069297,C017674,2025-06-14,Store,S013,Completed,Credit Card,0.0
O0069299,C015163,2025-06-14,Online,,Completed,Debit Card,5.93
O0069303,C009729,2025-06-14,Store,S015,Returned,Credit Card,0.0
O0069306,C005221,2025-06-14,Online,,Completed,Debit Card,4.62
O0069312,C017789,2025-06-14,Store,S009,Completed,Credit Card,0.0
O0069321,C010740,2025-06-14,Online,,Completed,Credit Card,9.7
O0069341,C003442,2025-06-14,Online,,Completed,Digital Wallet,9.44
O0069344,C011467,2025-06-14,Online,,Completed,Debit Card,0.89
O0069352,C009792,2025-06-14,Online,,Completed,Digital Wallet,8.4
O0069357,C029884,2025-06-14,Store,S007,Returned,Digital Wallet,0.0
O0069376,C005876,2025-06-15,Online,,Completed,Debit Card,6.73
O0069378,C016938,2025-06-15,Store,S004,Completed,Debit Card,0.0
O0069395,C025984,2025-06-15,Online,,Completed,Debit Card,4.59
O0069408,C007781,2025-06-15,Online,,Returned,Credit Card,6.85
O0069419,C006886,2025-06-15,Store,S013,Completed,Credit Card,0.0
O0069422,C006268,2025-06-15,Online,,Completed,Credit Card,11.23
O0069437,C016558,2025-06-15,Store,S006,Completed,Debit Card,0.0
O0069438,C019045,2025-06-15,Online,,Returned,Digital Wallet,5.96
O0069439,C009170,2025-06-15,Online,,Completed,Gift Card,1.84
O0069442,C011213,2025-06-15,Online,,Completed,Digital Wallet,5.86
O0069443,C008705,2025-06-15,Store,S010,Completed,Debit Card,0.0
O0069449,C021528,2025-06-15,Store,S016,Completed,Credit Card,0.0
O0069466,C010582,2025-06-16,Online,,Completed,Credit Card,7.25
O0069471,C014312,2025-06-16,Online,,Completed,Credit Card,1.16
O0069472,C028869,2025-06-16,Online,,Completed,Credit Card,4.62
O0069473,C012618,2025-06-16,Online,,Completed,Credit Card,5.03
O0069478,C018354,2025-06-16,Store,S003,Completed,Debit Card,0.0
O0069488,C006836,2025-06-16,Store,S005,Returned,Credit Card,0.0
O0069489,C003659,2025-06-16,Store,S007,Completed,Credit Card,0.0
O0069490,C016907,2025-06-16,Online,,Completed,Credit Card,10.23
O0069498,C023131,2025-06-16,Online,,Completed,Debit Card,2.38
O0069512,C028714,2025-06-16,Online,,Completed,Debit Card,9.29
O0069516,C027875,2025-06-16,Online,,Completed,Debit Card,3.6
O0069522,C025890,2025-06-16,Online,,Completed,Gift Card,7.55
O0069529,C002209,2025-06-16,Pickup,S013,Completed,Credit Card,0.0
O0069538,C011575,2025-06-16,Pickup,S008,Completed,Digital Wallet,0.0
O0069541,C027720,2025-06-16,Online,,Completed,Digital Wallet,13.1
O0069544,C021341,2025-06-16,Store,S006,Completed,Debit Card,0.0
O0069549,C008652,2025-06-17,Pickup,S014,Completed,Digital Wallet,0.0
O0069557,C023390,2025-06-17,Online,,Completed,Debit Card,2.11
O0069558,C013996,2025-06-17,Online,,Completed,Credit Card,4.56
O0069563,C012619,2025-06-17,Online,,Completed,Digital Wallet,10.8
O0069567,C015054,2025-06-17,Online,,Completed,Debit Card,2.35
O0069571,C007327,2025-06-17,Online,,Completed,Digital Wallet,1.01
O0069577,C027519,2025-06-17,Pickup,S004,Completed,Credit Card,0.0
O0069592,C000853,2025-06-17,Online,,Completed,Credit Card,9.96
O0069596,C016660,2025-06-17,Online,,Completed,Credit Card,0.96
O0069633,C010084,2025-06-18,Online,,Completed,Digital Wallet,3.75
O0069635,C028698,2025-06-18,Store,S009,Completed,Credit Card,0.0
O0069637,C023851,2025-06-18,Online,,Completed,Debit Card,2.85
O0069638,C017231,2025-06-18,Store,S001,Completed,Credit Card,0.0
O0069643,C009812,2025-06-18,Online,,Completed,Credit Card,5.94
O0069645,C007279,2025-06-18,Pickup,S011,Completed,Debit Card,0.0
O0069656,C017547,2025-06-18,Online,,Completed,Credit Card,3.96
O0069657,C005689,2025-06-18,Online,,Completed,Debit Card,2.71
O0069659,C011490,2025-06-18,Pickup,S002,Completed,Debit Card,0.0
O0069669,C013545,2025-06-18,Store,S009,Completed,Gift Card,0.0
O0069670,C003691,2025-06-18,Online,,Returned,Digital Wallet,11.17
O0069675,C029495,2025-06-18,Store,S010,Completed,Debit Card,0.0
O0069677,C006351,2025-06-18,Pickup,S005,Completed,Digital Wallet,0.0
O0069682,C021047,2025-06-19,Store,S003,Completed,Digital Wallet,0.0
O0069683,C010513,2025-06-19,Online,,Returned,Credit Card,8.23
O0069684,C022754,2025-06-19,Online,,Completed,Digital Wallet,14.33
O0069686,C010236,2025-06-19,Online,,Completed,Credit Card,8.7
O0069698,C026608,2025-06-19,Online,,Completed,Credit Card,18.05
O0069709,C025456,2025-06-19,Pickup,S008,Completed,Credit Card,0.0
O0069711,C027157,2025-06-19,Online,,Completed,Debit Card,0.69
O0069726,C011195,2025-06-19,Store,S015,Cancelled,Credit Card,0.0
O0069732,C005854,2025-06-19,Pickup,S004,Completed,Credit Card,0.0
O0069733,C002618,2025-06-19,Store,S008,Completed,Credit Card,0.0
O0069740,C027944,2025-06-19,Store,S014,Cancelled,Digital Wallet,0.0
O0069741,C017891,2025-06-19,Pickup,S002,Completed,Credit Card,0.0
O0069750,C016996,2025-06-19,Online,,Completed,Debit Card,3.57
O0069755,C010013,2025-06-19,Online,,Completed,Credit Card,6.88
O0069759,C022124,2025-06-20,Online,,Completed,Credit Card,2.66
O0069772,C016852,2025-06-20,Online,,Completed,Debit Card,8.39
O0069773,C020085,2025-06-20,Store,S003,Completed,Credit Card,0.0
O0069777,C007256,2025-06-20,Store,S005,Completed,Credit Card,0.0
O0069797,C012574,2025-06-20,Online,,Completed,Debit Card,6.31
O0069815,C014539,2025-06-20,Store,S002,Completed,Credit Card,0.0
O0069818,C003483,2025-06-20,Online,,Completed,Credit Card,7.45
O0069819,C003593,2025-06-20,Online,,Completed,Digital Wallet,5.01
O0069827,C027835,2025-06-20,Online,,Completed,Credit Card,3.03
O0069829,C016636,2025-06-20,Online,,Completed,Debit Card,10.57
O0069831,C022754,2025-06-20,Store,S007,Completed,Credit Card,0.0
O0069844,C022993,2025-06-21,Store,S010,Completed,Digital Wallet,0.0
O0069858,C027086,2025-06-21,Store,S010,Completed,Credit Card,0.0
O0069862,C004283,2025-06-21,Store,S009,Completed,Credit Card,0.0
O0069866,C022200,2025-06-21,Online,,Completed,Credit Card,12.08
O0069870,C010300,2025-06-21,Store,S010,Completed,Credit Card,0.0
O0069872,C015956,2025-06-21,Online,,Completed,Credit Card,6.92
O0069882,C011263,2025-06-21,Store,S013,Completed,Credit Card,0.0
O0069897,C015394,2025-06-21,Pickup,S006,Completed,Credit Card,0.0
O0069914,C007894,2025-06-21,Online,,Returned,Credit Card,5.37
O0069916,C008296,2025-06-21,Store,S016,Completed,Digital Wallet,0.0
O0069918,C008320,2025-06-21,Online,,Completed,Debit Card,5.53
O0069920,C025992,2025-06-21,Online,,Completed,Credit Card,9.02
O0069928,C008958,2025-06-21,Store,S004,Completed,Credit Card,0.0
O0069946,C029967,2025-06-22,Online,,Cancelled,Credit Card,4.13
O0069960,C016008,2025-06-22,Pickup,S002,Completed,Debit Card,0.0
O0069965,C009673,2025-06-22,Store,S001,Completed,Credit Card,0.0
O0069971,C008677,2025-06-22,Store,S003,Completed,Credit Card,0.0
O0069986,C021144,2025-06-22,Online,,Completed,Credit Card,8.57
O0069989,C028780,2025-06-22,Online,,Returned,Debit Card,4.63
O0069996,C022799,2025-06-22,Store,S015,Completed,Credit Card,0.0
O0069997,C028295,2025-06-22,Online,,Completed,Credit Card,2.36
O0070001,C009792,2025-06-22,Online,,Completed,Credit Card,7.1
O0070002,C028598,2025-06-22,Online,,Cancelled,Credit Card,2.44
O0070006,C026223,2025-06-22,Online,,Completed,Debit Card,3.52
O0070012,C011417,2025-06-22,Online,,Completed,Debit Card,5.0
O0070013,C011789,2025-06-22,Pickup,S013,Returned,Debit Card,0.0
O0070018,C025144,2025-06-22,Online,,Completed,Debit Card,1.44
O0070022,C015948,2025-06-22,Online,,Completed,Digital Wallet,2.12
O0070027,C019279,2025-06-22,Store,S008,Completed,Debit Card,0.0
O0070032,C005672,2025-06-23,Store,S010,Completed,Digital Wallet,0.0
O0070039,C001407,2025-06-23,Store,S010,Completed,Credit Card,0.0
O0070048,C001772,2025-06-23,Online,,Completed,Credit Card,4.91
O0070056,C012706,2025-06-23,Store,S005,Completed,Credit Card,0.0
O0070059,C018218,2025-06-23,Store,S005,Completed,Credit Card,0.0
O0070063,C020169,2025-06-23,Pickup,S013,Returned,Debit Card,0.0
O0070068,C003078,2025-06-23,Pickup,S016,Completed,Credit Card,0.0
O0070076,C020628,2025-06-23,Store,S007,Completed,Debit Card,0.0
O0070081,C002465,2025-06-23,Online,,Returned,Digital Wallet,2.48
O0070099,C018549,2025-06-23,Online,,Completed,Debit Card,2.04
O0070109,C007199,2025-06-23,Store,S010,Cancelled,Debit Card,0.0
O0070114,C013627,2025-06-23,Online,,Completed,Digital Wallet,4.3
O0070116,C011498,2025-06-23,Pickup,S005,Completed,Debit Card,0.0
O0070117,C008980,2025-06-24,Store,S005,Completed,Credit Card,0.0
O0070129,C026298,2025-06-24,Online,,Completed,Credit Card,2.27
O0070139,C006393,2025-06-24,Store,S008,Returned,Debit Card,0.0
O0070141,C006434,2025-06-24,Store,S011,Completed,Digital Wallet,0.0
O0070147,C013562,2025-06-24,Online,,Returned,Credit Card,0.4
O0070153,C025173,2025-06-24,Store,S006,Cancelled,Debit Card,0.0
O0070155,C020521,2025-06-24,Online,,Completed,Credit Card,9.47
O0070163,C025554,2025-06-24,Online,,Completed,Debit Card,12.56
O0070165,C011583,2025-06-24,Pickup,S005,Completed,Gift Card,0.0
O0070186,C028607,2025-06-24,Store,S004,Completed,Digital Wallet,0.0
O0070197,C013843,2025-06-25,Pickup,S003,Completed,Debit Card,0.0
O0070235,C013686,2025-06-25,Online,,Returned,Debit Card,7.45
O0070243,C018789,2025-06-25,Online,,Completed,Credit Card,3.22
O0070245,C025515,2025-06-25,Online,,Completed,Digital Wallet,14.13
O0070255,C010782,2025-06-25,Online,,Completed,Debit Card,4.82
O0070261,C011357,2025-06-25,Store,S008,Completed,Credit Card,0.0
O0070264,C008923,2025-06-25,Store,S009,Completed,Debit Card,0.0
O0070272,C021164,2025-06-26,Online,,Completed,Credit Card,9.71
O0070302,C006825,2025-06-26,Online,,Completed,Debit Card,13.92
O0070352,C024419,2025-06-27,Online,,Completed,Digital Wallet,5.86
O0070359,C000742,2025-06-27,Online,,Completed,Credit Card,11.79
O0070364,C006120,2025-06-27,Store,S001,Completed,Digital Wallet,0.0
O0070373,C005253,2025-06-27,Pickup,S009,Completed,Digital Wallet,0.0
O0070386,C027388,2025-06-27,Pickup,S005,Completed,Debit Card,0.0
O0070390,C005728,2025-06-27,Store,S007,Completed,Debit Card,0.0
O0070395,C010970,2025-06-27,Store,S004,Completed,Digital Wallet,0.0
O0070397,C011437,2025-06-27,Online,,Completed,Digital Wallet,2.64
O0070402,C009162,2025-06-27,Online,,Completed,Credit Card,8.11
O0070408,C014726,2025-06-27,Online,,Completed,Credit Card,2.18
O0070412,C023767,2025-06-28,Store,S016,Completed,Digital Wallet,0.0
O0070413,C006523,2025-06-28,Online,,Completed,Credit Card,11.62
O0070416,C007919,2025-06-28,Online,,Completed,Credit Card,4.91
O0070430,C009117,2025-06-28,Online,,Completed,Gift Card,19.37
O0070432,C005200,2025-06-28,Pickup,S009,Completed,Digital Wallet,0.0
O0070461,C003395,2025-06-28,Online,,Completed,Debit Card,4.68
O0070478,C024310,2025-06-28,Online,,Completed,Credit Card,9.59
O0070480,C022337,2025-06-28,Store,S004,Completed,Credit Card,0.0
O0070483,C010414,2025-06-28,Store,S016,Completed,Credit Card,0.0
O0070515,C004581,2025-06-29,Store,S004,Completed,Digital Wallet,0.0
O0070521,C008091,2025-06-29,Online,,Completed,Credit Card,2.21
O0070525,C010445,2025-06-29,Store,S005,Completed,Credit Card,0.0
O0070549,C006621,2025-06-29,Pickup,S010,Completed,Digital Wallet,0.0
O0070552,C010599,2025-06-29,Store,S006,Completed,Credit Card,0.0
O0070556,C015282,2025-06-29,Online,,Completed,Credit Card,13.08
O0070565,C002719,2025-06-29,Online,,Completed,Debit Card,1.09
O0070568,C014286,2025-06-29,Store,S013,Completed,Debit Card,0.0
O0070573,C022256,2025-06-29,Online,,Completed,Credit Card,6.75
O0070578,C024513,2025-06-29,Online,,Completed,Debit Card,3.55
O0070585,C018598,2025-06-29,Pickup,S004,Completed,Credit Card,0.0
O0070592,C006581,2025-06-30,Pickup,S016,Returned,Gift Card,0.0
O0070598,C018131,2025-06-30,Store,S008,Returned,Credit Card,0.0
O0070602,C008154,2025-06-30,Online,,Completed,Digital Wallet,0.83
O0070604,C014718,2025-06-30,Online,,Completed,Credit Card,3.67
O0070606,C011492,2025-06-30,Pickup,S005,Completed,Credit Card,0.0
O0070608,C022810,2025-06-30,Online,,Completed,Digital Wallet,1.52
O0070609,C029613,2025-06-30,Online,,Completed,Digital Wallet,6.73
O0070612,C022109,2025-06-30,Online,,Completed,Debit Card,4.04
O0070618,C010644,2025-06-30,Online,,Completed,Credit Card,4.83
O0070634,C022749,2025-06-30,Store,S015,Completed,Credit Card,0.0
O0070645,C008014,2025-06-30,Online,,Completed,Digital Wallet,11.67
O0070649,C019437,2025-06-30,Store,S003,Completed,Digital Wallet,0.0
O0070652,C018613,2025-06-30,Online,,CANCELLED,Digital Wallet,5.78
O0070657,C019807,2025-07-01,Online,,Completed,Digital Wallet,4.34
O0070661,C026120,2025-07-01,Store,S001,Completed,Credit Card,0.0
O0070677,C012424,2025-07-01,Pickup,S013,Completed,Credit Card,0.0
O0070681,C012288,2025-07-01,Store,S011,Completed,Debit Card,0.0
O0070682,C004345,2025-07-01,Store,S001,Completed,Credit Card,0.0
O0070705,C000502,2025-07-01,Store,S015,Completed,Credit Card,0.0
O0070709,C025496,2025-07-01,Online,,Completed,Debit Card,4.43
O0070717,C026223,2025-07-01,Store,S016,Completed,Digital Wallet,0.0
O0070725,C028194,2025-07-02,Online,,Completed,Debit Card,6.01
O0070730,C020722,2025-07-02,Online,,Completed,Debit Card,9.16
O0070732,C020433,2025-07-02,Online,,Completed,Digital Wallet,1.29
O0070757,C007901,2025-07-02,Online,,Completed,Gift Card,4.0
O0070768,C004149,2025-07-02,Online,,Completed,Digital Wallet,9.54
O0070787,C006509,2025-07-02,Store,S008,Completed,Credit Card,0.0
O0070802,C013109,2025-07-03,Store,S013,Completed,Digital Wallet,0.0
O0070803,C024723,2025-07-03,Online,,Completed,Debit Card,8.47
O0070816,C025559,2025-07-03,Online,,Completed,Credit Card,2.55
O0070824,C000867,2025-07-03,Online,,Completed,Gift Card,5.52
O0070833,C022799,2025-07-03,Online,,Cancelled,Credit Card,4.25
O0070838,C001340,2025-07-03,Online,,Completed,Gift Card,2.82
O0070842,C011506,2025-07-03,Online,,Completed,Digital Wallet,7.79
O0070856,C011225,2025-07-03,Store,S012,Completed,Digital Wallet,0.0
O0070860,C019607,2025-07-03,Pickup,S006,Completed,Credit Card,0.0
O0070863,C020606,2025-07-03,Online,,Completed,Debit Card,6.34
O0070867,C026118,2025-07-03,Store,S011,Completed,Debit Card,0.0
O0070872,C029769,2025-07-03,Online,,Completed,Digital Wallet,2.15
O0070884,C006245,2025-07-04,Store,S016,Completed,Digital Wallet,0.0
O0070889,C014760,2025-07-04,Store,S007,Completed,Credit Card,0.0
O0070898,C006827,2025-07-04,Pickup,S005,Completed,Gift Card,0.0
O0070899,C009562,2025-07-04,Online,,Completed,Credit Card,6.42
O0070902,C026088,2025-07-04,Online,,Completed,Credit Card,5.95
O0070922,C021996,2025-07-04,Store,S007,Completed,Digital Wallet,0.0
O0070938,C005672,2025-07-04,Online,,Completed,Credit Card,6.59
O0070953,C007894,2025-07-04,Store,S002,Completed,Digital Wallet,0.0
O0070955,C024787,2025-07-05,Online,,Completed,Digital Wallet,4.96
O0070973,C022198,2025-07-05,Online,,Completed,Credit Card,4.07
O0070991,C024513,2025-07-05,Online,,Completed,Digital Wallet,19.36
O0070992,C001835,2025-07-05,Pickup,S006,Completed,Credit Card,0.0
O0070998,C020641,2025-07-05,Pickup,S012,Completed,Credit Card,0.0
O0071006,C028663,2025-07-05,Online,,Completed,Gift Card,2.71
O0071011,C003054,2025-07-05,Online,,Completed,Credit Card,9.43
O0071040,C001759,2025-07-05,Store,S011,Completed,Digital Wallet,0.0
O0071063,C024576,2025-07-06,Online,,Completed,Digital Wallet,4.84
O0071074,C013627,2025-07-06,Online,,Completed,Credit Card,6.73
O0071077,C023209,2025-07-06,Online,,Completed,Digital Wallet,2.92
O0071081,C017920,2025-07-06,Store,S006,Completed,Debit Card,0.0
O0071083,C027157,2025-07-06,Online,,Completed,Credit Card,11.23
O0071101,C005976,2025-07-06,Online,,Completed,Debit Card,7.69
O0071103,C013721,2025-07-06,Store,S005,Returned,Debit Card,0.0
O0071126,C011718,2025-07-06,Store,S012,Completed,Credit Card,0.0
O0071131,C028469,2025-07-06,Online,,Returned,Credit Card,3.34
O0071149,C026398,2025-07-07,Pickup,S011,Completed,Credit Card,0.0
O0071168,C017804,2025-07-07,Store,S014,Completed,Credit Card,0.0
O0071173,C014958,2025-07-07,Store,S010,Completed,Credit Card,0.0
O0071196,C004844,2025-07-07,Store,S015,Completed,Debit Card,0.0
O0071197,C011223,2025-07-07,Pickup,S011,Completed,Credit Card,0.0
O0071202,C006770,2025-07-07,Store,S010,Returned,Credit Card,0.0
O0071204,C027801,2025-07-07,Online,,Completed,Digital Wallet,9.52
O0071209,C012134,2025-07-08,Store,S013,Completed,Credit Card,0.0
O0071213,C020062,2025-07-08,Store,S014,Completed,Credit Card,0.0
O0071215,C000211,2025-07-08,Online,,Completed,Credit Card,11.19
O0071239,C015362,2025-07-08,Pickup,S001,Completed,Credit Card,0.0
O0071240,C024541,2025-07-08,Online,,Completed,Credit Card,2.22
O0071245,C023184,2025-07-08,Online,,Completed,Digital Wallet,15.59
O0071283,C017914,2025-07-08,Online,,Completed,Debit Card,4.95
O0071288,C028485,2025-07-08,Store,S010,Completed,Digital Wallet,0.0
O0071293,C029996,2025-07-09,Online,,Completed,Credit Card,9.24
O0071304,C021367,2025-07-09,Online,,Completed,Gift Card,6.13
O0071309,C010218,2025-07-09,Store,S005,Completed,Credit Card,0.0
O0071312,C016127,2025-07-09,Online,,Completed,Debit Card,15.65
O0071313,C016223,2025-07-09,Online,,Completed,Debit Card,6.26
O0071332,C025419,2025-07-09,Online,,Completed,Digital Wallet,8.74
O0071334,C010573,2025-07-09,Online,,Completed,Debit Card,5.67
O0071369,C024532,2025-07-09,Pickup,S011,Completed,Credit Card,0.0
O0071378,C008590,2025-07-10,Store,S005,Returned,Credit Card,0.0
O0071392,C027182,2025-07-10,Online,,Returned,Credit Card,1.28
O0071395,C020295,2025-07-10,Pickup,S006,Completed,Credit Card,0.0
O0071400,C002241,2025-07-10,Online,,Completed,Digital Wallet,1.05
O0071401,C001331,2025-07-10,Online,,Completed,Digital Wallet,11.54
O0071402,C020530,2025-07-10,Pickup,S001,Completed,Debit Card,0.0
O0071404,C016486,2025-07-10,Online,,Completed,Digital Wallet,10.03
O0071411,C023664,2025-07-10,Store,S011,Completed,Credit Card,0.0
O0071412,C007937,2025-07-10,Pickup,S001,Completed,Debit Card,0.0
O0071423,C017310,2025-07-10,Store,S003,Completed,Credit Card,0.0
O0071424,C023672,2025-07-10,Store,S003,Completed,Credit Card,0.0
O0071430,C000748,2025-07-10,Online,,Cancelled,Digital Wallet,2.25
O0071449,C008762,2025-07-10,Store,S014,Completed,Credit Card,0.0
O0071450,C024356,2025-07-10,Store,S003,Completed,Gift Card,0.0
O0071457,C011616,2025-07-11,Store,S011,Completed,Digital Wallet,0.0
O0071460,C025998,2025-07-11,Store,S013,Completed,Credit Card,0.0
O0071464,C028967,2025-07-11,Online,,Completed,Credit Card,9.68
O0071470,C026848,2025-07-11,Store,S006,Cancelled,Credit Card,0.0
O0071477,C000507,2025-07-11,Store,S011,Completed,Credit Card,0.0
O0071484,C019760,2025-07-11,Pickup,S007,Completed,Credit Card,0.0
O0071486,C016704,2025-07-11,Store,S012,Completed,Digital Wallet,0.0
O0071492,C014338,2025-07-11,Store,S005,Completed,Credit Card,0.0
O0071501,C005349,2025-07-11,Store,S009,Completed,Debit Card,0.0
O0071508,C013156,2025-07-11,Store,S009,Completed,Credit Card,0.0
O0071509,C026931,2025-07-11,Online,,Completed,Credit Card,10.66
O0071510,C025100,2025-07-11,Store,S008,Completed,Credit Card,0.0
O0071513,C012770,2025-07-11,Store,S008,Completed,Debit Card,0.0
O0071521,C011128,2025-07-11,Online,,Completed,Credit Card,0.8
O0071523,C003387,2025-07-11,Online,,Completed,Credit Card,5.38
O0071535,C029742,2025-07-12,Pickup,S010,Completed,Credit Card,0.0
O0071543,C021667,2025-07-12,Store,S016,Completed,Digital Wallet,0.0
O0071551,C014249,2025-07-12,Store,S011,Completed,Credit Card,0.0
O0071556,C023424,2025-07-12,Online,,Completed,Gift Card,6.74
O0071559,C005861,2025-07-12,Store,S015,Completed,Digital Wallet,0.0
O0071560,C020339,2025-07-12,Pickup,S010,Completed,Credit Card,0.0
O0071573,C021045,2025-07-12,Store,S016,Completed,Debit Card,0.0
O0071574,C024075,2025-07-12,Store,S005,Completed,Credit Card,0.0
O0071597,C023163,2025-07-12,Online,,Completed,Digital Wallet,29.46
O0071604,C021515,2025-07-12,Online,,Completed,Credit Card,5.24
O0071623,C028837,2025-07-13,Online,,Completed,Digital Wallet,5.58
O0071638,C022940,2025-07-13,Online,,Completed,Debit Card,7.13
O0071655,C001389,2025-07-13,Online,,Completed,Credit Card,6.74
O0071682,C007709,2025-07-13,Online,,Completed,Debit Card,1.36
O0071684,C028268,2025-07-13,Store,S007,Completed,Credit Card,0.0
O0071730,C020279,2025-07-14,Online,,Completed,Debit Card,3.66
O0071733,C029543,2025-07-14,Store,S009,Completed,Digital Wallet,0.0
O0071740,C024017,2025-07-14,Online,,Completed,Credit Card,8.64
O0071745,C017384,2025-07-14,Pickup,S010,Completed,Digital Wallet,0.0
O0071747,C024938,2025-07-14,Store,S011,Completed,Credit Card,0.0
O0071748,C019805,2025-07-14,Online,,Completed,Credit Card,3.1
O0071767,C024484,2025-07-14,Store,S010,Completed,Debit Card,0.0
O0071770,C006539,2025-07-14,Store,S014,Completed,Digital Wallet,0.0
O0071771,C011277,2025-07-14,Store,S006,Completed,Credit Card,0.0
O0071775,C009527,2025-07-14,Pickup,S007,Completed,Debit Card,0.0
O0071785,C011770,2025-07-15,Online,,Completed,Debit Card,10.7
O0071788,C023731,2025-07-15,Online,,Completed,Debit Card,5.11
O0071801,C026904,2025-07-15,Online,,Completed,Credit Card,5.51
O0071817,C000960,2025-07-15,Online,,Completed,Credit Card,9.72
O0071822,C000122,2025-07-15,Online,,Completed,Digital Wallet,6.05
O0071835,C023863,2025-07-15,Store,S006,Completed,Debit Card,0.0
O0071849,C003526,2025-07-15,Store,S014,Completed,Credit Card,0.0
O0071861,C006509,2025-07-15,Online,,Completed,Digital Wallet,0.65
O0071889,C018791,2025-07-16,Online,,Completed,Debit Card,3.22
O0071890,C014958,2025-07-16,Online,,Completed,Debit Card,11.88
O0071898,C000324,2025-07-16,Store,S011,Completed,Credit Card,0.0
O0071904,C029697,2025-07-16,Online,,Completed,Debit Card,6.75
O0071909,C002276,2025-07-16,Online,,Completed,Credit Card,5.15
O0071910,C015913,2025-07-16,Online,,Completed,Credit Card,0.34
O0071912,C007043,2025-07-16,Store,S004,Completed,Debit Card,0.0
O0071938,C016766,2025-07-17,Online,,Completed,Gift Card,1.79
O0071943,C018973,2025-07-17,Store,S011,Completed,Digital Wallet,0.0
O0071950,C006905,2025-07-17,Pickup,S015,Completed,Debit Card,0.0
O0071951,C010009,2025-07-17,Store,S003,Completed,Credit Card,0.0
O0071955,C024376,2025-07-17,Store,S003,Completed,Digital Wallet,0.0
O0071962,C009332,2025-07-17,Online,,Completed,Credit Card,7.89
O0071970,C013251,2025-07-17,Store,S013,Completed,Credit Card,0.0
O0071972,C014576,2025-07-17,Store,S011,Completed,Credit Card,0.0
O0071976,C012394,2025-07-17,Store,S005,Completed,Credit Card,0.0
O0071985,C006441,2025-07-17,Online,,Completed,Credit Card,1.54
O0071987,C024938,2025-07-17,Online,,Completed,Credit Card,20.62
O0071994,C004795,2025-07-17,Pickup,S006,Completed,Digital Wallet,0.0
O0071995,C016334,2025-07-17,Store,S005,Completed,Gift Card,0.0
O0071999,C021944,2025-07-17,Online,,Completed,Digital Wallet,6.45
O0072020,C020890,2025-07-17,Online,,Completed,Credit Card,7.43
O0072027,C010014,2025-07-18,Store,S016,Completed,Credit Card,0.0
O0072029,C011975,2025-07-18,Online,,Completed,Credit Card,6.24
O0072037,C021150,2025-07-18,Online,,Completed,Credit Card,16.09
O0072041,C000486,2025-07-18,Store,S011,Completed,Gift Card,0.0
O0072046,C019417,2025-07-18,Store,S011,Completed,Credit Card,0.0
O0072059,C001119,2025-07-18,Store,S009,Completed,Debit Card,0.0
O0072086,C020870,2025-07-18,Online,,Completed,Debit Card,3.06
O0072090,C027157,2025-07-18,Online,,Completed,Credit Card,6.83
O0072114,C004406,2025-07-19,Online,,Completed,Debit Card,7.63
O0072118,C008157,2025-07-19,Online,,Completed,Credit Card,9.89
O0072120,C021047,2025-07-19,Pickup,S002,Completed,Credit Card,0.0
O0072138,C007050,2025-07-19,Online,,Completed,Credit Card,4.36
O0072143,C019886,2025-07-19,Pickup,S008,Completed,Credit Card,0.0
O0072148,C022675,2025-07-19,Pickup,S001,Completed,Credit Card,0.0
O0072154,C010020,2025-07-19,Online,,Completed,Credit Card,7.14
O0072166,C025638,2025-07-19,Store,S007,Returned,Digital Wallet,0.0
O0072167,C029119,2025-07-19,Online,,Completed,Digital Wallet,8.59
O0072169,C020274,2025-07-19,Pickup,S007,Completed,Digital Wallet,0.0
O0072174,C010329,2025-07-19,Online,,Completed,Credit Card,11.74
O0072175,C010657,2025-07-19,Store,S015,Completed,Gift Card,0.0
O0072187,C008674,2025-07-20,Store,S002,Completed,Credit Card,0.0
O0072188,C006479,2025-07-20,Pickup,S014,Completed,Digital Wallet,0.0
O0072201,C008926,2025-07-20,Online,,Completed,Debit Card,3.16
O0072217,C012260,2025-07-20,Online,,Completed,Digital Wallet,6.18
O0072219,C009100,2025-07-20,Store,S013,Completed,Gift Card,0.0
O0072230,C003814,2025-07-20,Store,S006,Completed,Credit Card,0.0
O0072231,C021580,2025-07-20,Online,,Completed,Gift Card,8.4
O0072236,C009200,2025-07-20,Online,,Completed,Debit Card,11.63
O0072241,C023833,2025-07-20,Online,,Completed,Credit Card,1.8
O0072278,C005876,2025-07-21,Pickup,S004,Completed,Digital Wallet,0.0
O0072289,C014249,2025-07-21,Online,,Completed,Debit Card,5.2
O0072306,C025821,2025-07-21,Online,,Returned,Credit Card,15.89
O0072316,C015786,2025-07-21,Online,,Completed,Digital Wallet,18.52
O0072321,C020654,2025-07-21,Online,,Completed,Credit Card,4.37
O0072329,C021310,2025-07-21,Online,,Completed,Credit Card,2.88
O0072337,C027205,2025-07-21,Pickup,S013,Completed,Digital Wallet,0.0
O0072351,C012155,2025-07-22,Store,S003,Completed,Digital Wallet,0.0
O0072370,C019932,2025-07-22,Online,,Completed,Digital Wallet,8.32
O0072375,C005046,2025-07-22,Online,,Completed,Credit Card,9.9
O0072401,C015063,2025-07-22,Store,S006,Completed,Digital Wallet,0.0
O0072407,C018364,2025-07-22,Online,,Returned,Credit Card,3.08
O0072409,C023813,2025-07-22,Online,,Completed,Credit Card,1.69
O0072410,C025412,2025-07-22,Online,,Completed,Digital Wallet,3.89
O0072432,C025176,2025-07-23,Online,,Completed,Debit Card,6.34
O0072440,C017482,2025-07-23,Online,,Completed,Credit Card,3.85
O0072465,C014338,2025-07-23,Store,S006,Completed,Digital Wallet,0.0
O0072479,C028319,2025-07-23,Online,,Completed,Credit Card,3.38
O0072491,C006529,2025-07-23,Store,S013,Completed,Debit Card,0.0
O0072495,C001669,2025-07-23,Online,,Completed,Gift Card,3.33
O0072496,C001669,2025-07-23,Pickup,S015, complete ,Debit Card,0.0
O0072498,C004773,2025-07-23,Online,,Completed,Digital Wallet,9.51
O0072499,C020234,2025-07-24,Online,,Completed,Gift Card,1.42
O0072501,C011718,2025-07-24,Online,,Completed,Debit Card,1.53
O0072506,C016994,2025-07-24,Pickup,S012,Completed,Credit Card,0.0
O0072509,C005347,2025-07-24,Store,S007,Completed,Digital Wallet,0.0
O0072525,C008705,2025-07-24,Online,,Completed,Digital Wallet,6.67
O0072536,C011161,2025-07-24,Online,,Completed,Credit Card,1.28
O0072550,C006479,2025-07-24,Online,,Completed,Debit Card,6.83
O0072552,C029874,2025-07-24,Online,,Completed,Debit Card,5.62
O0072554,C002877,2025-07-24,Online,,Completed,Debit Card,16.4
O0072561,C019907,2025-07-24,Store,S001,Completed,Credit Card,0.0
O0072565,C020301,2025-07-24,Store,S009,Completed,Debit Card,0.0
O0072567,C009214,2025-07-24,Online,,Completed,Credit Card,5.04
O0072568,C022578,2025-07-24,Online,,Completed,Credit Card,5.01
O0072573,C020339,2025-07-24,Online,,Completed,Digital Wallet,5.31
O0072588,C002981,2025-07-25,Online,,Returned,Credit Card,14.3
O0072591,C006187,2025-07-25,Store,S011,Completed,Debit Card,0.0
O0072594,C025507,2025-07-25,Online,,Completed,Credit Card,0.76
O0072598,C008215,2025-07-25,Pickup,S007,Cancelled,Debit Card,0.0
O0072600,C009873,2025-07-25,Online,,Completed,Credit Card,2.72
O0072609,C017384,2025-07-25,Store,S012,Completed,Debit Card,0.0
O0072612,C010128,2025-07-25,Store,S007,Completed,Credit Card,0.0
O0072620,C027775,2025-07-25,Store,S005,Completed,Debit Card,0.0
O0072621,C016116,2025-07-25,Online,,Completed,Debit Card,5.18
O0072623,C028702,2025-07-25,Online,,Completed,Digital Wallet,11.65
O0072624,C016443,2025-07-25,Store,S013,Completed,Gift Card,0.0
O0072633,C013985,2025-07-25,Online,,Completed,Credit Card,2.6
O0072635,C005428,2025-07-25,Online,,Returned,Credit Card,2.93
O0072651,C023481,2025-07-25,Online,,Completed,Debit Card,5.58
O0072654,C015615,2025-07-25,Store,S015,Completed,Credit Card,0.0
O0072672,C004081,2025-07-26,Online,,Completed,Debit Card,11.38
O0072673,C009059,2025-07-26,Store,S001,Completed,Debit Card,0.0
O0072676,C004703,2025-07-26,Online,,Completed,Credit Card,2.44
O0072677,C029753,2025-07-26,Online,,Completed,Debit Card,14.3
O0072687,C011579,2025-07-26,Store,S012,Completed,Credit Card,0.0
O0072700,C019280,2025-07-26,Online,,Completed,Gift Card,5.12
O0072715,C013639,2025-07-26,Online,,Completed,Digital Wallet,3.58
O0072722,C006434,2025-07-26,Online,,Completed,Digital Wallet,15.22
O0072723,C018341,2025-07-26,Online,,Completed,Credit Card,5.03
O0072758,C010040,2025-07-27,Online,,Completed,Credit Card,9.91
O0072768,C027316,2025-07-27,Pickup,S016,Completed,Credit Card,0.0
O0072775,C005116,2025-07-27,Online,,Completed,Credit Card,4.91
O0072780,C009170,2025-07-27,Pickup,S004,Completed,Gift Card,0.0
O0072781,C020147,2025-07-27,Online,,Completed,Debit Card,6.26
O0072794,C017554,2025-07-27,Online,,Completed,Credit Card,3.21
O0072812,C016587,2025-07-27,Store,S013,Completed,Credit Card,0.0
O0072819,C004255,2025-07-28,Store,S004,Returned,Credit Card,0.0
O0072825,C012284,2025-07-28,Store,S014,Completed,Debit Card,0.0
O0072831,C013621,2025-07-28,Store,S012,Completed,Digital Wallet,0.0
O0072839,C028302,2025-07-28,Online,,Completed,Debit Card,3.92
O0072844,C019081,2025-07-28,Pickup,S015,Completed,Credit Card,0.0
O0072854,C007496,2025-07-28,Store,S006,Completed,Debit Card,0.0
O0072859,C009943,2025-07-28,Online,,Completed,Debit Card,4.07
O0072895,C014650,2025-07-29,Online,,Completed,Digital Wallet,3.27
O0072907,C027792,2025-07-29,Online,,Completed,Digital Wallet,10.11
O0072908,C010715,2025-07-29,Online,,Completed,Credit Card,2.46
O0072909,C004236,2025-07-29,Store,S001,Completed,Credit Card,0.0
O0072911,C002321,2025-07-29,Online,,Returned,Credit Card,3.93
O0072917,C005658,2025-07-29,Pickup,S011,Completed,Debit Card,0.0
O0072919,C016994,2025-07-29,Online,,Completed,Digital Wallet,6.84
O0072926,C009792,2025-07-29,Online,,Completed,Credit Card,5.21
O0072929,C021020,2025-07-29,Online,,Completed,Credit Card,1.4
O0072934,C003116,2025-07-29,Online,,Completed,Debit Card,13.35
O0072942,C023786,2025-07-29,Store,S012,Completed,Credit Card,0.0
O0072946,C027597,2025-07-29,Online,,Completed,Credit Card,7.29
O0072949,C022915,2025-07-29,Online,,Completed,Credit Card,2.29
O0072951,C026900,2025-07-29,Online,,Completed,Digital Wallet,7.15
O0072954,C012125,2025-07-29,Online,,Completed,Credit Card,4.71
O0072958,C022069,2025-07-29,Store,S005,Completed,Credit Card,0.0
O0072969,C029695,2025-07-29,Store,S012,Completed,Credit Card,0.0
O0072971,C029012,2025-07-29,Store,S009,Completed,Credit Card,0.0
O0072973,C013049,2025-07-29,Store,S016,Completed,Debit Card,0.0
O0072975,C004348,2025-07-29,Online,,Completed,Credit Card,3.36
O0072982,C015853,2025-07-30,Online,,Completed,Credit Card,16.19
O0072987,C006393,2025-07-30,Online,,Completed,Debit Card,10.22
O0072989,C014726,2025-07-30,Store,S015,Returned,Credit Card,0.0
O0073003,C003779,2025-07-30,Online,,Cancelled,Debit Card,1.46
O0073011,C006238,2025-07-30,Online,,Completed,Credit Card,7.24
O0073015,C014977,2025-07-30,Online,,Completed,Debit Card,15.14
O0073016,C009556,2025-07-30,Online,,Completed,Debit Card,2.54
O0073019,C010106,2025-07-30,Pickup,S013,Returned,Digital Wallet,0.0
O0073035,C009294,2025-07-30,Online,,Completed,Debit Card,1.24
O0073036,C029903,2025-07-30,Store,S002,Completed,Credit Card,0.0
O0073038,C015819,2025-07-30,Pickup,S015,Completed,Credit Card,0.0
O0073042,C021780,2025-07-31,Online,,Completed,Credit Card,14.19
O0073061,C005861,2025-07-31,Online,,Completed,Credit Card,8.42
O0073062,C018765,2025-07-31,Online,,Completed,Credit Card,2.52
O0073067,C003048,2025-07-31,Pickup,S005,Completed,Credit Card,0.0
O0073075,C020823,2025-07-31,Store,S015,Completed,Debit Card,0.0
O0073076,C024553,2025-07-31,Online,,Completed,Digital Wallet,6.94
O0073091,C008204,2025-07-31,Store,S013,Completed,Credit Card,0.0
O0073097,C004242,2025-07-31,Online,,Completed,Debit Card,14.66
O0073098,C012415,2025-07-31,Online,,Completed,Debit Card,8.29
O0073103,C014330,2025-07-31,Online,,Completed,Debit Card,0.56
O0073104,C024746,2025-07-31,Store,S014,Completed,Digital Wallet,0.0
O0073108,C015394,2025-07-31,Online,,Completed,Digital Wallet,3.39
O0073111,C005305,2025-07-31,Pickup,S014,Completed,Digital Wallet,0.0
O0073119,C022110,2025-07-31,Online,,Completed,Digital Wallet,13.06
O0073120,C007885,2025-07-31,Store,S009,Completed,Credit Card,0.0
O0073130,C015559,2025-08-01,Online,,Completed,Gift Card,8.53
O0073141,C029833,2025-08-01,Online,,Completed,Debit Card,1.62
O0073145,C025275,2025-08-01,Online,,Completed,Credit Card,1.8
O0073152,C027659,2025-08-01,Store,S004,Completed,Credit Card,0.0
O0073164,C005605,2025-08-01,Store,S007,Completed,Credit Card,0.0
O0073170,C011334,2025-08-01,Store,S016,Returned,Digital Wallet,0.0
O0073174,C029288,2025-08-01,Online,,Completed,Digital Wallet,6.05
O0073182,C000345,2025-08-01,Online,,Completed,Credit Card,2.26
O0073186,C026874,2025-08-01,Pickup,S007,Completed,Digital Wallet,0.0
O0073191,C022764,2025-08-02,Online,,Completed,Credit Card,7.3
O0073208,C025677,2025-08-02,Pickup,S016,Completed,Debit Card,0.0
O0073209,C028268,2025-08-02,Online,,Completed,Debit Card,6.16
O0073214,C010236,2025-08-02,Online,,Completed,Debit Card,11.03
O0073221,C005227,2025-08-02,Store,S010,Completed,Credit Card,0.0
O0073222,C014330,2025-08-02,Online,,Completed,Credit Card,13.13
O0073223,C008780,2025-08-02,Store,S006,Completed,Credit Card,0.0
O0073228,C015492,2025-08-02,Store,S012,Completed,Digital Wallet,0.0
O0073234,C004580,2025-08-02,Store,S002,Completed,Credit Card,0.0
O0073236,C019682,2025-08-02,Pickup,S012,Completed,Debit Card,0.0
O0073237,C004029,2025-08-02,Online,,Returned,Credit Card,4.94
O0073272,C006528,2025-08-03,Online,,Completed,Credit Card,6.73
O0073280,C027175,2025-08-03,Online,,Returned,Digital Wallet,2.45
O0073295,C000891,2025-08-03,Store,S002,Completed,Credit Card,0.0
O0073299,C013863,2025-08-03,Pickup,S013,Returned,Credit Card,0.0
O0073304,C017905,2025-08-03,Online,,Completed,Credit Card,20.67
O0073311,C010950,2025-08-03,Store,S006,Completed,Credit Card,0.0
O0073329,C001677,2025-08-03,Online,,Completed,Credit Card,5.0
O0073333,C007478,2025-08-03,Online,,Completed,Credit Card,3.16
O0073342,C019275,2025-08-03,Online,,Completed,Credit Card,9.07
O0073344,C023518,2025-08-03,Online,,Completed,Debit Card,3.41
O0073350,C026923,2025-08-03,Online,,Completed,Credit Card,3.48
O0073355,C007506,2025-08-03,Online,,Completed,Digital Wallet,0.81
O0073360,C023132,2025-08-04,Online,,Completed,Credit Card,2.61
O0073362,C013856,2025-08-04,Store,S008,Returned,Credit Card,0.0
O0073374,C019084,2025-08-04,Online,,Completed,Credit Card,2.58
O0073391,C014312,2025-08-04,Online,,Completed,Credit Card,5.91
O0073405,C029678,2025-08-04,Store,S010,Completed,Gift Card,0.0
O0073406,C022512,2025-08-04,Online,,Completed,Gift Card,3.1
O0073414,C028772,2025-08-04,Store,S005,Cancelled,Debit Card,0.0
O0073430,C010815,2025-08-05,Online,,Completed,Debit Card,5.21
O0073444,C014760,2025-08-05,Store,S008,Returned,Digital Wallet,0.0
O0073464,C000867,2025-08-05,Pickup,S016,Returned,Credit Card,0.0
O0073471,C000906,2025-08-05,Store,S011,Completed,Credit Card,0.0
O0073474,C021911,2025-08-05,Online,,Completed,Debit Card,5.14
O0073481,C018341,2025-08-05,Online,,Completed,Credit Card,6.19
O0073483,C029721,2025-08-05,Store,S006,Completed,Credit Card,0.0
O0073490,C000047,2025-08-05,Pickup,S010,Completed,Credit Card,0.0
O0073492,C010017,2025-08-05,Store,S007,Completed,Digital Wallet,0.0
O0073506,C023512,2025-08-05,Store,S013,Completed,Credit Card,0.0
O0073508,C021012,2025-08-05,Pickup,S016,Completed,Digital Wallet,0.0
O0073511,C014574,2025-08-06,Store,S003,Completed,Digital Wallet,0.0
O0073519,C013495,2025-08-06,Store,S005,Completed,Debit Card,0.0
O0073521,C026600,2025-08-06,Online,,Completed,Digital Wallet,13.95
O0073538,C027176,2025-08-06,Online,,Completed,Debit Card,15.67
O0073545,C006690,2025-08-06,Store,S007,Completed,Debit Card,0.0
O0073550,C015913,2025-08-06,Online,,Completed,Debit Card,17.54
O0073564,C012234,2025-08-06,Pickup,S014,Completed,Credit Card,0.0
O0073566,C020889,2025-08-06,Online,,Returned,Digital Wallet,8.2
O0073572,C005333,2025-08-06,Store,S014,Completed,Credit Card,0.0
O0073577,C028390,2025-08-06,Online,,Completed,Debit Card,2.02
O0073589,C027831,2025-08-07,Store,S012,Completed,Credit Card,0.0
O0073591,C004105,2025-08-07,Online,,Completed,Credit Card,2.02
O0073594,C016696,2025-08-07,Store,S008,Completed,Credit Card,0.0
O0073599,C017009,2025-08-07,Online,,Completed,Credit Card,8.08
O0073607,C002278,2025-08-07,Store,S003,Completed,Credit Card,0.0
O0073611,C025677,2025-08-07,Pickup,S014,Completed,Digital Wallet,0.0
O0073615,C004878,2025-08-07,Online,,Completed,Credit Card,4.43
O0073624,C019468,2025-08-07,Online,,Completed,Credit Card,7.73
O0073626,C009972,2025-08-07,Online,,Completed,Digital Wallet,4.05
O0073633,C004818,2025-08-07,Pickup,S015,Completed,Gift Card,0.0
O0073636,C013507,2025-08-07,Online,,Completed,Digital Wallet,1.25
O0073639,C003777,2025-08-07,Pickup,S001,Returned,Debit Card,0.0
O0073640,C024531,2025-08-07,Store,S009,Completed,Credit Card,0.0
O0073641,C023693,2025-08-07,Online,,Completed,Credit Card,8.13
O0073650,C006216,2025-08-07,Store,S016,Completed,Credit Card,0.0
O0073659,C002899,2025-08-07,Online,,Completed,Credit Card,5.49
O0073660,C008705,2025-08-07,Store,S010,Completed,Credit Card,0.0
O0073664,C007601,2025-08-07,Pickup,S014,Completed,Credit Card,0.0
O0073668,C008197,2025-08-07,Store,S003,Completed,Credit Card,0.0
O0073678,C011861,2025-08-07,Store,S016,Completed,Digital Wallet,0.0
O0073685,C024331,2025-08-07,Store,S012,Completed,Digital Wallet,0.0
O0073694,C003449,2025-08-08,Store,S005,Completed,Digital Wallet,0.0
O0073697,C012134,2025-08-08,Store,S016,Completed,Credit Card,0.0
O0073705,C010334,2025-08-08,Store,S004,Completed,Digital Wallet,0.0
O0073724,C006815,2025-08-08,Online,,Completed,Digital Wallet,2.05
O0073726,C023709,2025-08-08,Online,,Completed,Credit Card,4.61
O0073731,C011258,2025-08-08,Store,S009,Completed,Credit Card,0.0
O0073756,C009267,2025-08-08,Store,S005,Completed,Gift Card,0.0
O0073758,C025075,2025-08-08,Pickup,S007,Completed,Debit Card,0.0
O0073769,C023212,2025-08-09,Online,,Completed,Credit Card,2.83
O0073791,C003602,2025-08-09,Online,,Completed,Debit Card,14.57
O0073792,C003924,2025-08-09,Store,S016,Completed,Debit Card,0.0
O0073793,C029742,2025-08-09,Online,,Completed,Debit Card,1.57
O0073808,C013665,2025-08-09,Store,S008,Completed,Credit Card,0.0
O0073812,C026395,2025-08-09,Online,,Completed,Credit Card,4.62
O0073828,C012543,2025-08-09,Online,,Completed,Digital Wallet,17.48
O0073832,C003285,2025-08-09,Store,S007,Completed,Digital Wallet,0.0
O0073838,C017548,2025-08-09,Online,,Completed,Digital Wallet,8.2
O0073847,C014951,2025-08-09,Store,S012,Completed,Credit Card,0.0
O0073849,C026543,2025-08-09,Online,,Completed,Digital Wallet,14.9
O0073865,C021346,2025-08-10,Online,,Completed,Digital Wallet,4.46
O0073871,C029519,2025-08-10,Online,,Completed,Gift Card,4.48
O0073874,C001806,2025-08-10,Store,S004,Completed,Credit Card,0.0
O0073885,C014837,2025-08-10,Online,,Completed,Credit Card,5.35
O0073894,C026232,2025-08-10,Pickup,S016,Completed,Gift Card,0.0
O0073898,C009335,2025-08-10,Online,,Completed,Digital Wallet,4.09
O0073901,C015784,2025-08-10,Online,,Returned,Digital Wallet,2.7
O0073902,C022772,2025-08-10,Online,,Completed,Credit Card,5.58
O0073907,C003821,2025-08-10,Online,,Completed,Digital Wallet,2.48
O0073910,C024420,2025-08-10,Store,S008,Completed,Credit Card,0.0
O0073920,C018338,2025-08-10,Online,,Completed,Credit Card,2.53
O0073923,C024834,2025-08-10,Online,,Completed,Digital Wallet,18.41
O0073930,C002956,2025-08-10,Online,,Completed,Digital Wallet,8.66
O0073933,C025088,2025-08-10,Store,S009,Completed,Credit Card,0.0
O0073953,C013102,2025-08-11,Online,,Completed,Gift Card,0.88
O0073958,C009321,2025-08-11,Online,,Completed,Credit Card,1.96
O0073959,C021124,2025-08-11,Pickup,S015,Returned,Credit Card,0.0
O0073961,C004409,2025-08-11,Store,S001,Completed,Digital Wallet,0.0
O0073983,C006917,2025-08-11,Pickup,S014,Completed,Digital Wallet,0.0
O0073989,C008275,2025-08-11,Store,S006,Completed,Digital Wallet,0.0
O0073990,C028295,2025-08-11,Store,S010,Completed,Digital Wallet,0.0
O0073991,C008346,2025-08-11,Online,,Completed,Credit Card,5.07
O0073993,C012260,2025-08-11,Pickup,S001,Cancelled,Credit Card,0.0
O0074021,C004257,2025-08-11,Online,,Completed,Debit Card,4.55
O0074026,C020760,2025-08-11,Store,S005,Completed,Debit Card,0.0
O0074030,C014060,2025-08-11,Store,S011,Completed,Debit Card,0.0
O0074046,C025759,2025-08-11,Online,,Completed,Digital Wallet,11.96
O0074053,C027604,2025-08-12,Store,S014,Completed,Credit Card,0.0
O0074056,C015879,2025-08-12,Online,,Completed,Digital Wallet,2.59
O0074059,C004851,2025-08-12,Online,,Completed,Debit Card,7.24
O0074065,C000331,2025-08-12,Online,,Completed,Credit Card,6.04
O0074074,C029900,2025-08-12,Online,,Completed,Credit Card,10.3
O0074082,C003930,2025-08-12,Store,S006,Completed,Credit Card,0.0
O0074091,C025984,2025-08-12,Store,S008,Cancelled,Debit Card,0.0
O0074092,C025436,2025-08-12,Store,S004,Completed,Credit Card,0.0
O0074101,C014836,2025-08-12,Online,,Completed,Credit Card,13.56
O0074117,C012399,2025-08-12,Pickup,S008,Completed,Debit Card,0.0
O0074132,C020530,2025-08-13,Online,,Completed,Digital Wallet,5.35
O0074136,C010414,2025-08-13,Online,,Completed,Digital Wallet,2.64
O0074139,C027317,2025-08-13,Store,S001,Completed,Credit Card,0.0
O0074157,C018295,2025-08-13,Store,S004,Completed,Credit Card,0.0
O0074167,C019833,2025-08-13,Pickup,S004,Completed,Digital Wallet,0.0
O0074172,C023184,2025-08-13,Store,S008,Completed,Credit Card,0.0
O0074173,C022865,2025-08-13,Online,,Completed,Digital Wallet,4.91
O0074183,C029841,2025-08-13,Store,S005,Completed,Credit Card,0.0
O0074191,C014906,2025-08-13,Online,,Completed,Credit Card,11.01
O0074195,C006881,2025-08-13,Store,S003,Completed,Credit Card,0.0
O0074202,C016383,2025-08-13,Pickup,S007,Completed,Digital Wallet,0.0
O0074211,C024625,2025-08-13,Online,,Completed,Credit Card,11.48
O0074219,C010960,2025-08-14,Online,,Completed,Gift Card,7.3
O0074226,C010655,2025-08-14,Pickup,S011,Completed,Gift Card,0.0
O0074228,C022687,2025-08-14,Online,,Returned,Credit Card,5.06
O0074231,C016259,2025-08-14,Online,,Completed,Credit Card,2.28
O0074234,C007440,2025-08-14,Online,,Completed,Digital Wallet,3.03
O0074237,C029416,2025-08-14,Online,,Completed,Digital Wallet,4.76
O0074238,C013558,2025-08-14,Store,S010,Completed,Digital Wallet,0.0
O0074242,C028698,2025-08-14,Store,S012,Completed,Digital Wallet,0.0
O0074243,C004973,2025-08-14,Store,S011,Completed,Credit Card,0.0
O0074257,C020036,2025-08-14,Online,,Completed,Credit Card,20.1
O0074263,C011636,2025-08-14,Pickup,S013,Cancelled,Digital Wallet,0.0
O0074273,C025168,2025-08-14,Store,S007,Completed,Credit Card,0.0
O0074279,C026399,2025-08-14,Online,,Completed,Credit Card,4.64
O0074284,C000803,2025-08-14,Online,,Completed,Digital Wallet,2.82
O0074292,C026311,2025-08-15,Store,S008,Completed,Digital Wallet,0.0
O0074297,C025311,2025-08-15,Online,,Completed,Credit Card,12.63
O0074305,C028526,2025-08-15,Store,S003,Completed,Digital Wallet,0.0
O0074309,C007553,2025-08-15,Online,,Completed,Debit Card,5.86
O0074314,C021286,2025-08-15,Store,S013,Completed,Credit Card,0.0
O0074322,C009586,2025-08-15,Store,S016,Completed,Gift Card,0.0
O0074327,C007924,2025-08-15,Online,,Returned,Credit Card,15.32
O0074328,C010301,2025-08-15,Online,,Completed,Debit Card,2.78
O0074329,C002596,2025-08-15,Pickup,S013,Completed,Gift Card,0.0
O0074336,C023741,2025-08-15,Online,,Completed,Digital Wallet,1.39
O0074339,C025628,2025-08-15,Online,,Completed,Debit Card,2.73
O0074355,C029295,2025-08-15,Store,S001,Completed,Debit Card,0.0
O0074356,C003123,2025-08-15,Store,S002,Returned,Credit Card,0.0
O0074358,C003032,2025-08-16,Store,S004,Completed,Debit Card,0.0
O0074360,C014633,2025-08-16,Online,,Completed,Credit Card,8.33
O0074361,C024410,2025-08-16,Online,,Completed,Debit Card,1.96
O0074368,C013856,2025-08-16,Online,,Completed,Gift Card,10.05
O0074377,C022489,2025-08-16,Online,,Completed,Credit Card,2.11
O0074379,C009247,2025-08-16,Pickup,S002,Completed,Credit Card,0.0
O0074397,C000100,2025-08-16,Online,,Returned,Credit Card,13.69
O0074409,C025127,2025-08-16,Online,,Completed,Debit Card,3.15
O0074429,C010987,2025-08-16,Store,S004,Cancelled,Credit Card,0.0
O0074431,C009170,2025-08-16,Online,,Completed,Credit Card,11.64
O0074440,C022666,2025-08-16,Store,S014,Completed,Credit Card,0.0
O0074448,C011069,2025-08-16,Store,S007,Completed,Digital Wallet,0.0
O0074449,C014848,2025-08-16,Online,,Completed,Credit Card,12.6
O0074460,C007222,2025-08-17,Online,,Completed,Debit Card,3.53
O0074476,C000507,2025-08-17,Online,,Completed,Debit Card,6.46
O0074479,C024372,2025-08-17,Online,,Completed,Debit Card,4.21
O0074485,C026232,2025-08-17,Online,,Completed,Debit Card,9.3
O0074506,C002326,2025-08-17,Store,S010,Completed,Debit Card,0.0
O0074507,C015415,2025-08-17,Online,,Completed,Credit Card,3.15
O0074509,C010190,2025-08-17,Online,,Completed,Credit Card,12.09
O0074510,C011718,2025-08-17,Store,S010,Completed,Digital Wallet,0.0
O0074513,C015874,2025-08-17,Store,S012,Completed,Digital Wallet,0.0
O0074527,C021144,2025-08-17,Online,,Completed,Debit Card,1.38
O0074536,C016798,2025-08-18,Store,S006,Completed,Credit Card,0.0
O0074543,C006530,2025-08-18,Online,,Completed,Debit Card,12.14
O0074546,C019842,2025-08-18,Pickup,S012,Completed,Credit Card,0.0
O0074547,C014417,2025-08-18,Online,,Cancelled,Credit Card,14.37
O0074565,C027801,2025-08-18,Pickup,S004,Completed,Digital Wallet,0.0
O0074576,C012037,2025-08-18,Online,,Completed,Debit Card,6.9
O0074587,C026548,2025-08-18,Store,S013,Completed,Credit Card,0.0
O0074596,C016762,2025-08-18,Pickup,S003,Completed,Digital Wallet,0.0
O0074602,C002580,2025-08-18,Online,,Completed,Credit Card,1.81
O0074612,C019362,2025-08-19,Online,,Completed,Credit Card,4.87
O0074613,C004818,2025-08-19,Pickup,S016,Completed,Credit Card,0.0
O0074615,C009761,2025-08-19,Online,,Completed,Credit Card,9.13
O0074620,C021094,2025-08-19,Online,,Completed,Digital Wallet,2.24
O0074637,C022675,2025-08-19,Online,,Completed,Credit Card,1.05
O0074648,C028107,2025-08-19,Store,S013,Completed,Digital Wallet,0.0
O0074655,C021346,2025-08-19,Store,S015,Returned,Credit Card,0.0
O0074684,C009148,2025-08-20,Online,,Completed,Digital Wallet,8.32
O0074686,C003835,2025-08-20,Online,,Completed,Credit Card,1.34
O0074696,C008399,2025-08-20,Online,,Completed,Digital Wallet,1.77
O0074698,C015963,2025-08-20,Store,S004,Completed,Credit Card,0.0
O0074709,C015987,2025-08-20,Store,S002,Completed,Credit Card,0.0
O0074713,C024790,2025-08-20,Pickup,S002,Completed,Credit Card,0.0
O0074717,C029906,2025-08-20,Online,,Completed,Digital Wallet,5.3
O0074718,C002389,2025-08-20,Online,,Completed,Debit Card,2.95
O0074720,C027646,2025-08-20,Online,,Completed,Credit Card,6.39
O0074724,C003223,2025-08-20,Store,S012,Completed,Credit Card,0.0
O0074737,C023355,2025-08-20,Store,S005,Completed,Debit Card,0.0
O0074766,C003526,2025-08-21,Pickup,S016,Completed,Debit Card,0.0
O0074779,C014332,2025-08-21,Store,S012,Completed,Debit Card,0.0
O0074790,C009562,2025-08-21,Online,,Completed,Digital Wallet,10.17
O0074791,C001203,2025-08-21,Online,,Completed,Credit Card,3.93
O0074794,C007889,2025-08-21,Online,,Completed,Debit Card,12.84
O0074797,C005876,2025-08-21,Online,,Returned,Credit Card,0.38
O0074805,C010343,2025-08-21,Store,S004,Completed,Digital Wallet,0.0
O0074814,C018271,2025-08-21,Pickup,S004,Completed,Credit Card,0.0
O0074821,C009200,2025-08-21,Online,,Completed,Gift Card,7.73
O0074824,C009247,2025-08-21,Online,,Completed,Debit Card,3.7
O0074825,C021207,2025-08-21,Online,,Completed,Credit Card,1.5
O0074828,C014055,2025-08-21,Store,S011,Completed,Digital Wallet,0.0
O0074845,C026759,2025-08-22,Store,S014,Cancelled,Credit Card,0.0
O0074846,C002765,2025-08-22,Store,S008,Completed,Credit Card,0.0
O0074862,C015853,2025-08-22,Online,,Completed,Debit Card,0.58
O0074865,C026311,2025-08-22,Store,S008,Completed,Credit Card,0.0
O0074876,C005728,2025-08-22,Store,S005,Completed,Digital Wallet,0.0
O0074893,C006978,2025-08-22,Store,S013,Completed,Debit Card,0.0
O0074897,C017173,2025-08-22,Online,,Completed,Digital Wallet,3.58
O0074901,C018305,2025-08-22,Online,,Completed,Digital Wallet,19.21
O0074910,C006030,2025-08-22,Online,,Completed,Gift Card,5.7
O0074930,C021624,2025-08-23,Online,,Completed,Digital Wallet,9.63
O0074938,C005721,2025-08-23,Online,,Completed,Credit Card,4.21
O0074943,C003247,2025-08-23,Store,S007,Completed,Credit Card,0.0
O0074951,C007440,2025-08-23,Store,S011,Completed,Digital Wallet,0.0
O0074952,C015462,2025-08-23,Online,,Returned,Digital Wallet,14.6
O0074953,C026592,2025-08-23,Store,S009,Completed,Credit Card,0.0
O0074956,C009173,2025-08-23,Store,S010,Completed,Credit Card,0.0
O0074960,C027831,2025-08-23,Store,S009,Completed,Debit Card,0.0
O0074969,C010399,2025-08-23,Online,,Completed,Credit Card,1.73
O0074972,C016651,2025-08-23,Online,,Completed,Digital Wallet,2.43
O0074978,C027367,2025-08-23,Online,,Completed,Digital Wallet,3.49
O0074990,C002407,2025-08-23,Store,S011,Completed,Credit Card,0.0
O0075000,C027187,2025-08-23,Pickup,S014,Completed,Digital Wallet,0.0
O0075015,C000398,2025-08-23,Online,,Returned,Debit Card,7.06
O0075016,C016503,2025-08-23,Online,,Completed,Credit Card,4.6
O0075017,C024997,2025-08-23,Online,,Completed,Credit Card,1.87
O0075021,C003835,2025-08-23,Online,,Completed,Credit Card,0.65
O0075022,C006907,2025-08-24,Online,,Completed,Debit Card,2.91
O0075026,C025297,2025-08-24,Pickup,S007,Completed,Debit Card,0.0
O0075029,C010651,2025-08-24,Pickup,S005,Cancelled,Credit Card,0.0
O0075030,C020553,2025-08-24,Store,S011,Completed,Digital Wallet,0.0
O0075038,C004485,2025-08-24,Store,S006,Completed,Credit Card,0.0
O0075045,C009545,2025-08-24,Pickup,S006,Completed,Credit Card,0.0
O0075056,C016786,2025-08-24,Store,S009,Completed,Credit Card,0.0
O0075064,C027604,2025-08-24,Online,,Cancelled,Credit Card,4.93
O0075073,C023833,2025-08-24,Store,S007,Returned,Credit Card,0.0
O0075076,C007043,2025-08-24,Store,S003,Completed,Credit Card,0.0
O0075115,C008399,2025-08-25,Online,,Completed,Gift Card,9.55
O0075116,C013034,2025-08-25,Online,,Completed,Credit Card,6.41
O0075119,C023518,2025-08-25,Store,S003,Returned,Credit Card,0.0
O0075124,C014601,2025-08-25,Store,S005,Completed,Debit Card,0.0
O0075126,C006428,2025-08-25,Online,,Returned,Debit Card,9.34
O0075128,C024004,2025-08-25,Online,,Completed,Debit Card,9.08
O0075134,C020423,2025-08-25,Store,S002,Returned,Credit Card,0.0
O0075136,C024379,2025-08-25,Online,,Completed,Debit Card,5.63
O0075144,C015790,2025-08-25,Store,S005,Completed,Credit Card,0.0
O0075151,C008650,2025-08-25,Online,,Completed,Credit Card,3.62
O0075163,C000665,2025-08-25,Pickup,S014,Returned,Credit Card,0.0
O0075172,C003054,2025-08-25,Pickup,S003,Returned,Credit Card,0.0
O0075173,C011406,2025-08-25,Store,S012,Completed,Credit Card,0.0
O0075185,C013863,2025-08-26,Store,S015,Completed,Credit Card,0.0
O0075187,C015747,2025-08-26,Online,,Completed,Digital Wallet,0.67
O0075205,C015787,2025-08-26,Store,S014,Completed,Gift Card,0.0
O0075207,C021505,2025-08-26,Online,,Completed,Digital Wallet,13.96
O0075210,C003470,2025-08-26,Store,S002,Completed,Credit Card,0.0
O0075218,C029416,2025-08-26,Store,S008,Completed,Credit Card,0.0
O0075219,C023335,2025-08-26,Online,,Cancelled,Digital Wallet,4.29
O0075227,C014920,2025-08-26,Online,,Completed,Credit Card,24.33
O0075231,C014306,2025-08-26,Pickup,S005,Completed,Credit Card,0.0
O0075237,C014615,2025-08-26,Pickup,S006,Returned,Credit Card,0.0
O0075245,C011225,2025-08-27,Online,,Completed,Debit Card,4.66
O0075246,C008732,2025-08-27,Online,,Completed,Credit Card,3.72
O0075265,C018080,2025-08-27,Online,,Completed,Debit Card,3.75
O0075267,C004970,2025-08-27,Pickup,S006,Completed,Debit Card,0.0
O0075280,C015050,2025-08-27,Online,,Completed,Debit Card,12.94
O0075281,C025559,2025-08-27,Online,,Completed,Digital Wallet,9.84
O0075284,C014500,2025-08-27,Online,,Completed,Credit Card,7.66
O0075287,C023069,2025-08-27,Pickup,S005,Completed,Digital Wallet,0.0
O0075290,C014411,2025-08-27,Pickup,S002,Returned,Credit Card,0.0
O0075292,C020950,2025-08-27,Online,,Completed,Credit Card,5.14
O0075293,C023518,2025-08-27,Store,S001,Completed,Debit Card,0.0
O0075294,C009104,2025-08-27,Online,,Completed,Digital Wallet,1.33
O0075295,C016241,2025-08-27,Online,,Completed,Debit Card,12.86
O0075296,C011357,2025-08-27,Online,,Completed,Digital Wallet,1.09
O0075314,C018780,2025-08-28,Online,,Completed,Credit Card,8.39
O0075323,C015976,2025-08-28,Online,,Completed,Credit Card,11.18
O0075335,C019437,2025-08-28,Online,,Returned,Gift Card,1.85
O0075347,C009713,2025-08-28,Pickup,S013,Completed,Debit Card,0.0
O0075352,C025059,2025-08-28,Store,S007,Completed,Credit Card,0.0
O0075353,C000513,2025-08-28,Online,,Completed,Digital Wallet,14.63
O0075357,C026860,2025-08-28,Pickup,S006,Completed,Credit Card,0.0
O0075367,C018876,2025-08-28,Store,S010,Completed,Digital Wallet,0.0
O0075373,C008923,2025-08-28,Online,,Completed,Credit Card,2.7
O0075374,C021341,2025-08-28,Pickup,S005,Completed,Debit Card,0.0
O0075381,C015046,2025-08-28,Online,,Completed,Debit Card,4.2
O0075390,C008780,2025-08-28,Online,,Completed,Debit Card,7.73
O0075395,C012692,2025-08-29,Store,S016,Returned,Gift Card,0.0
O0075433,C002562,2025-08-29,Store,S002,Completed,Credit Card,0.0
O0075434,C021553,2025-08-29,Pickup,S006,Completed,Credit Card,0.0
O0075448,C028684,2025-08-29,Store,S008,Completed,Digital Wallet,0.0
O0075453,C013134,2025-08-29,Store,S011,Completed,Credit Card,0.0
O0075460,C014802,2025-08-29,Online,,Completed,Credit Card,11.42
O0075463,C009988,2025-08-29,Online,,Completed,Digital Wallet,0.56
O0075470,C005872,2025-08-29,Online,,Completed,Credit Card,4.67
O0075484,C006135,2025-08-30,Online,,Completed,Gift Card,7.95
O0075502,C020493,2025-08-30,Online,,Completed,Gift Card,10.02
O0075511,C001338,2025-08-30,Online,,Completed,Credit Card,3.33
O0075516,C026702,2025-08-30,Store,S001,Completed,Credit Card,0.0
O0075546,C016937,2025-08-30,Online,,Completed,Credit Card,9.56
O0075563,C012822,2025-08-30,Pickup,S008,Completed,Credit Card,0.0
O0075564,C005605,2025-08-30,Online,,Completed,Digital Wallet,4.42
O0075567,C020269,2025-08-30,Store,S007,Completed,Credit Card,0.0
O0075593,C020028,2025-08-31,Store,S004,Completed,Digital Wallet,0.0
O0075605,C018791,2025-08-31,Store,S008,Completed,Digital Wallet,0.0
O0075606,C000244,2025-08-31,Store,S011,Completed,Debit Card,0.0
O0075617,C026923,2025-08-31,Online,,Completed,Credit Card,7.78
O0075619,C003793,2025-08-31,Online,,Completed,Debit Card,15.87
O0075622,C006268,2025-08-31,Online,,Completed,Debit Card,5.56
O0075625,C027756,2025-08-31,Store,S005,Completed,Credit Card,0.0
O0075631,C022040,2025-08-31,Online,,Completed,Digital Wallet,9.75
O0075645,C007485,2025-08-31,Online,,Completed,Digital Wallet,2.03
O0075646,C023622,2025-08-31,Online,,Completed,Credit Card,4.8
O0075654,C005347,2025-08-31,Pickup,S006,Completed,Credit Card,0.0
O0075655,C001554,2025-09-01,Online,,Completed,Digital Wallet,2.64
O0075661,C019262,2025-09-01,Online,,Completed,Credit Card,7.08
O0075662,C005980,2025-09-01,Store,S004,Completed,Digital Wallet,0.0
O0075673,C021006,2025-09-01,Store,S008,Completed,Credit Card,0.0
O0075676,C021714,2025-09-01,Online,,Returned,Debit Card,5.41
O0075677,C006166,2025-09-01,Store,S007,Completed,Credit Card,0.0
O0075682,C026900,2025-09-01,Store,S013,Completed,Debit Card,0.0
O0075684,C004470,2025-09-01,Online,,Returned,Credit Card,14.95
O0075699,C023829,2025-09-01,Pickup,S016,Completed,Digital Wallet,0.0
O0075700,C017440,2025-09-01,Online,,Completed,Debit Card,2.7
O0075702,C007601,2025-09-01,Store,S013,Completed,Digital Wallet,0.0
O0075708,C018305,2025-09-01,Store,S011,Completed,Credit Card,0.0
O0075709,C014352,2025-09-01,Pickup,S015,Completed,Credit Card,0.0
O0075722,C015337,2025-09-01,Store,S015,Completed,Credit Card,0.0
O0075738,C013578,2025-09-01,Online,,Completed,Debit Card,4.0
O0075741,C025113,2025-09-01,Store,S011,Completed,Digital Wallet,0.0
O0075759,C002005,2025-09-02,Online,,Completed,Credit Card,14.01
O0075760,C026989,2025-09-02,Pickup,S014,Completed,Digital Wallet,0.0
O0075766,C005227,2025-09-02,Store,S009,Completed,Credit Card,0.0
O0075772,C018937,2025-09-02,Online,,Completed,Credit Card,3.36
O0075773,C015548,2025-09-02,Online,,Completed,Credit Card,7.89
O0075785,C006745,2025-09-02,Store,S005,Completed,Credit Card,0.0
O0075791,C022086,2025-09-02,Pickup,S003,Completed,Credit Card,0.0
O0075801,C011312,2025-09-02,Pickup,S002,Completed,Credit Card,0.0
O0075803,C020805,2025-09-02,Store,S002,Completed,Digital Wallet,0.0
O0075805,C019678,2025-09-02,Store,S003,Completed,Credit Card,0.0
O0075816,C011454,2025-09-03,Pickup,S003,Completed,Debit Card,0.0
O0075820,C011766,2025-09-03,Pickup,S013,Completed,Debit Card,0.0
O0075823,C009937,2025-09-03,Online,,Completed,Debit Card,17.26
O0075829,C006798,2025-09-03,Online,,Completed,Credit Card,6.42
O0075833,C022799,2025-09-03,Online,, complete ,Credit Card,2.09
O0075845,C003243,2025-09-03,Pickup,S003,Completed,Credit Card,0.0
O0075856,C026542,2025-09-03,Online,,Returned,Credit Card,9.01
O0075864,C026840,2025-09-03,Store,S010,Completed,Credit Card,0.0
O0075867,C026923,2025-09-03,Online,,Completed,Credit Card,8.94
O0075877,C020142,2025-09-03,Store,S007,Completed,Credit Card,0.0
O0075885,C015714,2025-09-03,Store,S014,Completed,Credit Card,0.0
O0075893,C004458,2025-09-03,Store,S013,Completed,Debit Card,0.0
O0075895,C015583,2025-09-03,Online,,Completed,Debit Card,4.07
O0075903,C002919,2025-09-04,Online,,Completed,Digital Wallet,6.44
O0075915,C011873,2025-09-04,Online,,Completed,Debit Card,3.89
O0075916,C011888,2025-09-04,Store,S004,Completed,Digital Wallet,0.0
O0075925,C013763,2025-09-04,Pickup,S005,Completed,Credit Card,0.0
O0075926,C008970,2025-09-04,Online,,Completed,Credit Card,7.04
O0075927,C002477,2025-09-04,Store,S011,Completed,Gift Card,0.0
O0075929,C020530,2025-09-04,Store,S004,Completed,Credit Card,0.0
O0075932,C028740,2025-09-04,Online,,Completed,Digital Wallet,12.11
O0075933,C006509,2025-09-04,Online,,Completed,Digital Wallet,8.97
O0075943,C014249,2025-09-04,Online,,Completed,Debit Card,8.23
O0075961,C021513,2025-09-04,Online,,Completed,Debit Card,7.69
O0075966,C016738,2025-09-04,Online,,Completed,Debit Card,2.02
O0075975,C021850,2025-09-04,Online,,Completed,Credit Card,2.37
O0075978,C004868,2025-09-04,Online,,Completed,Credit Card,5.16
O0075979,C007889,2025-09-04,Online,,Completed,Credit Card,3.69
O0075985,C028302,2025-09-04,Pickup,S014,Completed,Credit Card,0.0
O0075987,C006347,2025-09-04,Store,S005,Completed,Credit Card,0.0
O0075992,C013518,2025-09-04,Pickup,S001,Completed,Credit Card,0.0
O0075994,C021437,2025-09-04,Online,,Completed,Debit Card,0.71
O0076000,C011199,2025-09-05,Online,,Completed,Credit Card,7.75
O0076016,C023786,2025-09-05,Store,S011,Completed,Credit Card,0.0
O0076026,C028867,2025-09-05,Online,,Completed,Credit Card,5.12
O0076041,C004846,2025-09-05,Online,,Completed,Digital Wallet,1.81
O0076051,C005800,2025-09-05,Pickup,S012,Completed,Digital Wallet,0.0
O0076059,C014798,2025-09-05,Online,,Cancelled,Debit Card,5.29
O0076067,C007101,2025-09-05,Online,,Completed,Debit Card,4.15
O0076087,C008705,2025-09-06,Store,S012,Completed,Gift Card,0.0
O0076104,C010785,2025-09-06,Online,,Completed,Debit Card,10.26
O0076105,C008488,2025-09-06,Store,S014,Completed,Credit Card,0.0
O0076108,C010129,2025-09-06,Store,S006,Completed,Credit Card,0.0
O0076109,C022017,2025-09-06,Online,,CANCELLED,Credit Card,0.79
O0076110,C003580,2025-09-06,Online,,Completed,Debit Card,11.51
O0076130,C004345,2025-09-06,Store,S002,Completed,Credit Card,0.0
O0076150,C019818,2025-09-06,Pickup,S006,Completed,Credit Card,0.0
O0076153,C004406,2025-09-06,Store,S013,Completed,Credit Card,0.0
O0076157,C014764,2025-09-06,Online,,Returned,Debit Card,1.76
O0076158,C010264,2025-09-06,Store,S010,Completed,Credit Card,0.0
O0076164,C024368,2025-09-06,Store,S016,Completed,Digital Wallet,0.0
O0076167,C014749,2025-09-06,Online,,Returned,Debit Card,2.74
O0076175,C027812,2025-09-06,Online,,Completed,Credit Card,14.54
O0076176,C022013,2025-09-06,Store,S007,Completed,Debit Card,0.0
O0076196,C002347,2025-09-07,Store,S004,Completed,Digital Wallet,0.0
O0076214,C004970,2025-09-07,Online,,Completed,Credit Card,7.14
O0076222,C012740,2025-09-07,Online,,Cancelled,Debit Card,5.17
O0076233,C014816,2025-09-07,Online,,Completed,Digital Wallet,8.63
O0076234,C023504,2025-09-07,Store,S013,Completed,Gift Card,0.0
O0076235,C004476,2025-09-07,Store,S007,Completed,Credit Card,0.0
O0076259,C006548,2025-09-07,Store,S008,Completed,Digital Wallet,0.0
O0076263,C021344,2025-09-07,Store,S016,Completed,Debit Card,0.0
O0076267,C010561,2025-09-07,Online,,Completed,Digital Wallet,2.04
O0076274,C011936,2025-09-07,Online,,Completed,Debit Card,8.33
O0076287,C010885,2025-09-07,Store,S013,Completed,Debit Card,0.0
O0076298,C005344,2025-09-07,Online,,Completed,Debit Card,19.81
O0076300,C009294,2025-09-07,Online,,Completed,Credit Card,7.48
O0076305,C004373,2025-09-07,Online,,Completed,Digital Wallet,5.44
O0076306,C017320,2025-09-07,Online,,Completed,Debit Card,11.42
O0076309,C029543,2025-09-08,Online,,Completed,Debit Card,10.69
O0076311,C009247,2025-09-08,Online,,Completed,Gift Card,3.56
O0076315,C007899,2025-09-08,Pickup,S001,Completed,Digital Wallet,0.0
O0076318,C029903,2025-09-08,Online,,Completed,Debit Card,1.77
O0076323,C019641,2025-09-08,Store,S008,Completed,Credit Card,0.0
O0076326,C005473,2025-09-08,Online,,Completed,Gift Card,10.56
O0076345,C023437,2025-09-08,Online,,Completed,Credit Card,5.01
O0076348,C021505,2025-09-08,Store,S015,Completed,Credit Card,0.0
O0076349,C028852,2025-09-08,Store,S016,Completed,Credit Card,0.0
O0076355,C004640,2025-09-08,Store,S016,Returned,Credit Card,0.0
O0076357,C029848,2025-09-08,Online,,Completed,Digital Wallet,4.79
O0076359,C029543,2025-09-08,Store,S010,Completed,Digital Wallet,0.0
O0076363,C021458,2025-09-08,Pickup,S004,Completed,Credit Card,0.0
O0076371,C010093,2025-09-08,Store,S015,Completed,Credit Card,0.0
O0076393,C003699,2025-09-09,Online,,Completed,Debit Card,6.04
O0076395,C010580,2025-09-09,Online,,Completed,Credit Card,13.55
O0076432,C022242,2025-09-09,Online,,Completed,Credit Card,9.81
O0076441,C016388,2025-09-09,Pickup,S006,Completed,Credit Card,0.0
O0076451,C017787,2025-09-09,Store,S011,Completed,Digital Wallet,0.0
O0076467,C010528,2025-09-09,Online,,Completed,Digital Wallet,7.29
O0076468,C012560,2025-09-09,Online,,Completed,Credit Card,7.37
O0076469,C026339,2025-09-09,Online,,Completed,Debit Card,3.1
O0076472,C021207,2025-09-09,Store,S006,Cancelled,Digital Wallet,0.0
O0076484,C022896,2025-09-10,Online,,Completed,Credit Card,12.67
O0076487,C026572,2025-09-10,Store,S005,Completed,Digital Wallet,0.0
O0076491,C016240,2025-09-10,Online,,Completed,Debit Card,2.26
O0076497,C007938,2025-09-10,Store,S014,Completed,Debit Card,0.0
O0076514,C023924,2025-09-10,Online,,Completed,Credit Card,2.57
O0076530,C012555,2025-09-10,Pickup,S016,Completed,Digital Wallet,0.0
O0076537,C017269,2025-09-10,Store,S012,Completed,Debit Card,0.0
O0076543,C008825,2025-09-10,Pickup,S009,Completed,Debit Card,0.0
O0076552,C009166,2025-09-10,Online,,Cancelled,Credit Card,9.95
O0076555,C025470,2025-09-10,Store,S012,Completed,Debit Card,0.0
O0076561,C003426,2025-09-10,Online,,Completed,Digital Wallet,7.97
O0076562,C016835,2025-09-10,Pickup,S012,Completed,Debit Card,0.0
O0076563,C002005,2025-09-10,Pickup,S012,Returned,Debit Card,0.0
O0076566,C021784,2025-09-10,Store,S010,Completed,Debit Card,0.0
O0076570,C007786,2025-09-11,Online,,Completed,Digital Wallet,2.01
O0076577,C001476,2025-09-11,Pickup,S015,Completed,Debit Card,0.0
O0076578,C005876,2025-09-11,Online,,Completed,Gift Card,5.06
O0076579,C013370,2025-09-11,Store,S002,Completed,Credit Card,0.0
O0076581,C023459,2025-09-11,Online,,Completed,Digital Wallet,1.91
O0076588,C010601,2025-09-11,Online,,Completed,Credit Card,7.07
O0076600,C026457,2025-09-11,Online,,Completed,Credit Card,5.21
O0076613,C009321,2025-09-11,Pickup,S003,Completed,Debit Card,0.0
O0076614,C000486,2025-09-11,Store,S011,Completed,Credit Card,0.0
O0076616,C006523,2025-09-11,Online,,Completed,Credit Card,3.53
O0076625,C021334,2025-09-11,Store,S007,Completed,Credit Card,0.0
O0076627,C013378,2025-09-11,Online,,Completed,Credit Card,4.28
O0076639,C024647,2025-09-11,Online,,Completed,Digital Wallet,7.15
O0076647,C024553,2025-09-12,Pickup,S008,Returned,Credit Card,0.0
O0076651,C016982,2025-09-12,Pickup,S013,Completed,Credit Card,0.0
O0076659,C022405,2025-09-12,Online,,Completed,Debit Card,4.04
O0076664,C025408,2025-09-12,Store,S013,Completed,Credit Card,0.0
O0076667,C017547,2025-09-12,Online,,Completed,Digital Wallet,5.44
O0076669,C029293,2025-09-12,Online,,Completed,Digital Wallet,8.13
O0076672,C009392,2025-09-12,Store,S003,Completed,Credit Card,0.0
O0076673,C015576,2025-09-12,Pickup,S014,Completed,Credit Card,0.0
O0076677,C009645,2025-09-12,Store,S007,Completed,Credit Card,0.0
O0076680,C029906,2025-09-12,Pickup,S013,Completed,Credit Card,0.0
O0076698,C012288,2025-09-12,Online,,Completed,Credit Card,1.62
O0076701,C014098,2025-09-12,Online,,Completed,Credit Card,5.56
O0076706,C000457,2025-09-12,Online,,Completed,Credit Card,6.7
O0076710,C015714,2025-09-12,Store,S015,Completed,Digital Wallet,0.0
O0076718,C015514,2025-09-12,Online,,Completed,Credit Card,2.9
O0076740,C016766,2025-09-13,Online,,Completed,Credit Card,11.92
O0076750,C024621,2025-09-13,Online,,Completed,Digital Wallet,9.25
O0076751,C007709,2025-09-13,Online,,Completed,Credit Card,17.59
O0076754,C004171,2025-09-13,Online,,Completed,Debit Card,12.24
O0076756,C001691,2025-09-13,Pickup,S009,Completed,Debit Card,0.0
O0076768,C025764,2025-09-13,Online,,Completed,Digital Wallet,4.47
O0076773,C012283,2025-09-13,Online,,Completed,Credit Card,0.71
O0076783,C024553,2025-09-13,Store,S007,Completed,Credit Card,0.0
O0076791,C019162,2025-09-13,Store,S001,Completed,Credit Card,0.0
O0076806,C014906,2025-09-13,Store,S016,Completed,Credit Card,0.0
O0076808,C003848,2025-09-13,Online,,Completed,Credit Card,9.92
O0076812,C020720,2025-09-13,Store,S006,Completed,Credit Card,0.0
O0076815,C023596,2025-09-13,Store,S006,Completed,Debit Card,0.0
O0076833,C024004,2025-09-14,Online,,Returned,Digital Wallet,4.95
O0076837,C021096,2025-09-14,Store,S002,Returned,Credit Card,0.0
O0076847,C006529,2025-09-14,Store,S015,Completed,Credit Card,0.0
O0076860,C012574,2025-09-14,Store,S001,Completed,Digital Wallet,0.0
O0076863,C024815,2025-09-14,Online,,Cancelled,Credit Card,5.58
O0076864,C005577,2025-09-14,Store,S009,Completed,Digital Wallet,0.0
O0076870,C012229,2025-09-14,Online,,Completed,Debit Card,0.86
O0076875,C029775,2025-09-14,Store,S007,Completed,Digital Wallet,0.0
O0076876,C016585,2025-09-14,Store,S010,Completed,Credit Card,0.0
O0076884,C006071,2025-09-14,Online,,Completed,Credit Card,11.5
O0076885,C015790,2025-09-14,Store,S008,Completed,Gift Card,0.0
O0076902,C006789,2025-09-14,Pickup,S015,Completed,Debit Card,0.0
O0076907,C013011,2025-09-14,Pickup,S014,Completed,Credit Card,0.0
O0076913,C003106,2025-09-14,Store,S005,Completed,Credit Card,0.0
O0076915,C004439,2025-09-14,Online,,Completed,Credit Card,4.53
O0076917,C008201,2025-09-14,Pickup,S003,Completed,Digital Wallet,0.0
O0076919,C001323,2025-09-14,Online,,Completed,Debit Card,3.3
O0076923,C008091,2025-09-14,Store,S006,Completed,Debit Card,0.0
O0076925,C012182,2025-09-14,Online,,Returned,Digital Wallet,2.91
O0076930,C028266,2025-09-14,Online,,Completed,Credit Card,10.54
O0076943,C027975,2025-09-15,Store,S004,Completed,Gift Card,0.0
O0076950,C025701,2025-09-15,Online,,Completed,Gift Card,8.41
O0076966,C023261,2025-09-15,Store,S005,Completed,Debit Card,0.0
O0076970,C003243,2025-09-15,Online,,Completed,Debit Card,20.73
O0076974,C028529,2025-09-15,Online,,Completed,Credit Card,9.87
O0076976,C021017,2025-09-15,Store,S014,Completed,Digital Wallet,0.0
O0076985,C005577,2025-09-15,Online,,Completed,Credit Card,10.79
O0076995,C007365,2025-09-15,Store,S014,Completed,Credit Card,0.0
O0076996,C000719,2025-09-15,Pickup,S003,Completed,Credit Card,0.0
O0076999,C025733,2025-09-15,Online,,Completed,Debit Card,8.12
O0077010,C021306,2025-09-15,Online,,Completed,Credit Card,12.05
O0077012,C007081,2025-09-16,Store,S015,Completed,Digital Wallet,0.0
O0077013,C010456,2025-09-16,Store,S005,Completed,Credit Card,0.0
O0077029,C021694,2025-09-16,Online,,Completed,Credit Card,19.57
O0077030,C015403,2025-09-16,Store,S002,Completed,Credit Card,0.0
O0077048,C007574,2025-09-16,Store,S003,Completed,Digital Wallet,0.0
O0077049,C003906,2025-09-16,Online,,Completed,Debit Card,4.39
O0077065,C023391,2025-09-16,Store,S004,Completed,Credit Card,0.0
O0077070,C013815,2025-09-16,Store,S007,Completed,Digital Wallet,0.0
O0077071,C016149,2025-09-16,Online,,Completed,Credit Card,0.43
O0077072,C025140,2025-09-16,Online,,Completed,Digital Wallet,3.01
O0077073,C014619,2025-09-16,Online,,Completed,Debit Card,4.27
O0077074,C009531,2025-09-16,Online,,Completed,Gift Card,1.79
O0077085,C004344,2025-09-16,Online,,Cancelled,Credit Card,2.67
O0077086,C022561,2025-09-16,Online,,Completed,Credit Card,1.16
O0077088,C004169,2025-09-16,Online,,Completed,Credit Card,0.69
O0077091,C014571,2025-09-16,Pickup,S009,Completed,Debit Card,0.0
O0077095,C023935,2025-09-17,Pickup,S010,Completed,Digital Wallet,0.0
O0077098,C009996,2025-09-17,Pickup,S014,Completed,Digital Wallet,0.0
O0077102,C021479,2025-09-17,Store,S008,Completed,Credit Card,0.0
O0077105,C025390,2025-09-17,Online,,Returned,Credit Card,6.85
O0077112,C022090,2025-09-17,Store,S001,Completed,Credit Card,0.0
O0077123,C002085,2025-09-17,Online,,Completed,Debit Card,3.68
O0077125,C001427,2025-09-17,Online,,Completed,Credit Card,2.66
O0077131,C002281,2025-09-17,Store,S002,Completed,Credit Card,0.0
O0077140,C023180,2025-09-17,Online,,Completed,Credit Card,2.63
O0077160,C001340,2025-09-17,Online,,Returned,Credit Card,2.79
O0077164,C012316,2025-09-17,Store,S003,Completed,Credit Card,0.0
O0077174,C029574,2025-09-17,Store,S001,Completed,Credit Card,0.0
O0077182,C029664,2025-09-17,Store,S010,Completed,Debit Card,0.0
O0077187,C016551,2025-09-18,Online,,Completed,Debit Card,4.34
O0077213,C010262,2025-09-18,Pickup,S006,Completed,Credit Card,0.0
O0077218,C009382,2025-09-18,Store,S015,Completed,Debit Card,0.0
O0077234,C013518,2025-09-18,Online,,Completed,Debit Card,8.38
O0077243,C002486,2025-09-18,Online,,Returned,Credit Card,9.15
O0077245,C014320,2025-09-18,Store,S007,Completed,Debit Card,0.0
O0077250,C010877,2025-09-18,Pickup,S003,Completed,Credit Card,0.0
O0077274,C019081,2025-09-19,Pickup,S013,Completed,Credit Card,0.0
O0077283,C005781,2025-09-19,Pickup,S001,Completed,Debit Card,0.0
O0077296,C005680,2025-09-19,Store,S006,Completed,Debit Card,0.0
O0077298,C012418,2025-09-19,Store,S014,Completed,Digital Wallet,0.0
O0077308,C011190,2025-09-19,Online,,Completed,Credit Card,0.78
O0077315,C006326,2025-09-19,Store,S001,Completed,Credit Card,0.0
O0077347,C010813,2025-09-20,Store,S008,Completed,Gift Card,0.0
O0077361,C023318,2025-09-20,Store,S012,Completed,Debit Card,0.0
O0077375,C012102,2025-09-20,Store,S008,Completed,Credit Card,0.0
O0077383,C007043,2025-09-20,Pickup,S003,Completed,Credit Card,0.0
O0077388,C003549,2025-09-20,Store,S005,Completed,Credit Card,0.0
O0077408,C019262,2025-09-20,Store,S010,Completed,Debit Card,0.0
O0077409,C019663,2025-09-20,Store,S009,Completed,Digital Wallet,0.0
O0077416,C029720,2025-09-20,Online,,Completed,Debit Card,8.18
O0077419,C023843,2025-09-20,Pickup,S010,Completed,Credit Card,0.0
O0077427,C006205,2025-09-20,Store,S014,Cancelled,Digital Wallet,0.0
O0077432,C005149,2025-09-21,Store,S006,Cancelled,Digital Wallet,0.0
O0077446,C026454,2025-09-21,Store,S007,CANCELLED,Debit Card,0.0
O0077451,C001228,2025-09-21,Pickup,S012,Completed,Debit Card,0.0
O0077459,C002251,2025-09-21,Store,S005,Completed,Gift Card,0.0
O0077461,C014650,2025-09-21,Online,,Returned,Debit Card,5.11
O0077467,C029551,2025-09-21,Pickup,S006,Completed,Digital Wallet,0.0
O0077470,C024896,2025-09-21,Online,,Completed,Credit Card,9.29
O0077473,C021602,2025-09-21,Online,,Returned,Credit Card,3.49
O0077482,C020423,2025-09-21,Online,,Completed,Digital Wallet,14.34
O0077496,C015080,2025-09-21,Store,S015,Completed,Credit Card,0.0
O0077517,C004458,2025-09-21,Online,,Completed,Digital Wallet,3.23
O0077518,C026328,2025-09-21,Online,,Completed,Credit Card,1.47
O0077537,C023144,2025-09-21,Online,,Completed,Credit Card,2.62
O0077556,C006758,2025-09-21,Store,S012,Completed,Digital Wallet,0.0
O0077567,C004895,2025-09-22,Online,,Completed,Credit Card,9.58
O0077575,C021081,2025-09-22,Store,S001,Completed,Digital Wallet,0.0
O0077586,C013721,2025-09-22,Online,,Completed,Digital Wallet,7.95
O0077588,C011176,2025-09-22,Store,S008,Completed,Credit Card,0.0
O0077589,C011901,2025-09-22,Store,S008,Completed,Credit Card,0.0
O0077610,C017937,2025-09-22,Online,,Completed,Credit Card,5.74
O0077613,C027410,2025-09-22,Pickup,S013,Completed,Credit Card,0.0
O0077637,C011489,2025-09-22,Online,,Completed,Debit Card,3.67
O0077640,C006120,2025-09-23,Online,,Returned,Debit Card,6.57
O0077646,C026755,2025-09-23,Online,,Completed,Credit Card,1.53
O0077649,C022630,2025-09-23,Online,,Completed,Digital Wallet,5.1
O0077652,C023980,2025-09-23,Online,,Completed,Debit Card,6.58
O0077656,C006603,2025-09-23,Store,S001,Completed,Credit Card,0.0
O0077658,C029416,2025-09-23,Store,S007,Completed,Credit Card,0.0
O0077661,C001427,2025-09-23,Online,,Completed,Credit Card,5.91
O0077674,C025979,2025-09-23,Online,,Completed,Debit Card,4.62
O0077680,C025113,2025-09-23,Store,S012,Completed,Credit Card,0.0
O0077681,C015956,2025-09-23,Store,S015,Completed,Credit Card,0.0
O0077682,C015050,2025-09-23,Store,S012,Completed,Digital Wallet,0.0
O0077683,C014898,2025-09-23,Online,,Completed,Debit Card,8.34
O0077687,C010456,2025-09-23,Online,,Completed,Credit Card,0.91
O0077693,C012260,2025-09-23,Online,,Completed,Credit Card,12.18
O0077702,C020957,2025-09-23,Store,S013,Cancelled,Credit Card,0.0
O0077720,C005577,2025-09-24,Store,S010,Completed,Digital Wallet,0.0
O0077740,C004820,2025-09-24,Online,,Completed,Digital Wallet,2.2
O0077748,C016868,2025-09-24,Store,S007,Completed,Digital Wallet,0.0
O0077760,C002035,2025-09-24,Online,,Completed,Credit Card,3.76
O0077761,C026836,2025-09-24,Pickup,S014,Completed,Credit Card,0.0
O0077762,C028213,2025-09-24,Store,S004,Cancelled,Digital Wallet,0.0
O0077774,C001667,2025-09-24,Store,S002,Completed,Digital Wallet,0.0
O0077784,C011964,2025-09-24,Online,,Completed,Credit Card,9.61
O0077800,C000980,2025-09-24,Online,,Completed,Credit Card,4.53
O0077812,C010218,2025-09-24,Store,S006,Completed,Credit Card,0.0
O0077819,C009116,2025-09-24,Online,,Completed,Credit Card,3.54
O0077834,C029039,2025-09-25,Online,,Completed,Credit Card,2.64
O0077839,C006815,2025-09-25,Store,S001,Completed,Digital Wallet,0.0
O0077842,C018599,2025-09-25,Store,S007,Completed,Digital Wallet,0.0
O0077857,C002137,2025-09-25,Online,,Completed,Debit Card,12.17
O0077865,C002085,2025-09-25,Online,,Completed,Credit Card,3.69
O0077879,C003223,2025-09-25,Online,,Completed,Credit Card,1.64
O0077886,C004242,2025-09-25,Pickup,S004,Returned,Digital Wallet,0.0
O0077899,C018191,2025-09-25,Online,,Completed,Credit Card,7.42
O0077901,C020483,2025-09-25,Online,,Completed,Credit Card,5.1
O0077902,C003309,2025-09-25,Online,,Cancelled,Debit Card,3.05
O0077906,C004126,2025-09-26,Store,S008,Completed,Gift Card,0.0
O0077911,C002406,2025-09-26,Online,,Completed,Debit Card,4.95
O0077920,C022829,2025-09-26,Online,,Completed,Credit Card,28.63
O0077941,C007250,2025-09-26,Pickup,S006,Completed,Credit Card,0.0
O0077943,C023436,2025-09-26,Online,,Completed,Digital Wallet,2.43
O0077957,C015092,2025-09-26,Pickup,S002,Completed,Credit Card,0.0
O0077969,C009518,2025-09-26,Store,S013,Cancelled,Credit Card,0.0
O0077999,C001816,2025-09-27,Store,S013,Completed,Credit Card,0.0
O0078007,C013469,2025-09-27,Online,,Returned,Credit Card,1.16
O0078010,C019575,2025-09-27,Online,,Cancelled,Digital Wallet,14.89
O0078011,C004703,2025-09-27,Online,,Completed,Digital Wallet,4.13
O0078017,C020950,2025-09-27,Online,,Completed,Credit Card,13.77
O0078026,C024238,2025-09-27,Online,,Completed,Debit Card,21.78
O0078028,C002877,2025-09-27,Pickup,S010,Completed,Credit Card,0.0
O0078034,C014089,2025-09-27,Store,S011,Completed,Credit Card,0.0
O0078043,C018838,2025-09-27,Online,,Completed,Digital Wallet,10.99
O0078045,C009683,2025-09-27,Pickup,S007,Completed,Debit Card,0.0
O0078047,C005156,2025-09-27,Online,,Completed,Credit Card,7.47
O0078054,C011991,2025-09-27,Pickup,S010,Returned,Debit Card,0.0
O0078055,C009392,2025-09-27,Online,,Completed,Digital Wallet,5.07
O0078065,C019593,2025-09-27,Online,,Cancelled,Credit Card,7.25
O0078071,C029769,2025-09-27,Online,,Completed,Credit Card,4.2
O0078076,C017428,2025-09-27,Store,S005,Returned,Credit Card,0.0
O0078077,C029750,2025-09-27,Online,,Completed,Credit Card,11.47
O0078079,C020301,2025-09-27,Store,S012,Returned,Debit Card,0.0
O0078097,C022714,2025-09-28,Store,S002,Completed,Debit Card,0.0
O0078098,C013633,2025-09-28,Online,,Completed,Credit Card,7.53
O0078099,C024126,2025-09-28,Store,S004,Completed,Debit Card,0.0
O0078100,C026085,2025-09-28,Store,S002,Returned,Credit Card,0.0
O0078101,C017434,2025-09-28,Online,,Completed,Credit Card,15.33
O0078123,C019225,2025-09-28,Store,S010,Completed,Credit Card,0.0
O0078126,C022086,2025-09-28,Online,,Completed,Credit Card,1.72
O0078130,C022230,2025-09-28,Online,,Completed,Gift Card,14.17
O0078133,C014065,2025-09-28,Online,,Completed,Credit Card,9.99
O0078144,C007389,2025-09-28,Store,S015,Returned,Credit Card,0.0
O0078147,C015659,2025-09-28,Store,S006,Completed,Credit Card,0.0
O0078161,C025088,2025-09-28,Online,,Completed,Debit Card,6.35
O0078162,C014958,2025-09-28,Online,,Completed,Gift Card,2.16
O0078171,C028660,2025-09-28,Online,,Completed,Credit Card,1.71
O0078186,C006326,2025-09-28,Store,S003,Completed,Credit Card,0.0
O0078190,C020606,2025-09-28,Online,,Completed,Credit Card,9.59
O0078194,C007653,2025-09-29,Store,S014,Completed,Digital Wallet,0.0
O0078196,C020312,2025-09-29,Store,S004,Completed,Credit Card,0.0
O0078201,C001123,2025-09-29,Online,,Completed,Credit Card,5.06
O0078206,C013279,2025-09-29,Online,,Completed,Credit Card,14.2
O0078209,C008325,2025-09-29,Store,S008,Completed,Credit Card,0.0
O0078213,C022829,2025-09-29,Store,S004,Completed,Credit Card,0.0
O0078214,C011772,2025-09-29,Online,,Completed,Credit Card,0.26
O0078216,C012933,2025-09-29,Pickup,S002,Completed,Digital Wallet,0.0
O0078217,C005199,2025-09-29,Store,S015,Completed,Credit Card,0.0
O0078219,C020792,2025-09-29,Online,,Completed,Credit Card,6.32
O0078249,C028690,2025-09-29,Online,,Completed,Credit Card,13.04
O0078257,C016417,2025-09-29,Online,,Completed,Credit Card,1.79
O0078262,C018765,2025-09-29,Online,,Completed,Digital Wallet,2.0
O0078265,C027749,2025-09-29,Online,,Completed,Credit Card,18.36
O0078270,C000035,2025-09-29,Pickup,S005,Completed,Credit Card,0.0
O0078278,C005712,2025-09-29,Online,,Cancelled,Digital Wallet,5.6
O0078279,C017735,2025-09-29,Online,,Completed,Debit Card,7.65
O0078283,C023091,2025-09-29,Store,S009,Completed,Digital Wallet,0.0
O0078289,C028334,2025-09-30,Online,,Completed,Debit Card,4.91
O0078292,C019437,2025-09-30,Online,,Completed,Digital Wallet,9.66
O0078308,C023137,2025-09-30,Store,S006,Completed,Credit Card,0.0
O0078321,C018674,2025-09-30,Online,,Completed,Debit Card,5.56
O0078328,C021568,2025-09-30,Online,,Completed,Debit Card,6.48
O0078348,C015988,2025-09-30,Online,,Completed,Digital Wallet,4.66
O0078366,C025444,2025-09-30,Online,,Completed,Digital Wallet,11.76
O0078371,C017472,2025-09-30,Online,,Completed,Credit Card,14.41
O0078377,C006127,2025-09-30,Store,S001,Completed,Digital Wallet,0.0
O0078386,C003495,2025-10-01,Store,S014,Completed,Credit Card,0.0
O0078392,C006864,2025-10-01,Online,,Completed,Credit Card,8.19
O0078395,C009621,2025-10-01,Store,S003,Completed,Digital Wallet,0.0
O0078403,C017078,2025-10-01,Store,S004,Completed,Credit Card,0.0
O0078405,C026874,2025-10-01,Online,,Completed,Credit Card,15.9
O0078406,C009267,2025-10-01,Store,S007,Completed,Credit Card,0.0
O0078407,C012520,2025-10-01,Online,,Completed,Debit Card,6.89
O0078409,C000645,2025-10-01,Online,,Completed,Debit Card,6.12
O0078417,C027098,2025-10-01,Online,,Completed,Gift Card,2.34
O0078419,C023459,2025-10-01,Store,S001,Completed,Credit Card,0.0
O0078420,C018655,2025-10-01,Online,,Returned,Credit Card,7.91
O0078437,C002904,2025-10-01,Online,,Completed,Debit Card,4.69
O0078455,C014471,2025-10-01,Online,,Completed,Credit Card,11.21
O0078462,C002868,2025-10-01,Online,,Returned,Credit Card,0.6
O0078468,C018186,2025-10-01,Store,S014,Completed,Credit Card,0.0
O0078486,C029906,2025-10-02,Online,,Completed,Credit Card,6.73
O0078491,C028369,2025-10-02,Pickup,S013,Cancelled,Credit Card,0.0
O0078510,C003173,2025-10-02,Online,,Completed,Debit Card,4.82
O0078524,C019808,2025-10-02,Online,,Completed,Debit Card,6.52
O0078536,C029894,2025-10-02,Pickup,S014,Completed,Debit Card,0.0
O0078539,C022292,2025-10-02,Store,S003,Returned,Digital Wallet,0.0
O0078548,C007924,2025-10-02,Online,,Completed,Credit Card,2.26
O0078558,C010060,2025-10-02,Online,,Completed,Credit Card,1.34
O0078573,C007114,2025-10-03,Pickup,S001,Returned,Credit Card,0.0
O0078576,C006530,2025-10-03,Online,,Completed,Credit Card,11.09
O0078581,C026848,2025-10-03,Online,,Completed,Digital Wallet,4.15
O0078582,C009483,2025-10-03,Online,,Completed,Digital Wallet,13.13
O0078589,C027236,2025-10-03,Online,,Completed,Credit Card,5.63
O0078631,C015948,2025-10-03,Pickup,S003,Completed,Debit Card,0.0
O0078641,C009673,2025-10-03,Online,,Completed,Gift Card,0.87
O0078651,C014741,2025-10-03,Online,,Completed,Credit Card,3.66
O0078662,C015976,2025-10-04,Online,,Completed,Credit Card,7.55
O0078669,C002030,2025-10-04,Online,,Completed,Gift Card,2.16
O0078674,C029848,2025-10-04,Store,S014,Returned,Credit Card,0.0
O0078683,C022544,2025-10-04,Pickup,S014,Completed,Credit Card,0.0
O0078692,C027152,2025-10-04,Online,,Completed,Credit Card,8.64
O0078694,C005557,2025-10-04,Store,S006,Completed,Debit Card,0.0
O0078700,C010024,2025-10-04,Store,S001,Completed,Digital Wallet,0.0
O0078706,C002648,2025-10-04,Store,S002,Completed,Credit Card,0.0
O0078719,C016380,2025-10-04,Online,,Completed,Digital Wallet,9.03
O0078720,C011964,2025-10-04,Pickup,S003,Completed,Digital Wallet,0.0
O0078734,C010601,2025-10-04,Pickup,S005,Completed,Credit Card,0.0
O0078744,C025507,2025-10-05,Online,,Completed,Credit Card,3.96
O0078749,C016240,2025-10-05,Online,,Completed,Debit Card,3.94
O0078751,C018637,2025-10-05,Store,S006,Completed,Credit Card,0.0
O0078752,C022799,2025-10-05,Online,,Completed,Credit Card,7.39
O0078757,C024166,2025-10-05,Online,,Completed,Digital Wallet,11.45
O0078776,C027116,2025-10-05,Online,,Completed,Digital Wallet,9.11
O0078793,C019156,2025-10-05,Online,,Completed,Digital Wallet,5.7
O0078795,C017288,2025-10-05,Online,,Completed,Digital Wallet,4.7
O0078799,C019940,2025-10-05,Store,S012,Completed,Credit Card,0.0
O0078832,C021124,2025-10-05,Store,S015,Completed,Debit Card,0.0
O0078836,C002030,2025-10-06,Online,,Completed,Digital Wallet,2.39
O0078840,C029949,2025-10-06,Online,,Completed,Credit Card,7.74
O0078849,C024782,2025-10-06,Online,,Completed,Debit Card,7.0
O0078856,C008687,2025-10-06,Store,S011,Completed,Debit Card,0.0
O0078867,C022459,2025-10-06,Online,,Completed,Debit Card,12.24
O0078868,C006523,2025-10-06,Store,S005,Completed,Debit Card,0.0
O0078869,C021348,2025-10-06,Online,,Completed,Debit Card,2.25
O0078885,C005187,2025-10-06,Online,,Completed,Debit Card,5.37
O0078886,C019691,2025-10-06,Online,,Completed,Digital Wallet,13.03
O0078894,C022088,2025-10-06,Online,,Completed,Debit Card,9.55
O0078915,C012676,2025-10-06,Pickup,S010,Completed,Debit Card,0.0
O0078933,C023010,2025-10-07,Online,,Completed,Credit Card,14.22
O0078935,C023534,2025-10-07,Store,S005,Completed,Credit Card,0.0
O0078948,C019537,2025-10-07,Online,,Completed,Credit Card,1.36
O0078951,C024849,2025-10-07,Online,,Completed,Credit Card,4.26
O0078956,C003106,2025-10-07,Store,S006,Completed,Digital Wallet,0.0
O0078961,C015100,2025-10-07,Online,,Completed,Debit Card,11.8
O0078964,C027831,2025-10-07,Store,S009,Completed,Digital Wallet,0.0
O0078965,C007924,2025-10-07,Store,S010,Returned,Debit Card,0.0
O0078977,C021306,2025-10-07,Online,,Completed,Credit Card,5.56
O0078978,C018418,2025-10-07,Online,,Completed,Credit Card,4.13
O0078982,C020641,2025-10-07,Store,S010,Completed,Credit Card,0.0
O0078983,C028526,2025-10-07,Online,,Completed,Digital Wallet,0.22
O0078987,C010952,2025-10-07,Online,,Returned,Debit Card,5.27
O0079001,C021714,2025-10-07,Online,,Completed,Credit Card,7.17
O0079008,C008926,2025-10-07,Online,,Cancelled,Digital Wallet,6.3
O0079023,C018674,2025-10-08,Online,,Completed,Debit Card,3.28
O0079035,C016558,2025-10-08,Store,S007,Completed,Credit Card,0.0
O0079058,C000980,2025-10-08,Online,,Completed,Debit Card,11.13
O0079064,C028369,2025-10-08,Store,S013,Completed,Digital Wallet,0.0
O0079066,C010644,2025-10-08,Store,S009,Completed,Credit Card,0.0
O0079071,C012864,2025-10-08,Online,,Completed,Debit Card,3.79
O0079077,C013742,2025-10-08,Online,,Completed,Digital Wallet,14.69
O0079079,C002679,2025-10-08,Pickup,S002,Completed,Credit Card,0.0
O0079081,C013131,2025-10-08,Store,S011,Completed,Debit Card,0.0
O0079089,C003663,2025-10-08,Online,,Completed,Digital Wallet,18.18
O0079090,C014813,2025-10-08,Online,,Completed,Credit Card,3.01
O0079098,C004557,2025-10-09,Pickup,S006,Cancelled,Debit Card,0.0
O0079100,C002904,2025-10-09,Online,,Completed,Debit Card,7.84
O0079120,C011629,2025-10-09,Store,S003,Completed,Credit Card,0.0
O0079121,C004786,2025-10-09,Store,S007,Completed,Digital Wallet,0.0
O0079134,C008780,2025-10-09,Online,,Completed,Credit Card,16.13
O0079135,C006836,2025-10-09,Store,S006,Completed,Credit Card,0.0
O0079141,C005680,2025-10-09,Online,,Completed,Debit Card,2.19
O0079143,C004986,2025-10-09,Store,S001,Completed,Credit Card,0.0
O0079156,C025441,2025-10-09,Online,,Completed,Credit Card,5.41
O0079165,C021232,2025-10-09,Online,,Completed,Credit Card,2.47
O0079166,C007786,2025-10-09,Online,,Completed,Credit Card,5.22
O0079171,C017434,2025-10-09,Online,,Completed,Credit Card,16.36
O0079181,C028844,2025-10-09,Online,,Completed,Credit Card,1.91
O0079195,C025234,2025-10-09,Store,S012,Completed,Credit Card,0.0
O0079201,C004255,2025-10-10,Store,S002,Completed,Gift Card,0.0
O0079217,C015840,2025-10-10,Store,S001,Completed,Credit Card,0.0
O0079219,C015431,2025-10-10,Pickup,S006,Completed,Credit Card,0.0
O0079224,C026729,2025-10-10,Store,S013,Cancelled,Debit Card,0.0
O0079230,C019173,2025-10-10,Store,S015,Completed,Digital Wallet,0.0
O0079231,C002596,2025-10-10,Store,S014,Completed,Digital Wallet,0.0
O0079240,C000891,2025-10-10,Online,,Completed,Gift Card,11.11
O0079242,C022489,2025-10-10,Pickup,S004,Completed,Credit Card,0.0
O0079246,C009568,2025-10-10,Store,S001,Completed,Debit Card,0.0
O0079250,C007998,2025-10-10,Online,,Completed,Credit Card,16.48
O0079259,C002849,2025-10-10,Online,,Completed,Credit Card,2.95
O0079262,C026051,2025-10-10,Online,,Completed,Credit Card,1.39
O0079264,C019279,2025-10-10,Store,S008,Completed,Credit Card,0.0
O0079287,C002956,2025-10-11,Pickup,S003,Completed,Debit Card,0.0
O0079290,C013065,2025-10-11,Online,,Completed,Gift Card,20.57
O0079296,C018369,2025-10-11,Online,,Completed,Credit Card,3.5
O0079298,C022113,2025-10-11,Store,S014,Completed,Credit Card,0.0
O0079303,C011357,2025-10-11,Online,,Completed,Digital Wallet,21.06
O0079316,C008517,2025-10-11,Store,S013,Completed,Digital Wallet,0.0
O0079320,C004405,2025-10-11,Online,,Completed,Digital Wallet,4.98
O0079322,C010785,2025-10-11,Store,S011,Cancelled,Debit Card,0.0
O0079325,C001691,2025-10-11,Store,S010,Completed,Digital Wallet,0.0
O0079330,C026398,2025-10-11,Store,S010,Returned,Debit Card,0.0
O0079331,C028856,2025-10-11,Online,,Completed,Digital Wallet,2.56
O0079335,C000706,2025-10-11,Online,,Returned,Debit Card,1.39
O0079339,C027013,2025-10-11,Online,,Completed,Digital Wallet,4.0
O0079340,C029613,2025-10-11,Online,,Completed,Credit Card,2.48
O0079354,C007108,2025-10-11,Pickup,S014,Completed,Debit Card,0.0
O0079367,C017440,2025-10-11,Online,,Completed,Gift Card,5.76
O0079368,C005158,2025-10-11,Store,S014,Returned,Credit Card,0.0
O0079374,C025559,2025-10-12,Store,S004,Completed,Digital Wallet,0.0
O0079398,C010125,2025-10-12,Store,S004,Cancelled,Debit Card,0.0
O0079410,C024744,2025-10-12,Store,S016,Completed,Credit Card,0.0
O0079418,C012594,2025-10-12,Store,S009,Completed,Credit Card,0.0
O0079438,C003779,2025-10-12,Online,,Completed,Credit Card,7.48
O0079455,C004340,2025-10-12,Store,S002,Completed,Credit Card,0.0
O0079470,C004985,2025-10-12,Online,,Completed,Debit Card,4.76
O0079471,C005534,2025-10-12,Online,,Completed,Debit Card,5.49
O0079482,C018933,2025-10-13,Store,S005,Completed,Digital Wallet,0.0
O0079486,C012369,2025-10-13,Store,S002,Completed,Credit Card,0.0
O0079491,C017867,2025-10-13,Online,,Completed,Digital Wallet,1.52
O0079500,C019861,2025-10-13,Online,,Completed,Credit Card,5.31
O0079508,C017006,2025-10-13,Online,,Completed,Digital Wallet,3.62
O0079527,C024990,2025-10-13,Online,,Completed,Credit Card,0.71
O0079531,C002684,2025-10-13,Online,,Completed,Credit Card,4.95
O0079540,C014245,2025-10-13,Pickup,S004,Completed,Credit Card,0.0
O0079553,C014539,2025-10-13,Pickup,S003,Completed,Digital Wallet,0.0
O0079561,C029587,2025-10-14,Store,S009,Completed,Digital Wallet,0.0
O0079564,C003704,2025-10-14,Online,,Completed,Credit Card,5.83
O0079576,C002859,2025-10-14,Store,S005,Completed,Credit Card,0.0
O0079581,C011357,2025-10-14,Online,,Completed,Credit Card,4.62
O0079584,C006621,2025-10-14,Store,S010,Completed,Debit Card,0.0
O0079618,C005845,2025-10-14,Store,S002,Completed,Debit Card,0.0
O0079626,C011936,2025-10-14,Store,S002,Completed,Debit Card,0.0
O0079631,C004844,2025-10-14,Online,,Completed,Credit Card,3.79
O0079637,C008179,2025-10-14,Online,,Completed,Debit Card,7.83
O0079643,C002142,2025-10-15,Online,,Completed,Debit Card,3.93
O0079648,C023107,2025-10-15,Store,S009,Completed,Credit Card,0.0
O0079654,C004868,2025-10-15,Store,S015,Completed,Credit Card,0.0
O0079658,C014929,2025-10-15,Pickup,S001,Returned,Credit Card,0.0
O0079660,C025823,2025-10-15,Pickup,S001,Completed,Credit Card,0.0
O0079678,C002277,2025-10-15,Online,,Completed,Gift Card,4.67
O0079688,C015163,2025-10-15,Online,,Completed,Debit Card,4.62
O0079689,C006493,2025-10-15,Pickup,S016,Completed,Debit Card,0.0
O0079714,C012607,2025-10-15,Pickup,S008,Completed,Debit Card,0.0
O0079715,C002309,2025-10-15,Store,S008,Completed,Gift Card,0.0
O0079724,C001367,2025-10-15,Online,,Completed,Digital Wallet,5.56
O0079731,C020147,2025-10-16,Store,S003,Completed,Credit Card,0.0
O0079733,C025470,2025-10-16,Store,S009,Completed,Debit Card,0.0
O0079734,C013102,2025-10-16,Store,S003,Completed,Digital Wallet,0.0
O0079740,C001397,2025-10-16,Store,S008,Completed,Debit Card,0.0
O0079746,C004818,2025-10-16,Online,,Completed,Digital Wallet,2.32
O0079749,C014059,2025-10-16,Online,,Completed,Credit Card,5.92
O0079750,C010005,2025-10-16,Online,,Completed,Credit Card,5.27
O0079757,C025916,2025-10-16,Online,,Completed,Credit Card,10.46
O0079763,C002959,2025-10-16,Online,,Completed,Credit Card,21.26
O0079769,C021041,2025-10-16,Online,,Completed,Debit Card,11.61
O0079771,C001537,2025-10-16,Store,S006,Completed,Digital Wallet,0.0
O0079773,C015481,2025-10-16,Store,S006,Completed,Credit Card,0.0
O0079790,C018655,2025-10-16,Online,,Completed,Credit Card,14.29
O0079792,C005340,2025-10-16,Online,,Cancelled,Digital Wallet,0.3
O0079800,C022618,2025-10-16,Online,,Completed,Digital Wallet,9.59
O0079808,C022242,2025-10-16,Store,S016,Completed,Digital Wallet,0.0
O0079810,C006903,2025-10-16,Online,,Completed,Credit Card,2.34
O0079815,C017625,2025-10-16,Online,,Completed,Digital Wallet,3.49
O0079821,C025181,2025-10-17,Store,S007,Completed,Debit Card,0.0
O0079839,C002798,2025-10-17,Store,S010,Completed,Digital Wallet,0.0
O0079844,C010651,2025-10-17,Store,S007,Completed,Digital Wallet,0.0
O0079896,C019595,2025-10-17,Store,S016,Completed,Debit Card,0.0
O0079899,C018973,2025-10-17,Online,,Completed,Credit Card,3.48
O0079905,C004409,2025-10-17,Online,,Completed,Debit Card,3.39
O0079908,C004844,2025-10-17,Online,,Completed,Gift Card,10.17
O0079912,C021507,2025-10-18,Online,,Returned,Credit Card,8.31
O0079918,C001691,2025-10-18,Online,,Completed,Credit Card,17.51
O0079919,C013638,2025-10-18,Online,,Completed,Debit Card,9.49
O0079925,C010039,2025-10-18,Store,S012,Completed,Credit Card,0.0
O0079929,C001838,2025-10-18,Online,,Completed,Digital Wallet,9.78
O0079935,C015343,2025-10-18,Online,,Completed,Debit Card,4.14
O0079951,C028628,2025-10-18,Store,S013,Completed,Digital Wallet,0.0
O0079963,C027521,2025-10-18,Online,,Completed,Credit Card,3.46
O0079966,C008157,2025-10-18,Online,,Completed,Credit Card,5.53
O0079969,C019641,2025-10-18,Store,S007,Returned,Credit Card,0.0
O0079971,C024871,2025-10-18,Store,S007,Completed,Digital Wallet,0.0
O0079991,C021354,2025-10-18,Store,S014,Completed,Credit Card,0.0
O0079994,C028676,2025-10-18,Pickup,S009,Completed,Credit Card,0.0
O0079998,C015519,2025-10-18,Store,S013,Completed,Debit Card,0.0
O0080012,C013638,2025-10-18,Store,S013,Completed,Credit Card,0.0
O0080024,C027495,2025-10-19,Online,,Completed,Credit Card,9.09
O0080031,C009656,2025-10-19,Online,,Completed,Debit Card,7.92
O0080034,C002956,2025-10-19,Online,,Completed,Credit Card,1.91
O0080048,C018079,2025-10-19,Online,,Completed,Digital Wallet,4.14
O0080051,C025140,2025-10-19,Online,,Completed,Credit Card,6.65
O0080056,C017307,2025-10-19,Online,,Completed,Credit Card,6.13
O0080057,C012368,2025-10-19,Store,S002,Completed,Credit Card,0.0
O0080077,C025792,2025-10-19,Store,S008,Completed,Debit Card,0.0
O0080078,C003711,2025-10-19,Online,,Completed,Credit Card,7.56
O0080080,C020503,2025-10-19,Store,S006,Completed,Credit Card,0.0
O0080084,C021868,2025-10-19,Online,,Completed,Credit Card,16.52
O0080090,C003285,2025-10-19,Store,S005,Completed,Credit Card,0.0
O0080102,C004105,2025-10-19,Pickup,S006,Completed,Credit Card,0.0
O0080107,C001472,2025-10-19,Online,,Returned,Debit Card,5.04
O0080117,C005506,2025-10-20,Store,S004,Completed,Debit Card,0.0
O0080128,C028547,2025-10-20,Store,S005,Completed,Debit Card,0.0
O0080129,C003799,2025-10-20,Online,,Completed,Credit Card,3.23
O0080140,C008035,2025-10-20,Online,,Completed,Gift Card,6.21
O0080159,C021811,2025-10-20,Online,,Completed,Credit Card,9.7
O0080164,C010009,2025-10-20,Online,,Completed,Credit Card,6.61
O0080170,C017320,2025-10-20,Online,,Completed,Credit Card,4.73
O0080174,C011678,2025-10-20,Online,,Returned,Credit Card,2.4
O0080176,C009173,2025-10-20,Online,,Completed,Credit Card,2.4
O0080183,C004230,2025-10-20,Store,S001,Completed,Credit Card,0.0
O0080186,C014958,2025-10-20,Store,S010,Completed,Digital Wallet,0.0
O0080192,C006603,2025-10-20,Store,S004,Completed,Digital Wallet,0.0
O0080196,C020465,2025-10-21,Online,,Completed,Debit Card,5.28
O0080199,C010301,2025-10-21,Store,S011,Cancelled,Credit Card,0.0
O0080200,C005283,2025-10-21,Store,S016,Completed,Credit Card,0.0
O0080201,C009092,2025-10-21,Online,,Completed,Credit Card,7.95
O0080210,C007428,2025-10-21,Online,,Cancelled,Credit Card,3.47
O0080216,C003844,2025-10-21,Store,S005,Completed,Credit Card,0.0
O0080229,C019378,2025-10-21,Store,S010,Completed,Credit Card,0.0
O0080246,C025554,2025-10-21,Online,,Completed,Digital Wallet,4.11
O0080248,C028152,2025-10-21,Online,,Completed,Debit Card,4.16
O0080265,C011161,2025-10-21,Online,,Completed,Debit Card,3.97
O0080268,C028778,2025-10-21,Online,,Completed,Credit Card,4.75
O0080278,C004348,2025-10-21,Pickup,S003,Completed,Credit Card,0.0
O0080290,C002202,2025-10-22,Store,S006,Completed,Digital Wallet,0.0
O0080296,C010060,2025-10-22,Online,,Completed,Credit Card,9.11
O0080305,C022373,2025-10-22,Store,S015,Completed,Credit Card,0.0
O0080313,C015487,2025-10-22,Store,S005,Completed,Credit Card,0.0
O0080339,C024553,2025-10-22,Store,S006,Completed,Debit Card,0.0
O0080350,C014668,2025-10-22,Online,,Completed,Digital Wallet,13.92
O0080357,C001922,2025-10-22,Online,,Completed,Credit Card,7.64
O0080359,C021789,2025-10-22,Online,,Completed,Credit Card,4.19
O0080368,C016136,2025-10-22,Online,,Completed,Credit Card,8.78
O0080369,C028009,2025-10-22,Pickup,S012,Returned,Digital Wallet,0.0
O0080370,C028626,2025-10-22,Online,,Completed,Digital Wallet,2.04
O0080374,C016982,2025-10-22,Online,,Completed,Digital Wallet,1.62
O0080390,C010145,2025-10-23,Online,,Completed,Credit Card,2.87
O0080395,C015603,2025-10-23,Store,S012,Completed,Credit Card,0.0
O0080400,C015481,2025-10-23,Online,,Completed,Credit Card,7.51
O0080402,C022275,2025-10-23,Online,,Completed,Digital Wallet,24.55
O0080410,C025359,2025-10-23,Online,,Completed,Digital Wallet,3.71
O0080415,C015545,2025-10-23,Online,,Completed,Credit Card,4.36
O0080417,C011652,2025-10-23,Pickup,S010,Completed,Debit Card,0.0
O0080422,C011772,2025-10-23,Online,,Completed,Digital Wallet,2.54
O0080435,C000658,2025-10-23,Store,S008,Completed,Debit Card,0.0
O0080436,C023664,2025-10-23,Online,,Completed,Debit Card,5.18
O0080445,C009768,2025-10-23,Online,,Completed,Digital Wallet,3.98
O0080457,C028822,2025-10-23,Online,,Completed,Credit Card,4.35
O0080458,C024798,2025-10-23,Online,,Completed,Debit Card,4.41
O0080464,C019861,2025-10-23,Pickup,S016,Cancelled,Credit Card,0.0
O0080466,C006836,2025-10-23,Pickup,S005,Cancelled,Credit Card,0.0
O0080471,C023391,2025-10-23,Store,S004,Completed,Credit Card,0.0
O0080474,C011239,2025-10-23,Online,,Completed,Debit Card,4.73
O0080475,C005536,2025-10-24,Online,,Completed,Debit Card,2.37
O0080489,C002498,2025-10-24,Online,,Completed,Debit Card,3.14
O0080494,C025140,2025-10-24,Store,S008,Completed,Debit Card,0.0
O0080510,C019322,2025-10-24,Store,S005,Completed,Credit Card,0.0
O0080522,C013996,2025-10-24,Online,,Returned,Gift Card,3.28
O0080533,C007554,2025-10-24,Store,S005,Completed,Credit Card,0.0
O0080539,C009649,2025-10-24,Online,,Completed,Debit Card,9.25
O0080541,C014571,2025-10-24,Store,S009,Completed,Debit Card,0.0
O0080559,C000145,2025-10-25,Store,S001,Completed,Digital Wallet,0.0
O0080568,C017432,2025-10-25,Store,S016,Completed,Credit Card,0.0
O0080576,C000937,2025-10-25,Online,,Completed,Digital Wallet,2.52
O0080578,C024219,2025-10-25,Store,S016,Completed,Digital Wallet,0.0
O0080579,C003470,2025-10-25,Store,S003,Completed,Debit Card,0.0
O0080584,C009972,2025-10-25,Store,S005,Completed,Credit Card,0.0
O0080588,C000035,2025-10-25,Pickup,S007,Completed,Credit Card,0.0
O0080593,C004321,2025-10-25,Store,S004,Returned,Credit Card,0.0
O0080596,C027757,2025-10-25,Store,S003,Completed,Credit Card,0.0
O0080613,C005524,2025-10-25,Online,,Returned,Credit Card,1.47
O0080619,C004247,2025-10-25,Store,S006,Completed,Credit Card,0.0
O0080623,C016696,2025-10-25,Online,,Completed,Credit Card,3.08
O0080624,C013292,2025-10-25,Online,,Completed,Digital Wallet,2.71
O0080632,C004230,2025-10-25,Online,,Completed,Debit Card,2.88
O0080644,C006689,2025-10-25,Online,,Completed,Credit Card,8.1
O0080661,C009503,2025-10-26,Online,,Completed,Debit Card,8.02
O0080667,C001669,2025-10-26,Online,,Completed,Credit Card,0.64
O0080672,C013499,2025-10-26,Store,S009,Returned,Credit Card,0.0
O0080677,C006483,2025-10-26,Online,,Completed,Digital Wallet,1.65
O0080681,C023787,2025-10-26,Pickup,S002,Completed,Debit Card,0.0
O0080700,C004411,2025-10-26,Online,,Returned,Digital Wallet,4.67
O0080702,C013619,2025-10-26,Pickup,S005,Completed,Credit Card,0.0
O0080709,C029690,2025-10-26,Online,,Completed,Digital Wallet,1.7
O0080711,C008940,2025-10-26,Pickup,S007,Completed,Credit Card,0.0
O0080724,C026866,2025-10-26,Store,S002,Completed,Digital Wallet,0.0
O0080737,C006351,2025-10-26,Store,S006,Completed,Credit Card,0.0
O0080739,C023615,2025-10-26,Pickup,S015,Returned,Debit Card,0.0
O0080751,C029963,2025-10-26,Online,,Cancelled,Credit Card,4.11
O0080755,C004171,2025-10-26,Online,,Completed,Gift Card,14.14
O0080757,C017698,2025-10-27,Online,,Completed,Debit Card,4.76
O0080760,C009568,2025-10-27,Online,,Completed,Gift Card,5.98
O0080771,C006889,2025-10-27,Store,S009,Completed,Credit Card,0.0
O0080774,C022569,2025-10-27,Store,S003,Completed,Debit Card,0.0
O0080790,C011256,2025-10-27,Store,S003,Completed,Gift Card,0.0
O0080806,C000580,2025-10-27,Pickup,S008,Completed,Debit Card,0.0
O0080808,C029018,2025-10-27,Pickup,S001,Completed,Debit Card,0.0
O0080809,C028201,2025-10-27,Store,S004,Completed,Digital Wallet,0.0
O0080811,C011151,2025-10-27,Online,,Completed,Credit Card,5.4
O0080816,C012037,2025-10-27,Online,,Completed,Credit Card,7.35
O0080824,C017787,2025-10-27,Store,S011,Completed,Credit Card,0.0
O0080829,C029479,2025-10-27,Store,S009,Completed,Credit Card,0.0
O0080831,C006485,2025-10-27,Online,,Completed,Debit Card,0.63
O0080849,C002143,2025-10-27,Store,S005,Completed,Credit Card,0.0
O0080851,C027191,2025-10-27,Pickup,S009,Completed,Digital Wallet,0.0
O0080864,C013119,2025-10-28,Store,S003,Completed,Debit Card,0.0
O0080872,C015431,2025-10-28,Online,,Completed,Debit Card,2.36
O0080873,C009817,2025-10-28,Store,S003,Completed,Digital Wallet,0.0
O0080888,C002636,2025-10-28,Store,S012,Completed,Credit Card,0.0
O0080896,C021265,2025-10-28,Store,S014,Completed,Credit Card,0.0
O0080903,C015615,2025-10-28,Store,S013,Completed,Gift Card,0.0
O0080915,C016651,2025-10-28,Pickup,S007,Completed,Debit Card,0.0
O0080933,C027191,2025-10-28,Online,,Completed,Credit Card,14.85
O0080940,C013903,2025-10-28,Online,,Completed,Credit Card,7.32
O0080960,C012877,2025-10-29,Store,S007,Completed,Credit Card,0.0
O0080971,C021606,2025-10-29,Online,,Completed,Credit Card,7.89
O0080977,C015879,2025-10-29,Online,,Completed,Digital Wallet,5.65
O0080988,C003843,2025-10-29,Online,,Completed,Credit Card,1.77
O0080996,C022837,2025-10-29,Online,,Completed,Digital Wallet,4.66
O0080997,C000706,2025-10-29,Online,,Completed,Digital Wallet,2.87
O0081011,C008590,2025-10-29,Store,S006,Completed,Digital Wallet,0.0
O0081018,C023527,2025-10-29,Online,,Completed,Digital Wallet,5.33
O0081027,C011489,2025-10-30,Pickup,S003,Completed,Debit Card,0.0
O0081031,C005926,2025-10-30,Online,,Completed,Debit Card,16.79
O0081037,C012921,2025-10-30,Online,,Completed,Credit Card,6.64
O0081054,C005916,2025-10-30,Online,,Completed,Digital Wallet,1.39
O0081056,C004590,2025-10-30,Online,,Completed,Debit Card,1.94
O0081061,C014887,2025-10-30,Online,,Completed,Credit Card,6.03
O0081063,C029479,2025-10-30,Online,,Completed,Credit Card,12.65
O0081067,C024693,2025-10-30,Store,S009,Completed,Digital Wallet,0.0
O0081071,C014836,2025-10-30,Store,S015,Completed,Digital Wallet,0.0
O0081072,C015758,2025-10-30,Online,,Completed,Debit Card,4.11
O0081074,C009540,2025-10-30,Store,S008,Completed,Credit Card,0.0
O0081100,C017387,2025-10-30,Store,S009,Completed,Debit Card,0.0
O0081113,C009104,2025-10-31,Store,S006,Completed,Digital Wallet,0.0
O0081127,C024368,2025-10-31,Store,S016,Returned,Credit Card,0.0
O0081137,C001484,2025-10-31,Pickup,S014,Completed,Credit Card,0.0
O0081141,C002030,2025-10-31,Store,S015,Completed,Credit Card,0.0
O0081174,C029237,2025-10-31,Store,S012,Completed,Digital Wallet,0.0
O0081183,C017830,2025-10-31,Store,S009,Completed,Debit Card,0.0
O0081184,C029433,2025-10-31,Online,,Completed,Credit Card,24.33
O0081187,C015100,2025-10-31,Online,,Completed,Debit Card,5.02
O0081196,C019033,2025-10-31,Online,,Completed,Credit Card,8.67
O0081199,C024040,2025-10-31,Online,,Completed,Debit Card,4.95
O0081203,C017032,2025-10-31,Online,,Completed,Debit Card,21.2
O0081213,C028518,2025-11-01,Online,,Completed,Debit Card,3.64
O0081226,C000346,2025-11-01,Online,,Completed,Digital Wallet,1.84
O0081235,C012671,2025-11-01,Online,,Completed,Credit Card,4.29
O0081237,C010728,2025-11-01,Pickup,S009,Completed,Digital Wallet,0.0
O0081264,C019773,2025-11-01,Store,S010,Completed,Credit Card,0.0
O0081268,C010300,2025-11-01,Online,,Completed,Credit Card,2.69
O0081281,C018068,2025-11-01,Store,S006,Returned,Debit Card,0.0
O0081295,C019173,2025-11-01,Online,,Completed,Credit Card,3.85
O0081297,C015738,2025-11-01,Online,,Completed,Digital Wallet,12.15
O0081306,C006216,2025-11-01,Pickup,S014,Completed,Debit Card,0.0
O0081310,C012283,2025-11-01,Store,S014,Completed,Digital Wallet,0.0
O0081325,C006434,2025-11-01,Store,S012,Completed,Credit Card,0.0
O0081340,C028698,2025-11-01,Store,S009,Completed,Debit Card,0.0
O0081341,C023458,2025-11-01,Online,,Completed,Debit Card,2.7
O0081343,C022565,2025-11-01,Online,,Completed,Credit Card,9.24
O0081344,C000739,2025-11-01,Store,S007,Cancelled,Credit Card,0.0
O0081348,C021996,2025-11-01,Store,S008,Completed,Digital Wallet,0.0
O0081356,C027743,2025-11-02,Online,,Completed,Credit Card,10.72
O0081357,C021764,2025-11-02,Online,,Completed,Credit Card,5.9
O0081360,C014977,2025-11-02,Store,S003,Completed,Digital Wallet,0.0
O0081403,C001661,2025-11-02,Pickup,S004,Completed,Credit Card,0.0
O0081414,C025412,2025-11-02,Store,S011,Completed,Debit Card,0.0
O0081419,C010145,2025-11-02,Store,S008,Completed,Debit Card,0.0
O0081421,C011766,2025-11-02,Store,S014,Completed,Digital Wallet,0.0
O0081426,C015845,2025-11-02,Online,,Completed,Credit Card,7.25
O0081427,C013029,2025-11-02,Store,S011,Completed,Digital Wallet,0.0
O0081430,C007761,2025-11-02,Online,,Completed,Debit Card,2.55
O0081431,C007476,2025-11-02,Online,,Completed,Credit Card,13.76
O0081470,C004210,2025-11-02,Store,S010,Completed,Digital Wallet,0.0
O0081479,C004187,2025-11-02,Store,S004,Completed,Credit Card,0.0
O0081506,C021367,2025-11-03,Store,S006,Completed,Debit Card,0.0
O0081519,C004385,2025-11-03,Pickup,S004,Completed,Credit Card,0.0
O0081523,C012741,2025-11-03,Online,,Completed,Credit Card,4.0
O0081525,C017735,2025-11-03,Online,,Completed,Credit Card,1.42
O0081546,C026692,2025-11-03,Online,,Completed,Credit Card,1.7
O0081562,C000128,2025-11-03,Store,S005,Completed,Credit Card,0.0
O0081565,C018267,2025-11-03,Store,S014,Completed,Digital Wallet,0.0
O0081569,C022035,2025-11-03,Online,,Completed,Digital Wallet,10.68
O0081596,C006251,2025-11-03,Pickup,S003,Completed,Digital Wallet,0.0
O0081606,C014688,2025-11-03,Online,,Completed,Debit Card,6.97
O0081613,C027935,2025-11-03,Store,S010,Returned,Debit Card,0.0
O0081615,C016360,2025-11-03,Store,S003,Completed,Credit Card,0.0
O0081631,C010456,2025-11-04,Online,,Completed,Credit Card,6.4
O0081635,C009673,2025-11-04,Online,,Completed,Debit Card,3.54
O0081644,C013041,2025-11-04,Online,,Returned,Debit Card,7.92
O0081648,C021291,2025-11-04,Online,,Completed,Credit Card,4.83
O0081657,C006889,2025-11-04,Store,S010,Completed,Digital Wallet,0.0
O0081658,C015879,2025-11-04,Store,S011,Completed,Digital Wallet,0.0
O0081667,C019808,2025-11-04,Online,,Completed,Debit Card,1.39
O0081679,C011074,2025-11-04,Store,S010,Completed,Credit Card,0.0
O0081692,C000398,2025-11-04,Online,,Completed,Credit Card,3.98
O0081700,C027937,2025-11-04,Online,,Completed,Debit Card,6.41
O0081703,C016273,2025-11-04,Online,,Completed,Credit Card,8.71
O0081708,C019084,2025-11-04,Online,,Completed,Digital Wallet,4.07
O0081712,C018080,2025-11-04,Pickup,S006,Completed,Digital Wallet,0.0
O0081716,C000665,2025-11-04,Online,,Completed,Debit Card,2.66
O0081738,C013721,2025-11-04,Store,S008,Completed,Credit Card,0.0
O0081753,C005006,2025-11-05,Online,,Completed,Digital Wallet,3.81
O0081763,C013134,2025-11-05,Store,S009,Completed,Credit Card,0.0
O0081769,C014813,2025-11-05,Store,S014,Completed,Credit Card,0.0
O0081784,C024948,2025-11-05,Online,,Completed,Credit Card,5.36
O0081801,C021811,2025-11-05,Store,S005,Completed,Credit Card,0.0
O0081810,C001838,2025-11-05,Online,,Completed,Gift Card,5.49
O0081820,C019443,2025-11-05,Online,,Completed,Credit Card,7.07
O0081830,C004105,2025-11-05,Store,S007, complete ,Credit Card,0.0
O0081835,C003947,2025-11-05,Pickup,S012,Completed,Digital Wallet,0.0
O0081837,C000174,2025-11-05,Online,,Completed,Credit Card,4.44
O0081845,C022166,2025-11-05,Online,,Completed,Debit Card,7.7
O0081852,C029551,2025-11-05,Pickup,S006,Completed,Credit Card,0.0
O0081864,C015678,2025-11-05,Store,S011,Completed,Credit Card,0.0
O0081866,C004820,2025-11-05,Online,,Returned,Debit Card,11.07
O0081870,C019682,2025-11-06,Store,S010,Completed,Credit Card,0.0
O0081880,C017589,2025-11-06,Online,,Completed,Debit Card,2.09
O0081883,C018613,2025-11-06,Store,S015,Completed,Debit Card,0.0
O0081887,C022186,2025-11-06,Store,S013,Completed,Credit Card,0.0
O0081907,C013493,2025-11-06,Pickup,S006, complete ,Credit Card,0.0
O0081912,C027864,2025-11-06,Online,,Completed,Credit Card,3.79
O0081918,C009154,2025-11-06,Online,,Completed,Digital Wallet,3.33
O0081924,C029775,2025-11-06,Pickup,S005,Completed,Digital Wallet,0.0
O0081925,C020445,2025-11-06,Store,S013,Returned,Credit Card,0.0
O0081954,C002277,2025-11-06,Online,,Completed,Digital Wallet,11.19
O0081955,C011752,2025-11-06,Store,S013,Completed,Digital Wallet,0.0
O0081962,C015487,2025-11-06,Online,,Completed,Digital Wallet,3.69
O0081969,C010002,2025-11-06,Online,,Completed,Credit Card,12.92
O0081971,C023589,2025-11-06,Pickup,S001,Cancelled,Credit Card,0.0
O0081973,C024849,2025-11-06,Online,,Completed,Credit Card,2.35
O0081976,C016404,2025-11-06,Store,S016,Completed,Debit Card,0.0
O0081981,C003287,2025-11-06,Online,,Completed,Digital Wallet,4.26
O0081994,C012322,2025-11-06,Store,S004,Completed,Credit Card,0.0
O0082004,C029658,2025-11-07,Store,S011,Completed,Debit Card,0.0
O0082011,C017134,2025-11-07,Store,S003,Completed,Debit Card,0.0
O0082018,C004297,2025-11-07,Online,,Completed,Digital Wallet,8.91
O0082019,C006563,2025-11-07,Pickup,S014,Completed,Credit Card,0.0
O0082027,C002112,2025-11-07,Online,,Completed,Digital Wallet,2.16
O0082028,C004352,2025-11-07,Online,,Completed,Credit Card,3.51
O0082032,C023518,2025-11-07,Store,S002,Completed,Credit Card,0.0
O0082033,C016982,2025-11-07,Online,,Completed,Digital Wallet,9.53
O0082041,C023180,2025-11-07,Online,,Completed,Digital Wallet,6.59
O0082046,C001828,2025-11-07,Pickup,S004,Completed,Digital Wallet,0.0
O0082047,C029323,2025-11-07,Online,,Completed,Debit Card,5.97
O0082056,C010310,2025-11-07,Store,S001,Completed,Credit Card,0.0
O0082061,C014725,2025-11-07,Online,,Completed,Credit Card,6.18
O0082065,C002580,2025-11-07,Pickup,S014,Completed,Credit Card,0.0
O0082079,C013641,2025-11-07,Store,S009,Completed,Gift Card,0.0
O0082091,C024222,2025-11-07,Pickup,S011,Completed,Credit Card,0.0
O0082092,C028663,2025-11-07,Online,,Completed,Debit Card,14.48
O0082106,C027069,2025-11-07,Online,,Completed,Credit Card,0.51
O0082114,C029884,2025-11-07,Store,S008,Completed,Digital Wallet,0.0
O0082117,C014199,2025-11-07,Online,,Completed,Credit Card,13.22
O0082127,C004179,2025-11-07,Store,S005,Completed,Digital Wallet,0.0
O0082129,C001643,2025-11-07,Online,,Completed,Gift Card,7.12
O0082132,C008705,2025-11-07,Store,S012,Completed,Gift Card,0.0
O0082138,C008280,2025-11-08,Store,S003,Completed,Digital Wallet,0.0
O0082145,C025576,2025-11-08,Online,,Completed,Credit Card,4.71
O0082170,C015738,2025-11-08,Online,,Completed,Debit Card,4.23
O0082182,C010899,2025-11-08,Pickup,S004,Completed,Credit Card,0.0
O0082189,C008204,2025-11-08,Pickup,S015,Completed,Credit Card,0.0
O0082197,C010388,2025-11-08,Online,,Returned,Credit Card,0.57
O0082218,C017496,2025-11-08,Store,S002,Completed,Credit Card,0.0
O0082230,C010709,2025-11-08,Store,S002,Completed,Debit Card,0.0
O0082231,C007213,2025-11-08,Store,S013,Completed,Credit Card,0.0
O0082238,C023744,2025-11-08,Online,,Completed,Credit Card,6.05
O0082248,C015001,2025-11-08,Online,,Completed,Credit Card,11.41
O0082251,C020625,2025-11-08,Store,S011,Completed,Debit Card,0.0
O0082259,C003065,2025-11-08,Online,,Completed,Credit Card,4.78
O0082269,C014199,2025-11-08,Store,S009,Completed,Credit Card,0.0
O0082270,C021582,2025-11-08,Store,S012,Completed,Digital Wallet,0.0
O0082274,C020279,2025-11-08,Online,,Completed,Credit Card,11.39
O0082281,C028676,2025-11-08,Pickup,S009,CANCELLED,Credit Card,0.0
O0082283,C001742,2025-11-08,Online,,Completed,Credit Card,12.01
O0082288,C010264,2025-11-09,Online,,Completed,Credit Card,9.75
O0082290,C006530,2025-11-09,Online,,Completed,Digital Wallet,2.62
O0082298,C015108,2025-11-09,Store,S008,Completed,Credit Card,0.0
O0082300,C005462,2025-11-09,Online,,Completed,Credit Card,17.3
O0082325,C010877,2025-11-09,Online,,Completed,Credit Card,11.26
O0082331,C004721,2025-11-09,Pickup,S008,Returned,Debit Card,0.0
O0082335,C020400,2025-11-09,Online,,Completed,Debit Card,8.66
O0082336,C027999,2025-11-09,Online,,Completed,Credit Card,0.6
O0082348,C004035,2025-11-09,Online,,Completed,Debit Card,4.38
O0082351,C012533,2025-11-09,Online,,Completed,Debit Card,6.95
O0082356,C005454,2025-11-09,Store,S007,Completed,Credit Card,0.0
O0082357,C002309,2025-11-09,Store,S006,Completed,Credit Card,0.0
O0082370,C023024,2025-11-09,Store,S008,Completed,Credit Card,0.0
O0082383,C029543,2025-11-09,Store,S010,Completed,Gift Card,0.0
O0082384,C014122,2025-11-09,Online,,Completed,Credit Card,2.86
O0082388,C013236,2025-11-09,Pickup,S010,Completed,Credit Card,0.0
O0082393,C017977,2025-11-09,Online,,Completed,Digital Wallet,2.52
O0082406,C029515,2025-11-09,Online,,Completed,Digital Wallet,3.0
O0082415,C004422,2025-11-09,Pickup,S003,Completed,Credit Card,0.0
O0082416,C005659,2025-11-09,Online,,Completed,Credit Card,4.09
O0082434,C004035,2025-11-10,Online,,Cancelled,Digital Wallet,2.52
O0082450,C025059,2025-11-10,Online,,Completed,Digital Wallet,9.91
O0082452,C014504,2025-11-10,Online,,Returned,Gift Card,5.57
O0082460,C009403,2025-11-10,Pickup,S008,Completed,Credit Card,0.0
O0082469,C013212,2025-11-10,Online,,Completed,Debit Card,10.33
O0082482,C014148,2025-11-10,Online,,Completed,Credit Card,3.01
O0082499,C007452,2025-11-10,Online,,Completed,Digital Wallet,1.11
O0082505,C001434,2025-11-10,Online,,Completed,Debit Card,6.2
O0082517,C019913,2025-11-10,Pickup,S003,Returned,Credit Card,0.0
O0082520,C001913,2025-11-10,Online,,Completed,Digital Wallet,3.68
O0082526,C011437,2025-11-10,Online,,Cancelled,Digital Wallet,15.9
O0082529,C015819,2025-11-10,Store,S016,Completed,Credit Card,0.0
O0082530,C003299,2025-11-10,Online,,Completed,Digital Wallet,17.29
O0082533,C000398,2025-11-10,Store,S011,Completed,Credit Card,0.0
O0082545,C017182,2025-11-10,Store,S015,Completed,Credit Card,0.0
O0082557,C021485,2025-11-11,Store,S015,Completed,Digital Wallet,0.0
O0082563,C005043,2025-11-11,Store,S005,Completed,Credit Card,0.0
O0082579,C020726,2025-11-11,Online,,Completed,Credit Card,2.19
O0082580,C002347,2025-11-11,Store,S002,Completed,Debit Card,0.0
O0082587,C004345,2025-11-11,Online,,Completed,Debit Card,8.85
O0082603,C024334,2025-11-11,Pickup,S008,Completed,Gift Card,0.0
O0082605,C020724,2025-11-11,Store,S008,Completed,Digital Wallet,0.0
O0082617,C024673,2025-11-11,Store,S007,Completed,Credit Card,0.0
O0082625,C004956,2025-11-11,Store,S003,Completed,Credit Card,0.0
O0082628,C003712,2025-11-11,Online,,Completed,Credit Card,11.75
O0082636,C027236,2025-11-11,Online,,Completed,Credit Card,5.63
O0082637,C007126,2025-11-11,Store,S002,Completed,Credit Card,0.0
O0082638,C006770,2025-11-11,Online,,Completed,Debit Card,1.6
O0082641,C012814,2025-11-11,Online,,Returned,Debit Card,3.86
O0082645,C005437,2025-11-11,Online,,Completed,Digital Wallet,6.1
O0082654,C010382,2025-11-11,Store,S015,Completed,Debit Card,0.0
O0082658,C015431,2025-11-11,Store,S006,Completed,Credit Card,0.0
O0082661,C018308,2025-11-11,Store,S008,Completed,Digital Wallet,0.0
O0082665,C003830,2025-11-11,Online,,Completed,Credit Card,4.99
O0082668,C022512,2025-11-11,Store,S011,Completed,Credit Card,0.0
O0082669,C026904,2025-11-11,Online,,Returned,Credit Card,11.61
O0082671,C022256,2025-11-11,Online,,Completed,Credit Card,8.96
O0082676,C011263,2025-11-11,Online,,Completed,Credit Card,4.99
O0082697,C011223,2025-11-12,Online,,Completed,Debit Card,2.9
O0082700,C002169,2025-11-12,Online,,Completed,Debit Card,10.09
O0082703,C023678,2025-11-12,Store,S002,Returned,Digital Wallet,0.0
O0082708,C007256,2025-11-12,Store,S005,Completed,Credit Card,0.0
O0082718,C029985,2025-11-12,Store,S015,Completed,Credit Card,0.0
O0082724,C015050,2025-11-12,Store,S011,Completed,Digital Wallet,0.0
O0082725,C013333,2025-11-12,Online,,Completed,Credit Card,2.04
O0082728,C005679,2025-11-12,Online,,Completed,Credit Card,1.55
O0082739,C010393,2025-11-12,Online,,Completed,Debit Card,0.23
O0082740,C014898,2025-11-12,Online,,Completed,Digital Wallet,8.66
O0082748,C026377,2025-11-12,Online,,Completed,Credit Card,3.73
O0082752,C024829,2025-11-12,Store,S006,Completed,Credit Card,0.0
O0082766,C018603,2025-11-12,Pickup,S012,Completed,Digital Wallet,0.0
O0082775,C007709,2025-11-12,Online,,Completed,Credit Card,5.77
O0082781,C018068,2025-11-12,Online,,Completed,Credit Card,3.61
O0082784,C025694,2025-11-12,Store,S006,Completed,Credit Card,0.0
O0082787,C009253,2025-11-12,Online,,Returned,Digital Wallet,6.37
O0082793,C003054,2025-11-12,Online,,Completed,Debit Card,2.44
O0082795,C016179,2025-11-12,Online,,Completed,Credit Card,0.49
O0082807,C028526,2025-11-12,Online,,Completed,Digital Wallet,7.22
O0082810,C014352,2025-11-12,Online,,Completed,Credit Card,13.2
O0082814,C016602,2025-11-12,Store,S006,Completed,Debit Card,0.0
O0082823,C027659,2025-11-12,Online,,Completed,Debit Card,7.08
O0082827,C007203,2025-11-12,Store,S009,Returned,Digital Wallet,0.0
O0082831,C008675,2025-11-12,Store,S002,Completed,Credit Card,0.0
O0082833,C026052,2025-11-12,Online,,Completed,Credit Card,15.08
O0082849,C006657,2025-11-13,Online,,Completed,Debit Card,2.23
O0082851,C003471,2025-11-13,Online,,Completed,Digital Wallet,2.82
O0082863,C007555,2025-11-13,Pickup,S007,Completed,Debit Card,0.0
O0082891,C003097,2025-11-13,Store,S012,Completed,Debit Card,0.0
O0082906,C025496,2025-11-13,Online,,Completed,Debit Card,9.91
O0082911,C022915,2025-11-13,Online,,Completed,Digital Wallet,0.86
O0082916,C013708,2025-11-13,Online,,Returned,Debit Card,7.74
O0082928,C020381,2025-11-13,Store,S012,Completed,Credit Card,0.0
O0082934,C000331,2025-11-13,Store,S006,Completed,Debit Card,0.0
O0082952,C018336,2025-11-13,Online,,Completed,Credit Card,12.25
O0082957,C002085,2025-11-14,Online,,Completed,Credit Card,2.05
O0082963,C025729,2025-11-14,Online,,Completed,Credit Card,10.42
O0082975,C008355,2025-11-14,Online,,Cancelled,Digital Wallet,7.15
O0082988,C021237,2025-11-14,Pickup,S015,Completed,Digital Wallet,0.0
O0082999,C027047,2025-11-14,Online,,Completed,Credit Card,2.53
O0083007,C008779,2025-11-14,Pickup,S016,Completed,Credit Card,0.0
O0083016,C015282,2025-11-14,Online,,Completed,Digital Wallet,4.3
O0083019,C005199,2025-11-14,Online,,Completed,Debit Card,7.51
O0083030,C011473,2025-11-14,Pickup,S012,Completed,Digital Wallet,0.0
O0083036,C021111,2025-11-14,Store,S012,Completed,Credit Card,0.0
O0083037,C023717,2025-11-14,Online,,Completed,Digital Wallet,5.88
O0083051,C003106,2025-11-14,Online,,Completed,Digital Wallet,11.92
O0083055,C018418,2025-11-14,Store,S014,Completed,Credit Card,0.0
O0083061,C006647,2025-11-14,Online,,Completed,Credit Card,1.97
O0083071,C025744,2025-11-14,Pickup,S004,Completed,Credit Card,0.0
O0083074,C007580,2025-11-14,Online,,Completed,Credit Card,19.76
O0083076,C013495,2025-11-14,Pickup,S006,Completed,Digital Wallet,0.0
O0083081,C026399,2025-11-14,Online,,Completed,Credit Card,12.43
O0083104,C016443,2025-11-15,Online,,Completed,Debit Card,3.73
O0083113,C006033,2025-11-15,Online,,Completed,Credit Card,2.76
O0083119,C025881,2025-11-15,Store,S015,Completed,Credit Card,0.0
O0083125,C011842,2025-11-15,Online,,Completed,Debit Card,8.62
O0083129,C014306,2025-11-15,Online,,Completed,Digital Wallet,7.41
O0083130,C024532,2025-11-15,Online,,Completed,Credit Card,10.76
O0083136,C015693,2025-11-15,Pickup,S016,Completed,Digital Wallet,0.0
O0083140,C004337,2025-11-15,Online,, complete ,Digital Wallet,2.1
O0083159,C011575,2025-11-15,Store,S007,Returned,Credit Card,0.0
O0083189,C025984,2025-11-15,Store,S005,Completed,Credit Card,0.0
O0083191,C007653,2025-11-15,Online,,Cancelled,Debit Card,7.36
O0083196,C011005,2025-11-15,Online,,Completed,Credit Card,6.14
O0083210,C006434,2025-11-15,Online,,Completed,Credit Card,3.77
O0083216,C026975,2025-11-15,Store,S009,Completed,Debit Card,0.0
O0083234,C003097,2025-11-16,Pickup,S011,Completed,Credit Card,0.0
O0083241,C024310,2025-11-16,Online,,Completed,Credit Card,5.65
O0083246,C028469,2025-11-16,Online,,Completed,Credit Card,2.24
O0083257,C018933,2025-11-16,Store,S005,Completed,Debit Card,0.0
O0083263,C015108,2025-11-16,Pickup,S005,Completed,Digital Wallet,0.0
O0083264,C016095,2025-11-16,Store,S009,Completed,Credit Card,0.0
O0083274,C019805,2025-11-16,Store,S009,Completed,Credit Card,0.0
O0083275,C005006,2025-11-16,Online,,Completed,Credit Card,4.6
O0083288,C009335,2025-11-16,Online,,Completed,Credit Card,3.46
O0083297,C023668,2025-11-16,Store,S005,Completed,Debit Card,0.0
O0083299,C027684,2025-11-16,Online,,Completed,Credit Card,6.05
O0083300,C017830,2025-11-16,Online,,Completed,Debit Card,13.8
O0083306,C029950,2025-11-16,Online,,Completed,Credit Card,6.22
O0083313,C024449,2025-11-16,Online,,Completed,Debit Card,12.9
O0083318,C002541,2025-11-16,Pickup,S006,Completed,Debit Card,0.0
O0083320,C021580,2025-11-16,Online,,Completed,Digital Wallet,4.43
O0083338,C024621,2025-11-16,Store,S001,Completed,Debit Card,0.0
O0083339,C017428,2025-11-16,Store,S006,Returned,Gift Card,0.0
O0083345,C027304,2025-11-16,Store,S012,Completed,Credit Card,0.0
O0083349,C028970,2025-11-16,Store,S010,Completed,Credit Card,0.0
O0083355,C010885,2025-11-16,Store,S016,Completed,Debit Card,0.0
O0083362,C022522,2025-11-16,Pickup,S006,Returned,Credit Card,0.0
O0083370,C012750,2025-11-16,Store,S006,Completed,Debit Card,0.0
O0083373,C021602,2025-11-16,Store,S006,Completed,Credit Card,0.0
O0083374,C012341,2025-11-16,Online,,Completed,Credit Card,10.05
O0083375,C028002,2025-11-16,Online,,Completed,Debit Card,1.7
O0083376,C009919,2025-11-16,Store,S015,Returned,Credit Card,0.0
O0083380,C015492,2025-11-16,Online,,Completed,Credit Card,0.73
O0083386,C020478,2025-11-17,Online,,Completed,Credit Card,7.6
O0083394,C008197,2025-11-17,Store,S001,Completed,Credit Card,0.0
O0083398,C018572,2025-11-17,Store,S004,Returned,Credit Card,0.0
O0083400,C025881,2025-11-17,Online,,CANCELLED,Debit Card,3.04
O0083401,C004868,2025-11-17,Store,S014,Completed,Credit Card,0.0
O0083408,C013076,2025-11-17,Store,S008,Completed,Digital Wallet,0.0
O0083418,C013677,2025-11-17,Online,,Completed,Credit Card,0.37
O0083432,C011189,2025-11-17,Online,,Completed,Digital Wallet,16.03
O0083434,C002886,2025-11-17,Store,S008,Completed,Debit Card,0.0
O0083470,C009321,2025-11-17,Online,,Completed,Digital Wallet,17.21
O0083476,C019058,2025-11-17,Pickup,S016,Completed,Credit Card,0.0
O0083482,C010651,2025-11-17,Store,S005,Completed,Credit Card,0.0
O0083485,C000211,2025-11-17,Store,S015,Completed,Digital Wallet,0.0
O0083487,C010573,2025-11-17,Online,,Completed,Digital Wallet,3.94
O0083509,C010655,2025-11-17,Online,,Completed,Debit Card,1.2
O0083510,C019833,2025-11-17,Online,,Completed,Credit Card,3.63
O0083513,C029449,2025-11-18,Online,,Completed,Digital Wallet,7.05
O0083526,C027110,2025-11-18,Store,S011,Completed,Credit Card,0.0
O0083540,C025582,2025-11-18,Online,,Completed,Credit Card,1.47
O0083547,C012394,2025-11-18,Online,,Completed,Digital Wallet,9.7
O0083553,C008226,2025-11-18,Online,,Completed,Debit Card,5.84
O0083566,C007421,2025-11-18,Online,,Completed,Credit Card,14.07
O0083572,C013846,2025-11-18,Store,S012,Completed,Credit Card,0.0
O0083575,C004640,2025-11-18,Pickup,S015,Completed,Debit Card,0.0
O0083580,C029732,2025-11-18,Store,S004,Returned,Credit Card,0.0
O0083584,C023513,2025-11-18,Online,,Completed,Credit Card,8.35
O0083586,C023132,2025-11-18,Online,,Completed,Digital Wallet,9.66
O0083587,C027021,2025-11-18,Store,S009,Completed,Credit Card,0.0
O0083589,C005854,2025-11-18,Store,S002,Completed,Credit Card,0.0
O0083608,C000244,2025-11-18,Online,,Completed,Debit Card,1.9
O0083633,C004085,2025-11-18,Online,,Completed,Debit Card,2.05
O0083636,C025983,2025-11-18,Store,S016,Completed,Debit Card,0.0
O0083637,C001148,2025-11-18,Online,,Returned,Debit Card,8.13
O0083640,C011942,2025-11-19,Store,S008,Completed,Credit Card,0.0
O0083656,C029894,2025-11-19,Online,,Completed,Digital Wallet,7.07
O0083675,C000486,2025-11-19,Store,S010,Completed,Debit Card,0.0
O0083677,C021935,2025-11-19,Online,,Completed,Credit Card,4.18
O0083678,C006484,2025-11-19,Pickup,S002,Completed,Digital Wallet,0.0
O0083689,C011223,2025-11-19,Store,S009,Completed,Credit Card,0.0
O0083694,C024532,2025-11-19,Store,S011,Returned,Credit Card,0.0
O0083696,C020062,2025-11-19,Store,S015,Completed,Credit Card,0.0
O0083700,C027318,2025-11-19,Online,,Completed,Digital Wallet,4.49
O0083708,C028262,2025-11-19,Store,S012,Completed,Digital Wallet,0.0
O0083711,C015300,2025-11-19,Online,,Completed,Credit Card,11.13
O0083714,C024388,2025-11-19,Online,,Completed,Credit Card,2.56
O0083718,C004757,2025-11-19,Online,,Completed,Credit Card,1.93
O0083739,C015077,2025-11-19,Online,,Completed,Credit Card,4.98
O0083743,C015394,2025-11-19,Online,,Completed,Credit Card,12.84
O0083748,C008675,2025-11-19,Online,,Completed,Credit Card,4.74
O0083753,C016584,2025-11-19,Pickup,S001,Completed,Credit Card,0.0
O0083754,C016983,2025-11-19,Store,S013,Completed,Debit Card,0.0
O0083760,C014633,2025-11-19,Online,,Completed,Credit Card,7.85
O0083762,C027567,2025-11-19,Online,,Completed,Debit Card,3.13
O0083763,C000128,2025-11-19,Store,S007,Completed,Digital Wallet,0.0
O0083771,C024464,2025-11-20,Pickup,S007,Completed,Digital Wallet,0.0
O0083774,C020957,2025-11-20,Pickup,S013,Completed,Digital Wallet,0.0
O0083776,C003173,2025-11-20,Online,,Completed,Credit Card,5.69
O0083801,C021789,2025-11-20,Store,S002,Completed,Credit Card,0.0
O0083808,C011401,2025-11-20,Online,,Completed,Credit Card,4.51
O0083818,C015985,2025-11-20,Store,S010,Completed,Credit Card,0.0
O0083821,C013309,2025-11-20,Online,,Completed,Credit Card,3.46
O0083822,C009996,2025-11-20,Online,,Returned,Debit Card,10.97
O0083832,C023741,2025-11-20,Online,,Completed,Credit Card,12.89
O0083835,C028270,2025-11-20,Online,,Completed,Digital Wallet,8.97
O0083839,C025649,2025-11-20,Store,S012,Completed,Debit Card,0.0
O0083853,C002486,2025-11-20,Online,,Completed,Debit Card,6.44
O0083859,C010213,2025-11-20,Pickup,S002,Completed,Digital Wallet,0.0
O0083863,C002596,2025-11-20,Store,S014,Completed,Digital Wallet,0.0
O0083868,C026624,2025-11-20,Online,,Completed,Gift Card,1.59
O0083878,C020423,2025-11-20,Online,,Completed,Digital Wallet,15.05
O0083892,C004286,2025-11-20,Store,S010,Completed,Digital Wallet,0.0
O0083894,C014153,2025-11-20,Online,,Completed,Digital Wallet,5.73
O0083911,C023346,2025-11-20,Store,S013,Completed,Debit Card,0.0
O0083913,C022772,2025-11-20,Store,S008,Completed,Credit Card,0.0
O0083924,C003859,2025-11-21,Online,,Completed,Digital Wallet,6.84
O0083937,C019473,2025-11-21,Online,,Completed,Digital Wallet,7.57
O0083944,C012543,2025-11-21,Store,S016,Completed,Credit Card,0.0
O0083947,C003452,2025-11-21,Online,,Completed,Debit Card,5.27
O0083949,C016136,2025-11-21,Online,,Cancelled,Credit Card,3.69
O0083951,C013109,2025-11-21,Online,,Completed,Digital Wallet,1.38
O0083956,C028248,2025-11-21,Online,,Completed,Debit Card,3.48
O0083962,C001367,2025-11-21,Online,,Completed,Credit Card,4.78
O0083970,C005219,2025-11-21,Online,,Completed,Digital Wallet,5.57
O0083981,C017386,2025-11-21,Store,S011,Completed,Credit Card,0.0
O0083984,C005215,2025-11-21,Store,S016,Completed,Credit Card,0.0
O0083985,C005825,2025-11-21,Store,S016,Returned,Credit Card,0.0
O0083987,C025756,2025-11-21,Store,S015,Completed,Digital Wallet,0.0
O0083992,C029284,2025-11-21,Online,,Returned,Credit Card,1.37
O0083993,C023664,2025-11-21,Store,S009,Completed,Credit Card,0.0
O0084014,C008630,2025-11-21,Store,S010,Completed,Debit Card,0.0
O0084017,C006187,2025-11-21,Online,,Completed,Credit Card,8.78
O0084024,C018606,2025-11-21,Online,,Completed,Debit Card,2.97
O0084028,C018606,2025-11-21,Store,S016,Completed,Credit Card,0.0
O0084033,C017067,2025-11-21,Store,S007,Completed,Debit Card,0.0
O0084048,C026756,2025-11-21,Store,S006,Completed,Credit Card,0.0
O0084050,C003161,2025-11-21,Online,,Completed,Credit Card,0.21
O0084068,C022561,2025-11-22,Store,S014,Completed,Credit Card,0.0
O0084069,C013011,2025-11-22,Online,,Completed,Debit Card,1.29
O0084082,C027317,2025-11-22,Store,S001,Completed,Gift Card,0.0
O0084089,C012987,2025-11-22,Store,S013,Completed,Credit Card,0.0
O0084092,C019385,2025-11-22,Online,,Completed,Credit Card,1.31
O0084102,C003330,2025-11-22,Store,S014,Completed,Digital Wallet,0.0
O0084115,C018594,2025-11-22,Store,S003,Completed,Credit Card,0.0
O0084128,C025047,2025-11-22,Online,,Completed,Credit Card,10.93
O0084148,C015058,2025-11-22,Store,S005,Completed,Credit Card,0.0
O0084158,C016140,2025-11-22,Online,,Completed,Credit Card,4.84
O0084164,C024531,2025-11-22,Online,,Completed,Digital Wallet,4.15
O0084168,C024578,2025-11-22,Online,,Completed,Debit Card,0.75
O0084170,C003877,2025-11-22,Pickup,S004,Completed,Credit Card,0.0
O0084188,C007256,2025-11-22,Store,S007,Completed,Credit Card,0.0
O0084195,C003691,2025-11-22,Store,S013,Completed,Gift Card,0.0
O0084198,C006240,2025-11-22,Pickup,S015,Completed,Digital Wallet,0.0
O0084204,C020883,2025-11-22,Store,S015,Completed,Credit Card,0.0
O0084205,C007469,2025-11-22,Online,,Completed,Credit Card,10.63
O0084208,C023792,2025-11-22,Store,S008,Completed,Debit Card,0.0
O0084213,C000737,2025-11-23,Online,,Completed,Digital Wallet,9.63
O0084223,C010466,2025-11-23,Online,,Completed,Credit Card,3.11
O0084230,C024002,2025-11-23,Online,,Completed,Credit Card,4.95
O0084234,C008911,2025-11-23,Online,,Completed,Digital Wallet,7.71
O0084240,C029273,2025-11-23,Online,,Completed,Credit Card,2.89
O0084244,C026223,2025-11-23,Pickup,S015,Completed,Credit Card,0.0
O0084263,C002044,2025-11-23,Online,,Completed,Digital Wallet,1.52
O0084266,C006050,2025-11-23,Online,,Completed,Debit Card,3.77
O0084276,C020200,2025-11-23,Online,,Completed,Credit Card,2.59
O0084277,C001643,2025-11-23,Online,,Completed,Credit Card,0.78
O0084287,C024014,2025-11-23,Online,,Completed,Credit Card,2.34
O0084290,C003015,2025-11-23,Store,S002,Completed,Digital Wallet,0.0
O0084295,C012403,2025-11-23,Online,,Completed,Debit Card,6.08
O0084296,C026385,2025-11-23,Online,,Completed,Debit Card,6.76
O0084308,C022097,2025-11-23,Store,S004,Completed,Credit Card,0.0
O0084317,C010310,2025-11-23,Online,,Completed,Debit Card,2.23
O0084338,C023843,2025-11-23,Online,,Completed,Digital Wallet,1.99
O0084343,C025688,2025-11-23,Store,S010,Completed,Debit Card,0.0
O0084369,C025906,2025-11-24,Online,,Cancelled,Debit Card,0.89
O0084374,C012638,2025-11-24,Store,S005,Completed,Credit Card,0.0
O0084379,C008732,2025-11-24,Pickup,S012,Returned,Credit Card,0.0
O0084381,C022719,2025-11-24,Online,,Returned,Credit Card,8.87
O0084392,C017116,2025-11-24,Online,,Completed,Credit Card,1.4
O0084395,C019794,2025-11-24,Store,S008,Returned,Digital Wallet,0.0
O0084400,C022975,2025-11-24,Store,S016,Completed,Digital Wallet,0.0
O0084410,C013111,2025-11-24,Pickup,S009,Completed,Digital Wallet,0.0
O0084413,C001228,2025-11-24,Online,,Completed,Gift Card,5.1
O0084416,C014615,2025-11-24,Online,,Completed,Debit Card,3.07
O0084427,C016913,2025-11-24,Store,S008,Completed,Debit Card,0.0
O0084429,C028852,2025-11-24,Store,S014,Completed,Credit Card,0.0
O0084432,C027585,2025-11-24,Online,,Completed,Credit Card,1.79
O0084448,C026543,2025-11-24,Online,,Completed,Debit Card,14.21
O0084449,C020234,2025-11-24,Online,,Completed,Credit Card,0.72
O0084450,C024491,2025-11-24,Online,,Completed,Digital Wallet,12.97
O0084454,C002389,2025-11-24,Store,S013,Completed,Digital Wallet,0.0
O0084469,C009521,2025-11-24,Online,,Completed,Gift Card,11.35
O0084470,C007404,2025-11-24,Online,,Completed,Digital Wallet,6.75
O0084479,C022569,2025-11-24,Store,S002,Completed,Digital Wallet,0.0
O0084486,C007535,2025-11-24,Pickup,S001,Completed,Credit Card,0.0
O0084488,C001766,2025-11-24,Online,,Returned,Credit Card,6.65
O0084493,C000313,2025-11-24,Online,,Completed,Credit Card,0.79
O0084505,C014500,2025-11-25,Store,S010,Completed,Digital Wallet,0.0
O0084515,C002567,2025-11-25,Online,,Completed,Digital Wallet,1.09
O0084521,C024491,2025-11-25,Store,S013,Completed,Credit Card,0.0
O0084522,C004105,2025-11-25,Store,S007,Completed,Credit Card,0.0
O0084531,C020028,2025-11-25,Online,,Completed,Credit Card,7.59
O0084534,C012134,2025-11-25,Store,S015,Completed,Credit Card,0.0
O0084541,C004121,2025-11-25,Store,S002,Completed,Credit Card,0.0
O0084556,C020823,2025-11-25,Store,S013,Completed,Digital Wallet,0.0
O0084559,C018368,2025-11-25,Online,,Completed,Debit Card,9.83
O0084566,C026407,2025-11-25,Pickup,S016,Completed,Credit Card,0.0
O0084570,C014619,2025-11-25,Store,S013,Completed,Digital Wallet,0.0
O0084580,C029815,2025-11-25,Online,,Completed,Debit Card,14.79
O0084590,C028702,2025-11-25,Store,S011,Completed,Debit Card,0.0
O0084615,C025868,2025-11-25,Online,,Completed,Debit Card,7.56
O0084623,C011636,2025-11-25,Online,,Completed,Credit Card,10.99
O0084630,C014478,2025-11-25,Online,,Completed,Debit Card,0.67
O0084633,C018418,2025-11-25,Pickup,S014,Completed,Credit Card,0.0
O0084637,C023565,2025-11-26,Online,,Completed,Gift Card,4.91
O0084647,C008835,2025-11-26,Online,,Completed,Digital Wallet,6.35
O0084651,C000093,2025-11-26,Store,S015,Completed,Debit Card,0.0
O0084660,C027182,2025-11-26,Online,,Completed,Credit Card,1.96
O0084667,C029412,2025-11-26,Online,,Completed,Credit Card,6.65
O0084684,C027812,2025-11-26,Online,,Completed,Debit Card,16.19
O0084685,C018066,2025-11-26,Store,S009,Completed,Debit Card,0.0
O0084687,C000874,2025-11-26,Online,,Completed,Credit Card,13.69
O0084694,C022759,2025-11-26,Store,S004,Returned,Credit Card,0.0
O0084701,C016585,2025-11-26,Store,S009,Completed,Credit Card,0.0
O0084704,C014960,2025-11-26,Online,,Completed,Credit Card,7.69
O0084722,C007319,2025-11-26,Store,S010,Completed,Gift Card,0.0
O0084726,C022086,2025-11-26,Online,,Completed,Digital Wallet,3.72
O0084728,C013686,2025-11-26,Online,,Completed,Gift Card,5.37
O0084738,C027256,2025-11-26,Online,,Completed,Debit Card,4.63
O0084760,C018125,2025-11-26,Store,S015,Completed,Debit Card,0.0
O0084771,C020686,2025-11-26,Online,,Returned,Credit Card,5.01
O0084778,C003109,2025-11-27,Online,,Completed,Debit Card,7.58
O0084797,C005287,2025-11-27,Online,,Completed,Credit Card,3.99
O0084806,C013131,2025-11-27,Online,,Completed,Gift Card,17.36
O0084810,C023405,2025-11-27,Store,S011,Completed,Credit Card,0.0
O0084839,C019592,2025-11-27,Online,,Completed,Debit Card,3.31
O0084844,C020257,2025-11-27,Online,,Completed,Credit Card,5.66
O0084856,C023024,2025-11-27,Store,S008,Completed,Debit Card,0.0
O0084860,C012194,2025-11-27,Store,S002,Cancelled,Digital Wallet,0.0
O0084863,C022370,2025-11-27,Online,,Completed,Debit Card,7.06
O0084873,C028217,2025-11-27,Online,,Completed,Credit Card,5.87
O0084876,C009434,2025-11-27,Pickup,S001,Cancelled,Digital Wallet,0.0
O0084877,C016993,2025-11-27,Store,S007,Completed,Credit Card,0.0
O0084880,C007554,2025-11-27,Store,S005,Completed,Credit Card,0.0
O0084882,C000719,2025-11-27,Online,,Completed,Credit Card,3.1
O0084883,C014757,2025-11-27,Online,,Returned,Gift Card,4.57
O0084887,C022147,2025-11-27,Store,S016,Completed,Gift Card,0.0
O0084892,C022596,2025-11-27,Store,S007,Completed,Gift Card,0.0
O0084914,C001434,2025-11-28,Online,,Completed,Digital Wallet,9.82
O0084928,C007256,2025-11-28,Online,,Completed,Credit Card,3.63
O0084929,C029204,2025-11-28,Store,S008,Completed,Debit Card,0.0
O0084931,C029884,2025-11-28,Store,S008,Completed,Credit Card,0.0
O0084933,C014041,2025-11-28,Online,,Completed,Gift Card,0.15
O0084934,C015853,2025-11-28,Pickup,S005,Completed,Debit Card,0.0
O0084948,C015498,2025-11-28,Online,,Completed,Debit Card,2.42
O0084952,C026597,2025-11-28,Online,,Completed,Credit Card,5.1
O0084959,C029031,2025-11-28,Store,S003,Completed,Debit Card,0.0
O0084961,C023481,2025-11-28,Online,,Completed,Digital Wallet,5.75
O0084963,C013986,2025-11-28,Online,,Completed,Credit Card,11.18
O0084965,C015294,2025-11-28,Pickup,S007,Completed,Digital Wallet,0.0
O0084970,C019070,2025-11-28,Pickup,S013,Completed,Debit Card,0.0
O0084974,C013378,2025-11-28,Online,,Completed,Digital Wallet,16.69
O0084976,C020823,2025-11-28,Pickup,S013,Completed,Credit Card,0.0
O0085005,C005136,2025-11-28,Online,,Completed,Credit Card,5.26
O0085009,C015758,2025-11-28,Online,,Completed,Credit Card,1.58
O0085023,C017589,2025-11-28,Online,,Completed,Credit Card,5.6
O0085032,C029269,2025-11-28,Store,S005,Completed,Digital Wallet,0.0
O0085046,C014875,2025-11-28,Online,,Completed,Debit Card,2.54
O0085047,C026923,2025-11-28,Online,,Completed,Debit Card,3.97
O0085048,C009092,2025-11-28,Online,,Completed,Debit Card,9.6
O0085049,C026210,2025-11-28,Online,,Completed,Credit Card,6.46
O0085057,C004405,2025-11-28,Online,,Completed,Credit Card,5.69
O0085060,C008282,2025-11-29,Store,S010,Completed,Digital Wallet,0.0
O0085071,C016417,2025-11-29,Pickup,S014,Completed,Credit Card,0.0
O0085073,C001472,2025-11-29,Online,,Completed,Digital Wallet,7.75
O0085081,C004144,2025-11-29,Store,S007,Completed,Debit Card,0.0
O0085086,C013677,2025-11-29,Online,,Completed,Debit Card,5.12
O0085096,C023436,2025-11-29,Online,,Completed,Credit Card,11.68
O0085097,C014475,2025-11-29,Pickup,S007,Completed,Credit Card,0.0
O0085101,C008611,2025-11-29,Online,,Completed,Gift Card,10.39
O0085102,C028844,2025-11-29,Online,,Completed,Digital Wallet,3.27
O0085104,C020659,2025-11-29,Online,,Completed,Debit Card,8.45
O0085110,C019808,2025-11-29,Online,,Completed,Digital Wallet,10.08
O0085119,C011192,2025-11-29,Online,,Completed,Credit Card,3.48
O0085132,C009774,2025-11-29,Store,S003,Completed,Gift Card,0.0
O0085140,C014668,2025-11-29,Store,S009,Completed,Debit Card,0.0
O0085147,C000280,2025-11-29,Store,S009,Completed,Debit Card,0.0
O0085158,C012622,2025-11-29,Online,,Completed,Credit Card,6.4
O0085159,C007768,2025-11-29,Online,,Completed,Credit Card,1.24
O0085161,C016672,2025-11-29,Online,,Completed,Credit Card,11.97
O0085166,C029601,2025-11-29,Pickup,S004,Completed,Debit Card,0.0
O0085168,C020959,2025-11-29,Online,,Completed,Debit Card,1.27
O0085174,C024134,2025-11-29,Pickup,S008,Completed,Digital Wallet,0.0
O0085179,C029603,2025-11-29,Online,,Completed,Credit Card,3.86
O0085180,C028186,2025-11-29,Store,S008,Completed,Credit Card,0.0
O0085185,C022714,2025-11-29,Store,S001,Completed,Credit Card,0.0
O0085190,C005184,2025-11-29,Online,,Completed,Digital Wallet,4.11
O0085191,C026843,2025-11-29,Store,S014,Completed,Credit Card,0.0
O0085196,C028246,2025-11-29,Online,,Completed,Credit Card,9.11
O0085209,C023598,2025-11-29,Online,,Returned,Credit Card,4.64
O0085211,C007469,2025-11-29,Store,S012,Completed,Digital Wallet,0.0
O0085213,C021458,2025-11-29,Store,S003,Completed,Digital Wallet,0.0
O0085222,C008828,2025-11-30,Online,,Completed,Digital Wallet,8.11
O0085226,C016858,2025-11-30,Online,,Completed,Gift Card,2.19
O0085227,C001739,2025-11-30,Pickup,S004,Completed,Credit Card,0.0
O0085228,C012529,2025-11-30,Store,S001,Returned,Digital Wallet,0.0
O0085230,C017903,2025-11-30,Online,,Completed,Digital Wallet,5.17
O0085234,C028970,2025-11-30,Pickup,S010,Completed,Digital Wallet,0.0
O0085246,C010477,2025-11-30,Online,,Completed,Credit Card,5.28
O0085260,C020166,2025-11-30,Online,,Completed,Credit Card,4.43
O0085278,C012650,2025-11-30,Online,,Completed,Digital Wallet,3.92
O0085282,C029449,2025-11-30,Online,,Completed,Credit Card,2.93
O0085287,C019988,2025-11-30,Store,S015,Completed,Debit Card,0.0
O0085297,C022940,2025-11-30,Online,,Completed,Digital Wallet,13.62
O0085317,C005659,2025-11-30,Online,,Completed,Credit Card,0.99
O0085318,C020337,2025-11-30,Online,,Completed,Digital Wallet,12.29
O0085320,C000853,2025-11-30,Pickup,S010,Completed,Credit Card,0.0
O0085335,C028721,2025-11-30,Store,S013,Completed,Debit Card,0.0
O0085338,C025729,2025-11-30,Store,S010,Completed,Digital Wallet,0.0
O0085363,C016223,2025-11-30,Online,,Cancelled,Debit Card,1.58
O0085366,C029690,2025-12-01,Store,S008,Completed,Debit Card,0.0
O0085367,C000533,2025-12-01,Pickup,S010,Completed,Gift Card,0.0
O0085368,C014001,2025-12-01,Online,,Returned,Credit Card,2.14
O0085376,C016273,2025-12-01,Store,S015,Returned,Digital Wallet,0.0
O0085389,C020222,2025-12-01,Store,S014,Completed,Digital Wallet,0.0
O0085396,C007722,2025-12-01,Pickup,S007,Returned,Credit Card,0.0
O0085406,C012650,2025-12-01,Online,,Returned,Credit Card,3.52
O0085417,C005156,2025-12-01,Online,,Completed,Debit Card,2.31
O0085426,C006864,2025-12-01,Store,S009,Returned,Gift Card,0.0
O0085435,C003581,2025-12-01,Store,S014,Completed,Credit Card,0.0
O0085443,C011506,2025-12-01,Store,S012,Completed,Credit Card,0.0
O0085444,C000053,2025-12-01,Pickup,S008,Completed,Digital Wallet,0.0
O0085447,C027205,2025-12-01,Online,,Completed,Digital Wallet,5.2
O0085450,C016982,2025-12-01,Store,S014,Completed,Digital Wallet,0.0
O0085454,C011492,2025-12-01,Pickup,S006,Completed,Debit Card,0.0
O0085469,C006150,2025-12-01,Online,,Returned,Credit Card,11.84
O0085470,C017118,2025-12-01,Pickup,S010,Returned,Credit Card,0.0
O0085475,C027715,2025-12-01,Online,,Returned,Digital Wallet,5.67
O0085491,C012218,2025-12-01,Pickup,S008,Completed,Credit Card,0.0
O0085496,C023518,2025-12-01,Store,S003,Completed,Debit Card,0.0
O0085500,C018572,2025-12-01,Online,,Completed,Debit Card,3.66
O0085509,C008467,2025-12-01,Store,S011,Completed,Credit Card,0.0
O0085511,C004451,2025-12-02,Online,,Completed,Credit Card,6.93
O0085520,C009420,2025-12-02,Online,,Completed,Credit Card,2.63
O0085528,C013686,2025-12-02,Online,,Completed,Credit Card,3.61
O0085543,C003106,2025-12-02,Online,,Completed,Gift Card,4.76
O0085544,C014354,2025-12-02,Online,,Completed,Digital Wallet,1.66
O0085553,C011190,2025-12-02,Online,,Returned,Digital Wallet,6.59
O0085555,C022860,2025-12-02,Online,,Completed,Digital Wallet,2.6
O0085564,C002142,2025-12-02,Pickup,S014,Completed,Gift Card,0.0
O0085568,C011454,2025-12-02,Online,,Completed,Credit Card,8.25
O0085599,C023099,2025-12-02,Store,S011,Completed,Gift Card,0.0
O0085608,C017231,2025-12-02,Online,,Returned,Credit Card,8.43
O0085609,C022109,2025-12-02,Online,,Returned,Credit Card,4.54
O0085613,C012075,2025-12-02,Store,S002,Completed,Digital Wallet,0.0
O0085615,C010399,2025-12-02,Pickup,S007,Returned,Digital Wallet,0.0
O0085627,C026428,2025-12-02,Online,,Completed,Credit Card,2.8
O0085632,C014539,2025-12-02,Store,S001,Returned,Credit Card,0.0
O0085650,C019265,2025-12-02,Online,,Completed,Digital Wallet,8.3
O0085653,C021524,2025-12-02,Online,, complete ,Credit Card,4.72
O0085654,C000218,2025-12-02,Pickup,S010,Completed,Credit Card,0.0
O0085658,C003807,2025-12-02,Store,S012,Completed,Credit Card,0.0
O0085668,C010084,2025-12-03,Store,S003,Completed,Credit Card,0.0
O0085669,C007554,2025-12-03,Online,,Completed,Digital Wallet,0.81
O0085674,C028869,2025-12-03,Online,,Completed,Digital Wallet,0.27
O0085683,C007579,2025-12-03,Online,,Completed,Debit Card,7.0
O0085703,C014321,2025-12-03,Store,S005,Completed,Gift Card,0.0
O0085704,C005437,2025-12-03,Online,,Completed,Credit Card,5.91
O0085711,C020123,2025-12-03,Store,S001,Completed,Digital Wallet,0.0
O0085728,C012155,2025-12-03,Store,S002,Completed,Debit Card,0.0
O0085735,C022357,2025-12-03,Online,,Completed,Credit Card,2.49
O0085755,C014418,2025-12-03,Online,,Completed,Credit Card,11.69
O0085758,C026989,2025-12-03,Store,S013,Completed,Digital Wallet,0.0
O0085766,C007376,2025-12-03,Store,S005,Completed,Credit Card,0.0
O0085781,C020890,2025-12-03,Online,,Completed,Debit Card,8.58
O0085783,C003726,2025-12-03,Store,S015,Completed,Credit Card,0.0
O0085787,C013996,2025-12-03,Online,,Completed,Debit Card,2.51
O0085794,C012426,2025-12-03,Pickup,S012,Returned,Credit Card,0.0
O0085806,C025289,2025-12-03,Online,,Completed,Digital Wallet,4.54
O0085814,C003790,2025-12-04,Online,,Completed,Digital Wallet,13.58
O0085819,C002465,2025-12-04,Online,,Completed,Credit Card,23.26
O0085821,C007389,2025-12-04,Online,,Completed,Debit Card,25.18
O0085833,C007338,2025-12-04,Pickup,S013,Completed,Credit Card,0.0
O0085841,C016127,2025-12-04,Store,S008,Completed,Credit Card,0.0
O0085845,C004304,2025-12-04,Online,,Completed,Credit Card,4.4
O0085850,C005156,2025-12-04,Store,S014,Completed,Digital Wallet,0.0
O0085859,C002933,2025-12-04,Online,,Completed,Credit Card,5.24
O0085862,C021719,2025-12-04,Pickup,S005,Completed,Credit Card,0.0
O0085863,C012520,2025-12-04,Online,,Completed,Digital Wallet,6.52
O0085866,C012216,2025-12-04,Online,,Completed,Credit Card,6.52
O0085871,C018937,2025-12-04,Online,,Completed,Debit Card,6.18
O0085883,C007354,2025-12-04,Online,,Completed,Credit Card,6.85
O0085889,C001716,2025-12-04,Online,,Completed,Debit Card,1.54
O0085891,C012586,2025-12-04,Online,,Completed,Credit Card,6.53
O0085925,C011964,2025-12-04,Online,,Completed,Credit Card,5.59
O0085926,C002281,2025-12-04,Online,,Completed,Credit Card,5.67
O0085927,C028547,2025-12-04,Online,,Completed,Credit Card,2.08
O0085936,C017117,2025-12-04,Store,S012,Returned,Credit Card,0.0
O0085937,C022097,2025-12-04,Online,,Completed,Credit Card,13.29
O0085945,C019468,2025-12-04,Pickup,S014,Completed,Debit Card,0.0
O0085950,C008858,2025-12-04,Pickup,S014,Cancelled,Credit Card,0.0
O0085965,C009419,2025-12-05,Online,,Completed,Credit Card,1.05
O0085966,C017830,2025-12-05,Store,S011,Completed,Debit Card,0.0
O0085970,C016275,2025-12-05,Online,,Completed,Credit Card,17.94
O0085977,C025466,2025-12-05,Pickup,S005,Completed,Digital Wallet,0.0
O0085984,C020722,2025-12-05,Store,S010,Completed,Credit Card,0.0
O0086000,C021907,2025-12-05,Store,S006,Completed,Debit Card,0.0
O0086022,C015412,2025-12-05,Pickup,S009,Completed,Credit Card,0.0
O0086024,C022368,2025-12-05,Online,,Completed,Debit Card,2.2
O0086033,C028686,2025-12-05,Store,S007,Completed,Digital Wallet,0.0
O0086034,C024948,2025-12-05,Store,S014,Completed,Digital Wallet,0.0
O0086049,C027116,2025-12-05,Online,,Completed,Credit Card,1.21
O0086065,C012595,2025-12-05,Online,,Completed,Debit Card,15.49
O0086084,C010230,2025-12-05,Store,S001,Completed,Digital Wallet,0.0
O0086085,C024014,2025-12-05,Pickup,S009,Returned,Digital Wallet,0.0
O0086087,C023030,2025-12-05,Pickup,S016,Completed,Debit Card,0.0
O0086097,C024415,2025-12-06,Online,,Completed,Digital Wallet,13.77
O0086100,C026843,2025-12-06,Store,S014,Returned,Gift Card,0.0
O0086104,C021582,2025-12-06,Store,S011,Cancelled,Credit Card,0.0
O0086113,C005763,2025-12-06,Online,,Completed,Gift Card,4.13
O0086125,C023099,2025-12-06,Online,,Completed,Credit Card,1.01
O0086138,C010125,2025-12-06,Online,,Completed,Credit Card,13.7
O0086142,C017336,2025-12-06,Store,S004,Returned,Credit Card,0.0
O0086150,C022363,2025-12-06,Online,,Completed,Debit Card,14.42
O0086153,C001995,2025-12-06,Online,,Cancelled,Debit Card,7.39
O0086158,C009568,2025-12-06,Store,S004,Completed,Debit Card,0.0
O0086168,C010366,2025-12-06,Pickup,S010,Completed,Credit Card,0.0
O0086201,C019084,2025-12-06,Online,,Completed,Debit Card,7.09
O0086205,C019671,2025-12-06,Store,S007,Completed,Debit Card,0.0
O0086215,C019070,2025-12-06,Online,,Completed,Credit Card,3.2
O0086217,C016894,2025-12-06,Store,S005,Completed,Debit Card,0.0
O0086222,C024849,2025-12-06,Online,,Completed,Credit Card,11.22
O0086238,C026848,2025-12-06,Store,S006,Completed,Digital Wallet,0.0
O0086245,C005465,2025-12-06,Online,,Completed,Debit Card,3.51
O0086257,C023686,2025-12-06,Online,,Completed,Digital Wallet,9.51
O0086268,C014085,2025-12-06,Online,,Completed,Credit Card,7.67
O0086275,C017695,2025-12-07,Online,,Returned,Digital Wallet,20.28
O0086304,C009162,2025-12-07,Online,,Cancelled,Credit Card,8.58
O0086309,C015181,2025-12-07,Online,,Completed,Digital Wallet,13.75
O0086323,C002141,2025-12-07,Store,S001,Returned,Credit Card,0.0
O0086327,C012794,2025-12-07,Online,,Completed,Digital Wallet,6.93
O0086329,C023078,2025-12-07,Store,S012,Completed,Credit Card,0.0
O0086337,C000145,2025-12-07,Store,S001,Completed,Credit Card,0.0
O0086352,C019368,2025-12-07,Online,,Completed,Digital Wallet,11.43
O0086353,C026915,2025-12-07,Online,,Completed,Credit Card,3.84
O0086356,C002228,2025-12-07,Online,,Completed,Credit Card,6.86
O0086370,C023030,2025-12-07,Store,S015,Completed,Credit Card,0.0
O0086377,C009243,2025-12-07,Store,S003,Completed,Credit Card,0.0
O0086381,C025441,2025-12-07,Online,,Completed,Credit Card,7.07
O0086397,C009993,2025-12-07,Store,S004,Completed,Credit Card,0.0
O0086399,C005502,2025-12-07,Store,S013,Completed,Debit Card,0.0
O0086409,C000537,2025-12-07,Online,,Returned,Digital Wallet,1.42
O0086412,C020400,2025-12-07,Pickup,S007,Completed,Digital Wallet,0.0
O0086418,C011667,2025-12-07,Store,S011,Completed,Credit Card,0.0
O0086424,C015663,2025-12-07,Store,S016,Completed,Credit Card,0.0
O0086438,C027152,2025-12-07,Pickup,S005,Completed,Credit Card,0.0
O0086447,C000100,2025-12-08,Pickup,S005,Returned,Gift Card,0.0
O0086451,C025810,2025-12-08,Online,,Completed,Gift Card,8.15
O0086460,C010573,2025-12-08,Store,S007,Completed,Debit Card,0.0
O0086463,C000281,2025-12-08,Online,,Completed,Digital Wallet,6.21
O0086464,C022063,2025-12-08,Pickup,S001,Completed,Credit Card,0.0
O0086470,C007354,2025-12-08,Online,,Completed,Digital Wallet,1.51
O0086474,C005219,2025-12-08,Store,S007,Returned,Gift Card,0.0
O0086479,C006127,2025-12-08,Store,S004,Completed,Credit Card,0.0
O0086480,C000873,2025-12-08,Store,S008,Completed,Digital Wallet,0.0
O0086499,C002550,2025-12-08,Online,,Completed,Debit Card,6.14
O0086501,C014816,2025-12-08,Online,,Completed,Digital Wallet,4.57
O0086504,C020256,2025-12-08,Online,,Completed,Credit Card,2.11
O0086508,C010841,2025-12-08,Store,S005,Completed,Debit Card,0.0
O0086510,C010300,2025-12-08,Online,,Completed,Gift Card,6.66
O0086523,C002477,2025-12-08,Online,,Completed,Debit Card,2.38
O0086539,C008649,2025-12-08,Online,,Completed,Debit Card,8.83
O0086545,C008201,2025-12-08,Online,,Completed,Credit Card,3.31
O0086564,C028867,2025-12-08,Online,,Completed,Debit Card,4.46
O0086571,C018427,2025-12-08,Online,,Returned,Credit Card,10.31
O0086575,C000881,2025-12-08,Online,,Completed,Credit Card,0.57
O0086579,C002731,2025-12-08,Store,S014,Completed,Digital Wallet,0.0
O0086584,C004323,2025-12-08,Online,,Completed,Credit Card,10.18
O0086603,C006389,2025-12-09,Store,S009,Completed,Digital Wallet,0.0
O0086609,C009699,2025-12-09,Store,S008,Completed,Credit Card,0.0
O0086616,C020258,2025-12-09,Store,S004,Completed,Digital Wallet,0.0
O0086618,C019473,2025-12-09,Online,,Completed,Digital Wallet,6.86
O0086638,C027812,2025-12-09,Store,S008,Completed,Credit Card,0.0
O0086641,C016339,2025-12-09,Store,S006,Completed,Credit Card,0.0
O0086645,C028413,2025-12-09,Online,,Completed,Credit Card,2.63
O0086654,C029551,2025-12-09,Store,S007,Returned,Credit Card,0.0
O0086663,C009135,2025-12-09,Online,,Completed,Credit Card,5.18
O0086664,C002901,2025-12-09,Online,,Completed,Digital Wallet,6.23
O0086677,C007213,2025-12-09,Pickup,S015,Completed,Credit Card,0.0
O0086683,C028100,2025-12-09,Online,,Completed,Debit Card,5.7
O0086694,C024216,2025-12-09,Online,,Completed,Credit Card,11.4
O0086698,C021664,2025-12-09,Store,S005,Returned,Digital Wallet,0.0
O0086700,C015618,2025-12-09,Store,S002,Completed,Debit Card,0.0
O0086704,C005552,2025-12-09,Store,S003,Completed,Gift Card,0.0
O0086708,C025482,2025-12-09,Online,,Completed,Debit Card,19.7
O0086718,C024909,2025-12-09,Online,,Completed,Debit Card,16.4
O0086722,C003271,2025-12-09,Online,,Completed,Credit Card,15.26
O0086729,C020123,2025-12-09,Pickup,S001,Completed,Gift Card,0.0
O0086731,C004700,2025-12-09,Pickup,S009,Completed,Credit Card,0.0
O0086733,C006483,2025-12-09,Store,S010,Completed,Credit Card,0.0
O0086738,C012418,2025-12-09,Online,,Completed,Debit Card,3.04
O0086754,C016140,2025-12-10,Online,,Completed,Credit Card,3.79
O0086757,C022876,2025-12-10,Pickup,S015,Completed,Digital Wallet,0.0
O0086762,C004373,2025-12-10,Online,,Completed,Digital Wallet,2.26
O0086763,C004207,2025-12-10,Pickup,S012,Cancelled,Debit Card,0.0
O0086772,C013638,2025-12-10,Store,S013,Completed,Credit Card,0.0
O0086790,C008179,2025-12-10,Pickup,S004,Completed,Credit Card,0.0
O0086798,C012433,2025-12-10,Online,,Completed,Gift Card,1.95
O0086801,C005506,2025-12-10,Online,,Cancelled,Debit Card,13.66
O0086807,C021766,2025-12-10,Store,S001,Completed,Digital Wallet,0.0
O0086812,C010644,2025-12-10,Online,,Completed,Debit Card,3.35
O0086815,C013846,2025-12-10,Online,,Completed,Digital Wallet,12.41
O0086820,C029515,2025-12-10,Online,,Completed,Debit Card,18.66
O0086825,C021582,2025-12-10,Store,S012,Completed,Credit Card,0.0
O0086827,C006880,2025-12-10,Store,S015,Completed,Digital Wallet,0.0
O0086838,C027271,2025-12-10,Online,,Completed,Debit Card,1.13
O0086844,C026923,2025-12-10,Store,S004,Returned,Credit Card,0.0
O0086849,C005785,2025-12-10,Online,,Completed,Debit Card,8.79
O0086854,C022719,2025-12-10,Online,,Completed,Credit Card,2.55
O0086856,C011926,2025-12-10,Online,,Completed,Debit Card,1.06
O0086860,C025687,2025-12-10,Online,,Completed,Credit Card,3.22
O0086867,C007175,2025-12-10,Store,S001,Returned,Digital Wallet,0.0
O0086869,C022391,2025-12-10,Store,S005,Completed,Credit Card,0.0
O0086882,C009540,2025-12-11,Online,,Completed,Credit Card,10.21
O0086884,C012692,2025-12-11,Online,,Completed,Debit Card,0.54
O0086900,C015484,2025-12-11,Store,S011,Completed,Digital Wallet,0.0
O0086911,C009203,2025-12-11,Online,,Completed,Credit Card,2.16
O0086914,C005344,2025-12-11,Online,,Completed,Credit Card,5.25
O0086920,C013251,2025-12-11,Store,S015,Returned,Debit Card,0.0
O0086928,C000486,2025-12-11,Store,S009,Completed,Credit Card,0.0
O0086933,C016098,2025-12-11,Store,S004,Completed,Digital Wallet,0.0
O0086942,C012585,2025-12-11,Store,S007,Completed,Credit Card,0.0
O0086944,C021252,2025-12-11,Online,,Completed,Debit Card,4.48
O0086947,C002642,2025-12-11,Store,S001,Returned,Debit Card,0.0
O0086949,C022519,2025-12-11,Pickup,S015,Cancelled,Credit Card,0.0
O0086954,C007919,2025-12-11,Pickup,S012,Completed,Credit Card,0.0
O0086968,C011225,2025-12-11,Online,,Completed,Credit Card,16.83
O0086978,C021606,2025-12-11,Online,,Cancelled,Digital Wallet,2.14
O0086986,C012574,2025-12-11,Online,,Completed,Digital Wallet,8.4
O0086993,C027236,2025-12-11,Store,S010,Completed,Debit Card,0.0
O0087002,C011289,2025-12-11,Pickup,S013,Completed,Debit Card,0.0
O0087007,C015231,2025-12-12,Online,,Completed,Credit Card,13.82
O0087011,C005546,2025-12-12,Online,,Completed,Credit Card,7.1
O0087016,C010691,2025-12-12,Online,,Completed,Debit Card,0.48
O0087022,C012153,2025-12-12,Online,,Completed,Credit Card,5.57
O0087030,C021860,2025-12-12,Store,S005,Cancelled,Credit Card,0.0
O0087035,C005641,2025-12-12,Online,,Completed,Gift Card,3.25
O0087040,C019362,2025-12-12,Online,,Cancelled,Gift Card,5.24
O0087044,C022363,2025-12-12,Online,,Completed,Digital Wallet,1.77
O0087052,C001716,2025-12-12,Pickup,S012,Completed,Credit Card,0.0
O0087061,C019833,2025-12-12,Online,,Completed,Gift Card,3.74
O0087062,C021821,2025-12-12,Online,,Completed,Debit Card,4.6
O0087069,C028575,2025-12-12,Online,,Completed,Credit Card,2.02
O0087074,C006509,2025-12-12,Store,S005,Completed,Credit Card,0.0
O0087080,C009052,2025-12-12,Store,S006,Completed,Digital Wallet,0.0
O0087093,C016606,2025-12-12,Store,S004,Completed,Digital Wallet,0.0
O0087094,C014511,2025-12-12,Store,S015,Completed,Gift Card,0.0
O0087097,C024754,2025-12-12,Online,,Completed,Credit Card,3.24
O0087099,C000906,2025-12-12,Store,S011,Completed,Debit Card,0.0
O0087107,C016419,2025-12-12,Online,,Completed,Digital Wallet,0.86
O0087131,C018241,2025-12-13,Online,,Completed,Credit Card,4.14
O0087142,C010106,2025-12-13,Online,,Completed,Credit Card,8.83
O0087144,C001454,2025-12-13,Online,,Completed,Credit Card,4.88
O0087149,C019867,2025-12-13,Store,S016,Completed,Debit Card,0.0
O0087161,C020415,2025-12-13,Pickup,S007,Completed,Credit Card,0.0
O0087173,C027368,2025-12-13,Online,,Completed,Gift Card,32.98
O0087179,C016259,2025-12-13,Online,,Completed,Credit Card,6.38
O0087184,C018969,2025-12-13,Store,S011,Completed,Debit Card,0.0
O0087185,C014539,2025-12-13,Online,,Returned,Debit Card,7.61
O0087201,C025984,2025-12-13,Online,,Completed,Credit Card,3.03
O0087219,C000279,2025-12-13,Store,S003,Completed,Digital Wallet,0.0
O0087227,C029284,2025-12-13,Online,,Completed,Digital Wallet,8.11
O0087235,C023333,2025-12-13,Store,S003,Completed,Digital Wallet,0.0
O0087236,C009190,2025-12-13,Store,S002,Completed,Credit Card,0.0
O0087238,C013677,2025-12-13,Store,S008,Completed,Credit Card,0.0
O0087243,C015215,2025-12-13,Store,S013,Completed,Credit Card,0.0
O0087244,C000197,2025-12-13,Online,,Returned,Digital Wallet,25.39
O0087246,C020465,2025-12-13,Online,,Completed,Debit Card,2.65
O0087255,C011962,2025-12-13,Store,S014,Completed,Gift Card,0.0
O0087256,C007768,2025-12-13,Store,S002,Completed,Debit Card,0.0
O0087257,C014510,2025-12-13,Store,S004,Completed,Debit Card,0.0
O0087266,C019549,2025-12-13,Online,,Completed,Credit Card,0.79
O0087270,C021097,2025-12-13,Store,S007,Completed,Credit Card,0.0
O0087275,C021341,2025-12-13,Store,S007,Returned,Credit Card,0.0
O0087294,C025311,2025-12-13,Online,,Completed,Gift Card,8.89
O0087295,C028869,2025-12-13,Online,,Returned,Credit Card,7.67
O0087299,C020258,2025-12-13,Online,,Completed,Gift Card,0.56
O0087300,C026788,2025-12-13,Online,,Completed,Credit Card,3.43
O0087305,C020329,2025-12-13,Online,,Completed,Digital Wallet,3.4
O0087315,C016517,2025-12-14,Store,S006,Completed,Credit Card,0.0
O0087322,C013620,2025-12-14,Online,,Completed,Debit Card,4.83
O0087346,C024471,2025-12-14,Pickup,S014,Completed,Credit Card,0.0
O0087352,C023230,2025-12-14,Store,S004,Completed,Digital Wallet,0.0
O0087357,C013886,2025-12-14,Store,S016,Completed,Credit Card,0.0
O0087385,C000539,2025-12-14,Store,S007,Completed,Debit Card,0.0
O0087391,C015747,2025-12-14,Pickup,S015,Completed,Credit Card,0.0
O0087402,C015210,2025-12-14,Online,,Completed,Digital Wallet,8.34
O0087405,C014919,2025-12-14,Pickup,S004,Completed,Credit Card,0.0
O0087431,C007232,2025-12-14,Online,,Completed,Debit Card,3.82
O0087445,C020797,2025-12-14,Pickup,S007,Completed,Credit Card,0.0
O0087446,C004904,2025-12-14,Store,S008,Completed,Digital Wallet,0.0
O0087455,C016557,2025-12-14,Online,,Completed,Digital Wallet,5.39
O0087469,C005438,2025-12-15,Store,S001,Completed,Credit Card,0.0
O0087504,C012696,2025-12-15,Store,S001,Completed,Credit Card,0.0
O0087508,C012218,2025-12-15,Pickup,S007,Completed,Credit Card,0.0
O0087518,C022267,2025-12-15,Pickup,S008,Completed,Digital Wallet,0.0
O0087531,C020123,2025-12-15,Online,,Completed,Credit Card,1.27
O0087537,C021694,2025-12-15,Pickup,S007,Completed,Credit Card,0.0
O0087543,C005983,2025-12-15,Online,,Completed,Gift Card,6.25
O0087544,C004286,2025-12-15,Online,,Completed,Credit Card,12.64
O0087545,C019070,2025-12-15,Online,,Completed,Digital Wallet,3.73
O0087548,C020028,2025-12-15,Online,,Completed,Credit Card,4.08
O0087550,C007924,2025-12-15,Store,S009,Completed,Debit Card,0.0
O0087556,C003902,2025-12-15,Store,S007,Completed,Debit Card,0.0
O0087563,C016639,2025-12-15,Pickup,S015,Cancelled,Digital Wallet,0.0
O0087574,C006149,2025-12-15,Online,,Completed,Credit Card,4.97
O0087612,C017991,2025-12-16,Store,S013,Completed,Credit Card,0.0
O0087622,C026542,2025-12-16,Store,S008,Completed,Credit Card,0.0
O0087637,C019880,2025-12-16,Online,,Completed,Debit Card,2.15
O0087650,C016144,2025-12-16,Pickup,S009,Completed,Digital Wallet,0.0
O0087651,C015812,2025-12-16,Online,,Completed,Digital Wallet,2.76
O0087663,C011145,2025-12-16,Online,,Completed,Credit Card,1.42
O0087666,C007574,2025-12-16,Store,S002,Completed,Digital Wallet,0.0
O0087673,C003456,2025-12-16,Online,,Completed,Credit Card,0.85
O0087679,C009094,2025-12-16,Pickup,S001,Returned,Credit Card,0.0
O0087687,C006880,2025-12-16,Online,,Completed,Credit Card,6.9
O0087691,C025474,2025-12-16,Online,,Completed,Credit Card,16.8
O0087694,C025075,2025-12-16,Online,,Completed,Digital Wallet,13.42
O0087696,C000324,2025-12-16,Store,S011,Returned,Digital Wallet,0.0
O0087698,C001347,2025-12-16,Online,,Completed,Debit Card,13.79
O0087708,C029366,2025-12-16,Online,,Completed,Digital Wallet,22.39
O0087710,C012877,2025-12-16,Store,S007,Completed,Gift Card,0.0
O0087718,C000812,2025-12-17,Online,,Completed,Debit Card,3.18
O0087729,C018363,2025-12-17,Store,S010,Completed,Credit Card,0.0
O0087742,C028557,2025-12-17,Online,,Cancelled,Credit Card,5.1
O0087751,C008059,2025-12-17,Store,S009,Returned,Digital Wallet,0.0
O0087754,C027007,2025-12-17,Store,S009,Completed,Credit Card,0.0
O0087775,C023529,2025-12-17,Online,,Completed,Gift Card,19.99
O0087782,C013790,2025-12-17,Online,,Completed,Debit Card,3.35
O0087783,C028815,2025-12-17,Online,,Completed,Credit Card,26.1
O0087795,C003930,2025-12-17,Online,,Completed,Credit Card,6.07
O0087797,C015489,2025-12-17,Pickup,S013,Completed,Gift Card,0.0
O0087802,C022242,2025-12-17,Pickup,S014,Cancelled,Digital Wallet,0.0
O0087806,C019636,2025-12-17,Pickup,S013,Completed,Debit Card,0.0
O0087826,C022915,2025-12-17,Store,S003,Completed,Credit Card,0.0
O0087830,C029752,2025-12-17,Pickup,S016,Completed,Debit Card,0.0
O0087846,C023468,2025-12-17,Pickup,S004,Completed,Debit Card,0.0
O0087849,C003449,2025-12-17,Store,S007,Completed,Credit Card,0.0
O0087874,C028347,2025-12-18,Online,,Completed,Credit Card,4.12
O0087875,C021814,2025-12-18,Store,S004,Completed,Credit Card,0.0
O0087878,C006333,2025-12-18,Online,,Completed,Digital Wallet,0.71
O0087884,C016517,2025-12-18,Store,S005,Completed,Credit Card,0.0
O0087894,C017347,2025-12-18,Online,,Completed,Credit Card,4.45
O0087895,C028740,2025-12-18,Online,,Completed,Credit Card,21.14
O0087904,C017867,2025-12-18,Online,,Completed,Debit Card,10.79
O0087908,C024673,2025-12-18,Online,,Completed,Digital Wallet,3.63
O0087930,C023436,2025-12-18,Online,,Completed,Digital Wallet,5.38
O0087932,C029072,2025-12-18,Online,,Completed,Debit Card,6.05
O0087940,C028270,2025-12-18,Online,,Completed,Digital Wallet,5.59
O0087952,C026915,2025-12-18,Online,,Completed,Credit Card,12.37
O0087955,C010386,2025-12-18,Store,S011,Completed,Credit Card,0.0
O0087957,C026059,2025-12-18,Online,,Returned,Digital Wallet,17.52
O0087962,C012984,2025-12-18,Online,,Completed,Debit Card,10.4
O0087990,C025241,2025-12-18,Store,S003,Returned,Debit Card,0.0
O0088015,C001484,2025-12-18,Online,,Completed,Debit Card,2.05
O0088019,C011891,2025-12-18,Store,S008,Completed,Gift Card,0.0
O0088025,C009193,2025-12-18,Online,,Completed,Debit Card,10.83
O0088030,C012643,2025-12-19,Pickup,S012,Completed,Credit Card,0.0
O0088033,C010000,2025-12-19,Online,,Completed,Gift Card,3.24
O0088050,C020329,2025-12-19,Online,,Completed,Credit Card,6.99
O0088064,C003704,2025-12-19,Online,,Completed,Credit Card,11.99
O0088066,C010040,2025-12-19,Online,,Completed,Debit Card,5.28
O0088074,C029366,2025-12-19,Online,,Completed,Credit Card,5.76
O0088083,C012340,2025-12-19,Store,S014,Completed,Credit Card,0.0
O0088097,C023735,2025-12-19,Online,,Completed,Credit Card,11.97
O0088104,C006539,2025-12-19,Pickup,S014,Completed,Credit Card,0.0
O0088122,C005187,2025-12-19,Online,,Returned,Debit Card,13.2
O0088123,C013067,2025-12-19,Online,,Completed,Debit Card,1.58
O0088128,C007937,2025-12-19,Online,,Completed,Digital Wallet,2.1
O0088139,C017336,2025-12-19,Store,S004,Completed,Credit Card,0.0
O0088143,C001289,2025-12-19,Online,,Completed,Debit Card,9.69
O0088154,C005347,2025-12-20,Online,,Completed,Credit Card,4.34
O0088165,C028852,2025-12-20,Online,,Completed,Credit Card,14.93
O0088167,C000657,2025-12-20,Pickup,S009,Completed,Credit Card,0.0
O0088168,C027715,2025-12-20,Store,S004,Completed,Credit Card,0.0
O0088178,C020019,2025-12-20,Store,S006,Completed,Credit Card,0.0
O0088189,C013309,2025-12-20,Online,,Completed,Gift Card,3.57
O0088192,C020006,2025-12-20,Online,,Completed,Digital Wallet,6.86
O0088201,C016602,2025-12-20,Store,S006,Completed,Debit Card,0.0
O0088206,C027922,2025-12-20,Online,,Completed,Digital Wallet,11.21
O0088231,C020857,2025-12-20,Online,,Completed,Credit Card,8.17
O0088234,C000402,2025-12-20,Online,,Completed,Digital Wallet,9.12
O0088241,C025470,2025-12-20,Online,,Completed,Credit Card,10.11
O0088245,C026226,2025-12-20,Store,S011,Completed,Credit Card,0.0
O0088250,C022512,2025-12-20,Store,S010,Completed,Credit Card,0.0
O0088258,C017905,2025-12-20,Online,,Completed,Digital Wallet,5.88
O0088264,C004606,2025-12-20,Store,S009,Completed,Digital Wallet,0.0
O0088275,C000658,2025-12-20,Store,S008,Completed,Debit Card,0.0
O0088276,C021081,2025-12-20,Store,S002,Completed,Digital Wallet,0.0
O0088298,C002519,2025-12-20,Online,,Completed,Debit Card,16.19
O0088308,C020569,2025-12-20,Online,,Completed,Credit Card,11.48
O0088322,C027757,2025-12-21,Store,S004,Returned,Digital Wallet,0.0
O0088339,C015774,2025-12-21,Store,S004,Returned,Credit Card,0.0
O0088346,C022925,2025-12-21,Online,,Completed,Digital Wallet,6.79
O0088358,C024869,2025-12-21,Online,,Completed,Credit Card,24.03
O0088360,C016380,2025-12-21,Online,, complete ,Digital Wallet,1.23
O0088375,C021784,2025-12-21,Online,,Completed,Debit Card,7.5
O0088382,C010508,2025-12-21,Online,,Completed,Credit Card,4.67
O0088390,C010841,2025-12-21,Online,,Completed,Debit Card,9.56
O0088396,C023049,2025-12-21,Online,,Completed,Digital Wallet,8.16
O0088404,C018295,2025-12-21,Online,,Completed,Credit Card,16.58
O0088411,C012933,2025-12-21,Online,,Completed,Credit Card,6.67
O0088417,C018529,2025-12-21,Store,S004,Completed,Credit Card,0.0
O0088424,C002642,2025-12-21,Online,,Completed,Digital Wallet,6.59
O0088429,C017735,2025-12-21,Online,,Completed,Digital Wallet,4.75
O0088434,C021306,2025-12-21,Online,,Completed,Debit Card,0.92
O0088440,C000574,2025-12-21,Store,S004,Completed,Credit Card,0.0
O0088450,C014965,2025-12-21,Store,S014,Completed,Debit Card,0.0
O0088452,C029027,2025-12-21,Online,,Returned,Credit Card,7.85
O0088459,C015548,2025-12-21,Online,,Completed,Credit Card,5.86
O0088463,C006393,2025-12-21,Online,,Completed,Credit Card,9.01
O0088470,C028740,2025-12-21,Online,,Completed,Credit Card,3.86
O0088472,C009193,2025-12-21,Online,,Completed,Gift Card,2.36
O0088505,C022825,2025-12-22,Online,,Completed,Debit Card,7.88
O0088509,C024625,2025-12-22,Online,,Completed,Credit Card,2.61
O0088514,C002158,2025-12-22,Online,,Completed,Debit Card,2.67
O0088518,C022459,2025-12-22,Pickup,S013,Completed,Credit Card,0.0
O0088521,C027161,2025-12-22,Store,S015,Completed,Digital Wallet,0.0
O0088527,C022865,2025-12-22,Online,,Completed,Digital Wallet,10.29
O0088529,C028817,2025-12-22,Online,,Completed,Digital Wallet,7.22
O0088537,C009200,2025-12-22,Store,S004,Completed,Credit Card,0.0
O0088545,C000743,2025-12-22,Store,S015,Completed,Credit Card,0.0
O0088549,C010885,2025-12-22,Online,,Completed,Credit Card,2.05
O0088550,C008893,2025-12-22,Pickup,S005,Completed,Digital Wallet,0.0
O0088573,C022844,2025-12-22,Online,,Completed,Credit Card,1.17
O0088575,C026388,2025-12-22,Store,S001,Returned,Credit Card,0.0
O0088578,C022799,2025-12-22,Online,,Completed,Credit Card,6.08
O0088586,C007319,2025-12-22,Online,,Completed,Digital Wallet,2.59
O0088588,C001476,2025-12-22,Online,,Completed,Credit Card,13.53
O0088589,C014543,2025-12-22,Store,S006,Completed,Credit Card,0.0
O0088594,C006152,2025-12-22,Online,,Completed,Credit Card,4.25
O0088597,C017352,2025-12-22,Store,S004,Completed,Credit Card,0.0
O0088606,C010841,2025-12-22,Pickup,S006,Completed,Debit Card,0.0
O0088607,C023870,2025-12-22,Store,S015,Completed,Credit Card,0.0
O0088612,C016835,2025-12-22,Online,,Completed,Credit Card,1.97
O0088613,C024397,2025-12-22,Online,,Completed,Debit Card,7.14
O0088616,C022612,2025-12-22,Online,,Completed,Debit Card,7.84
O0088618,C024746,2025-12-22,Online,,Completed,Credit Card,4.97
O0088625,C004814,2025-12-22,Online,,Completed,Debit Card,1.46
O0088630,C000097,2025-12-22,Store,S007,Completed,Credit Card,0.0
O0088638,C017698,2025-12-22,Pickup,S011,Completed,Debit Card,0.0
O0088639,C020732,2025-12-22,Store,S002,Completed,Debit Card,0.0
O0088646,C019048,2025-12-23,Online,,Completed,Credit Card,3.4
O0088649,C009247,2025-12-23,Store,S002,Completed,Credit Card,0.0
O0088672,C008204,2025-12-23,Online,,Completed,Debit Card,3.56
O0088690,C015819,2025-12-23,Online,,Completed,Gift Card,4.22
O0088691,C013587,2025-12-23,Store,S007,Returned,Digital Wallet,0.0
O0088695,C022334,2025-12-23,Online,,Completed,Credit Card,6.84
O0088696,C008091,2025-12-23,Online,,Completed,Debit Card,4.62
O0088699,C029050,2025-12-23,Store,S013,Completed,Debit Card,0.0
O0088700,C006689,2025-12-23,Online,,Returned,Gift Card,9.26
O0088705,C012759,2025-12-23,Online,,Returned,Credit Card,8.19
O0088712,C024634,2025-12-23,Online,,Completed,Digital Wallet,1.44
O0088713,C014668,2025-12-23,Store,S012,Completed,Debit Card,0.0
O0088723,C019356,2025-12-23,Online,,Completed,Debit Card,5.86
O0088728,C024419,2025-12-23,Online,,Completed,Gift Card,1.6
O0088730,C004986,2025-12-23,Online,,Completed,Credit Card,4.01
O0088740,C023529,2025-12-23,Online,,Completed,Digital Wallet,2.21
O0088744,C021944,2025-12-23,Online,,Completed,Credit Card,4.1
O0088753,C010017,2025-12-23,Online,,Completed,Credit Card,7.28
O0088763,C006396,2025-12-23,Pickup,S012,Completed,Credit Card,0.0
O0088777,C008779,2025-12-23,Store,S015,Completed,Credit Card,0.0
O0088778,C004901,2025-12-23,Online,,Completed,Credit Card,8.74
O0088780,C007175,2025-12-23,Store,S002,Completed,Debit Card,0.0
O0088788,C020625,2025-12-23,Store,S009,Completed,Debit Card,0.0
O0088789,C029613,2025-12-23,Store,S011,Completed,Digital Wallet,0.0
O0088802,C028815,2025-12-24,Online,,Completed,Digital Wallet,6.0
O0088817,C029746,2025-12-24,Online,,Completed,Credit Card,6.69
O0088823,C025559,2025-12-24,Online,,Completed,Credit Card,2.92
O0088825,C017285,2025-12-24,Online,,Completed,Digital Wallet,1.47
O0088827,C025576,2025-12-24,Online,,Completed,Credit Card,10.05
O0088829,C025230,2025-12-24,Online,,Completed,Debit Card,4.96
O0088830,C016008,2025-12-24,Online,,Completed,Credit Card,9.53
O0088835,C021252,2025-12-24,Online,,Completed,Digital Wallet,6.7
O0088839,C018190,2025-12-24,Online,,Completed,Credit Card,6.42
O0088848,C025297,2025-12-24,Store,S008,Completed,Credit Card,0.0
O0088850,C022268,2025-12-24,Store,S002,Completed,Digital Wallet,0.0
O0088856,C015110,2025-12-24,Store,S010,Completed,Credit Card,0.0
O0088857,C009253,2025-12-24,Online,,Completed,Credit Card,16.97
O0088871,C014960,2025-12-24,Online,,Completed,Credit Card,0.74
O0088874,C012386,2025-12-24,Store,S001,Completed,Credit Card,0.0
O0088875,C009689,2025-12-24,Online,,Completed,Digital Wallet,2.18
O0088891,C029815,2025-12-24,Online,,Completed,Credit Card,6.75
O0088896,C012877,2025-12-24,Online,,Completed,Credit Card,7.79
O0088904,C028801,2025-12-24,Store,S008,Completed,Credit Card,0.0
O0088931,C014576,2025-12-24,Store,S011,Completed,Digital Wallet,0.0
O0088934,C021771,2025-12-24,Online,,Completed,Credit Card,20.92
O0088941,C005938,2025-12-25,Online,,Cancelled,Debit Card,2.28
O0088971,C011190,2025-12-25,Pickup,S008,Completed,Credit Card,0.0
O0088973,C018066,2025-12-25,Store,S010,Completed,Credit Card,0.0
O0088982,C014411,2025-12-25,Pickup,S004,Completed,Gift Card,0.0
O0088986,C013986,2025-12-25,Pickup,S001,Completed,Credit Card,0.0
O0089002,C000929,2025-12-25,Online,,Completed,Debit Card,13.56
O0089003,C008677,2025-12-25,Pickup,S003,Completed,Debit Card,0.0
O0089009,C023786,2025-12-25,Store,S009,Completed,Gift Card,0.0
O0089023,C025208,2025-12-25,Online,,Completed,Gift Card,8.86
O0089034,C008162,2025-12-25,Store,S002,Completed,Debit Card,0.0
O0089053,C010576,2025-12-25,Store,S003,Completed,Credit Card,0.0
O0089057,C017787,2025-12-25,Online,,Completed,Credit Card,10.58
O0089070,C006715,2025-12-25,Store,S009,Completed,Digital Wallet,0.0
O0089074,C013272,2025-12-25,Online,,Completed,Gift Card,3.35
O0089092,C007108,2025-12-26,Store,S016,Completed,Gift Card,0.0
O0089100,C000743,2025-12-26,Store,S013,Returned,Digital Wallet,0.0
O0089108,C011176,2025-12-26,Online,,Completed,Credit Card,6.64
O0089126,C010528,2025-12-26,Store,S009,Completed,Debit Card,0.0
O0089136,C016116,2025-12-26,Store,S008,Completed,Credit Card,0.0
O0089150,C028660,2025-12-26,Store,S005,Completed,Debit Card,0.0
O0089152,C016868,2025-12-26,Online,,Completed,Credit Card,4.04
O0089173,C016008,2025-12-26,Online,,Completed,Credit Card,9.3
O0089190,C029986,2025-12-26,Online,,Completed,Credit Card,17.17
O0089206,C028575,2025-12-26,Store,S010,Completed,Credit Card,0.0
O0089209,C016708,2025-12-26,Online,,Completed,Credit Card,1.1
O0089222,C015693,2025-12-26,Store,S015,Completed,Gift Card,0.0
O0089228,C002130,2025-12-26,Store,S002,Completed,Gift Card,0.0
O0089241,C022047,2025-12-27,Store,S001,Completed,Digital Wallet,0.0
O0089242,C009241,2025-12-27,Pickup,S012,Completed,Credit Card,0.0
O0089246,C028714,2025-12-27,Online,,Completed,Credit Card,6.06
O0089249,C022013,2025-12-27,Online,,Completed,Credit Card,5.36
O0089265,C009444,2025-12-27,Store,S001,Completed,Credit Card,0.0
O0089266,C024600,2025-12-27,Online,,Completed,Credit Card,7.74
O0089272,C001828,2025-12-27,Pickup,S004,Returned,Digital Wallet,0.0
O0089275,C000706,2025-12-27,Online,,Completed,Credit Card,3.77
O0089292,C001279,2025-12-27,Store,S016,Completed,Credit Card,0.0
O0089298,C003403,2025-12-27,Online,,Completed,Digital Wallet,4.6
O0089304,C016357,2025-12-27,Online,,Returned,Credit Card,9.1
O0089308,C001819,2025-12-27,Pickup,S008,Completed,Debit Card,0.0
O0089312,C024659,2025-12-27,Online,,Completed,Debit Card,5.2
O0089314,C019691,2025-12-27,Online,,Completed,Credit Card,10.85
O0089316,C015737,2025-12-27,Store,S012,Completed,Debit Card,0.0
O0089319,C025344,2025-12-27,Pickup,S012,Completed,Credit Card,0.0
O0089337,C021369,2025-12-27,Store,S014,Completed,Credit Card,0.0
O0089356,C015801,2025-12-27,Store,S007,Completed,Credit Card,0.0
O0089362,C002326,2025-12-27,Online,,Completed,Debit Card,12.74
O0089379,C010414,2025-12-27,Pickup,S013,Completed,Credit Card,0.0
O0089386,C027264,2025-12-27,Online,,Completed,Digital Wallet,2.48
O0089389,C021483,2025-12-27,Pickup,S002,Completed,Credit Card,0.0
O0089396,C019362,2025-12-28,Store,S006,Completed,Credit Card,0.0
O0089416,C027994,2025-12-28,Online,,Completed,Credit Card,4.29
O0089420,C002768,2025-12-28,Store,S014,Completed,Digital Wallet,0.0
O0089421,C020496,2025-12-28,Online,,Completed,Digital Wallet,2.03
O0089423,C002326,2025-12-28,Store,S012,Completed,Credit Card,0.0
O0089433,C016318,2025-12-28,Store,S006,Completed,Debit Card,0.0
O0089436,C016116,2025-12-28,Online,,Completed,Credit Card,0.21
O0089462,C029858,2025-12-28,Store,S007,Completed,Credit Card,0.0
O0089463,C020381,2025-12-28,Online,,Completed,Debit Card,4.07
O0089470,C000737,2025-12-28,Online,,Completed,Credit Card,6.35
O0089483,C011995,2025-12-28,Store,S003,Cancelled,Credit Card,0.0
O0089488,C023010,2025-12-28,Store,S013,Completed,Credit Card,0.0
O0089499,C015429,2025-12-28,Online,,Completed,Debit Card,11.35
O0089500,C027756,2025-12-28,Online,,Completed,Credit Card,3.77
O0089506,C024076,2025-12-28,Online,,Completed,Digital Wallet,11.17
O0089511,C010227,2025-12-28,Online,,Completed,Credit Card,2.93
O0089513,C002677,2025-12-28,Online,,Completed,Debit Card,0.97
O0089531,C002904,2025-12-28,Store,S013,Completed,Debit Card,0.0
O0089533,C016690,2025-12-28,Store,S002,Cancelled,Credit Card,0.0
O0089553,C003285,2025-12-28,Online,,Completed,Digital Wallet,2.93
O0089558,C024408,2025-12-28,Store,S013,Completed,Credit Card,0.0
O0089577,C009531,2025-12-29,Store,S008,Completed,Credit Card,0.0
O0089583,C019996,2025-12-29,Store,S009,Completed,Credit Card,0.0
O0089584,C025198,2025-12-29,Online,,Completed,Debit Card,5.33
O0089596,C002013,2025-12-29,Online,,Completed,Credit Card,18.43
O0089601,C025355,2025-12-29,Store,S009,Returned,Debit Card,0.0
O0089610,C026923,2025-12-29,Online,,Completed,Debit Card,5.39
O0089612,C026223,2025-12-29,Store,S013,Cancelled,Credit Card,0.0
O0089616,C026622,2025-12-29,Online,,Completed,Gift Card,1.62
O0089619,C005333,2025-12-29,Store,S016,Completed,Credit Card,0.0
O0089621,C002901,2025-12-29,Online,,Completed,Digital Wallet,8.23
O0089624,C024628,2025-12-29,Online,,Completed,Digital Wallet,8.88
O0089633,C002277,2025-12-29,Pickup,S016,Completed,Digital Wallet,0.0
O0089642,C023087,2025-12-29,Pickup,S013,Cancelled,Digital Wallet,0.0
O0089647,C015583,2025-12-29,Online,,Completed,Debit Card,3.76
O0089654,C009393,2025-12-29,Online,,Completed,Credit Card,2.64
O0089660,C018656,2025-12-29,Online,,Returned,Digital Wallet,9.37
O0089661,C028778,2025-12-29,Online,,Completed,Credit Card,3.57
O0089673,C022797,2025-12-29,Online,,Completed,Digital Wallet,6.2
O0089674,C007851,2025-12-29,Store,S014,Completed,Debit Card,0.0
O0089680,C023829,2025-12-29,Store,S014,Returned,Credit Card,0.0
O0089681,C006217,2025-12-29,Online,,Completed,Credit Card,5.45
O0089691,C010983,2025-12-29,Pickup,S013,Completed,Debit Card,0.0
O0089693,C000492,2025-12-29,Online,,Completed,Credit Card,1.63
O0089698,C002899,2025-12-30,Online,,Completed,Debit Card,2.98
O0089711,C022501,2025-12-30,Pickup,S004,Cancelled,Credit Card,0.0
O0089712,C026454,2025-12-30,Online,,Completed,Digital Wallet,5.09
O0089723,C019083,2025-12-30,Store,S006,Completed,Credit Card,0.0
O0089726,C001669,2025-12-30,Online,,Completed,Digital Wallet,3.14
O0089728,C023110,2025-12-30,Online,,Completed,Debit Card,19.87
O0089737,C004485,2025-12-30,Store,S008,Completed,Credit Card,0.0
O0089740,C029443,2025-12-30,Store,S002,Completed,Debit Card,0.0
O0089741,C021220,2025-12-30,Store,S008,Returned,Debit Card,0.0
O0089745,C015821,2025-12-30,Online,,Completed,Digital Wallet,2.31
O0089750,C025270,2025-12-30,Pickup,S008,Completed,Digital Wallet,0.0
O0089752,C010528,2025-12-30,Pickup,S009,Completed,Digital Wallet,0.0
O0089756,C027835,2025-12-30,Online,,Completed,Credit Card,6.45
O0089770,C001556,2025-12-30,Store,S005,Completed,Credit Card,0.0
O0089772,C005082,2025-12-30,Store,S012,Completed,Credit Card,0.0
O0089789,C003384,2025-12-30,Store,S002,Completed,Digital Wallet,0.0
O0089792,C024990,2025-12-30,Online,,Completed,Credit Card,0.61
O0089801,C017867,2025-12-30,Online,,Completed,Credit Card,5.7
O0089825,C001114,2025-12-30,Online,,Completed,Credit Card,6.64
O0089840,C013572,2025-12-30,Store,S006,Completed,Debit Card,0.0
O0089865,C011912,2025-12-31,Store,S004,Completed,Debit Card,0.0
O0089875,C010366,2025-12-31,Online,,Completed,Credit Card,4.86
O0089878,C019139,2025-12-31,Online,,Completed,Digital Wallet,9.25
O0089885,C002154,2025-12-31,Store,S014,Completed,Credit Card,0.0
O0089899,C010334,2025-12-31,Online,,Completed,Credit Card,5.22
O0089901,C025582,2025-12-31,Online,,Completed,Debit Card,3.67
O0089905,C009699,2025-12-31,Online,,Completed,Debit Card,5.41
O0089909,C011964,2025-12-31,Online,,Completed,Credit Card,13.21
O0089911,C003526,2025-12-31,Store,S015,Completed,Credit Card,0.0
O0089939,C002983,2025-12-31,Pickup,S008,Completed,Credit Card,0.0
O0089945,C012456,2025-12-31,Store,S015,Completed,Credit Card,0.0
O0089948,C011417,2025-12-31,Store,S003,Completed,Credit Card,0.0
O0089952,C003526,2025-12-31,Online,,Completed,Digital Wallet,9.86
