order_item_id,order_id,product_id,quantity,unit_price,discount_pct
OI00000002,O0000002,P0102,2,50.64,0.1
OI00000049,O0000028,P0031,2,1344.24,0.0
OI00000062,O0000034,P0066,1,263.55,0.1
OI00000063,O0000034,P0126,1,190.41,0.0
OI00000064,O0000034,P0155,2,49.53,0.0
OI00000065,O0000034,P0105,2,130.87,0.0
OI00000076,O0000041,P0090,1,206.39,0.0
OI00000082,O0000046,P0131,1,49.86,0.15
OI00000083,O0000046,P0109,1,167.72,0.0
OI00000100,O0000055,P0035,1,1023.86,0.1
OI00000101,O0000055,P0127,1,167.91,0.05
OI00000102,O0000056,P0173,1,44.67,0.15
OI00000112,O0000063,P0041,1,227.4,0.0
OI00000123,O0000071,P0177,1,23.14,0.1
OI00000128,O0000074,P0120,2,329.33,0.0
OI00000129,O0000074,P0019,1,421.24,0.0
OI00000137,O0000079,P0124,1,64.88,0.0
OI00000139,O0000081,P0113,1,99.45,0.0
OI00000140,O0000081,P0123,1,50.42,0.0
OI00000166,O0000095,P0146,1,52.96,0.0
OI00000167,O0000095,P0106,1,128.47,0.0
OI00000168,O0000095,P0002,2,899.28,0.0
OI00000188,O0000106,P0139,1,24.22,0.0
OI00000214,O0000122,P0067,1,284.5,0.0
OI00000226,O0000130,P0135,1,185.1,0.0
OI00000250,O0000144,P0121,1,144.03,0.0
OI00000251,O0000144,P0026,1,1136.52,0.1
OI00000260,O0000149,P0037,1,558.88,0.0
OI00000261,O0000149,P0028,1,1224.59,0.0
OI00000262,O0000149,P0178,1,11.26,0.0
OI00000263,O0000149,P0155,1,49.14,0.2
OI00000271,O0000155,P0011,1,1087.7,0.0
OI00000274,O0000157,P0022,2,886.26,0.0
OI00000279,O0000161,P0122,1,392.01,0.1
OI00000280,O0000161,P0028,1,1239.18,0.0
OI00000281,O0000161,P0111,1,289.19,0.0
OI00000294,O0000169,P0170,1,9.39,0.0
OI00000297,O0000171,P0078,1,137.2,0.15
OI00000298,O0000171,P0051,1,54.52,0.1
OI00000299,O0000171,P0074,2,255.75,0.1
OI00000314,O0000181,P0107,1,157.02,0.1
OI00000332,O0000190,P0029,2,522.12,0.1
OI00000333,O0000190,P0026,1,1172.5,0.0
OI00000335,O0000192,P0144,1,13.87,0.0
OI00000372,O0000215,P0034,1,528.24,0.0
OI00000373,O0000215,P0082,1,379.51,0.0
OI00000402,O0000229,P0171,1,38.02,0.05
OI00000403,O0000229,P0126,1,188.45,0.0
OI00000406,O0000232,P0112,1,39.39,0.0
OI00000407,O0000232,P0044,1,119.74,0.0
OI00000408,O0000233,P0175,1,11.53,0.0
OI00000409,O0000233,P0141,1,23.62,0.0
OI00000410,O0000233,P0046,1,341.8,0.0
OI00000411,O0000234,P0034,1,531.61,0.0
OI00000424,O0000242,P0134,1,132.92,0.0
OI00000443,O0000252,P0160,1,24.31,0.1
OI00000444,O0000253,P0124,1,65.43,0.1
OI00000445,O0000253,P0045,1,407.23,0.05
OI00000470,O0000267,P0072,2,169.57,0.0
OI00000474,O0000271,P0050,2,91.95,0.0
OI00000475,O0000271,P0140,2,15.51,0.0
OI00000476,O0000272,P0112,1,39.56,0.05
OI00000477,O0000272,P0177,1,23.05,0.0
OI00000478,O0000273,P0085,1,512.03,0.2
OI00000486,O0000279,P0132,1,27.98,0.0
OI00000530,O0000304,P0063,1,59.76,0.0
OI00000531,O0000304,P0169,1,190.22,0.0
OI00000554,O0000315,P0135,1,184.79,0.05
OI00000555,O0000315,P0103,1,83.71,0.05
OI00000582,O0000333,P0093,1,84.69,0.2
OI00000583,O0000333,P0124,1,65.43,0.1
OI00000592,O0000337,P0044,1,123.95,0.0
OI00000616,O0000351,P0120,1,322.03,0.2
OI00000624,O0000355,P0100,2,61.04,0.0
OI00000625,O0000355,P0099,1,229.96,0.0
OI00000626,O0000355,P0156,1,87.74,0.0
OI00000628,O0000357,P0078,1,136.19,0.0
OI00000636,O0000360,P0145,1,168.0,0.1
OI00000652,O0000369,P0048,1,58.27,0.0
OI00000653,O0000369,P0080,1,234.65,0.0
OI00000662,O0000375,P0147,1,78.33,0.0
OI00000702,O0000393,P0053,1,357.9,0.1
OI00000703,O0000393,P0029,1,529.36,0.0
OI00000704,O0000393,P0114,1,29.89,0.1
OI00000709,O0000397,P0164,1,39.07,0.0
OI00000728,O0000408,P0059,1,50.83,0.05
OI00000729,O0000408,P0165,2,40.93,0.05
OI00000730,O0000408,P0175,1,11.94,0.15
OI00000745,O0000416,P0137,1,25.85,0.0
OI00000746,O0000416,P0021,1,654.24,0.0
OI00000747,O0000416,P0153,1,44.13,0.0
OI00000748,O0000417,P0116,1,70.3,0.0
OI00000749,O0000417,P0107,1,157.56,0.1
OI00000756,O0000423,P0172,1,21.78,0.0
OI00000783,O0000439,P0091,1,168.13,0.0
OI00000784,O0000439,P0055,1,339.48,0.15
OI00000811,O0000454,P0044,1,124.18,0.0
OI00000812,O0000455,P0058,1,147.22,0.0
OI00000813,O0000455,P0061,1,377.31,0.05
OI00000814,O0000455,P0133,1,9.93,0.0
OI00000815,O0000455,P0146,2,52.16,0.0
OI00000841,O0000468,P0006,1,2202.3,0.1
OI00000863,O0000481,P0168,1,62.89,0.0
OI00000864,O0000481,P0069,2,96.7,0.05
OI00000890,O0000501,P0082,2,368.71,0.0
OI00000891,O0000501,P0070,2,54.36,0.0
OI00000892,O0000501,P0132,2,28.44,0.0
OI00000901,O0000506,P0110,1,74.09,0.0
OI00000902,O0000506,P0165,2,40.3,0.0
OI00000903,O0000506,P0057,1,132.32,0.0
OI00000917,O0000513,P0017,1,1607.97,0.0
OI00000918,O0000513,P0062,1,56.36,0.0
OI00000919,O0000513,P0067,1,289.25,0.0
OI00000920,O0000514,P0159,1,181.9,0.15
OI00000921,O0000514,P0003,1,1245.63,0.05
OI00000923,O0000516,P0056,1,128.28,0.0
OI00000924,O0000516,P0169,1,185.91,0.0
OI00000947,O0000528,P0172,1,22.01,0.0
OI00000948,O0000529,P0018,1,1957.45,0.0
OI00000949,O0000529,P0005,1,1334.85,0.1
OI00000950,O0000529,P0106,1,129.52,0.0
OI00000981,O0000551,P0114,2,28.78,0.1
OI00000982,O0000551,P0112,1,39.42,0.0
OI00000983,O0000551,P0133,1,9.7,0.2
OI00000984,O0000552,P0107,1,156.93,0.0
OI00000989,O0000556,P0166,1,32.54,0.0
OI00000990,O0000556,P0074,1,253.12,0.1
OI00000993,O0000558,P0056,1,130.37,0.15
OI00000999,O0000562,P0045,1,418.59,0.05
OI00001009,O0000568,P0136,1,85.02,0.0
OI00001010,O0000568,P0152,1,15.1,0.05
OI00001016,O0000573,P0075,1,56.15,0.0
OI00001027,O0000580,P0165,1,41.28,0.2
OI00001032,O0000582,P0104,1,29.02,0.0
OI00001061,O0000599,P0018,1,1965.43,0.0
OI00001062,O0000599,P0124,1,62.75,0.1
OI00001070,O0000605,P0144,1,13.31,0.0
OI00001071,O0000605,P0171,1,37.75,0.05
OI00001072,O0000605,P0093,1,84.78,0.0
OI00001078,O0000610,P0005,1,1372.7,0.0
OI00001079,O0000610,P0045,1,416.01,0.0
OI00001080,O0000610,P0091,2,174.48,0.05
OI00001086,O0000613,P0148,1,14.86,0.0
OI00001087,O0000613,P0089,1,350.93,0.2
OI00001088,O0000613,P0145,1,162.06,0.0
OI00001098,O0000619,P0046,2,333.9,0.05
OI00001099,O0000619,P0145,1,163.41,0.05
OI00001119,O0000628,P0077,1,420.08,0.1
OI00001120,O0000628,P0009,1,1304.81,0.0
OI00001144,O0000642,P0180,1,51.22,0.2
OI00001159,O0000649,P0010,1,877.13,0.15
OI00001160,O0000649,P0058,2,147.62,0.05
OI00001178,O0000662,P0022,1,870.39,0.0
OI00001197,O0000671,P0025,1,428.92,0.0
OI00001226,O0000686,P0118,2,127.2,0.0
OI00001227,O0000687,P0175,1,11.87,0.0
OI00001235,O0000690,P0137,1,25.61,0.0
OI00001250,O0000701,P0038,2,481.77,0.0
OI00001251,O0000701,P0121,1,143.48,0.0
OI00001252,O0000701,P0012,1,1545.34,0.0
OI00001260,O0000707,P0131,1,48.64,0.0
OI00001262,O0000709,P0045,1,400.81,0.0
OI00001263,O0000709,P0090,2,204.91,0.0
OI00001270,O0000713,P0128,1,70.78,0.0
OI00001271,O0000714,P0089,1,357.34,0.0
OI00001272,O0000714,P0148,1,15.14,0.0
OI00001284,O0000720,P0032,1,861.49,0.0
OI00001303,O0000731,P0118,1,129.01,0.0
OI00001306,O0000734,P0041,1,233.43,0.0
OI00001307,O0000734,P0063,1,57.52,0.15
OI00001308,O0000734,P0136,1,84.61,0.0
OI00001309,O0000735,P0159,2,184.11,0.0
OI00001310,O0000735,P0066,1,271.79,0.0
OI00001346,O0000755,P0167,1,127.89,0.0
OI00001358,O0000760,P0162,1,19.52,0.0
OI00001364,O0000765,P0065,1,315.71,0.0
OI00001365,O0000765,P0078,2,131.27,0.0
OI00001366,O0000765,P0170,1,9.48,0.0
OI00001367,O0000765,P0054,1,56.78,0.0
OI00001406,O0000790,P0050,1,94.07,0.0
OI00001407,O0000790,P0048,1,54.15,0.0
OI00001408,O0000790,P0098,1,322.87,0.0
OI00001411,O0000792,P0131,1,50.24,0.0
OI00001413,O0000794,P0148,1,15.26,0.0
OI00001420,O0000798,P0039,1,538.15,0.05
OI00001425,O0000801,P0066,1,276.54,0.0
OI00001443,O0000811,P0139,1,24.38,0.0
OI00001453,O0000816,P0021,1,635.68,0.05
OI00001454,O0000816,P0126,1,186.43,0.0
OI00001520,O0000854,P0088,2,301.04,0.1
OI00001525,O0000858,P0133,1,10.22,0.0
OI00001555,O0000878,P0119,1,33.07,0.1
OI00001588,O0000896,P0145,1,156.68,0.0
OI00001589,O0000896,P0149,2,17.75,0.0
OI00001630,O0000917,P0025,1,418.44,0.15
OI00001631,O0000917,P0146,1,53.58,0.0
OI00001632,O0000917,P0071,2,113.61,0.0
OI00001637,O0000921,P0131,1,50.9,0.15
OI00001648,O0000927,P0022,2,851.8,0.0
OI00001649,O0000928,P0174,1,18.07,0.0
OI00001650,O0000928,P0088,1,293.92,0.1
OI00001651,O0000929,P0165,1,41.77,0.0
OI00001657,O0000933,P0019,1,389.85,0.0
OI00001687,O0000949,P0087,1,485.44,0.0
OI00001695,O0000954,P0164,1,38.92,0.0
OI00001696,O0000954,P0005,1,1365.84,0.0
OI00001738,O0000979,P0085,1,486.87,0.0
OI00001757,O0000990,P0144,1,13.8,0.0
OI00001758,O0000990,P0120,1,330.7,0.0
OI00001759,O0000990,P0153,1,43.46,0.0
OI00001766,O0000995,P0015,1,1423.29,0.0
OI00001767,O0000995,P0078,1,134.66,0.0
OI00001773,O0001000,P0116,2,67.17,0.0
OI00001774,O0001000,P0052,1,39.96,0.0
OI00001775,O0001000,P0064,1,133.52,0.1
OI00001779,O0001003,P0019,1,417.15,0.0
OI00001780,O0001003,P0104,1,30.2,0.05
OI00001791,O0001008,P0087,1,485.78,0.0
OI00001792,O0001008,P0116,1,68.25,0.0
OI00001793,O0001008,P0084,1,620.25,0.05
OI00001820,O0001022,P0174,1,18.1,0.05
OI00001845,O0001035,P0037,1,548.2,0.0
OI00001846,O0001035,P0133,1,10.05,0.2
OI00001855,O0001041,P0051,1,55.56,0.0
OI00001866,O0001045,P0142,1,12.7,0.0
OI00001878,O0001050,P0057,1,129.4,0.0
OI00001892,O0001058,P0109,1,169.1,0.0
OI00001893,O0001058,P0175,1,11.92,0.1
OI00001907,O0001068,P0073,1,98.37,0.0
OI00001914,O0001072,P0086,2,51.26,0.0
OI00001915,O0001072,P0057,1,134.65,0.0
OI00001916,O0001073,P0092,1,198.39,0.0
OI00001917,O0001074,P0017,2,1621.57,0.0
OI00001952,O0001092,P0097,1,140.14,0.1
OI00001961,O0001097,P0072,2,178.54,0.0
OI00001962,O0001097,P0078,1,135.66,0.1
OI00001964,O0001099,P0085,1,507.79,0.0
OI00001967,O0001101,P0072,1,177.86,0.0
OI00001968,O0001101,P0023,1,1018.71,0.0
OI00001969,O0001101,P0048,1,56.58,0.0
OI00001970,O0001101,P0151,1,19.51,0.0
OI00002027,O0001132,P0125,1,295.08,0.0
OI00002033,O0001137,P0090,1,206.67,0.1
OI00002034,O0001138,P0100,1,62.49,0.0
OI00002071,O0001159,P0126,1,187.59,0.0
OI00002075,O0001162,P0025,1,438.46,0.05
OI00002076,O0001162,P0034,1,540.96,0.0
OI00002087,O0001170,P0086,1,49.96,0.0
OI00002088,O0001170,P0114,1,30.17,0.0
OI00002089,O0001171,P0083,1,737.27,0.0
OI00002090,O0001172,P0105,2,134.93,0.0
OI00002091,O0001172,P0023,1,999.93,0.0
OI00002128,O0001189,P0047,1,139.77,0.0
OI00002129,O0001189,P0079,1,170.85,0.0
OI00002130,O0001189,P0028,1,1230.51,0.0
OI00002141,O0001194,P0045,2,411.36,0.0
OI00002142,O0001194,P0044,1,121.24,0.0
OI00002148,O0001198,P0054,1,57.69,0.05
OI00002152,O0001202,P0037,1,531.71,0.05
OI00002153,O0001202,P0152,1,15.15,0.0
OI00002154,O0001203,P0108,1,40.75,0.05
OI00002155,O0001203,P0028,1,1235.13,0.0
OI00002156,O0001203,P0062,1,57.34,0.0
OI00002167,O0001211,P0082,2,373.69,0.0
OI00002168,O0001211,P0130,1,29.86,0.0
OI00002176,O0001218,P0064,1,133.23,0.0
OI00002177,O0001218,P0044,1,121.56,0.0
OI00002178,O0001218,P0090,1,194.78,0.0
OI00002186,O0001223,P0054,1,58.23,0.0
OI00002205,O0001233,P0035,1,1062.78,0.0
OI00002217,O0001239,P0178,1,11.14,0.0
OI00002218,O0001240,P0030,1,860.36,0.1
OI00002239,O0001253,P0166,1,32.84,0.0
OI00002240,O0001253,P0001,1,1721.85,0.0
OI00002243,O0001255,P0180,2,53.47,0.0
OI00002244,O0001255,P0161,1,63.31,0.0
OI00002267,O0001271,P0075,1,55.24,0.0
OI00002276,O0001276,P0026,1,1117.28,0.0
OI00002277,O0001276,P0064,1,125.93,0.0
OI00002287,O0001284,P0042,1,119.66,0.1
OI00002302,O0001292,P0050,1,95.98,0.0
OI00002307,O0001296,P0157,2,121.17,0.0
OI00002314,O0001300,P0063,1,57.11,0.0
OI00002315,O0001300,P0068,1,143.33,0.15
OI00002321,O0001304,P0094,1,70.25,0.05
OI00002322,O0001304,P0075,1,53.94,0.0
OI00002323,O0001304,P0018,1,1970.86,0.0
OI00002364,O0001326,P0086,1,51.56,0.0
OI00002365,O0001326,P0134,1,131.29,0.1
OI00002373,O0001331,P0147,1,76.44,0.0
OI00002374,O0001331,P0011,1,1093.27,0.0
OI00002375,O0001331,P0095,1,278.61,0.0
OI00002402,O0001348,P0053,1,360.75,0.0
OI00002403,O0001348,P0124,1,65.19,0.0
OI00002412,O0001354,P0042,1,118.05,0.0
OI00002413,O0001354,P0048,1,56.48,0.0
OI00002426,O0001362,P0019,1,405.64,0.0
OI00002427,O0001362,P0060,1,132.81,0.25
OI00002470,O0001389,P0073,1,97.03,0.0
OI00002475,O0001393,P0145,1,165.37,0.0
OI00002478,O0001396,P0025,1,411.98,0.0
OI00002479,O0001396,P0086,1,50.37,0.15
OI00002511,O0001414,P0153,1,44.81,0.05
OI00002512,O0001415,P0072,1,178.23,0.2
OI00002523,O0001423,P0100,3,62.53,0.0
OI00002524,O0001423,P0057,1,132.91,0.0
OI00002564,O0001444,P0114,1,29.89,0.1
OI00002565,O0001444,P0073,1,95.91,0.1
OI00002566,O0001444,P0079,1,168.93,0.0
OI00002593,O0001462,P0067,1,276.84,0.0
OI00002598,O0001466,P0129,1,303.41,0.0
OI00002599,O0001466,P0069,1,97.1,0.0
OI00002610,O0001471,P0071,1,115.67,0.25
OI00002611,O0001471,P0105,1,132.25,0.15
OI00002612,O0001471,P0005,1,1352.9,0.0
OI00002615,O0001473,P0162,1,19.61,0.15
OI00002616,O0001473,P0105,1,130.88,0.0
OI00002617,O0001473,P0055,2,338.47,0.0
OI00002618,O0001473,P0129,1,299.65,0.05
OI00002630,O0001479,P0034,1,575.31,0.0
OI00002631,O0001479,P0074,1,259.77,0.0
OI00002642,O0001487,P0166,1,34.08,0.15
OI00002656,O0001495,P0014,1,834.5,0.0
OI00002660,O0001498,P0170,1,9.58,0.05
OI00002662,O0001500,P0027,1,917.36,0.2
OI00002664,O0001502,P0128,2,70.39,0.1
OI00002665,O0001502,P0042,1,119.6,0.0
OI00002685,O0001516,P0074,2,259.01,0.0
OI00002686,O0001516,P0153,1,46.18,0.0
OI00002687,O0001517,P0070,1,53.08,0.0
OI00002688,O0001517,P0104,1,29.87,0.0
OI00002704,O0001524,P0061,1,375.39,0.0
OI00002710,O0001528,P0011,1,1034.58,0.0
OI00002729,O0001540,P0015,1,1429.57,0.1
OI00002755,O0001556,P0154,1,57.14,0.0
OI00002770,O0001565,P0158,1,69.79,0.0
OI00002773,O0001567,P0114,1,29.61,0.1
OI00002793,O0001579,P0119,1,32.63,0.2
OI00002794,O0001579,P0153,1,43.34,0.1
OI00002798,O0001582,P0062,1,58.04,0.0
OI00002799,O0001582,P0153,3,44.35,0.0
OI00002800,O0001582,P0131,1,49.03,0.0
OI00002801,O0001582,P0124,1,65.23,0.1
OI00002805,O0001585,P0073,1,98.45,0.05
OI00002812,O0001590,P0099,1,233.85,0.0
OI00002813,O0001590,P0081,2,413.18,0.0
OI00002824,O0001596,P0160,2,23.74,0.0
OI00002828,O0001599,P0044,1,123.51,0.0
OI00002842,O0001607,P0177,1,23.02,0.15
OI00002843,O0001607,P0029,2,523.21,0.0
OI00002844,O0001607,P0094,1,70.7,0.0
OI00002854,O0001613,P0180,1,51.77,0.0
OI00002857,O0001616,P0099,1,237.22,0.0
OI00002858,O0001616,P0019,1,410.65,0.0
OI00002859,O0001616,P0103,1,86.35,0.0
OI00002862,O0001618,P0030,1,856.15,0.0
OI00002863,O0001619,P0118,1,130.0,0.0
OI00002869,O0001624,P0025,1,428.94,0.25
OI00002870,O0001624,P0058,2,147.16,0.0
OI00002875,O0001627,P0138,1,34.82,0.0
OI00002876,O0001627,P0167,1,129.52,0.0
OI00002897,O0001636,P0018,1,1985.57,0.15
OI00002903,O0001639,P0043,1,284.44,0.0
OI00002912,O0001645,P0077,1,419.35,0.0
OI00002913,O0001645,P0151,1,19.66,0.0
OI00002914,O0001645,P0078,1,135.56,0.0
OI00002931,O0001655,P0126,1,187.99,0.0
OI00002932,O0001655,P0024,1,510.99,0.0
OI00002955,O0001670,P0139,2,24.98,0.15
OI00002956,O0001671,P0052,1,39.87,0.0
OI00002963,O0001675,P0017,1,1590.54,0.0
OI00002971,O0001680,P0073,2,97.29,0.0
OI00002972,O0001680,P0018,1,2035.37,0.1
OI00002973,O0001680,P0023,1,1007.62,0.0
OI00002997,O0001695,P0027,1,891.92,0.1
OI00002998,O0001695,P0019,1,398.03,0.0
OI00002999,O0001695,P0074,1,253.95,0.2
OI00003021,O0001708,P0175,1,11.92,0.05
OI00003045,O0001723,P0034,1,540.72,0.0
OI00003046,O0001724,P0033,1,1381.35,0.0
OI00003047,O0001724,P0079,2,175.79,0.0
OI00003048,O0001724,P0146,1,53.9,0.15
OI00003050,O0001726,P0002,1,937.33,0.0
OI00003064,O0001734,P0168,1,62.69,0.0
OI00003065,O0001734,P0060,1,135.33,0.0
OI00003070,O0001738,P0040,1,974.73,0.1
OI00003071,O0001738,P0060,1,133.55,0.0
OI00003072,O0001738,P0136,1,83.77,0.1
OI00003073,O0001738,P0034,1,544.62,0.0
OI00003086,O0001745,P0168,1,63.7,0.1
OI00003087,O0001745,P0095,1,287.6,0.0
OI00003088,O0001746,P0017,1,1669.67,0.0
OI00003104,O0001754,P0043,1,305.2,0.15
OI00003124,O0001765,P0164,1,39.19,0.0
OI00003125,O0001765,P0105,1,129.95,0.05
OI00003126,O0001765,P0047,1,135.98,0.1
OI00003145,O0001778,P0133,1,9.72,0.0
OI00003156,O0001783,P0131,1,50.64,0.0
OI00003157,O0001783,P0155,2,51.1,0.0
OI00003164,O0001789,P0154,1,57.6,0.15
OI00003165,O0001789,P0156,1,88.51,0.1
OI00003185,O0001801,P0143,1,111.89,0.1
OI00003186,O0001801,P0135,1,182.61,0.0
OI00003197,O0001808,P0057,1,131.85,0.1
OI00003200,O0001810,P0138,1,34.22,0.15
OI00003201,O0001810,P0073,1,96.14,0.0
OI00003208,O0001813,P0047,1,136.07,0.05
OI00003210,O0001815,P0169,1,182.01,0.0
OI00003211,O0001815,P0097,1,139.94,0.15
OI00003212,O0001816,P0147,1,79.95,0.0
OI00003213,O0001816,P0130,1,30.49,0.0
OI00003215,O0001818,P0096,2,88.29,0.0
OI00003216,O0001818,P0085,1,476.75,0.25
OI00003246,O0001834,P0084,1,631.27,0.0
OI00003258,O0001843,P0006,1,2247.31,0.0
OI00003263,O0001846,P0067,1,276.13,0.0
OI00003270,O0001850,P0026,1,1176.0,0.1
OI00003271,O0001850,P0105,1,130.95,0.0
OI00003283,O0001858,P0160,1,23.64,0.0
OI00003293,O0001864,P0016,2,900.54,0.05
OI00003294,O0001864,P0041,1,224.04,0.0
OI00003316,O0001878,P0174,1,17.67,0.0
OI00003317,O0001878,P0140,1,15.79,0.0
OI00003337,O0001892,P0176,1,135.63,0.0
OI00003338,O0001893,P0025,1,442.25,0.0
OI00003339,O0001893,P0152,1,15.54,0.05
OI00003344,O0001898,P0026,1,1182.35,0.0
OI00003345,O0001898,P0075,1,54.4,0.0
OI00003346,O0001899,P0164,1,38.79,0.0
OI00003347,O0001899,P0007,1,1983.4,0.0
OI00003363,O0001910,P0091,1,168.06,0.2
OI00003377,O0001916,P0167,2,128.98,0.05
OI00003403,O0001933,P0115,1,67.53,0.1
OI00003404,O0001933,P0043,1,300.81,0.0
OI00003405,O0001933,P0142,1,12.57,0.0
OI00003407,O0001935,P0159,1,181.83,0.0
OI00003408,O0001935,P0005,1,1338.61,0.1
OI00003421,O0001944,P0095,1,284.26,0.15
OI00003448,O0001961,P0124,1,66.43,0.0
OI00003449,O0001961,P0041,1,233.7,0.2
OI00003454,O0001964,P0087,3,489.57,0.0
OI00003456,O0001966,P0029,1,533.05,0.0
OI00003457,O0001966,P0170,1,9.28,0.0
OI00003506,O0001996,P0081,3,407.58,0.0
OI00003507,O0001996,P0010,2,880.83,0.25
OI00003508,O0001996,P0123,1,49.9,0.0
OI00003509,O0001996,P0144,1,13.73,0.0
OI00003515,O0002000,P0152,1,15.03,0.15
OI00003540,O0002013,P0096,1,86.93,0.0
OI00003541,O0002013,P0064,1,131.58,0.0
OI00003550,O0002020,P0101,1,125.47,0.0
OI00003555,O0002024,P0113,1,99.46,0.15
OI00003556,O0002024,P0127,1,157.32,0.0
OI00003557,O0002024,P0150,1,11.35,0.0
OI00003565,O0002029,P0086,1,49.43,0.0
OI00003566,O0002029,P0023,1,991.57,0.05
OI00003567,O0002029,P0115,1,65.94,0.05
OI00003580,O0002035,P0111,1,287.65,0.0
OI00003596,O0002044,P0025,1,433.33,0.0
OI00003597,O0002044,P0164,1,40.46,0.15
OI00003629,O0002061,P0051,1,57.38,0.0
OI00003630,O0002061,P0127,1,164.96,0.0
OI00003640,O0002067,P0055,1,332.44,0.1
OI00003641,O0002068,P0002,1,956.01,0.0
OI00003642,O0002068,P0025,1,427.22,0.0
OI00003643,O0002068,P0139,1,23.98,0.2
OI00003644,O0002068,P0031,1,1320.62,0.05
OI00003657,O0002076,P0097,1,135.93,0.0
OI00003660,O0002078,P0068,1,141.24,0.05
OI00003671,O0002084,P0010,1,865.54,0.0
OI00003672,O0002084,P0015,3,1443.69,0.0
OI00003673,O0002085,P0086,1,50.23,0.0
OI00003674,O0002085,P0125,1,288.79,0.1
OI00003677,O0002087,P0160,1,23.91,0.0
OI00003678,O0002087,P0154,1,55.33,0.0
OI00003679,O0002087,P0173,1,44.27,0.0
OI00003684,O0002089,P0051,1,55.72,0.0
OI00003686,O0002091,P0009,3,1292.12,0.0
OI00003687,O0002091,P0058,1,145.22,0.0
OI00003701,O0002097,P0087,1,484.68,0.0
OI00003702,O0002097,P0098,2,329.6,0.0
OI00003703,O0002097,P0100,1,64.04,0.0
OI00003704,O0002097,P0178,2,11.22,0.0
OI00003705,O0002098,P0082,1,376.29,0.1
OI00003722,O0002107,P0129,1,296.17,0.1
OI00003723,O0002107,P0074,2,256.88,0.0
OI00003724,O0002107,P0116,2,68.47,0.0
OI00003740,O0002116,P0122,1,397.52,0.0
OI00003741,O0002116,P0087,1,482.83,0.0
OI00003742,O0002116,P0066,1,265.44,0.05
OI00003743,O0002116,P0106,1,133.37,0.0
OI00003771,O0002132,P0126,1,187.99,0.0
OI00003793,O0002147,P0044,1,125.56,0.0
OI00003797,O0002150,P0046,1,336.87,0.0
OI00003809,O0002159,P0053,1,359.7,0.05
OI00003810,O0002159,P0057,1,136.25,0.0
OI00003813,O0002161,P0062,1,57.29,0.2
OI00003835,O0002173,P0139,2,25.21,0.0
OI00003836,O0002174,P0013,1,1083.85,0.1
OI00003837,O0002174,P0161,1,63.41,0.0
OI00003838,O0002174,P0077,1,411.25,0.1
OI00003870,O0002195,P0151,2,20.09,0.0
OI00003878,O0002198,P0051,1,54.12,0.15
OI00003879,O0002198,P0144,1,14.01,0.0
OI00003881,O0002200,P0092,1,196.74,0.0
OI00003882,O0002200,P0053,1,346.97,0.05
OI00003900,O0002210,P0017,1,1629.24,0.0
OI00003901,O0002210,P0078,1,131.33,0.0
OI00003922,O0002222,P0067,1,279.77,0.1
OI00003942,O0002235,P0160,1,24.8,0.0
OI00003943,O0002235,P0066,2,277.96,0.05
OI00003944,O0002235,P0047,1,140.89,0.05
OI00003945,O0002235,P0119,1,32.98,0.0
OI00003955,O0002241,P0061,1,387.49,0.0
OI00003956,O0002242,P0010,1,861.76,0.0
OI00003957,O0002242,P0088,2,300.65,0.0
OI00003967,O0002249,P0090,2,203.12,0.05
OI00003968,O0002250,P0023,1,974.38,0.0
OI00003979,O0002256,P0176,1,135.22,0.0
OI00003980,O0002257,P0161,1,63.44,0.1
OI00003996,O0002266,P0034,1,544.08,0.0
OI00003997,O0002266,P0031,1,1334.86,0.0
OI00004001,O0002270,P0089,1,350.66,0.0
OI00004002,O0002270,P0095,1,280.19,0.0
OI00004006,O0002272,P0080,1,238.38,0.0
OI00004007,O0002272,P0148,1,14.65,0.05
OI00004014,O0002277,P0150,1,11.5,0.05
OI00004025,O0002285,P0113,1,97.98,0.0
OI00004026,O0002285,P0147,1,79.18,0.0
OI00004027,O0002286,P0013,1,1038.11,0.0
OI00004100,O0002331,P0124,1,65.0,0.0
OI00004101,O0002331,P0147,1,73.8,0.2
OI00004106,O0002333,P0084,1,627.06,0.0
OI00004107,O0002333,P0063,1,57.8,0.0
OI00004108,O0002333,P0089,2,356.26,0.0
OI00004115,O0002338,P0056,1,126.67,0.0
OI00004140,O0002355,P0076,1,119.95,0.0
OI00004141,O0002356,P0079,1,176.24,0.0
OI00004142,O0002356,P0098,1,320.21,0.0
OI00004143,O0002357,P0129,1,289.86,0.0
OI00004144,O0002358,P0071,1,114.0,0.0
OI00004145,O0002358,P0007,1,2034.71,0.0
OI00004147,O0002360,P0051,1,56.68,0.0
OI00004159,O0002368,P0151,1,20.11,0.0
OI00004160,O0002368,P0097,1,137.58,0.0
OI00004163,O0002370,P0046,1,327.49,0.1
OI00004164,O0002370,P0153,1,43.74,0.0
OI00004177,O0002376,P0061,1,377.94,0.0
OI00004178,O0002376,P0089,1,358.0,0.0
OI00004184,O0002379,P0058,1,148.39,0.0
OI00004185,O0002379,P0086,1,49.4,0.0
OI00004187,O0002381,P0037,1,546.46,0.1
OI00004188,O0002382,P0072,1,172.69,0.0
OI00004189,O0002383,P0042,1,116.47,0.0
OI00004196,O0002388,P0119,1,32.89,0.0
OI00004197,O0002388,P0103,1,82.5,0.05
OI00004199,O0002390,P0132,1,29.23,0.25
OI00004201,O0002392,P0090,1,206.53,0.1
OI00004202,O0002392,P0028,1,1210.15,0.0
OI00004203,O0002392,P0124,1,62.95,0.15
OI00004212,O0002397,P0043,1,296.97,0.1
OI00004223,O0002403,P0092,1,201.95,0.0
OI00004224,O0002403,P0160,2,24.53,0.0
OI00004233,O0002408,P0162,1,19.64,0.0
OI00004238,O0002411,P0141,1,23.56,0.0
OI00004250,O0002418,P0119,1,33.91,0.0
OI00004251,O0002418,P0090,2,209.56,0.0
OI00004258,O0002421,P0130,1,30.23,0.0
OI00004259,O0002421,P0102,1,50.53,0.0
OI00004260,O0002421,P0048,2,55.44,0.1
OI00004261,O0002421,P0070,1,54.58,0.0
OI00004286,O0002436,P0137,1,25.61,0.0
OI00004287,O0002437,P0107,1,154.06,0.0
OI00004300,O0002444,P0051,1,58.12,0.0
OI00004301,O0002444,P0088,1,297.01,0.0
OI00004308,O0002448,P0023,1,987.28,0.0
OI00004309,O0002448,P0038,1,486.66,0.0
OI00004313,O0002451,P0170,2,9.54,0.05
OI00004318,O0002455,P0087,1,490.33,0.0
OI00004319,O0002455,P0148,1,15.01,0.0
OI00004320,O0002455,P0171,1,37.63,0.0
OI00004325,O0002459,P0136,1,83.83,0.0
OI00004326,O0002459,P0091,1,168.48,0.0
OI00004332,O0002463,P0171,2,37.49,0.0
OI00004333,O0002464,P0076,2,121.24,0.1
OI00004334,O0002464,P0123,1,49.03,0.0
OI00004347,O0002471,P0062,1,56.76,0.0
OI00004355,O0002476,P0138,1,34.32,0.0
OI00004356,O0002476,P0118,1,130.54,0.2
OI00004367,O0002483,P0014,1,815.63,0.1
OI00004368,O0002483,P0036,1,705.35,0.0
OI00004369,O0002483,P0060,1,136.32,0.0
OI00004372,O0002486,P0156,1,89.28,0.15
OI00004373,O0002486,P0038,1,483.2,0.0
OI00004384,O0002492,P0086,1,49.97,0.0
OI00004396,O0002499,P0016,1,956.59,0.05
OI00004397,O0002499,P0096,2,86.69,0.0
OI00004398,O0002499,P0167,1,124.11,0.0
OI00004405,O0002505,P0165,1,40.52,0.0
OI00004406,O0002505,P0017,1,1644.73,0.0
OI00004431,O0002518,P0110,1,74.26,0.0
OI00004432,O0002518,P0132,1,28.99,0.25
OI00004448,O0002529,P0066,1,276.91,0.0
OI00004449,O0002529,P0095,1,292.73,0.0
OI00004450,O0002530,P0079,1,172.49,0.0
OI00004451,O0002530,P0019,1,399.88,0.15
OI00004453,O0002532,P0154,1,58.5,0.0
OI00004456,O0002534,P0034,1,557.36,0.05
OI00004478,O0002548,P0121,3,143.93,0.0
OI00004500,O0002561,P0125,1,289.85,0.0
OI00004525,O0002577,P0010,1,903.88,0.05
OI00004530,O0002580,P0096,1,87.72,0.0
OI00004531,O0002580,P0038,1,485.76,0.0
OI00004532,O0002581,P0049,2,342.46,0.05
OI00004533,O0002581,P0097,1,142.35,0.0
OI00004534,O0002581,P0058,1,147.93,0.0
OI00004591,O0002610,P0115,1,66.69,0.0
OI00004592,O0002611,P0113,1,99.13,0.0
OI00004599,O0002614,P0087,1,477.16,0.0
OI00004600,O0002614,P0063,1,57.83,0.0
OI00004602,O0002616,P0143,1,109.2,0.1
OI00004603,O0002616,P0069,1,98.48,0.05
OI00004613,O0002625,P0083,1,747.14,0.0
OI00004629,O0002635,P0057,1,131.13,0.1
OI00004630,O0002636,P0072,1,167.99,0.05
OI00004647,O0002646,P0039,1,512.7,0.05
OI00004648,O0002647,P0043,1,293.57,0.0
OI00004655,O0002651,P0066,1,270.09,0.0
OI00004696,O0002674,P0137,1,26.06,0.0
OI00004715,O0002684,P0104,1,28.32,0.0
OI00004716,O0002684,P0021,2,646.47,0.0
OI00004752,O0002708,P0069,1,100.57,0.0
OI00004753,O0002708,P0057,1,135.29,0.05
OI00004779,O0002725,P0149,1,18.29,0.0
OI00004783,O0002729,P0152,1,14.75,0.0
OI00004784,O0002730,P0094,1,74.59,0.0
OI00004785,O0002731,P0122,1,382.5,0.0
OI00004802,O0002743,P0085,1,505.81,0.0
OI00004803,O0002743,P0125,1,303.93,0.0
OI00004804,O0002743,P0122,1,392.77,0.0
OI00004808,O0002746,P0130,2,29.6,0.1
OI00004809,O0002746,P0111,2,278.74,0.0
OI00004810,O0002747,P0168,2,62.24,0.15
OI00004811,O0002747,P0176,1,143.16,0.0
OI00004826,O0002756,P0073,1,99.62,0.0
OI00004850,O0002770,P0094,1,73.56,0.0
OI00004851,O0002770,P0132,1,28.84,0.1
OI00004852,O0002771,P0068,1,142.39,0.1
OI00004853,O0002771,P0180,2,52.32,0.1
OI00004854,O0002772,P0063,1,60.22,0.0
OI00004855,O0002772,P0078,2,134.36,0.0
OI00004856,O0002772,P0125,2,291.8,0.0
OI00004863,O0002777,P0028,1,1225.79,0.0
OI00004871,O0002781,P0013,1,1062.95,0.05
OI00004872,O0002781,P0151,2,19.62,0.0
OI00004873,O0002781,P0116,1,70.07,0.0
OI00004875,O0002783,P0172,1,22.45,0.05
OI00004876,O0002783,P0088,1,291.05,0.0
OI00004893,O0002793,P0122,1,385.18,0.0
OI00004907,O0002800,P0067,1,290.33,0.0
OI00004915,O0002805,P0124,1,66.64,0.05
OI00004916,O0002805,P0011,1,1040.15,0.0
OI00004917,O0002806,P0172,2,21.66,0.0
OI00004918,O0002806,P0091,1,169.28,0.15
OI00004919,O0002806,P0129,1,299.72,0.05
OI00004940,O0002817,P0036,1,737.57,0.1
OI00004941,O0002817,P0063,1,58.74,0.05
OI00004942,O0002817,P0114,1,28.53,0.15
OI00004943,O0002817,P0150,1,11.24,0.0
OI00004945,O0002819,P0111,1,292.09,0.05
OI00004950,O0002823,P0167,1,130.19,0.0
OI00004951,O0002823,P0045,1,413.45,0.0
OI00004956,O0002827,P0116,1,69.0,0.05
OI00004958,O0002829,P0082,3,374.77,0.0
OI00004959,O0002829,P0080,1,234.4,0.1
OI00004964,O0002831,P0006,1,2159.63,0.0
OI00004980,O0002838,P0116,1,68.33,0.1
OI00004981,O0002838,P0085,1,499.33,0.0
OI00004982,O0002838,P0075,1,54.83,0.15
OI00004996,O0002848,P0145,1,164.31,0.0
OI00005002,O0002853,P0052,1,40.35,0.0
OI00005007,O0002857,P0119,1,33.14,0.0
OI00005011,O0002860,P0073,1,99.07,0.0
OI00005014,O0002863,P0088,1,302.09,0.15
OI00005058,O0002886,P0156,1,87.46,0.25
OI00005059,O0002886,P0146,1,51.54,0.0
OI00005076,O0002895,P0069,2,97.65,0.0
OI00005077,O0002895,P0135,1,181.07,0.0
OI00005099,O0002906,P0147,1,76.76,0.0
OI00005100,O0002906,P0006,1,2163.41,0.0
OI00005101,O0002907,P0054,1,59.18,0.0
OI00005102,O0002907,P0072,1,174.69,0.1
OI00005107,O0002911,P0152,1,15.26,0.0
OI00005133,O0002926,P0120,1,325.64,0.15
OI00005134,O0002926,P0060,3,136.28,0.0
OI00005142,O0002931,P0033,2,1373.72,0.0
OI00005148,O0002934,P0171,1,36.98,0.1
OI00005149,O0002934,P0064,1,132.44,0.0
OI00005152,O0002936,P0044,2,123.45,0.0
OI00005153,O0002936,P0091,1,161.48,0.0
OI00005206,O0002965,P0157,1,119.52,0.0
OI00005207,O0002966,P0003,1,1222.35,0.0
OI00005208,O0002967,P0111,1,288.48,0.0
OI00005226,O0002976,P0015,1,1459.48,0.0
OI00005227,O0002977,P0117,2,30.94,0.0
OI00005228,O0002977,P0078,1,132.83,0.0
OI00005229,O0002977,P0049,1,350.48,0.0
OI00005230,O0002978,P0095,2,287.79,0.0
OI00005231,O0002978,P0180,2,50.77,0.0
OI00005239,O0002984,P0111,1,283.11,0.0
OI00005240,O0002984,P0056,1,123.91,0.15
OI00005244,O0002987,P0086,1,50.06,0.0
OI00005250,O0002993,P0024,1,526.44,0.1
OI00005251,O0002994,P0108,1,41.09,0.0
OI00005252,O0002994,P0023,1,1019.68,0.0
OI00005253,O0002994,P0021,1,627.41,0.05
OI00005279,O0003009,P0086,1,50.3,0.25
OI00005291,O0003015,P0022,1,868.33,0.0
OI00005292,O0003015,P0060,3,135.52,0.0
OI00005293,O0003015,P0098,1,313.94,0.15
OI00005294,O0003015,P0159,1,178.46,0.0
OI00005309,O0003026,P0157,1,120.17,0.05
OI00005310,O0003026,P0003,1,1231.48,0.0
OI00005318,O0003030,P0143,1,107.22,0.1
OI00005319,O0003031,P0168,1,64.02,0.0
OI00005320,O0003032,P0097,1,144.01,0.0
OI00005321,O0003032,P0161,1,64.01,0.0
OI00005322,O0003032,P0061,1,383.1,0.0
OI00005326,O0003034,P0095,1,289.63,0.15
OI00005327,O0003035,P0085,1,481.09,0.0
OI00005328,O0003036,P0149,1,18.24,0.0
OI00005329,O0003036,P0150,1,11.83,0.0
OI00005358,O0003052,P0067,1,284.66,0.15
OI00005380,O0003067,P0014,1,821.93,0.2
OI00005381,O0003067,P0051,1,54.28,0.1
OI00005382,O0003067,P0132,1,27.74,0.0
OI00005383,O0003067,P0042,1,117.39,0.0
OI00005386,O0003070,P0131,1,49.25,0.05
OI00005400,O0003079,P0147,1,75.31,0.0
OI00005420,O0003090,P0133,1,9.95,0.0
OI00005421,O0003091,P0076,1,123.27,0.0
OI00005422,O0003091,P0125,1,296.85,0.05
OI00005440,O0003100,P0076,1,121.69,0.0
OI00005441,O0003100,P0040,2,975.52,0.0
OI00005443,O0003102,P0163,1,17.66,0.0
OI00005452,O0003109,P0064,2,130.73,0.0
OI00005453,O0003109,P0009,1,1292.21,0.1
OI00005458,O0003111,P0039,1,537.39,0.0
OI00005496,O0003134,P0035,1,1049.06,0.0
OI00005498,O0003136,P0072,1,175.6,0.1
OI00005499,O0003136,P0046,1,329.09,0.15
OI00005500,O0003136,P0002,1,949.17,0.15
OI00005501,O0003136,P0022,1,878.6,0.0
OI00005517,O0003146,P0062,1,55.64,0.0
OI00005518,O0003146,P0089,1,364.63,0.0
OI00005519,O0003146,P0078,1,137.42,0.0
OI00005527,O0003151,P0097,1,145.73,0.15
OI00005528,O0003151,P0026,1,1153.33,0.0
OI00005529,O0003152,P0006,3,2082.24,0.2
OI00005530,O0003152,P0121,1,143.82,0.0
OI00005531,O0003152,P0161,1,63.92,0.2
OI00005539,O0003157,P0172,1,22.11,0.0
OI00005540,O0003157,P0015,1,1471.72,0.0
OI00005544,O0003161,P0147,1,80.3,0.0
OI00005545,O0003162,P0006,1,2210.66,0.15
OI00005546,O0003162,P0153,1,43.15,0.1
OI00005550,O0003164,P0003,1,1198.96,0.0
OI00005585,O0003184,P0024,1,509.73,0.25
OI00005592,O0003188,P0168,1,63.46,0.0
OI00005593,O0003188,P0128,1,72.03,0.0
OI00005633,O0003209,P0096,1,89.83,0.0
OI00005663,O0003227,P0178,2,11.33,0.1
OI00005676,O0003235,P0024,1,502.38,0.15
OI00005677,O0003235,P0059,1,50.13,0.1
OI00005684,O0003239,P0135,1,182.82,0.15
OI00005685,O0003239,P0071,1,113.07,0.15
OI00005702,O0003248,P0176,2,135.2,0.0
OI00005703,O0003248,P0047,1,140.02,0.25
OI00005709,O0003252,P0133,2,10.36,0.0
OI00005715,O0003255,P0042,1,121.9,0.0
OI00005716,O0003255,P0040,1,1011.12,0.0
OI00005728,O0003261,P0076,1,120.11,0.0
OI00005729,O0003261,P0166,1,34.04,0.25
OI00005730,O0003261,P0115,1,69.67,0.1
OI00005759,O0003277,P0063,1,59.12,0.1
OI00005760,O0003277,P0176,1,137.66,0.0
OI00005766,O0003281,P0155,1,49.98,0.1
OI00005770,O0003284,P0092,1,195.96,0.0
OI00005771,O0003284,P0106,1,132.52,0.0
OI00005772,O0003284,P0155,1,49.7,0.0
OI00005775,O0003287,P0066,1,270.97,0.0
OI00005776,O0003287,P0156,1,90.56,0.0
OI00005777,O0003287,P0037,1,546.64,0.0
OI00005778,O0003288,P0084,1,635.03,0.15
OI00005779,O0003288,P0034,1,559.58,0.0
OI00005781,O0003290,P0069,1,99.59,0.0
OI00005782,O0003290,P0002,2,940.05,0.0
OI00005783,O0003291,P0047,1,137.8,0.0
OI00005787,O0003294,P0073,1,93.58,0.15
OI00005788,O0003294,P0167,1,129.89,0.05
OI00005790,O0003296,P0089,1,351.55,0.0
OI00005799,O0003303,P0156,1,92.0,0.0
OI00005802,O0003305,P0078,2,133.78,0.0
OI00005803,O0003305,P0145,1,162.99,0.0
OI00005835,O0003321,P0024,2,501.14,0.05
OI00005836,O0003321,P0010,2,900.77,0.0
OI00005848,O0003328,P0104,1,29.38,0.05
OI00005849,O0003328,P0141,1,24.08,0.0
OI00005864,O0003337,P0157,1,120.16,0.0
OI00005874,O0003343,P0180,1,52.63,0.15
OI00005885,O0003350,P0090,2,206.45,0.0
OI00005886,O0003350,P0151,1,19.2,0.0
OI00005887,O0003351,P0035,2,1067.25,0.0
OI00005888,O0003351,P0104,1,30.5,0.0
OI00005894,O0003355,P0064,1,128.48,0.0
OI00005909,O0003366,P0157,1,121.58,0.0
OI00005923,O0003374,P0065,1,313.88,0.0
OI00005956,O0003394,P0160,2,24.54,0.15
OI00005967,O0003402,P0001,2,1723.14,0.15
OI00005968,O0003402,P0174,1,18.43,0.05
OI00006009,O0003423,P0107,1,155.72,0.0
OI00006025,O0003431,P0172,1,22.05,0.0
OI00006026,O0003431,P0116,1,70.4,0.0
OI00006045,O0003443,P0032,2,870.94,0.1
OI00006048,O0003445,P0117,1,29.92,0.15
OI00006049,O0003445,P0013,1,1051.72,0.0
OI00006071,O0003459,P0171,1,38.07,0.0
OI00006073,O0003461,P0073,3,98.54,0.0
OI00006094,O0003473,P0171,1,38.04,0.0
OI00006096,O0003475,P0155,1,50.4,0.0
OI00006097,O0003475,P0024,1,521.17,0.0
OI00006102,O0003480,P0015,1,1426.75,0.15
OI00006112,O0003486,P0177,1,23.6,0.15
OI00006117,O0003489,P0017,1,1684.43,0.1
OI00006118,O0003490,P0001,1,1723.32,0.0
OI00006119,O0003490,P0174,1,18.39,0.0
OI00006120,O0003490,P0127,1,161.2,0.0
OI00006121,O0003490,P0104,1,29.4,0.0
OI00006123,O0003492,P0177,1,23.19,0.05
OI00006136,O0003500,P0074,1,263.88,0.15
OI00006137,O0003501,P0105,1,125.64,0.0
OI00006138,O0003501,P0034,1,534.77,0.0
OI00006179,O0003526,P0056,1,128.98,0.0
OI00006180,O0003527,P0112,1,39.55,0.0
OI00006208,O0003542,P0079,1,166.39,0.0
OI00006209,O0003542,P0026,2,1130.55,0.1
OI00006218,O0003547,P0136,1,87.12,0.0
OI00006219,O0003547,P0116,2,68.72,0.1
OI00006220,O0003547,P0100,1,61.97,0.05
OI00006228,O0003552,P0102,1,52.42,0.0
OI00006229,O0003553,P0124,1,66.3,0.1
OI00006235,O0003557,P0048,2,55.01,0.0
OI00006237,O0003559,P0054,3,56.73,0.0
OI00006238,O0003559,P0148,1,15.27,0.15
OI00006239,O0003559,P0160,1,25.08,0.05
OI00006253,O0003570,P0153,2,43.66,0.15
OI00006254,O0003570,P0107,1,150.43,0.05
OI00006267,O0003579,P0180,1,52.1,0.0
OI00006285,O0003589,P0045,1,417.13,0.0
OI00006286,O0003589,P0093,1,84.44,0.0
OI00006320,O0003613,P0021,1,662.95,0.0
OI00006321,O0003613,P0113,1,99.45,0.1
OI00006331,O0003618,P0059,1,49.9,0.0
OI00006332,O0003618,P0176,2,133.25,0.0
OI00006333,O0003618,P0008,1,1168.36,0.05
OI00006334,O0003618,P0066,1,270.89,0.0
OI00006347,O0003627,P0051,1,55.14,0.0
OI00006353,O0003631,P0111,1,292.07,0.0
OI00006354,O0003631,P0019,2,408.19,0.25
OI00006358,O0003633,P0110,1,72.57,0.0
OI00006359,O0003634,P0107,1,155.18,0.0
OI00006360,O0003634,P0088,1,296.0,0.0
OI00006370,O0003639,P0046,1,327.14,0.0
OI00006371,O0003639,P0028,1,1255.69,0.05
OI00006409,O0003663,P0046,1,317.63,0.0
OI00006413,O0003667,P0131,2,48.67,0.0
OI00006421,O0003674,P0089,1,348.21,0.0
OI00006422,O0003674,P0093,1,84.69,0.05
OI00006423,O0003675,P0139,1,24.77,0.0
OI00006424,O0003675,P0159,1,179.47,0.0
OI00006443,O0003685,P0161,1,62.09,0.0
OI00006448,O0003688,P0051,1,54.41,0.0
OI00006449,O0003688,P0022,1,858.11,0.0
OI00006453,O0003691,P0150,1,11.24,0.0
OI00006456,O0003694,P0105,1,129.21,0.0
OI00006464,O0003699,P0135,1,184.65,0.05
OI00006465,O0003699,P0016,1,903.96,0.0
OI00006472,O0003704,P0149,1,18.43,0.0
OI00006473,O0003704,P0146,1,54.19,0.0
OI00006474,O0003705,P0080,1,237.65,0.0
OI00006480,O0003710,P0059,1,50.95,0.0
OI00006481,O0003710,P0014,1,826.73,0.0
OI00006499,O0003722,P0160,1,24.37,0.0
OI00006535,O0003746,P0147,1,79.32,0.15
OI00006536,O0003746,P0002,2,937.35,0.1
OI00006551,O0003753,P0068,1,141.52,0.0
OI00006552,O0003753,P0049,1,344.74,0.05
OI00006556,O0003757,P0037,2,553.92,0.0
OI00006567,O0003763,P0146,1,51.49,0.15
OI00006568,O0003764,P0146,1,53.42,0.0
OI00006569,O0003764,P0034,1,542.37,0.0
OI00006586,O0003775,P0139,1,24.23,0.0
OI00006587,O0003775,P0115,1,67.68,0.0
OI00006595,O0003779,P0101,1,125.24,0.05
OI00006596,O0003779,P0170,2,9.46,0.0
OI00006605,O0003784,P0126,1,188.22,0.15
OI00006606,O0003785,P0163,1,18.4,0.0
OI00006633,O0003802,P0152,2,14.47,0.0
OI00006634,O0003802,P0146,2,54.23,0.05
OI00006635,O0003803,P0067,1,282.13,0.1
OI00006647,O0003810,P0035,1,1082.49,0.15
OI00006648,O0003810,P0065,1,323.77,0.0
OI00006661,O0003820,P0049,1,337.17,0.0
OI00006670,O0003828,P0057,1,131.13,0.0
OI00006672,O0003830,P0027,1,918.68,0.15
OI00006673,O0003830,P0067,2,290.76,0.0
OI00006685,O0003837,P0024,1,510.48,0.2
OI00006686,O0003837,P0115,1,67.26,0.0
OI00006731,O0003864,P0162,1,19.52,0.0
OI00006732,O0003864,P0006,1,2193.12,0.1
OI00006753,O0003878,P0017,1,1615.59,0.0
OI00006754,O0003878,P0064,1,130.44,0.1
OI00006756,O0003880,P0039,1,523.59,0.0
OI00006757,O0003880,P0153,1,43.69,0.25
OI00006783,O0003893,P0094,1,71.87,0.0
OI00006798,O0003902,P0093,1,85.29,0.1
OI00006799,O0003902,P0069,1,97.3,0.1
OI00006800,O0003902,P0008,2,1172.91,0.0
OI00006803,O0003904,P0013,1,1061.88,0.0
OI00006804,O0003904,P0036,1,729.46,0.0
OI00006810,O0003908,P0044,1,124.49,0.0
OI00006860,O0003938,P0049,1,339.5,0.2
OI00006878,O0003947,P0134,1,135.73,0.0
OI00006879,O0003947,P0124,1,66.75,0.0
OI00006880,O0003947,P0053,1,350.98,0.0
OI00006903,O0003960,P0139,1,24.72,0.0
OI00006904,O0003960,P0070,1,54.72,0.0
OI00006909,O0003963,P0110,1,72.54,0.1
OI00006910,O0003963,P0010,1,905.16,0.0
OI00006913,O0003965,P0117,1,31.32,0.0
OI00006914,O0003965,P0075,1,54.15,0.0
OI00006917,O0003968,P0106,1,127.32,0.0
OI00006937,O0003981,P0083,1,715.87,0.05
OI00006946,O0003986,P0108,2,43.06,0.0
OI00006947,O0003986,P0137,1,26.36,0.05
OI00006951,O0003989,P0136,1,84.21,0.0
OI00006952,O0003989,P0029,1,538.86,0.0
OI00006979,O0004007,P0120,1,335.52,0.0
OI00006980,O0004007,P0007,1,1934.67,0.0
OI00006981,O0004007,P0153,1,43.8,0.0
OI00006986,O0004010,P0041,2,231.11,0.0
OI00006987,O0004010,P0129,2,294.84,0.0
OI00006992,O0004014,P0132,1,29.38,0.0
OI00006993,O0004014,P0120,2,333.99,0.0
OI00007025,O0004032,P0076,1,120.91,0.1
OI00007028,O0004034,P0050,1,91.28,0.0
OI00007036,O0004038,P0175,1,12.12,0.0
OI00007037,O0004038,P0014,1,824.42,0.0
OI00007038,O0004039,P0161,1,63.6,0.0
OI00007039,O0004039,P0113,1,99.87,0.1
OI00007082,O0004065,P0082,1,373.55,0.0
OI00007095,O0004073,P0031,1,1335.38,0.0
OI00007111,O0004082,P0062,1,56.28,0.0
OI00007150,O0004107,P0092,1,195.62,0.0
OI00007158,O0004114,P0118,1,129.19,0.0
OI00007190,O0004131,P0097,1,140.09,0.2
OI00007201,O0004138,P0073,1,95.19,0.15
OI00007204,O0004140,P0077,1,410.96,0.0
OI00007227,O0004152,P0036,1,719.7,0.0
OI00007257,O0004169,P0099,1,232.77,0.0
OI00007288,O0004185,P0167,1,130.23,0.0
OI00007289,O0004186,P0115,2,69.82,0.0
OI00007290,O0004186,P0142,1,12.5,0.0
OI00007304,O0004193,P0135,3,178.05,0.0
OI00007305,O0004193,P0160,1,23.89,0.25
OI00007316,O0004199,P0088,1,309.04,0.0
OI00007317,O0004199,P0141,1,23.38,0.0
OI00007336,O0004212,P0096,1,85.67,0.0
OI00007342,O0004216,P0058,1,148.41,0.0
OI00007343,O0004216,P0165,2,41.52,0.0
OI00007348,O0004219,P0062,1,57.4,0.0
OI00007352,O0004223,P0091,2,173.97,0.0
OI00007359,O0004227,P0034,1,545.52,0.0
OI00007361,O0004229,P0155,1,50.89,0.1
OI00007362,O0004229,P0074,1,262.34,0.15
OI00007385,O0004241,P0124,1,63.57,0.0
OI00007392,O0004245,P0094,1,71.57,0.2
OI00007414,O0004257,P0058,1,152.16,0.0
OI00007441,O0004271,P0090,1,206.46,0.1
OI00007500,O0004303,P0116,1,71.92,0.0
OI00007531,O0004320,P0002,2,915.55,0.0
OI00007532,O0004320,P0148,1,15.03,0.05
OI00007533,O0004320,P0067,1,279.84,0.0
OI00007539,O0004325,P0091,2,167.9,0.0
OI00007544,O0004328,P0037,1,539.42,0.0
OI00007576,O0004346,P0094,2,74.31,0.0
OI00007577,O0004346,P0029,1,519.93,0.0
OI00007578,O0004347,P0104,1,28.6,0.0
OI00007591,O0004356,P0095,1,288.8,0.0
OI00007592,O0004356,P0056,1,125.97,0.0
OI00007625,O0004374,P0011,1,1064.03,0.05
OI00007628,O0004376,P0138,1,35.17,0.0
OI00007633,O0004381,P0140,1,15.86,0.05
OI00007634,O0004381,P0175,1,11.96,0.0
OI00007645,O0004388,P0173,1,44.91,0.0
OI00007652,O0004391,P0159,1,175.04,0.0
OI00007653,O0004391,P0108,2,40.72,0.05
OI00007661,O0004395,P0112,1,39.21,0.15
OI00007662,O0004395,P0038,1,490.34,0.0
OI00007711,O0004422,P0080,1,235.81,0.0
OI00007712,O0004422,P0056,1,129.34,0.0
OI00007722,O0004428,P0161,1,62.19,0.0
OI00007723,O0004428,P0173,2,45.09,0.0
OI00007724,O0004428,P0082,1,384.71,0.1
OI00007725,O0004429,P0051,1,57.09,0.0
OI00007726,O0004429,P0017,1,1595.73,0.0
OI00007727,O0004429,P0025,1,425.52,0.0
OI00007729,O0004431,P0144,1,13.83,0.0
OI00007732,O0004433,P0145,1,157.55,0.15
OI00007733,O0004433,P0055,1,325.16,0.0
OI00007750,O0004443,P0165,1,40.37,0.0
OI00007751,O0004443,P0118,1,128.66,0.2
OI00007752,O0004443,P0125,1,297.01,0.0
OI00007753,O0004443,P0110,1,73.98,0.0
OI00007777,O0004459,P0097,2,137.35,0.0
OI00007778,O0004459,P0032,1,898.76,0.05
OI00007803,O0004474,P0155,2,50.15,0.0
OI00007804,O0004474,P0061,1,384.89,0.1
OI00007823,O0004483,P0020,1,545.96,0.0
OI00007824,O0004483,P0133,1,9.89,0.1
OI00007825,O0004484,P0179,1,82.01,0.0
OI00007830,O0004487,P0047,1,142.14,0.05
OI00007831,O0004487,P0139,1,24.35,0.05
OI00007838,O0004492,P0156,1,87.56,0.0
OI00007844,O0004497,P0084,1,639.36,0.2
OI00007845,O0004497,P0152,1,14.95,0.0
OI00007847,O0004499,P0111,1,287.64,0.0
OI00007848,O0004499,P0113,1,98.53,0.1
OI00007880,O0004517,P0167,1,126.86,0.0
OI00007881,O0004517,P0119,1,32.92,0.1
OI00007910,O0004532,P0043,1,281.04,0.0
OI00007911,O0004532,P0072,1,175.32,0.0
OI00007923,O0004540,P0087,1,498.14,0.05
OI00007924,O0004540,P0124,2,63.66,0.05
OI00007925,O0004541,P0115,1,69.53,0.0
OI00007926,O0004541,P0151,1,19.41,0.0
OI00007928,O0004543,P0152,1,14.42,0.1
OI00007941,O0004552,P0002,1,936.45,0.1
OI00007942,O0004553,P0068,1,144.38,0.0
OI00007943,O0004553,P0025,2,428.23,0.0
OI00007948,O0004556,P0150,1,11.57,0.0
OI00007950,O0004558,P0170,1,9.07,0.05
OI00007951,O0004559,P0095,1,285.53,0.2
OI00007952,O0004559,P0044,1,123.96,0.05
OI00007953,O0004559,P0143,1,110.21,0.0
OI00007961,O0004566,P0156,1,89.27,0.05
OI00007978,O0004574,P0055,1,335.48,0.1
OI00008035,O0004605,P0107,2,152.4,0.0
OI00008040,O0004608,P0102,1,51.03,0.0
OI00008041,O0004608,P0010,1,865.22,0.0
OI00008042,O0004609,P0095,1,283.81,0.0
OI00008043,O0004609,P0152,1,15.77,0.0
OI00008048,O0004612,P0155,2,51.26,0.0
OI00008049,O0004612,P0005,2,1312.83,0.15
OI00008061,O0004619,P0148,3,15.38,0.0
OI00008062,O0004619,P0037,1,521.52,0.0
OI00008079,O0004627,P0082,1,402.49,0.0
OI00008080,O0004627,P0149,1,18.21,0.0
OI00008095,O0004636,P0046,2,329.4,0.0
OI00008096,O0004636,P0096,1,89.48,0.1
OI00008104,O0004639,P0053,1,359.88,0.0
OI00008105,O0004639,P0087,1,472.54,0.0
OI00008106,O0004639,P0049,1,331.4,0.0
OI00008107,O0004639,P0016,1,938.36,0.25
OI00008114,O0004644,P0007,1,1990.19,0.0
OI00008115,O0004644,P0124,1,65.17,0.0
OI00008116,O0004644,P0130,1,29.45,0.1
OI00008117,O0004644,P0062,1,56.85,0.0
OI00008147,O0004662,P0159,1,182.54,0.05
OI00008202,O0004694,P0163,1,18.28,0.0
OI00008209,O0004697,P0172,1,22.1,0.0
OI00008211,O0004699,P0109,1,172.55,0.0
OI00008212,O0004699,P0016,1,945.82,0.0
OI00008213,O0004699,P0096,2,86.66,0.0
OI00008242,O0004715,P0159,1,174.38,0.05
OI00008243,O0004715,P0080,1,238.97,0.1
OI00008250,O0004720,P0131,1,50.21,0.0
OI00008251,O0004720,P0011,1,1055.7,0.0
OI00008252,O0004720,P0082,1,377.23,0.0
OI00008253,O0004721,P0155,1,51.98,0.0
OI00008254,O0004721,P0061,1,381.58,0.05
OI00008255,O0004721,P0167,1,127.12,0.0
OI00008272,O0004734,P0004,1,979.4,0.0
OI00008273,O0004734,P0117,1,30.39,0.0
OI00008274,O0004735,P0029,1,522.82,0.0
OI00008275,O0004735,P0073,1,94.37,0.0
OI00008276,O0004735,P0106,1,125.35,0.0
OI00008293,O0004746,P0080,1,232.66,0.0
OI00008294,O0004747,P0049,1,333.67,0.0
OI00008303,O0004751,P0047,1,139.01,0.0
OI00008304,O0004752,P0081,1,411.8,0.0
OI00008311,O0004756,P0161,1,64.82,0.0
OI00008313,O0004758,P0070,1,53.98,0.0
OI00008314,O0004758,P0120,1,331.2,0.0
OI00008320,O0004762,P0107,1,152.99,0.0
OI00008331,O0004771,P0032,1,906.21,0.0
OI00008332,O0004771,P0079,2,173.69,0.0
OI00008333,O0004771,P0059,1,47.89,0.0
OI00008399,O0004803,P0133,1,10.2,0.15
OI00008401,O0004805,P0030,1,880.85,0.0
OI00008402,O0004805,P0176,1,135.48,0.0
OI00008422,O0004816,P0053,1,344.38,0.0
OI00008432,O0004824,P0111,1,290.62,0.0
OI00008434,O0004826,P0160,1,24.87,0.05
OI00008451,O0004836,P0153,1,43.19,0.25
OI00008452,O0004836,P0020,1,552.48,0.0
OI00008453,O0004836,P0026,1,1161.8,0.0
OI00008454,O0004837,P0095,1,287.6,0.0
OI00008458,O0004840,P0093,1,83.08,0.0
OI00008459,O0004840,P0089,1,351.34,0.1
OI00008460,O0004840,P0118,1,130.55,0.0
OI00008478,O0004851,P0096,1,86.47,0.0
OI00008493,O0004859,P0048,1,54.03,0.0
OI00008494,O0004859,P0061,1,386.21,0.15
OI00008497,O0004861,P0108,1,41.39,0.0
OI00008498,O0004861,P0003,1,1194.5,0.0
OI00008499,O0004861,P0133,1,9.98,0.0
OI00008509,O0004868,P0038,1,476.96,0.0
OI00008510,O0004868,P0087,1,507.87,0.0
OI00008511,O0004868,P0176,1,138.69,0.0
OI00008555,O0004898,P0130,1,30.0,0.1
OI00008556,O0004898,P0142,1,12.84,0.0
OI00008557,O0004898,P0002,1,909.67,0.0
OI00008558,O0004898,P0145,1,160.23,0.0
OI00008586,O0004915,P0150,1,11.06,0.15
OI00008608,O0004927,P0088,1,303.36,0.1
OI00008609,O0004927,P0064,1,133.28,0.0
OI00008610,O0004927,P0091,2,166.81,0.0
OI00008628,O0004936,P0163,2,18.61,0.1
OI00008646,O0004948,P0166,1,33.04,0.15
OI00008660,O0004956,P0148,1,14.88,0.0
OI00008661,O0004956,P0103,1,81.97,0.0
OI00008662,O0004956,P0126,1,186.12,0.0
OI00008671,O0004962,P0077,1,409.83,0.0
OI00008686,O0004969,P0023,1,975.63,0.2
OI00008692,O0004972,P0059,1,51.09,0.0
OI00008693,O0004972,P0107,1,151.85,0.0
OI00008694,O0004972,P0055,1,329.1,0.0
OI00008696,O0004974,P0128,1,72.05,0.0
OI00008697,O0004974,P0116,1,69.47,0.0
OI00008708,O0004982,P0122,1,387.16,0.0
OI00008709,O0004982,P0158,1,65.95,0.1
OI00008729,O0004993,P0127,1,159.29,0.0
OI00008730,O0004993,P0120,1,329.7,0.0
OI00008734,O0004996,P0047,2,140.64,0.05
OI00008735,O0004996,P0167,1,121.93,0.0
OI00008742,O0005003,P0146,1,52.57,0.0
OI00008746,O0005005,P0158,1,65.93,0.0
OI00008749,O0005007,P0113,1,99.73,0.0
OI00008754,O0005012,P0148,1,14.84,0.0
OI00008755,O0005012,P0046,1,323.44,0.0
OI00008756,O0005012,P0008,2,1198.35,0.0
OI00008760,O0005015,P0151,1,19.47,0.0
OI00008775,O0005023,P0086,1,50.45,0.0
OI00008776,O0005023,P0166,1,34.36,0.15
OI00008792,O0005034,P0131,1,49.39,0.0
OI00008793,O0005034,P0089,1,356.05,0.1
OI00008840,O0005060,P0146,1,52.61,0.0
OI00008850,O0005065,P0166,2,32.86,0.0
OI00008863,O0005074,P0125,1,289.66,0.0
OI00008864,O0005074,P0140,1,15.51,0.15
OI00008869,O0005077,P0158,1,68.07,0.1
OI00008870,O0005077,P0025,1,418.4,0.0
OI00008871,O0005077,P0027,1,905.04,0.0
OI00008872,O0005078,P0068,1,139.8,0.0
OI00008875,O0005080,P0178,1,10.96,0.0
OI00008876,O0005080,P0062,1,58.76,0.0
OI00008877,O0005080,P0162,3,19.65,0.0
OI00008878,O0005080,P0018,1,2014.36,0.1
OI00008908,O0005095,P0112,1,41.03,0.0
OI00008909,O0005095,P0123,1,48.22,0.0
OI00008920,O0005102,P0161,2,63.68,0.0
OI00008923,O0005104,P0108,1,42.42,0.0
OI00008924,O0005104,P0110,1,74.68,0.0
OI00008931,O0005108,P0125,1,291.91,0.0
OI00008937,O0005112,P0085,1,481.1,0.15
OI00008938,O0005112,P0002,1,933.1,0.2
OI00008939,O0005112,P0080,1,236.83,0.2
OI00008940,O0005112,P0054,2,58.9,0.0
OI00008955,O0005120,P0070,1,54.86,0.0
OI00008956,O0005120,P0159,1,172.93,0.0
OI00008983,O0005134,P0094,1,74.15,0.1
OI00008984,O0005134,P0027,2,919.54,0.0
OI00009003,O0005141,P0127,2,161.1,0.0
OI00009006,O0005144,P0178,3,10.94,0.0
OI00009007,O0005144,P0104,1,28.72,0.0
OI00009014,O0005149,P0087,1,498.27,0.0
OI00009015,O0005149,P0007,1,2011.29,0.0
OI00009016,O0005150,P0118,3,130.43,0.0
OI00009028,O0005156,P0140,1,15.82,0.0
OI00009029,O0005156,P0052,3,39.78,0.0
OI00009031,O0005158,P0096,1,83.91,0.0
OI00009040,O0005164,P0176,1,140.54,0.05
OI00009041,O0005165,P0096,1,87.79,0.1
OI00009052,O0005169,P0153,1,44.92,0.0
OI00009057,O0005172,P0118,1,131.13,0.05
OI00009058,O0005172,P0106,2,131.09,0.2
OI00009059,O0005172,P0082,1,388.23,0.0
OI00009061,O0005174,P0065,1,316.1,0.0
OI00009062,O0005174,P0084,1,622.76,0.0
OI00009079,O0005186,P0108,2,42.36,0.2
OI00009080,O0005186,P0039,1,516.89,0.0
OI00009088,O0005191,P0127,1,162.5,0.0
OI00009089,O0005191,P0113,3,99.21,0.0
OI00009127,O0005212,P0116,1,69.8,0.15
OI00009128,O0005212,P0032,1,884.16,0.0
OI00009129,O0005212,P0138,2,34.39,0.0
OI00009130,O0005213,P0035,1,1068.7,0.0
OI00009131,O0005213,P0136,1,86.05,0.0
OI00009132,O0005213,P0041,1,232.29,0.0
OI00009133,O0005213,P0046,1,326.88,0.0
OI00009138,O0005215,P0167,1,128.66,0.1
OI00009171,O0005237,P0079,2,173.27,0.0
OI00009172,O0005237,P0099,1,233.04,0.0
OI00009225,O0005267,P0177,2,23.06,0.0
OI00009227,O0005269,P0112,1,39.46,0.1
OI00009230,O0005271,P0108,1,41.53,0.0
OI00009255,O0005284,P0085,1,478.98,0.0
OI00009256,O0005285,P0095,2,287.44,0.2
OI00009257,O0005286,P0161,1,63.06,0.0
OI00009294,O0005310,P0031,1,1348.57,0.05
OI00009295,O0005310,P0091,1,172.17,0.0
OI00009296,O0005310,P0129,1,306.65,0.15
OI00009305,O0005315,P0174,1,17.89,0.1
OI00009306,O0005315,P0052,1,39.51,0.0
OI00009307,O0005315,P0111,1,283.85,0.0
OI00009310,O0005317,P0012,1,1529.95,0.05
OI00009311,O0005317,P0018,1,2007.36,0.0
OI00009312,O0005317,P0134,2,130.14,0.0
OI00009322,O0005321,P0129,1,309.89,0.0
OI00009343,O0005332,P0091,1,164.61,0.0
OI00009344,O0005332,P0133,1,9.88,0.0
OI00009357,O0005341,P0090,1,201.94,0.0
OI00009381,O0005353,P0125,1,294.43,0.0
OI00009382,O0005353,P0128,1,68.99,0.0
OI00009390,O0005358,P0145,1,162.05,0.0
OI00009402,O0005365,P0108,1,41.26,0.0
OI00009403,O0005365,P0069,1,101.03,0.05
OI00009404,O0005365,P0047,1,136.96,0.0
OI00009405,O0005366,P0123,1,49.2,0.0
OI00009406,O0005366,P0044,1,122.14,0.25
OI00009407,O0005366,P0091,1,169.24,0.0
OI00009420,O0005373,P0075,1,52.82,0.0
OI00009452,O0005391,P0107,1,154.03,0.0
OI00009457,O0005393,P0135,1,188.4,0.1
OI00009458,O0005393,P0033,1,1304.11,0.0
OI00009459,O0005393,P0035,1,1051.54,0.0
OI00009460,O0005394,P0096,3,85.79,0.1
OI00009461,O0005394,P0095,1,290.46,0.05
OI00009462,O0005394,P0101,2,132.01,0.0
OI00009473,O0005399,P0017,1,1614.73,0.0
OI00009480,O0005404,P0112,1,38.5,0.0
OI00009481,O0005404,P0005,1,1327.02,0.1
OI00009482,O0005404,P0056,1,128.11,0.0
OI00009487,O0005408,P0074,1,260.78,0.0
OI00009504,O0005418,P0043,1,283.67,0.2
OI00009525,O0005428,P0021,1,647.6,0.0
OI00009526,O0005428,P0177,1,23.43,0.25
OI00009542,O0005439,P0151,1,19.47,0.0
OI00009558,O0005448,P0101,1,127.52,0.0
OI00009559,O0005448,P0059,1,48.6,0.0
OI00009569,O0005454,P0164,1,38.23,0.0
OI00009570,O0005454,P0011,1,1060.66,0.0
OI00009592,O0005465,P0012,1,1512.11,0.1
OI00009593,O0005465,P0078,1,138.91,0.0
OI00009600,O0005468,P0098,1,310.45,0.05
OI00009601,O0005468,P0152,1,14.65,0.0
OI00009608,O0005473,P0116,1,67.81,0.15
OI00009609,O0005473,P0142,1,12.15,0.0
OI00009610,O0005473,P0028,1,1240.21,0.0
OI00009629,O0005482,P0096,1,84.92,0.15
OI00009630,O0005482,P0170,1,9.6,0.0
OI00009631,O0005482,P0023,1,1001.46,0.05
OI00009632,O0005482,P0164,1,38.08,0.0
OI00009645,O0005489,P0065,1,316.29,0.1
OI00009646,O0005489,P0006,1,2126.48,0.05
OI00009647,O0005489,P0154,1,56.03,0.0
OI00009668,O0005500,P0020,1,544.88,0.0
OI00009669,O0005500,P0006,1,2237.07,0.1
OI00009671,O0005502,P0090,1,195.05,0.05
OI00009672,O0005502,P0061,1,375.37,0.0
OI00009673,O0005502,P0136,1,84.53,0.0
OI00009674,O0005502,P0022,1,875.91,0.0
OI00009675,O0005503,P0064,1,125.07,0.0
OI00009684,O0005508,P0067,2,285.38,0.0
OI00009685,O0005508,P0147,1,79.76,0.0
OI00009696,O0005517,P0150,1,11.67,0.15
OI00009697,O0005517,P0102,1,50.97,0.0
OI00009715,O0005525,P0091,1,162.8,0.0
OI00009716,O0005525,P0118,1,128.67,0.0
OI00009717,O0005526,P0013,1,1065.29,0.0
OI00009741,O0005540,P0092,2,202.01,0.0
OI00009742,O0005541,P0137,1,25.77,0.15
OI00009743,O0005541,P0019,2,412.76,0.0
OI00009754,O0005547,P0082,1,380.55,0.0
OI00009757,O0005549,P0057,1,129.76,0.0
OI00009758,O0005550,P0113,1,99.5,0.0
OI00009792,O0005569,P0079,1,168.05,0.0
OI00009793,O0005569,P0019,1,408.16,0.1
OI00009801,O0005577,P0074,1,244.29,0.0
OI00009802,O0005577,P0086,1,48.74,0.0
OI00009814,O0005586,P0111,2,280.89,0.0
OI00009815,O0005587,P0178,3,11.23,0.0
OI00009831,O0005596,P0046,1,324.61,0.0
OI00009832,O0005596,P0059,1,48.69,0.05
OI00009849,O0005606,P0064,1,134.98,0.0
OI00009856,O0005610,P0161,1,61.01,0.0
OI00009857,O0005610,P0059,1,48.79,0.0
OI00009858,O0005610,P0075,1,54.09,0.0
OI00009891,O0005629,P0109,1,173.91,0.0
OI00009892,O0005629,P0149,1,17.78,0.2
OI00009896,O0005632,P0107,1,155.38,0.0
OI00009899,O0005635,P0093,1,82.26,0.0
OI00009900,O0005635,P0109,1,170.02,0.0
OI00009939,O0005659,P0138,1,34.29,0.0
OI00009948,O0005666,P0055,1,330.49,0.25
OI00009949,O0005666,P0074,2,257.69,0.0
OI00009965,O0005675,P0085,1,492.77,0.0
OI00009966,O0005675,P0042,1,118.19,0.0
OI00009967,O0005675,P0163,1,17.69,0.0
OI00009975,O0005681,P0143,1,112.91,0.0
OI00009976,O0005681,P0147,1,76.21,0.05
OI00009977,O0005681,P0125,1,290.68,0.0
OI00009979,O0005683,P0133,1,10.13,0.05
OI00009980,O0005683,P0159,3,180.14,0.0
OI00009995,O0005690,P0074,1,254.56,0.0
OI00010010,O0005698,P0156,1,89.83,0.0
OI00010011,O0005698,P0129,1,306.3,0.05
OI00010016,O0005700,P0133,1,10.19,0.0
OI00010017,O0005700,P0029,3,529.31,0.0
OI00010033,O0005712,P0005,1,1378.55,0.0
OI00010034,O0005712,P0067,1,286.74,0.0
OI00010035,O0005712,P0069,1,99.84,0.0
OI00010036,O0005713,P0019,1,396.97,0.0
OI00010043,O0005717,P0082,1,377.39,0.0
OI00010044,O0005717,P0055,1,330.79,0.05
OI00010045,O0005717,P0007,1,2079.34,0.0
OI00010150,O0005779,P0015,1,1438.3,0.0
OI00010151,O0005780,P0060,2,136.18,0.0
OI00010152,O0005780,P0145,2,166.0,0.0
OI00010153,O0005780,P0032,1,869.05,0.0
OI00010154,O0005781,P0126,1,183.95,0.0
OI00010155,O0005781,P0072,1,170.54,0.0
OI00010156,O0005781,P0050,2,93.09,0.0
OI00010189,O0005798,P0080,2,229.12,0.0
OI00010211,O0005810,P0170,1,9.36,0.0
OI00010212,O0005810,P0160,1,24.32,0.0
OI00010213,O0005810,P0167,1,128.75,0.05
OI00010215,O0005812,P0008,1,1170.93,0.0
OI00010216,O0005812,P0091,2,170.71,0.0
OI00010217,O0005812,P0052,1,39.1,0.0
OI00010226,O0005818,P0170,2,9.58,0.0
OI00010227,O0005818,P0090,1,201.91,0.0
OI00010229,O0005820,P0035,1,1059.34,0.0
OI00010230,O0005820,P0097,1,137.14,0.0
OI00010231,O0005820,P0008,1,1184.55,0.0
OI00010232,O0005820,P0112,1,40.48,0.0
OI00010237,O0005823,P0060,1,138.88,0.0
OI00010244,O0005827,P0024,1,517.26,0.0
OI00010245,O0005827,P0118,1,126.87,0.25
OI00010246,O0005828,P0031,1,1351.1,0.0
OI00010252,O0005831,P0025,1,415.5,0.0
OI00010253,O0005831,P0148,2,14.82,0.0
OI00010271,O0005844,P0030,2,845.94,0.0
OI00010272,O0005844,P0101,1,123.27,0.0
OI00010273,O0005844,P0032,1,894.55,0.0
OI00010274,O0005844,P0053,1,359.59,0.0
OI00010275,O0005845,P0082,1,373.94,0.0
OI00010276,O0005845,P0150,1,11.52,0.1
OI00010296,O0005857,P0050,1,92.98,0.1
OI00010320,O0005872,P0024,1,506.58,0.0
OI00010321,O0005872,P0027,1,914.87,0.1
OI00010322,O0005872,P0172,1,21.76,0.1
OI00010330,O0005875,P0065,1,314.59,0.0
OI00010331,O0005875,P0166,1,33.89,0.0
OI00010359,O0005894,P0120,1,336.29,0.0
OI00010360,O0005894,P0169,1,184.37,0.0
OI00010361,O0005894,P0128,3,68.67,0.0
OI00010368,O0005898,P0105,1,133.66,0.0
OI00010369,O0005898,P0118,3,130.64,0.0
OI00010374,O0005902,P0150,2,11.45,0.25
OI00010375,O0005902,P0081,2,411.24,0.0
OI00010418,O0005928,P0079,1,172.23,0.05
OI00010432,O0005938,P0049,1,337.9,0.15
OI00010433,O0005938,P0019,2,411.74,0.0
OI00010434,O0005939,P0178,1,10.92,0.0
OI00010435,O0005939,P0002,1,942.07,0.0
OI00010463,O0005950,P0158,1,68.09,0.0
OI00010482,O0005962,P0048,1,56.01,0.05
OI00010483,O0005962,P0105,1,129.6,0.0
OI00010492,O0005970,P0163,1,18.02,0.0
OI00010493,O0005970,P0100,1,62.79,0.05
OI00010494,O0005970,P0005,1,1305.91,0.0
OI00010495,O0005970,P0144,1,13.44,0.0
OI00010496,O0005971,P0032,1,882.79,0.0
OI00010525,O0005986,P0165,1,41.22,0.0
OI00010526,O0005986,P0050,1,94.53,0.2
OI00010527,O0005986,P0116,1,68.77,0.0
OI00010535,O0005991,P0119,1,33.57,0.0
OI00010546,O0005997,P0101,1,124.88,0.0
OI00010562,O0006007,P0151,1,19.3,0.0
OI00010563,O0006007,P0173,1,45.79,0.0
OI00010564,O0006007,P0073,1,97.7,0.05
OI00010565,O0006008,P0161,2,64.11,0.0
OI00010584,O0006018,P0151,1,19.57,0.0
OI00010595,O0006025,P0110,1,70.77,0.0
OI00010596,O0006025,P0166,2,33.02,0.1
OI00010597,O0006026,P0018,1,2025.17,0.15
OI00010598,O0006026,P0110,1,74.05,0.2
OI00010621,O0006039,P0066,1,277.99,0.0
OI00010622,O0006039,P0180,1,51.59,0.0
OI00010623,O0006039,P0069,1,97.87,0.0
OI00010624,O0006039,P0152,1,14.58,0.1
OI00010677,O0006070,P0102,1,53.69,0.0
OI00010678,O0006071,P0078,1,134.23,0.0
OI00010679,O0006071,P0074,1,265.58,0.05
OI00010680,O0006071,P0088,1,294.1,0.1
OI00010681,O0006072,P0058,1,152.95,0.0
OI00010682,O0006072,P0113,1,102.86,0.0
OI00010701,O0006084,P0084,1,623.37,0.05
OI00010702,O0006084,P0075,1,54.35,0.0
OI00010703,O0006084,P0091,1,167.6,0.15
OI00010709,O0006087,P0090,1,199.35,0.0
OI00010712,O0006089,P0129,1,312.44,0.0
OI00010721,O0006094,P0080,1,237.61,0.0
OI00010744,O0006103,P0032,1,875.81,0.0
OI00010745,O0006103,P0053,1,357.05,0.1
OI00010751,O0006108,P0028,1,1216.09,0.1
OI00010792,O0006131,P0059,1,48.92,0.1
OI00010793,O0006131,P0007,1,2026.27,0.0
OI00010794,O0006131,P0179,1,82.52,0.0
OI00010810,O0006143,P0007,1,2019.07,0.15
OI00010823,O0006150,P0061,1,375.88,0.0
OI00010831,O0006154,P0058,1,143.97,0.05
OI00010832,O0006155,P0012,1,1530.03,0.0
OI00010844,O0006162,P0030,2,861.26,0.0
OI00010845,O0006163,P0002,1,928.31,0.05
OI00010846,O0006164,P0013,2,1046.17,0.15
OI00010847,O0006164,P0116,1,68.57,0.0
OI00010848,O0006165,P0142,1,12.43,0.05
OI00010859,O0006172,P0143,1,114.87,0.0
OI00010864,O0006176,P0042,1,120.49,0.1
OI00010872,O0006181,P0029,1,521.29,0.0
OI00010875,O0006184,P0130,1,29.83,0.1
OI00010876,O0006184,P0015,2,1451.91,0.1
OI00010877,O0006184,P0118,1,126.83,0.1
OI00010879,O0006186,P0109,1,170.75,0.05
OI00010887,O0006190,P0073,1,93.81,0.0
OI00010888,O0006190,P0042,1,120.75,0.0
OI00010889,O0006190,P0037,1,541.4,0.0
OI00010890,O0006191,P0103,1,84.21,0.0
OI00010891,O0006191,P0043,1,295.72,0.0
OI00010894,O0006194,P0072,1,166.47,0.0
OI00010895,O0006194,P0175,1,12.31,0.15
OI00010922,O0006211,P0067,1,287.88,0.0
OI00010923,O0006211,P0162,1,19.38,0.0
OI00010944,O0006225,P0176,3,143.58,0.0
OI00010945,O0006225,P0041,1,232.98,0.0
OI00010946,O0006226,P0059,1,50.35,0.0
OI00010947,O0006226,P0138,1,34.75,0.0
OI00010948,O0006226,P0051,2,55.47,0.0
OI00010959,O0006233,P0119,1,33.07,0.0
OI00010960,O0006233,P0105,1,128.51,0.0
OI00010962,O0006235,P0013,1,1068.24,0.0
OI00010967,O0006238,P0130,1,30.23,0.0
OI00010968,O0006238,P0144,1,14.16,0.1
OI00010986,O0006246,P0041,1,222.83,0.0
OI00010987,O0006246,P0137,1,26.91,0.0
OI00010996,O0006252,P0160,1,23.95,0.1
OI00010997,O0006253,P0114,1,28.48,0.0
OI00010998,O0006253,P0116,1,66.68,0.0
OI00011000,O0006255,P0104,1,29.24,0.0
OI00011001,O0006255,P0112,1,40.98,0.0
OI00011002,O0006256,P0023,2,1006.42,0.0
OI00011004,O0006258,P0073,1,99.75,0.0
OI00011036,O0006274,P0121,1,145.88,0.0
OI00011037,O0006274,P0152,3,14.63,0.1
OI00011041,O0006277,P0135,1,186.33,0.1
OI00011042,O0006277,P0094,1,75.99,0.15
OI00011043,O0006277,P0006,1,2201.51,0.0
OI00011044,O0006278,P0071,1,113.91,0.0
OI00011063,O0006289,P0117,1,29.99,0.2
OI00011065,O0006291,P0090,1,194.23,0.0
OI00011066,O0006291,P0096,1,89.12,0.0
OI00011068,O0006293,P0037,1,532.11,0.0
OI00011069,O0006293,P0171,1,37.57,0.15
OI00011070,O0006293,P0051,1,55.36,0.0
OI00011071,O0006294,P0139,1,24.79,0.0
OI00011072,O0006294,P0048,1,57.9,0.0
OI00011073,O0006294,P0040,1,1012.91,0.05
OI00011076,O0006296,P0089,1,348.51,0.05
OI00011094,O0006306,P0076,1,122.01,0.0
OI00011114,O0006317,P0096,1,85.81,0.05
OI00011116,O0006319,P0096,1,85.39,0.0
OI00011117,O0006319,P0018,1,1931.62,0.25
OI00011126,O0006323,P0057,1,137.43,0.0
OI00011127,O0006323,P0109,1,167.8,0.0
OI00011156,O0006341,P0064,1,125.59,0.0
OI00011164,O0006347,P0085,1,508.67,0.0
OI00011194,O0006365,P0010,1,894.73,0.0
OI00011195,O0006365,P0057,1,133.91,0.0
OI00011196,O0006365,P0162,1,18.92,0.0
OI00011197,O0006366,P0086,1,49.75,0.0
OI00011198,O0006367,P0074,1,253.91,0.0
OI00011207,O0006373,P0053,1,355.44,0.0
OI00011208,O0006373,P0045,1,404.61,0.15
OI00011209,O0006374,P0116,1,69.3,0.2
OI00011210,O0006374,P0097,1,142.56,0.05
OI00011223,O0006381,P0062,1,56.63,0.0
OI00011238,O0006388,P0118,1,125.3,0.05
OI00011242,O0006391,P0054,1,57.01,0.0
OI00011243,O0006391,P0120,1,333.99,0.1
OI00011244,O0006391,P0029,1,541.14,0.0
OI00011249,O0006394,P0059,1,51.06,0.0
OI00011252,O0006397,P0162,1,19.05,0.1
OI00011253,O0006398,P0135,1,181.38,0.2
OI00011263,O0006402,P0118,2,129.76,0.0
OI00011264,O0006402,P0117,1,30.89,0.05
OI00011265,O0006402,P0092,1,197.35,0.1
OI00011269,O0006406,P0057,2,133.53,0.0
OI00011286,O0006414,P0053,1,358.26,0.0
OI00011287,O0006414,P0088,1,297.25,0.0
OI00011295,O0006419,P0164,1,39.68,0.1
OI00011296,O0006419,P0138,1,34.33,0.0
OI00011310,O0006429,P0047,1,133.77,0.0
OI00011311,O0006429,P0121,1,147.9,0.0
OI00011326,O0006438,P0045,1,405.88,0.25
OI00011327,O0006438,P0125,1,286.98,0.1
OI00011328,O0006438,P0079,1,175.13,0.0
OI00011360,O0006459,P0169,1,184.94,0.0
OI00011361,O0006459,P0021,1,640.86,0.0
OI00011414,O0006491,P0006,1,2156.62,0.15
OI00011415,O0006491,P0044,2,122.29,0.0
OI00011425,O0006496,P0006,2,2203.58,0.0
OI00011448,O0006508,P0071,2,115.19,0.0
OI00011460,O0006514,P0055,1,318.98,0.1
OI00011474,O0006522,P0004,1,1021.59,0.0
OI00011475,O0006522,P0124,2,64.1,0.0
OI00011476,O0006522,P0077,1,410.76,0.25
OI00011477,O0006523,P0028,1,1224.49,0.1
OI00011478,O0006523,P0115,1,71.09,0.05
OI00011479,O0006523,P0102,1,51.9,0.2
OI00011480,O0006524,P0067,1,290.72,0.1
OI00011481,O0006524,P0086,2,49.26,0.0
OI00011482,O0006524,P0039,1,530.08,0.0
OI00011488,O0006528,P0092,1,199.09,0.0
OI00011489,O0006528,P0120,1,334.17,0.0
OI00011490,O0006528,P0063,2,58.46,0.0
OI00011492,O0006530,P0135,1,183.77,0.0
OI00011521,O0006545,P0016,1,912.88,0.0
OI00011531,O0006551,P0146,1,53.04,0.05
OI00011532,O0006552,P0014,1,836.15,0.0
OI00011533,O0006552,P0146,1,52.65,0.05
OI00011540,O0006555,P0042,1,120.22,0.0
OI00011541,O0006555,P0021,1,646.25,0.0
OI00011549,O0006559,P0151,1,19.53,0.0
OI00011553,O0006561,P0147,2,76.0,0.0
OI00011554,O0006561,P0095,1,288.64,0.0
OI00011555,O0006561,P0004,1,1008.41,0.1
OI00011561,O0006564,P0166,1,32.05,0.0
OI00011562,O0006564,P0047,1,136.42,0.0
OI00011580,O0006574,P0155,3,49.41,0.0
OI00011581,O0006574,P0122,1,376.27,0.25
OI00011587,O0006578,P0113,2,98.41,0.0
OI00011588,O0006578,P0074,1,260.56,0.15
OI00011592,O0006581,P0047,1,140.45,0.0
OI00011593,O0006581,P0015,1,1428.06,0.0
OI00011596,O0006583,P0057,1,128.91,0.1
OI00011599,O0006585,P0143,1,111.96,0.05
OI00011618,O0006595,P0146,1,51.45,0.0
OI00011619,O0006596,P0161,1,61.91,0.0
OI00011620,O0006596,P0096,1,90.09,0.0
OI00011621,O0006596,P0103,1,84.65,0.0
OI00011626,O0006599,P0176,1,135.76,0.05
OI00011660,O0006614,P0150,2,11.1,0.0
OI00011661,O0006614,P0177,1,22.27,0.05
OI00011666,O0006619,P0003,1,1210.1,0.05
OI00011683,O0006628,P0109,1,170.36,0.0
OI00011688,O0006631,P0011,1,1069.2,0.15
OI00011689,O0006631,P0174,1,18.23,0.2
OI00011695,O0006635,P0099,1,227.87,0.0
OI00011696,O0006635,P0123,1,49.61,0.0
OI00011743,O0006659,P0080,1,237.34,0.0
OI00011757,O0006667,P0041,1,235.43,0.0
OI00011758,O0006667,P0089,2,346.98,0.25
OI00011759,O0006667,P0156,1,86.61,0.2
OI00011760,O0006668,P0112,1,40.46,0.0
OI00011767,O0006672,P0076,3,128.79,0.1
OI00011768,O0006672,P0127,1,170.55,0.0
OI00011774,O0006676,P0048,3,56.88,0.0
OI00011775,O0006676,P0013,1,1097.47,0.0
OI00011776,O0006676,P0071,1,113.28,0.0
OI00011795,O0006687,P0074,1,262.58,0.0
OI00011796,O0006687,P0125,1,289.67,0.1
OI00011812,O0006698,P0039,1,506.26,0.05
OI00011815,O0006701,P0159,1,178.05,0.0
OI00011816,O0006701,P0037,1,525.11,0.0
OI00011828,O0006708,P0032,1,875.7,0.0
OI00011829,O0006708,P0176,3,135.61,0.1
OI00011830,O0006708,P0073,1,99.07,0.0
OI00011849,O0006720,P0165,1,40.05,0.05
OI00011853,O0006722,P0054,2,56.92,0.0
OI00011854,O0006722,P0095,1,287.61,0.0
OI00011855,O0006722,P0089,1,353.66,0.0
OI00011907,O0006751,P0047,1,138.76,0.15
OI00011908,O0006751,P0020,1,546.96,0.0
OI00011913,O0006755,P0175,1,12.15,0.0
OI00011914,O0006755,P0071,1,114.29,0.0
OI00011915,O0006755,P0045,1,401.11,0.0
OI00011919,O0006758,P0127,2,157.04,0.1
OI00011920,O0006758,P0113,1,98.33,0.1
OI00011921,O0006758,P0054,1,58.44,0.05
OI00011944,O0006772,P0137,1,25.58,0.0
OI00011971,O0006787,P0053,1,364.1,0.0
OI00011985,O0006795,P0017,1,1651.9,0.0
OI00011986,O0006795,P0078,1,135.95,0.0
OI00011988,O0006797,P0159,1,180.24,0.0
OI00011997,O0006804,P0098,1,325.34,0.0
OI00012013,O0006815,P0149,1,18.4,0.0
OI00012014,O0006815,P0104,1,29.75,0.0
OI00012015,O0006815,P0040,1,1000.71,0.0
OI00012043,O0006829,P0150,1,11.08,0.0
OI00012066,O0006844,P0072,1,170.24,0.0
OI00012067,O0006844,P0041,1,240.61,0.0
OI00012068,O0006844,P0099,1,229.36,0.05
OI00012075,O0006848,P0144,1,14.12,0.2
OI00012076,O0006848,P0087,1,487.91,0.0
OI00012077,O0006849,P0047,1,139.16,0.1
OI00012084,O0006852,P0157,2,118.77,0.0
OI00012085,O0006853,P0027,1,899.43,0.05
OI00012086,O0006854,P0070,1,55.66,0.05
OI00012091,O0006857,P0178,1,10.76,0.0
OI00012123,O0006878,P0043,1,289.8,0.0
OI00012124,O0006878,P0086,1,50.9,0.05
OI00012125,O0006878,P0091,1,170.01,0.0
OI00012126,O0006879,P0038,1,480.58,0.05
OI00012131,O0006881,P0104,1,30.06,0.0
OI00012167,O0006902,P0163,1,18.17,0.0
OI00012178,O0006911,P0066,1,268.83,0.0
OI00012179,O0006911,P0051,2,57.85,0.05
OI00012189,O0006917,P0180,1,51.52,0.05
OI00012191,O0006919,P0004,1,982.94,0.1
OI00012192,O0006919,P0137,1,26.33,0.05
OI00012195,O0006921,P0049,1,340.75,0.05
OI00012196,O0006922,P0090,1,199.43,0.05
OI00012197,O0006923,P0081,1,400.77,0.0
OI00012198,O0006923,P0042,2,118.9,0.0
OI00012205,O0006927,P0043,1,296.61,0.0
OI00012206,O0006927,P0142,2,12.6,0.0
OI00012229,O0006943,P0068,1,143.27,0.0
OI00012234,O0006945,P0083,1,719.89,0.0
OI00012243,O0006950,P0168,1,62.66,0.1
OI00012244,O0006950,P0166,1,33.03,0.2
OI00012245,O0006950,P0053,1,357.4,0.0
OI00012251,O0006954,P0036,1,721.79,0.15
OI00012259,O0006959,P0084,1,642.06,0.0
OI00012261,O0006961,P0163,1,18.0,0.1
OI00012263,O0006963,P0156,2,87.57,0.0
OI00012265,O0006965,P0149,2,18.54,0.0
OI00012266,O0006965,P0034,1,545.31,0.1
OI00012267,O0006965,P0163,2,18.23,0.05
OI00012275,O0006970,P0159,1,178.09,0.15
OI00012276,O0006970,P0061,1,376.94,0.0
OI00012277,O0006970,P0105,1,134.32,0.0
OI00012279,O0006972,P0063,1,58.15,0.1
OI00012280,O0006972,P0021,1,654.89,0.0
OI00012281,O0006972,P0052,1,39.52,0.05
OI00012297,O0006981,P0178,1,11.42,0.0
OI00012298,O0006981,P0006,1,2209.22,0.1
OI00012300,O0006983,P0038,1,483.25,0.2
OI00012304,O0006986,P0140,1,15.56,0.0
OI00012306,O0006988,P0035,1,1067.83,0.0
OI00012307,O0006988,P0147,1,77.46,0.0
OI00012323,O0006996,P0068,1,140.36,0.0
OI00012324,O0006996,P0173,1,44.16,0.05
OI00012325,O0006996,P0054,1,58.37,0.0
OI00012349,O0007013,P0164,1,39.57,0.0
OI00012384,O0007034,P0038,1,478.96,0.0
OI00012385,O0007035,P0106,1,129.85,0.25
OI00012392,O0007041,P0080,1,234.28,0.0
OI00012393,O0007041,P0077,1,412.2,0.05
OI00012394,O0007041,P0024,1,512.11,0.15
OI00012396,O0007043,P0119,1,33.61,0.0
OI00012397,O0007043,P0068,1,138.48,0.15
OI00012406,O0007050,P0061,1,383.19,0.0
OI00012418,O0007057,P0103,1,85.81,0.0
OI00012419,O0007057,P0111,1,284.2,0.05
OI00012420,O0007057,P0166,1,32.28,0.0
OI00012439,O0007067,P0122,2,376.89,0.05
OI00012440,O0007068,P0037,1,536.64,0.0
OI00012441,O0007068,P0115,1,67.72,0.0
OI00012442,O0007069,P0071,1,112.11,0.15
OI00012443,O0007069,P0063,1,60.14,0.05
OI00012495,O0007101,P0112,2,40.02,0.0
OI00012496,O0007101,P0177,1,22.87,0.0
OI00012497,O0007101,P0126,1,184.31,0.0
OI00012499,O0007103,P0056,3,128.55,0.0
OI00012500,O0007103,P0086,1,48.63,0.0
OI00012501,O0007104,P0111,1,293.43,0.0
OI00012502,O0007104,P0132,1,29.47,0.15
OI00012503,O0007104,P0108,1,42.95,0.2
OI00012510,O0007108,P0077,1,418.18,0.1
OI00012511,O0007108,P0038,1,486.41,0.0
OI00012531,O0007119,P0068,1,139.83,0.0
OI00012532,O0007119,P0074,1,255.84,0.1
OI00012533,O0007119,P0085,1,495.05,0.1
OI00012534,O0007119,P0046,1,329.13,0.1
OI00012540,O0007124,P0076,2,117.71,0.0
OI00012543,O0007126,P0166,1,33.09,0.0
OI00012544,O0007126,P0168,2,62.84,0.05
OI00012561,O0007137,P0156,1,89.23,0.0
OI00012562,O0007137,P0070,1,51.82,0.0
OI00012571,O0007145,P0158,1,70.04,0.0
OI00012572,O0007145,P0127,2,161.1,0.05
OI00012573,O0007145,P0040,1,985.97,0.0
OI00012574,O0007145,P0025,1,428.08,0.05
OI00012601,O0007159,P0163,1,18.11,0.0
OI00012602,O0007159,P0149,1,18.49,0.0
OI00012603,O0007159,P0160,1,23.95,0.0
OI00012604,O0007159,P0052,1,38.38,0.1
OI00012626,O0007172,P0016,1,907.61,0.05
OI00012636,O0007180,P0109,1,172.19,0.0
OI00012637,O0007181,P0138,1,35.46,0.0
OI00012638,O0007181,P0174,1,18.62,0.0
OI00012641,O0007183,P0022,3,870.55,0.2
OI00012642,O0007183,P0163,3,18.23,0.1
OI00012643,O0007183,P0168,1,63.25,0.2
OI00012663,O0007193,P0097,1,138.39,0.0
OI00012681,O0007203,P0090,1,202.66,0.0
OI00012682,O0007203,P0055,1,328.74,0.1
OI00012683,O0007203,P0057,3,135.29,0.0
OI00012689,O0007206,P0067,1,287.08,0.0
OI00012690,O0007206,P0147,1,77.32,0.0
OI00012691,O0007206,P0141,1,23.27,0.0
OI00012692,O0007206,P0044,1,122.06,0.0
OI00012696,O0007208,P0088,1,300.26,0.0
OI00012697,O0007208,P0091,1,166.39,0.0
OI00012698,O0007208,P0045,1,400.39,0.1
OI00012703,O0007212,P0008,1,1192.91,0.1
OI00012712,O0007217,P0174,1,18.11,0.0
OI00012713,O0007217,P0077,1,407.73,0.0
OI00012752,O0007239,P0112,1,40.63,0.0
OI00012753,O0007239,P0097,1,140.37,0.0
OI00012768,O0007246,P0046,1,327.93,0.2
OI00012769,O0007246,P0122,1,397.35,0.0
OI00012774,O0007250,P0071,1,116.06,0.0
OI00012775,O0007250,P0095,1,283.33,0.15
OI00012776,O0007251,P0083,1,732.02,0.0
OI00012811,O0007269,P0069,1,96.51,0.0
OI00012812,O0007269,P0082,1,376.94,0.05
OI00012813,O0007270,P0076,1,124.47,0.1
OI00012855,O0007291,P0158,1,65.24,0.0
OI00012908,O0007321,P0059,1,49.8,0.05
OI00012918,O0007327,P0023,1,963.35,0.0
OI00012919,O0007327,P0160,1,23.96,0.05
OI00012922,O0007329,P0052,1,40.64,0.0
OI00012923,O0007329,P0031,1,1347.44,0.0
OI00012939,O0007336,P0114,1,30.74,0.0
OI00012940,O0007336,P0021,1,643.6,0.0
OI00012955,O0007346,P0001,3,1739.7,0.0
OI00012963,O0007350,P0083,1,741.08,0.0
OI00012967,O0007354,P0168,1,64.4,0.0
OI00012968,O0007354,P0116,3,70.65,0.1
OI00012969,O0007354,P0091,1,168.84,0.05
OI00012990,O0007364,P0151,1,19.37,0.1
OI00012991,O0007364,P0073,1,96.41,0.0
OI00012995,O0007366,P0117,3,30.89,0.05
OI00012996,O0007366,P0025,1,427.05,0.0
OI00013008,O0007374,P0045,1,399.69,0.1
OI00013009,O0007374,P0141,1,23.75,0.1
OI00013022,O0007382,P0063,2,60.33,0.1
OI00013038,O0007392,P0117,2,30.85,0.0
OI00013039,O0007392,P0012,1,1503.55,0.0
OI00013040,O0007392,P0044,2,121.04,0.0
OI00013041,O0007392,P0094,2,72.56,0.0
OI00013088,O0007417,P0116,3,72.65,0.15
OI00013107,O0007428,P0109,2,173.6,0.0
OI00013108,O0007428,P0149,1,17.8,0.1
OI00013122,O0007437,P0111,1,292.32,0.15
OI00013130,O0007442,P0016,1,952.68,0.2
OI00013131,O0007442,P0019,1,401.82,0.0
OI00013132,O0007443,P0169,1,190.28,0.0
OI00013133,O0007444,P0001,1,1733.36,0.25
OI00013134,O0007444,P0138,1,35.58,0.05
OI00013140,O0007448,P0019,1,403.47,0.05
OI00013158,O0007458,P0070,2,54.64,0.0
OI00013163,O0007461,P0067,1,283.39,0.05
OI00013164,O0007461,P0085,1,498.89,0.0
OI00013165,O0007461,P0021,1,640.8,0.05
OI00013167,O0007463,P0015,1,1493.17,0.0
OI00013168,O0007463,P0129,1,306.55,0.0
OI00013174,O0007468,P0161,1,63.43,0.1
OI00013175,O0007469,P0100,3,61.66,0.0
OI00013182,O0007473,P0127,1,166.5,0.05
OI00013196,O0007483,P0034,1,546.76,0.0
OI00013198,O0007485,P0063,1,60.24,0.0
OI00013199,O0007486,P0074,1,262.87,0.0
OI00013202,O0007488,P0086,2,48.85,0.0
OI00013203,O0007488,P0034,1,544.78,0.15
OI00013204,O0007489,P0163,1,18.35,0.0
OI00013231,O0007507,P0095,2,280.98,0.05
OI00013268,O0007530,P0040,1,1034.31,0.05
OI00013269,O0007530,P0145,1,162.55,0.25
OI00013275,O0007535,P0160,1,24.06,0.1
OI00013278,O0007538,P0089,1,345.08,0.0
OI00013279,O0007538,P0067,1,290.38,0.0
OI00013296,O0007549,P0041,3,231.47,0.0
OI00013307,O0007555,P0153,1,43.15,0.2
OI00013326,O0007566,P0078,1,133.51,0.15
OI00013327,O0007566,P0117,2,31.18,0.05
OI00013339,O0007573,P0129,1,299.21,0.0
OI00013340,O0007573,P0059,1,51.46,0.0
OI00013341,O0007573,P0178,2,10.93,0.05
OI00013349,O0007578,P0116,1,68.4,0.1
OI00013350,O0007578,P0001,1,1706.27,0.0
OI00013351,O0007578,P0049,1,345.07,0.0
OI00013365,O0007588,P0112,1,39.86,0.05
OI00013366,O0007588,P0089,2,359.6,0.15
OI00013374,O0007593,P0164,1,38.55,0.1
OI00013387,O0007600,P0155,1,51.32,0.0
OI00013398,O0007607,P0012,1,1536.44,0.0
OI00013399,O0007607,P0095,3,285.19,0.15
OI00013411,O0007614,P0014,1,816.57,0.1
OI00013412,O0007615,P0096,1,87.68,0.0
OI00013413,O0007615,P0161,2,61.67,0.0
OI00013414,O0007616,P0041,2,231.1,0.0
OI00013415,O0007616,P0139,1,24.4,0.0
OI00013416,O0007617,P0109,2,165.0,0.0
OI00013431,O0007625,P0107,1,156.52,0.0
OI00013453,O0007638,P0117,1,30.34,0.0
OI00013454,O0007638,P0098,1,312.62,0.0
OI00013459,O0007640,P0104,1,29.94,0.2
OI00013460,O0007640,P0028,1,1231.89,0.0
OI00013461,O0007640,P0073,1,94.59,0.0
OI00013465,O0007642,P0085,1,487.06,0.0
OI00013466,O0007642,P0020,1,535.53,0.0
OI00013467,O0007642,P0001,1,1704.75,0.0
OI00013468,O0007642,P0046,1,330.73,0.05
OI00013474,O0007646,P0122,1,383.04,0.0
OI00013475,O0007646,P0091,1,173.83,0.0
OI00013483,O0007650,P0114,1,28.63,0.0
OI00013484,O0007650,P0140,1,15.71,0.0
OI00013485,O0007651,P0079,1,173.25,0.0
OI00013486,O0007651,P0082,1,382.58,0.05
OI00013508,O0007664,P0085,1,515.07,0.0
OI00013509,O0007664,P0123,1,50.33,0.0
OI00013517,O0007670,P0079,1,178.27,0.0
OI00013518,O0007670,P0143,1,110.21,0.0
OI00013528,O0007678,P0118,1,130.27,0.15
OI00013529,O0007678,P0110,1,75.76,0.0
OI00013569,O0007701,P0004,2,1012.84,0.0
OI00013570,O0007701,P0031,1,1329.68,0.0
OI00013571,O0007701,P0144,1,13.39,0.0
OI00013572,O0007701,P0074,1,261.82,0.1
OI00013576,O0007705,P0162,1,19.11,0.0
OI00013590,O0007717,P0143,1,111.05,0.0
OI00013595,O0007720,P0118,1,131.4,0.0
OI00013601,O0007723,P0066,1,271.38,0.0
OI00013602,O0007723,P0172,1,22.72,0.05
OI00013603,O0007724,P0119,2,32.47,0.05
OI00013645,O0007747,P0060,2,134.69,0.25
OI00013646,O0007747,P0153,1,43.68,0.1
OI00013647,O0007747,P0052,1,38.96,0.0
OI00013648,O0007747,P0044,1,122.98,0.1
OI00013664,O0007756,P0104,1,29.05,0.0
OI00013671,O0007761,P0043,1,278.85,0.05
OI00013704,O0007779,P0062,1,56.68,0.0
OI00013705,O0007779,P0127,1,160.93,0.0
OI00013706,O0007779,P0108,1,42.52,0.0
OI00013707,O0007779,P0077,1,409.33,0.1
OI00013719,O0007785,P0165,2,41.26,0.05
OI00013720,O0007785,P0031,1,1344.14,0.1
OI00013731,O0007793,P0064,1,129.11,0.0
OI00013739,O0007798,P0114,1,28.76,0.0
OI00013740,O0007798,P0065,1,318.32,0.0
OI00013781,O0007823,P0080,3,240.14,0.0
OI00013782,O0007823,P0007,2,2015.78,0.0
OI00013783,O0007823,P0136,1,86.84,0.0
OI00013785,O0007825,P0084,1,625.0,0.1
OI00013786,O0007825,P0113,1,101.28,0.15
OI00013787,O0007825,P0044,1,122.86,0.15
OI00013798,O0007833,P0146,1,51.61,0.15
OI00013799,O0007833,P0101,1,126.87,0.1
OI00013800,O0007834,P0010,2,897.73,0.0
OI00013801,O0007834,P0150,1,11.6,0.0
OI00013823,O0007846,P0179,1,81.31,0.0
OI00013824,O0007846,P0087,2,493.87,0.0
OI00013829,O0007850,P0122,1,380.68,0.0
OI00013830,O0007850,P0059,1,48.74,0.2
OI00013831,O0007850,P0161,1,63.28,0.1
OI00013832,O0007850,P0051,1,53.66,0.0
OI00013833,O0007851,P0136,1,84.14,0.0
OI00013834,O0007851,P0179,1,81.47,0.0
OI00013838,O0007855,P0074,1,263.87,0.0
OI00013839,O0007855,P0041,1,235.88,0.05
OI00013846,O0007859,P0053,1,363.6,0.0
OI00013847,O0007859,P0065,1,322.94,0.0
OI00013848,O0007860,P0141,3,23.37,0.0
OI00013900,O0007896,P0123,1,50.43,0.0
OI00013901,O0007896,P0100,1,60.78,0.0
OI00013921,O0007907,P0074,2,260.86,0.0
OI00013926,O0007911,P0117,1,30.55,0.1
OI00013927,O0007911,P0080,1,237.87,0.0
OI00013930,O0007913,P0099,1,231.59,0.0
OI00013962,O0007931,P0135,1,181.68,0.1
OI00013968,O0007935,P0151,1,19.4,0.1
OI00013973,O0007939,P0031,2,1312.65,0.0
OI00013974,O0007939,P0053,1,358.25,0.0
OI00013990,O0007949,P0011,1,1073.58,0.0
OI00013991,O0007949,P0098,1,327.76,0.0
OI00013992,O0007949,P0006,1,2157.18,0.0
OI00014008,O0007957,P0068,1,142.29,0.1
OI00014016,O0007963,P0095,1,289.0,0.0
OI00014017,O0007963,P0035,1,1064.41,0.2
OI00014019,O0007965,P0157,2,115.82,0.1
OI00014020,O0007965,P0010,1,849.34,0.0
OI00014056,O0007984,P0101,1,124.35,0.1
OI00014057,O0007984,P0141,1,23.72,0.1
OI00014114,O0008022,P0105,1,129.71,0.0
OI00014127,O0008028,P0026,1,1168.77,0.0
OI00014129,O0008030,P0095,2,288.19,0.0
OI00014130,O0008031,P0174,1,18.61,0.1
OI00014151,O0008044,P0004,1,1015.29,0.0
OI00014152,O0008044,P0041,2,229.1,0.1
OI00014153,O0008044,P0138,1,35.65,0.0
OI00014158,O0008047,P0084,1,607.84,0.25
OI00014159,O0008047,P0133,1,10.11,0.05
OI00014162,O0008050,P0035,1,1089.64,0.15
OI00014163,O0008050,P0024,1,497.61,0.0
OI00014169,O0008053,P0120,1,327.92,0.05
OI00014207,O0008076,P0068,1,139.47,0.0
OI00014226,O0008086,P0069,1,97.44,0.05
OI00014227,O0008086,P0149,1,17.99,0.0
OI00014228,O0008086,P0104,1,29.86,0.0
OI00014229,O0008087,P0132,1,29.75,0.1
OI00014230,O0008087,P0054,1,56.94,0.0
OI00014248,O0008098,P0086,1,51.02,0.0
OI00014292,O0008123,P0130,2,29.47,0.0
OI00014308,O0008133,P0010,1,886.14,0.0
OI00014312,O0008136,P0033,1,1317.66,0.0
OI00014313,O0008136,P0021,2,627.19,0.15
OI00014321,O0008140,P0096,2,89.39,0.1
OI00014322,O0008140,P0086,1,50.32,0.15
OI00014325,O0008143,P0100,1,61.36,0.0
OI00014330,O0008145,P0140,1,15.79,0.0
OI00014331,O0008145,P0036,1,711.29,0.0
OI00014367,O0008163,P0119,1,32.63,0.0
OI00014368,O0008163,P0148,1,15.05,0.0
OI00014376,O0008169,P0061,1,388.63,0.05
OI00014377,O0008169,P0070,1,54.86,0.0
OI00014393,O0008178,P0157,1,119.62,0.25
OI00014400,O0008183,P0148,1,15.2,0.0
OI00014401,O0008183,P0136,1,86.84,0.05
OI00014403,O0008185,P0115,2,65.98,0.0
OI00014404,O0008185,P0062,2,56.37,0.0
OI00014405,O0008185,P0126,1,181.33,0.05
OI00014419,O0008193,P0057,1,133.06,0.0
OI00014450,O0008210,P0121,1,153.67,0.0
OI00014466,O0008220,P0059,1,49.92,0.1
OI00014467,O0008220,P0008,1,1161.74,0.15
OI00014468,O0008220,P0048,2,55.41,0.0
OI00014469,O0008220,P0030,1,866.98,0.0
OI00014476,O0008227,P0160,1,24.17,0.1
OI00014477,O0008227,P0054,2,57.37,0.0
OI00014498,O0008241,P0114,1,29.21,0.05
OI00014499,O0008241,P0150,1,11.42,0.05
OI00014500,O0008242,P0032,1,885.03,0.0
OI00014501,O0008242,P0113,1,97.62,0.05
OI00014533,O0008256,P0121,1,148.65,0.0
OI00014534,O0008257,P0156,1,86.94,0.1
OI00014535,O0008257,P0058,1,152.46,0.0
OI00014560,O0008272,P0096,1,86.54,0.0
OI00014561,O0008272,P0092,1,198.7,0.0
OI00014563,O0008274,P0013,1,1057.42,0.15
OI00014578,O0008284,P0132,1,30.43,0.0
OI00014579,O0008284,P0062,1,54.66,0.0
OI00014586,O0008288,P0180,1,51.91,0.0
OI00014591,O0008290,P0136,1,84.48,0.0
OI00014605,O0008299,P0008,2,1193.87,0.15
OI00014613,O0008305,P0129,1,292.57,0.0
OI00014627,O0008312,P0152,1,14.92,0.0
OI00014633,O0008316,P0085,1,489.95,0.0
OI00014656,O0008328,P0058,1,144.57,0.0
OI00014660,O0008330,P0162,1,19.75,0.2
OI00014677,O0008339,P0150,1,11.47,0.15
OI00014701,O0008354,P0142,1,12.99,0.15
OI00014702,O0008354,P0117,1,29.36,0.0
OI00014704,O0008356,P0002,1,933.54,0.0
OI00014730,O0008370,P0005,1,1326.59,0.0
OI00014731,O0008370,P0126,1,187.94,0.15
OI00014749,O0008383,P0067,1,286.39,0.1
OI00014778,O0008400,P0180,2,52.15,0.0
OI00014779,O0008400,P0130,1,30.24,0.0
OI00014780,O0008400,P0027,1,886.14,0.05
OI00014782,O0008402,P0063,1,59.32,0.1
OI00014783,O0008402,P0094,1,71.1,0.0
OI00014799,O0008413,P0030,1,860.67,0.0
OI00014814,O0008422,P0052,1,38.3,0.0
OI00014815,O0008422,P0078,1,136.48,0.0
OI00014816,O0008422,P0136,1,84.83,0.0
OI00014845,O0008440,P0060,1,139.76,0.15
OI00014848,O0008443,P0052,1,39.67,0.0
OI00014860,O0008451,P0093,1,84.43,0.0
OI00014861,O0008452,P0024,1,506.95,0.1
OI00014866,O0008455,P0142,1,12.41,0.1
OI00014883,O0008466,P0057,1,133.7,0.0
OI00014884,O0008466,P0010,1,875.42,0.0
OI00014922,O0008485,P0078,1,135.27,0.0
OI00014923,O0008485,P0109,1,166.89,0.25
OI00014924,O0008485,P0158,1,68.14,0.0
OI00014929,O0008490,P0065,1,319.03,0.0
OI00014950,O0008500,P0101,2,128.56,0.2
OI00015001,O0008533,P0030,3,850.01,0.15
OI00015002,O0008533,P0119,1,33.01,0.0
OI00015003,O0008533,P0060,1,134.85,0.0
OI00015004,O0008534,P0176,1,136.63,0.15
OI00015005,O0008534,P0074,2,263.35,0.0
OI00015036,O0008551,P0034,1,551.25,0.0
OI00015041,O0008555,P0072,1,174.36,0.2
OI00015042,O0008555,P0087,1,486.36,0.1
OI00015050,O0008561,P0103,1,83.17,0.2
OI00015051,O0008561,P0122,2,389.33,0.1
OI00015067,O0008569,P0073,1,97.02,0.0
OI00015086,O0008581,P0072,1,169.97,0.1
OI00015095,O0008587,P0067,1,282.74,0.0
OI00015096,O0008587,P0076,1,122.12,0.0
OI00015102,O0008590,P0044,1,121.91,0.0
OI00015139,O0008612,P0089,1,340.72,0.0
OI00015146,O0008617,P0058,1,148.09,0.05
OI00015147,O0008617,P0004,1,988.39,0.0
OI00015156,O0008622,P0165,2,40.38,0.0
OI00015157,O0008622,P0043,1,288.42,0.25
OI00015158,O0008622,P0162,1,18.66,0.1
OI00015162,O0008626,P0144,1,14.1,0.0
OI00015164,O0008628,P0139,1,24.02,0.0
OI00015165,O0008628,P0155,1,49.04,0.1
OI00015166,O0008628,P0034,1,544.23,0.0
OI00015173,O0008633,P0045,2,400.43,0.0
OI00015175,O0008635,P0173,1,46.41,0.05
OI00015231,O0008668,P0036,1,717.59,0.0
OI00015232,O0008668,P0180,1,52.24,0.0
OI00015233,O0008669,P0140,1,15.83,0.0
OI00015235,O0008671,P0139,1,24.11,0.25
OI00015236,O0008671,P0166,1,33.33,0.0
OI00015237,O0008672,P0118,2,132.46,0.1
OI00015238,O0008672,P0038,1,480.5,0.1
OI00015239,O0008673,P0090,2,198.02,0.0
OI00015240,O0008673,P0101,1,125.96,0.0
OI00015296,O0008708,P0109,1,167.87,0.1
OI00015318,O0008721,P0023,1,988.05,0.0
OI00015319,O0008721,P0166,1,32.91,0.05
OI00015320,O0008721,P0153,1,43.66,0.0
OI00015321,O0008721,P0068,3,141.56,0.0
OI00015353,O0008736,P0006,1,2149.3,0.1
OI00015377,O0008751,P0159,2,180.63,0.1
OI00015378,O0008751,P0167,1,128.03,0.0
OI00015379,O0008751,P0058,1,147.24,0.05
OI00015389,O0008755,P0122,2,388.29,0.0
OI00015390,O0008755,P0165,1,40.37,0.0
OI00015391,O0008756,P0039,1,520.89,0.05
OI00015398,O0008760,P0157,1,123.98,0.0
OI00015404,O0008763,P0134,1,131.97,0.2
OI00015405,O0008763,P0057,1,131.93,0.05
OI00015406,O0008763,P0085,1,474.1,0.0
OI00015412,O0008766,P0173,1,45.01,0.0
OI00015413,O0008766,P0113,1,98.01,0.0
OI00015426,O0008773,P0073,2,93.04,0.0
OI00015444,O0008783,P0044,1,119.57,0.0
OI00015445,O0008783,P0003,2,1233.61,0.05
OI00015466,O0008795,P0077,1,414.59,0.0
OI00015467,O0008795,P0042,1,116.77,0.1
OI00015478,O0008804,P0172,1,22.16,0.0
OI00015485,O0008809,P0036,1,718.55,0.15
OI00015486,O0008809,P0045,1,427.09,0.0
OI00015488,O0008811,P0165,1,41.19,0.0
OI00015489,O0008811,P0155,1,50.75,0.05
OI00015490,O0008811,P0026,1,1119.65,0.0
OI00015520,O0008829,P0151,1,19.62,0.0
OI00015543,O0008843,P0158,1,66.39,0.0
OI00015544,O0008843,P0061,1,385.91,0.05
OI00015545,O0008844,P0179,1,83.02,0.1
OI00015546,O0008844,P0055,1,329.59,0.0
OI00015547,O0008844,P0127,1,152.81,0.0
OI00015551,O0008847,P0077,1,415.82,0.0
OI00015552,O0008847,P0057,1,131.13,0.0
OI00015553,O0008847,P0173,1,45.75,0.0
OI00015554,O0008848,P0031,1,1337.5,0.0
OI00015555,O0008848,P0042,1,120.32,0.1
OI00015558,O0008851,P0046,1,329.14,0.1
OI00015559,O0008851,P0060,1,137.88,0.0
OI00015560,O0008852,P0113,1,100.24,0.05
OI00015567,O0008857,P0069,1,95.09,0.0
OI00015568,O0008857,P0119,1,33.22,0.0
OI00015585,O0008868,P0029,1,532.57,0.1
OI00015586,O0008868,P0072,1,169.59,0.0
OI00015587,O0008868,P0135,1,187.19,0.2
OI00015596,O0008874,P0096,1,85.94,0.05
OI00015607,O0008880,P0118,1,126.71,0.0
OI00015611,O0008884,P0054,2,57.66,0.0
OI00015612,O0008884,P0177,1,22.34,0.0
OI00015616,O0008886,P0104,1,29.52,0.25
OI00015617,O0008886,P0162,2,19.54,0.0
OI00015618,O0008887,P0087,1,492.95,0.0
OI00015619,O0008887,P0032,1,883.57,0.0
OI00015635,O0008896,P0022,1,845.21,0.0
OI00015636,O0008896,P0114,2,29.86,0.0
OI00015637,O0008897,P0136,1,84.79,0.0
OI00015644,O0008903,P0164,1,40.38,0.0
OI00015667,O0008917,P0142,1,12.71,0.0
OI00015670,O0008920,P0168,1,60.77,0.0
OI00015671,O0008921,P0160,2,24.16,0.0
OI00015672,O0008921,P0093,1,86.21,0.0
OI00015673,O0008921,P0061,1,379.76,0.0
OI00015674,O0008921,P0151,1,19.22,0.1
OI00015679,O0008924,P0044,1,121.29,0.0
OI00015680,O0008924,P0166,3,33.55,0.0
OI00015681,O0008924,P0074,1,261.55,0.0
OI00015682,O0008925,P0105,1,131.67,0.1
OI00015683,O0008925,P0030,1,849.88,0.0
OI00015688,O0008927,P0114,1,28.45,0.0
OI00015689,O0008927,P0045,1,407.22,0.0
OI00015690,O0008927,P0022,1,878.73,0.0
OI00015701,O0008933,P0155,1,48.96,0.0
OI00015702,O0008933,P0135,2,186.12,0.0
OI00015703,O0008933,P0150,1,11.88,0.0
OI00015704,O0008934,P0171,1,37.9,0.0
OI00015705,O0008934,P0050,2,95.32,0.0
OI00015714,O0008939,P0098,1,316.1,0.0
OI00015717,O0008941,P0123,1,48.86,0.05
OI00015718,O0008941,P0064,1,125.54,0.0
OI00015733,O0008951,P0132,1,29.81,0.05
OI00015734,O0008952,P0055,1,328.53,0.0
OI00015735,O0008952,P0120,1,321.73,0.0
OI00015747,O0008958,P0053,2,355.73,0.1
OI00015789,O0008978,P0134,1,131.25,0.0
OI00015792,O0008980,P0164,1,39.71,0.0
OI00015793,O0008980,P0151,1,19.21,0.0
OI00015795,O0008982,P0089,1,348.63,0.0
OI00015796,O0008982,P0172,1,22.65,0.0
OI00015797,O0008982,P0029,1,522.22,0.0
OI00015804,O0008986,P0148,1,14.88,0.0
OI00015807,O0008989,P0073,1,98.84,0.0
OI00015808,O0008989,P0139,2,25.22,0.0
OI00015815,O0008995,P0062,1,56.25,0.0
OI00015833,O0009004,P0168,1,63.08,0.0
OI00015834,O0009004,P0007,1,2048.71,0.0
OI00015849,O0009011,P0029,1,540.86,0.0
OI00015850,O0009011,P0166,1,32.75,0.15
OI00015851,O0009011,P0008,1,1134.49,0.0
OI00015875,O0009024,P0054,1,57.59,0.0
OI00015876,O0009024,P0098,1,318.19,0.1
OI00015881,O0009027,P0060,1,133.73,0.0
OI00015935,O0009055,P0077,1,420.72,0.15
OI00015944,O0009060,P0017,2,1609.56,0.05
OI00015979,O0009081,P0152,1,15.27,0.1
OI00015980,O0009082,P0035,1,1062.26,0.1
OI00015981,O0009082,P0168,1,60.81,0.0
OI00015983,O0009084,P0116,1,69.01,0.0
OI00015984,O0009084,P0111,1,286.18,0.2
OI00015985,O0009084,P0115,1,67.87,0.0
OI00015986,O0009084,P0109,1,171.94,0.1
OI00016010,O0009098,P0159,1,182.51,0.1
OI00016011,O0009098,P0086,1,49.22,0.0
OI00016025,O0009106,P0103,2,83.57,0.0
OI00016026,O0009106,P0085,1,495.13,0.15
OI00016042,O0009115,P0141,1,23.48,0.0
OI00016087,O0009138,P0042,1,114.88,0.0
OI00016088,O0009138,P0046,1,337.81,0.15
OI00016089,O0009138,P0066,1,278.9,0.25
OI00016130,O0009162,P0073,1,97.55,0.0
OI00016132,O0009164,P0068,1,145.93,0.0
OI00016147,O0009173,P0168,1,61.74,0.05
OI00016148,O0009173,P0023,1,1018.63,0.0
OI00016149,O0009173,P0010,1,871.78,0.0
OI00016166,O0009184,P0025,2,438.97,0.0
OI00016167,O0009184,P0099,1,230.3,0.1
OI00016168,O0009184,P0080,1,233.04,0.1
OI00016175,O0009190,P0004,1,1003.0,0.0
OI00016176,O0009190,P0146,1,52.22,0.0
OI00016184,O0009196,P0127,1,163.2,0.0
OI00016185,O0009196,P0085,1,501.48,0.0
OI00016196,O0009202,P0078,1,136.15,0.0
OI00016197,O0009202,P0042,1,120.84,0.0
OI00016198,O0009203,P0092,2,201.4,0.0
OI00016209,O0009210,P0109,1,165.5,0.0
OI00016210,O0009210,P0138,1,34.64,0.0
OI00016211,O0009210,P0036,1,706.88,0.0
OI00016222,O0009217,P0175,1,12.23,0.0
OI00016225,O0009219,P0159,2,177.7,0.0
OI00016226,O0009219,P0134,2,132.97,0.0
OI00016227,O0009219,P0125,1,297.44,0.0
OI00016231,O0009223,P0088,1,303.36,0.0
OI00016236,O0009227,P0150,1,11.35,0.2
OI00016237,O0009227,P0031,2,1342.11,0.0
OI00016238,O0009227,P0071,1,115.96,0.0
OI00016255,O0009234,P0111,1,290.02,0.0
OI00016273,O0009246,P0055,2,337.73,0.0
OI00016274,O0009246,P0046,1,332.85,0.0
OI00016283,O0009251,P0149,1,18.36,0.1
OI00016284,O0009252,P0123,1,50.12,0.15
OI00016285,O0009252,P0163,1,18.21,0.0
OI00016286,O0009252,P0142,2,12.37,0.0
OI00016292,O0009257,P0176,1,140.37,0.1
OI00016293,O0009257,P0132,1,29.1,0.15
OI00016294,O0009257,P0020,1,547.37,0.0
OI00016296,O0009259,P0103,1,86.53,0.05
OI00016305,O0009264,P0028,1,1201.53,0.15
OI00016306,O0009264,P0128,1,71.46,0.0
OI00016316,O0009270,P0073,1,97.76,0.0
OI00016317,O0009270,P0175,1,12.0,0.0
OI00016318,O0009270,P0050,1,91.9,0.0
OI00016351,O0009292,P0153,1,43.91,0.15
OI00016353,O0009294,P0017,2,1651.55,0.0
OI00016354,O0009294,P0101,1,128.46,0.0
OI00016355,O0009294,P0066,1,268.34,0.0
OI00016359,O0009297,P0161,1,64.56,0.1
OI00016377,O0009306,P0011,1,1089.12,0.1
OI00016413,O0009325,P0110,1,75.95,0.1
OI00016432,O0009336,P0134,1,129.07,0.0
OI00016433,O0009336,P0094,1,74.07,0.0
OI00016434,O0009336,P0079,1,174.84,0.0
OI00016437,O0009338,P0035,1,1051.38,0.0
OI00016438,O0009339,P0151,1,19.46,0.0
OI00016456,O0009349,P0019,1,395.35,0.1
OI00016457,O0009349,P0160,2,24.77,0.0
OI00016463,O0009352,P0123,1,49.41,0.0
OI00016464,O0009352,P0085,1,512.32,0.0
OI00016465,O0009352,P0038,1,476.68,0.0
OI00016472,O0009356,P0164,2,39.51,0.05
OI00016473,O0009356,P0002,1,954.32,0.0
OI00016477,O0009359,P0065,1,319.91,0.0
OI00016478,O0009359,P0042,1,116.91,0.0
OI00016483,O0009363,P0068,1,142.32,0.0
OI00016484,O0009363,P0005,2,1340.04,0.0
OI00016487,O0009365,P0091,1,171.21,0.0
OI00016509,O0009375,P0102,1,52.93,0.05
OI00016540,O0009390,P0137,1,26.07,0.0
OI00016541,O0009390,P0001,1,1677.15,0.05
OI00016550,O0009394,P0119,1,32.0,0.0
OI00016557,O0009400,P0096,2,87.83,0.15
OI00016558,O0009400,P0010,1,898.13,0.05
OI00016559,O0009400,P0165,2,41.29,0.2
OI00016560,O0009400,P0044,1,120.22,0.0
OI00016567,O0009403,P0154,2,56.3,0.0
OI00016568,O0009403,P0025,1,423.06,0.0
OI00016569,O0009404,P0169,1,181.16,0.0
OI00016570,O0009404,P0168,1,60.52,0.0
OI00016605,O0009422,P0061,1,381.03,0.0
OI00016617,O0009431,P0119,1,32.48,0.0
OI00016621,O0009433,P0074,1,262.37,0.05
OI00016624,O0009436,P0088,1,290.86,0.2
OI00016625,O0009436,P0141,1,23.8,0.1
OI00016634,O0009442,P0121,1,147.5,0.0
OI00016635,O0009442,P0079,1,170.39,0.1
OI00016636,O0009442,P0051,1,55.53,0.15
OI00016641,O0009445,P0022,1,887.54,0.0
OI00016642,O0009446,P0173,1,44.95,0.05
OI00016650,O0009450,P0126,1,179.43,0.05
OI00016651,O0009450,P0101,1,128.58,0.0
OI00016670,O0009460,P0042,1,114.41,0.0
OI00016684,O0009468,P0082,1,377.99,0.0
OI00016696,O0009474,P0159,1,184.49,0.05
OI00016707,O0009482,P0031,1,1356.1,0.0
OI00016711,O0009484,P0147,3,78.27,0.1
OI00016728,O0009495,P0163,1,18.15,0.0
OI00016742,O0009502,P0093,2,83.68,0.0
OI00016751,O0009506,P0088,1,297.8,0.0
OI00016775,O0009518,P0092,1,195.29,0.05
OI00016776,O0009518,P0149,1,18.3,0.0
OI00016777,O0009518,P0076,2,123.77,0.15
OI00016778,O0009518,P0130,1,29.19,0.0
OI00016779,O0009519,P0009,1,1250.43,0.0
OI00016792,O0009528,P0114,2,28.77,0.0
OI00016793,O0009528,P0165,1,41.7,0.15
OI00016794,O0009528,P0006,1,2190.91,0.05
OI00016801,O0009532,P0140,1,15.88,0.05
OI00016807,O0009536,P0057,1,132.56,0.0
OI00016808,O0009536,P0178,1,11.17,0.0
OI00016809,O0009537,P0099,1,231.68,0.0
OI00016810,O0009537,P0175,1,12.46,0.0
OI00016820,O0009544,P0073,1,97.29,0.0
OI00016840,O0009556,P0101,2,123.59,0.0
OI00016844,O0009560,P0042,1,120.37,0.0
OI00016845,O0009560,P0048,2,55.57,0.15
OI00016846,O0009560,P0125,1,302.55,0.0
OI00016853,O0009565,P0159,1,176.62,0.0
OI00016856,O0009568,P0141,1,24.3,0.1
OI00016857,O0009568,P0099,1,234.55,0.1
OI00016858,O0009568,P0124,1,64.12,0.0
OI00016885,O0009583,P0137,2,26.39,0.0
OI00016886,O0009583,P0120,1,339.11,0.0
OI00016898,O0009590,P0056,1,132.21,0.0
OI00016899,O0009590,P0145,1,163.37,0.25
OI00016919,O0009605,P0108,1,40.84,0.0
OI00016920,O0009605,P0090,1,201.59,0.0
OI00016927,O0009610,P0155,1,50.43,0.0
OI00016942,O0009619,P0132,1,28.98,0.05
OI00016949,O0009623,P0069,1,96.56,0.0
OI00016965,O0009633,P0053,1,354.03,0.0
OI00016977,O0009640,P0111,1,296.49,0.0
OI00016999,O0009651,P0114,1,29.49,0.0
OI00017000,O0009651,P0085,1,490.37,0.0
OI00017013,O0009660,P0042,1,116.66,0.0
OI00017014,O0009660,P0177,2,22.84,0.05
OI00017015,O0009660,P0107,1,154.5,0.0
OI00017024,O0009667,P0102,1,52.29,0.0
OI00017025,O0009667,P0164,2,40.63,0.0
OI00017034,O0009672,P0058,1,148.46,0.2
OI00017035,O0009672,P0051,1,56.12,0.0
OI00017076,O0009695,P0132,1,28.45,0.0
OI00017106,O0009710,P0089,2,351.22,0.05
OI00017116,O0009716,P0012,1,1448.15,0.05
OI00017124,O0009720,P0116,1,68.7,0.1
OI00017132,O0009726,P0170,1,9.45,0.0
OI00017133,O0009726,P0149,1,18.1,0.15
OI00017138,O0009730,P0168,1,61.75,0.15
OI00017153,O0009739,P0086,1,48.91,0.25
OI00017158,O0009742,P0108,1,42.14,0.1
OI00017159,O0009742,P0106,1,131.5,0.0
OI00017160,O0009742,P0070,1,55.22,0.1
OI00017188,O0009755,P0164,1,39.2,0.1
OI00017194,O0009758,P0038,1,460.26,0.0
OI00017212,O0009769,P0092,1,184.56,0.0
OI00017213,O0009770,P0092,1,199.46,0.1
OI00017214,O0009770,P0014,1,850.36,0.0
OI00017244,O0009789,P0022,1,885.77,0.0
OI00017278,O0009810,P0114,1,30.05,0.0
OI00017279,O0009810,P0156,1,84.36,0.0
OI00017306,O0009824,P0022,1,873.67,0.1
OI00017307,O0009824,P0132,1,28.76,0.0
OI00017317,O0009830,P0159,1,180.02,0.0
OI00017318,O0009831,P0176,1,141.19,0.0
OI00017319,O0009831,P0062,1,57.2,0.0
OI00017320,O0009831,P0112,1,40.26,0.0
OI00017321,O0009831,P0044,1,121.42,0.0
OI00017336,O0009839,P0152,1,15.58,0.0
OI00017338,O0009841,P0163,1,17.44,0.0
OI00017339,O0009841,P0149,1,17.78,0.0
OI00017340,O0009841,P0074,1,267.36,0.05
OI00017353,O0009849,P0133,1,9.95,0.0
OI00017354,O0009849,P0156,2,87.11,0.0
OI00017355,O0009849,P0023,1,974.53,0.0
OI00017375,O0009862,P0096,1,83.91,0.1
OI00017376,O0009862,P0174,1,18.87,0.0
OI00017383,O0009866,P0066,1,276.11,0.1
OI00017384,O0009866,P0044,1,120.54,0.0
OI00017385,O0009866,P0034,1,539.76,0.0
OI00017386,O0009866,P0158,1,66.67,0.0
OI00017392,O0009870,P0011,3,1047.45,0.0
OI00017398,O0009873,P0150,1,11.63,0.05
OI00017423,O0009887,P0026,1,1163.5,0.0
OI00017424,O0009887,P0133,1,10.0,0.1
OI00017425,O0009887,P0078,1,132.11,0.0
OI00017426,O0009888,P0046,2,328.84,0.0
OI00017427,O0009888,P0132,1,29.04,0.0
OI00017428,O0009889,P0073,1,97.03,0.0
OI00017453,O0009904,P0080,1,235.95,0.0
OI00017454,O0009904,P0107,1,153.95,0.0
OI00017455,O0009904,P0162,1,19.0,0.0
OI00017456,O0009905,P0180,1,51.97,0.1
OI00017457,O0009905,P0170,1,9.56,0.0
OI00017501,O0009932,P0129,1,298.75,0.0
OI00017503,O0009934,P0086,2,49.67,0.0
OI00017504,O0009934,P0080,1,243.58,0.0
OI00017511,O0009939,P0109,1,170.53,0.0
OI00017536,O0009953,P0038,1,485.37,0.0
OI00017537,O0009953,P0019,1,391.9,0.0
OI00017538,O0009953,P0063,1,61.13,0.0
OI00017539,O0009953,P0021,1,638.17,0.0
OI00017549,O0009960,P0140,1,15.67,0.0
OI00017550,O0009961,P0174,1,17.87,0.0
OI00017551,O0009961,P0057,1,132.84,0.05
OI00017569,O0009971,P0121,1,143.96,0.0
OI00017570,O0009971,P0158,1,67.42,0.0
OI00017571,O0009972,P0130,1,29.55,0.0
OI00017572,O0009972,P0076,1,122.81,0.0
OI00017597,O0009988,P0151,1,19.37,0.25
OI00017598,O0009988,P0110,1,78.26,0.0
OI00017599,O0009988,P0112,1,39.89,0.05
OI00017600,O0009988,P0069,3,97.73,0.0
OI00017613,O0009998,P0057,1,132.56,0.0
OI00017638,O0010010,P0144,1,14.02,0.0
OI00017639,O0010010,P0120,1,334.23,0.0
OI00017649,O0010015,P0055,1,322.86,0.0
OI00017650,O0010016,P0066,1,272.16,0.0
OI00017666,O0010027,P0086,1,50.85,0.0
OI00017685,O0010040,P0059,1,49.19,0.05
OI00017699,O0010049,P0002,1,939.86,0.0
OI00017701,O0010051,P0090,1,202.06,0.0
OI00017705,O0010053,P0033,1,1346.52,0.0
OI00017706,O0010053,P0133,1,9.72,0.0
OI00017736,O0010069,P0162,1,19.25,0.05
OI00017739,O0010071,P0166,1,34.41,0.0
OI00017740,O0010071,P0016,2,929.43,0.0
OI00017751,O0010079,P0072,1,171.83,0.0
OI00017776,O0010093,P0117,1,30.82,0.0
OI00017777,O0010094,P0125,1,287.32,0.0
OI00017781,O0010097,P0013,1,1052.51,0.0
OI00017782,O0010097,P0015,1,1433.97,0.0
OI00017783,O0010097,P0123,1,48.72,0.0
OI00017784,O0010097,P0144,1,13.43,0.0
OI00017790,O0010102,P0026,1,1126.65,0.0
OI00017812,O0010118,P0144,1,13.64,0.1
OI00017826,O0010126,P0089,1,345.73,0.15
OI00017827,O0010126,P0088,1,301.55,0.0
OI00017849,O0010137,P0051,1,56.1,0.0
OI00017850,O0010138,P0146,1,54.03,0.05
OI00017867,O0010146,P0079,1,174.43,0.0
OI00017876,O0010152,P0032,1,901.05,0.0
OI00017883,O0010155,P0063,1,62.1,0.0
OI00017898,O0010163,P0077,1,414.43,0.2
OI00017899,O0010163,P0086,1,50.08,0.0
OI00017909,O0010168,P0021,1,654.77,0.0
OI00017912,O0010170,P0131,1,50.13,0.0
OI00017913,O0010170,P0109,1,173.34,0.0
OI00018044,O0010236,P0122,1,380.1,0.0
OI00018045,O0010236,P0164,2,39.52,0.0
OI00018048,O0010238,P0161,1,63.32,0.0
OI00018077,O0010253,P0093,1,84.39,0.0
OI00018107,O0010267,P0053,1,353.14,0.0
OI00018113,O0010272,P0142,1,12.62,0.05
OI00018114,O0010272,P0083,1,714.59,0.0
OI00018115,O0010272,P0128,1,68.86,0.0
OI00018130,O0010281,P0130,1,30.23,0.05
OI00018142,O0010289,P0064,1,130.32,0.15
OI00018145,O0010291,P0043,1,284.28,0.0
OI00018169,O0010305,P0015,1,1432.0,0.0
OI00018187,O0010315,P0178,1,11.0,0.05
OI00018196,O0010320,P0011,1,1077.75,0.0
OI00018212,O0010329,P0105,1,132.01,0.0
OI00018213,O0010329,P0036,2,698.54,0.0
OI00018214,O0010329,P0158,2,65.25,0.0
OI00018235,O0010337,P0077,1,416.61,0.0
OI00018236,O0010337,P0153,1,43.62,0.0
OI00018242,O0010341,P0004,1,982.65,0.0
OI00018250,O0010348,P0128,1,72.01,0.0
OI00018251,O0010348,P0180,1,51.97,0.0
OI00018252,O0010348,P0127,1,161.54,0.0
OI00018286,O0010367,P0019,1,401.1,0.15
OI00018296,O0010373,P0074,2,258.09,0.0
OI00018297,O0010373,P0157,1,124.83,0.1
OI00018298,O0010373,P0096,1,87.27,0.0
OI00018299,O0010374,P0009,1,1276.02,0.2
OI00018305,O0010377,P0134,1,126.65,0.0
OI00018306,O0010377,P0011,1,1054.53,0.0
OI00018326,O0010387,P0156,1,88.85,0.05
OI00018327,O0010387,P0127,1,162.79,0.0
OI00018343,O0010396,P0060,1,135.55,0.1
OI00018352,O0010401,P0177,2,23.18,0.05
OI00018365,O0010411,P0082,1,382.81,0.0
OI00018367,O0010413,P0084,1,636.56,0.05
OI00018380,O0010422,P0114,1,28.87,0.0
OI00018383,O0010425,P0008,1,1216.05,0.1
OI00018384,O0010425,P0180,1,52.67,0.0
OI00018385,O0010425,P0053,1,346.7,0.0
OI00018388,O0010427,P0170,1,9.42,0.0
OI00018389,O0010428,P0111,1,290.74,0.1
OI00018396,O0010433,P0025,1,426.99,0.0
OI00018409,O0010442,P0044,1,124.14,0.0
OI00018466,O0010472,P0130,1,30.28,0.1
OI00018467,O0010472,P0051,1,57.05,0.05
OI00018468,O0010472,P0099,1,236.16,0.0
OI00018470,O0010474,P0046,1,333.46,0.0
OI00018471,O0010474,P0158,1,67.72,0.0
OI00018496,O0010489,P0153,1,44.27,0.0
OI00018497,O0010489,P0044,1,126.4,0.0
OI00018498,O0010489,P0125,1,294.18,0.2
OI00018501,O0010492,P0140,1,15.44,0.05
OI00018502,O0010493,P0069,1,97.46,0.0
OI00018506,O0010496,P0027,1,894.63,0.0
OI00018521,O0010506,P0039,1,520.83,0.0
OI00018522,O0010506,P0137,1,25.96,0.0
OI00018536,O0010516,P0083,1,732.79,0.0
OI00018537,O0010516,P0145,1,166.53,0.0
OI00018546,O0010521,P0030,1,891.05,0.0
OI00018564,O0010530,P0167,1,128.73,0.2
OI00018566,O0010532,P0030,1,870.65,0.0
OI00018575,O0010538,P0053,1,359.61,0.05
OI00018576,O0010538,P0152,1,14.7,0.05
OI00018577,O0010538,P0095,1,279.98,0.15
OI00018578,O0010538,P0036,1,711.69,0.05
OI00018583,O0010542,P0021,1,652.75,0.05
OI00018584,O0010542,P0027,1,905.17,0.0
OI00018589,O0010544,P0016,1,910.05,0.0
OI00018590,O0010544,P0069,1,99.81,0.1
OI00018591,O0010545,P0106,1,129.9,0.25
OI00018592,O0010545,P0098,1,317.63,0.0
OI00018598,O0010549,P0153,1,43.66,0.0
OI00018599,O0010549,P0177,1,22.68,0.05
OI00018600,O0010550,P0110,2,74.45,0.1
OI00018601,O0010550,P0078,3,137.25,0.15
OI00018606,O0010553,P0044,1,120.35,0.1
OI00018607,O0010554,P0090,1,203.15,0.0
OI00018608,O0010554,P0170,1,9.39,0.0
OI00018609,O0010554,P0153,1,43.15,0.1
OI00018610,O0010554,P0029,1,523.3,0.0
OI00018619,O0010561,P0176,1,136.59,0.1
OI00018620,O0010561,P0040,1,1010.85,0.0
OI00018631,O0010567,P0085,1,491.97,0.0
OI00018632,O0010567,P0098,2,328.88,0.0
OI00018633,O0010567,P0143,1,111.48,0.0
OI00018634,O0010567,P0065,1,317.21,0.05
OI00018640,O0010573,P0158,1,67.86,0.0
OI00018651,O0010577,P0107,1,153.72,0.0
OI00018664,O0010584,P0097,1,136.45,0.0
OI00018689,O0010599,P0014,1,829.65,0.0
OI00018690,O0010599,P0050,2,92.39,0.0
OI00018705,O0010610,P0137,2,25.15,0.0
OI00018706,O0010610,P0047,1,139.36,0.0
OI00018707,O0010610,P0021,1,660.04,0.0
OI00018708,O0010611,P0016,1,927.89,0.05
OI00018709,O0010611,P0020,1,534.99,0.0
OI00018710,O0010611,P0073,2,98.48,0.1
OI00018731,O0010623,P0111,2,284.7,0.1
OI00018732,O0010623,P0067,1,279.05,0.0
OI00018736,O0010625,P0084,1,631.49,0.0
OI00018752,O0010635,P0151,3,19.62,0.0
OI00018755,O0010638,P0066,1,264.63,0.0
OI00018763,O0010642,P0060,1,135.4,0.1
OI00018788,O0010655,P0092,2,196.21,0.0
OI00018801,O0010664,P0024,3,508.21,0.0
OI00018802,O0010664,P0095,1,289.2,0.0
OI00018803,O0010664,P0145,2,162.06,0.0
OI00018804,O0010665,P0153,1,43.24,0.0
OI00018805,O0010665,P0073,1,94.96,0.1
OI00018806,O0010665,P0121,2,144.77,0.15
OI00018832,O0010678,P0132,2,29.53,0.0
OI00018833,O0010679,P0108,1,41.68,0.0
OI00018852,O0010693,P0071,1,113.86,0.1
OI00018853,O0010693,P0132,1,28.65,0.0
OI00018854,O0010693,P0111,1,288.71,0.0
OI00018855,O0010693,P0058,2,148.21,0.0
OI00018871,O0010703,P0096,1,89.31,0.0
OI00018872,O0010703,P0155,1,50.43,0.15
OI00018873,O0010703,P0137,1,25.27,0.05
OI00018877,O0010705,P0031,2,1313.29,0.1
OI00018893,O0010714,P0016,3,955.88,0.1
OI00018903,O0010720,P0081,1,407.97,0.0
OI00018908,O0010723,P0095,1,290.01,0.15
OI00018909,O0010724,P0048,1,54.33,0.05
OI00018910,O0010724,P0118,2,130.41,0.0
OI00018911,O0010724,P0168,1,62.38,0.0
OI00018947,O0010747,P0064,1,127.98,0.0
OI00018964,O0010757,P0109,2,170.68,0.1
OI00018965,O0010757,P0056,1,129.74,0.0
OI00018966,O0010757,P0017,1,1668.75,0.0
OI00018987,O0010768,P0058,1,149.48,0.0
OI00018988,O0010768,P0080,1,238.11,0.0
OI00019006,O0010778,P0035,2,1079.7,0.0
OI00019007,O0010778,P0092,1,193.97,0.0
OI00019008,O0010779,P0173,2,43.04,0.2
OI00019020,O0010786,P0087,1,499.93,0.15
OI00019021,O0010786,P0179,1,80.92,0.0
OI00019022,O0010786,P0111,1,291.17,0.0
OI00019023,O0010786,P0081,1,403.92,0.05
OI00019060,O0010804,P0111,2,286.13,0.0
OI00019061,O0010804,P0121,1,143.12,0.0
OI00019062,O0010804,P0041,1,235.14,0.0
OI00019072,O0010810,P0174,1,18.7,0.1
OI00019093,O0010826,P0014,1,820.84,0.15
OI00019104,O0010832,P0116,1,70.34,0.0
OI00019105,O0010833,P0158,1,67.03,0.0
OI00019106,O0010833,P0156,1,87.8,0.0
OI00019107,O0010833,P0118,1,130.46,0.0
OI00019109,O0010835,P0055,1,331.54,0.0
OI00019130,O0010849,P0001,2,1724.98,0.0
OI00019133,O0010851,P0029,1,529.85,0.0
OI00019134,O0010851,P0073,1,98.53,0.0
OI00019156,O0010864,P0097,1,142.1,0.0
OI00019161,O0010868,P0031,1,1331.67,0.0
OI00019182,O0010877,P0137,2,26.3,0.0
OI00019185,O0010879,P0151,1,19.75,0.0
OI00019189,O0010881,P0167,3,127.97,0.0
OI00019190,O0010881,P0137,1,26.28,0.1
OI00019191,O0010882,P0102,1,52.23,0.0
OI00019193,O0010884,P0114,1,28.99,0.05
OI00019227,O0010901,P0025,1,427.89,0.0
OI00019236,O0010909,P0053,1,356.89,0.0
OI00019237,O0010909,P0137,1,25.77,0.05
OI00019252,O0010919,P0020,1,545.31,0.2
OI00019253,O0010919,P0042,1,119.19,0.0
OI00019260,O0010923,P0046,1,325.27,0.0
OI00019261,O0010923,P0053,1,362.02,0.1
OI00019264,O0010925,P0165,1,41.14,0.0
OI00019265,O0010925,P0006,1,2233.94,0.1
OI00019295,O0010943,P0116,1,70.92,0.1
OI00019304,O0010949,P0058,1,152.14,0.0
OI00019305,O0010949,P0057,1,139.26,0.05
OI00019306,O0010949,P0096,2,84.3,0.05
OI00019309,O0010952,P0130,2,30.98,0.2
OI00019312,O0010955,P0156,1,90.61,0.1
OI00019317,O0010959,P0083,1,725.97,0.0
OI00019318,O0010959,P0162,1,19.24,0.1
OI00019322,O0010962,P0156,1,89.4,0.0
OI00019328,O0010966,P0040,1,987.2,0.0
OI00019344,O0010977,P0032,1,895.34,0.0
OI00019345,O0010977,P0126,1,187.17,0.0
OI00019382,O0010995,P0044,1,128.14,0.0
OI00019383,O0010995,P0127,1,168.11,0.0
OI00019396,O0011002,P0119,1,32.38,0.0
OI00019397,O0011002,P0152,1,15.3,0.15
OI00019423,O0011016,P0016,1,927.4,0.15
OI00019438,O0011029,P0106,1,131.19,0.0
OI00019439,O0011029,P0082,1,373.74,0.15
OI00019441,O0011031,P0070,1,54.02,0.15
OI00019442,O0011032,P0035,1,1060.21,0.0
OI00019443,O0011032,P0045,1,415.27,0.0
OI00019444,O0011032,P0014,1,850.69,0.0
OI00019445,O0011033,P0002,2,944.35,0.0
OI00019456,O0011040,P0072,2,167.14,0.15
OI00019457,O0011040,P0110,2,73.34,0.0
OI00019473,O0011050,P0080,1,235.27,0.0
OI00019474,O0011050,P0046,1,331.33,0.15
OI00019475,O0011050,P0123,1,48.85,0.1
OI00019477,O0011052,P0115,1,70.48,0.0
OI00019481,O0011054,P0013,1,1038.1,0.0
OI00019491,O0011060,P0022,1,875.17,0.0
OI00019492,O0011060,P0099,1,237.47,0.0
OI00019493,O0011060,P0069,2,97.82,0.2
OI00019508,O0011070,P0130,1,30.13,0.0
OI00019555,O0011098,P0117,1,30.14,0.05
OI00019556,O0011098,P0082,1,379.17,0.0
OI00019571,O0011108,P0126,1,190.54,0.0
OI00019572,O0011108,P0179,1,83.62,0.0
OI00019573,O0011108,P0022,1,861.06,0.05
OI00019574,O0011108,P0140,1,15.28,0.0
OI00019583,O0011113,P0043,1,291.88,0.1
OI00019584,O0011113,P0077,1,426.17,0.0
OI00019589,O0011117,P0180,1,51.49,0.0
OI00019590,O0011117,P0114,1,29.27,0.0
OI00019591,O0011118,P0033,1,1337.43,0.0
OI00019592,O0011118,P0099,1,230.31,0.1
OI00019593,O0011119,P0074,1,261.35,0.15
OI00019594,O0011119,P0044,1,124.39,0.0
OI00019595,O0011119,P0151,1,19.72,0.0
OI00019596,O0011119,P0150,1,11.08,0.0
OI00019617,O0011132,P0160,1,23.74,0.0
OI00019618,O0011132,P0171,1,38.89,0.0
OI00019638,O0011144,P0070,1,53.45,0.05
OI00019669,O0011160,P0077,1,410.91,0.0
OI00019670,O0011160,P0067,1,288.17,0.0
OI00019671,O0011161,P0004,1,1012.83,0.0
OI00019672,O0011161,P0145,1,157.12,0.0
OI00019685,O0011168,P0114,1,29.38,0.0
OI00019686,O0011168,P0125,1,298.76,0.0
OI00019687,O0011169,P0018,1,2023.85,0.1
OI00019690,O0011171,P0087,1,488.14,0.2
OI00019707,O0011180,P0066,1,273.24,0.0
OI00019708,O0011181,P0059,1,48.65,0.0
OI00019709,O0011181,P0136,1,86.7,0.0
OI00019715,O0011184,P0093,1,83.06,0.05
OI00019720,O0011187,P0026,1,1150.14,0.0
OI00019721,O0011187,P0124,3,67.54,0.0
OI00019737,O0011197,P0075,1,55.7,0.0
OI00019738,O0011198,P0062,2,55.34,0.0
OI00019739,O0011198,P0077,1,414.91,0.0
OI00019740,O0011198,P0146,1,53.63,0.0
OI00019747,O0011203,P0119,1,32.88,0.0
OI00019755,O0011208,P0167,1,122.76,0.0
OI00019788,O0011231,P0041,1,233.01,0.0
OI00019802,O0011242,P0145,1,164.7,0.05
OI00019803,O0011242,P0132,1,29.79,0.1
OI00019810,O0011246,P0033,1,1361.33,0.0
OI00019811,O0011246,P0175,1,12.25,0.15
OI00019820,O0011250,P0163,3,17.54,0.05
OI00019829,O0011255,P0129,1,301.05,0.0
OI00019830,O0011256,P0164,1,40.36,0.1
OI00019839,O0011263,P0057,1,133.62,0.05
OI00019844,O0011267,P0039,1,541.33,0.1
OI00019845,O0011267,P0103,2,85.37,0.0
OI00019852,O0011273,P0069,1,96.36,0.15
OI00019853,O0011274,P0133,1,9.86,0.0
OI00019861,O0011281,P0100,1,62.9,0.1
OI00019862,O0011282,P0026,1,1163.15,0.15
OI00019864,O0011284,P0022,1,858.46,0.0
OI00019869,O0011288,P0138,1,34.3,0.0
OI00019870,O0011288,P0071,2,112.2,0.1
OI00019883,O0011297,P0011,1,1117.01,0.0
OI00019887,O0011300,P0088,2,296.5,0.0
OI00019888,O0011300,P0097,1,140.17,0.0
OI00019889,O0011300,P0135,1,178.43,0.0
OI00019890,O0011300,P0022,2,853.02,0.05
OI00019895,O0011304,P0097,1,139.3,0.1
OI00019896,O0011304,P0017,1,1648.28,0.0
OI00019909,O0011312,P0061,2,384.47,0.05
OI00019935,O0011331,P0080,2,238.12,0.0
OI00019959,O0011346,P0019,1,414.47,0.2
OI00019960,O0011346,P0002,1,929.3,0.0
OI00019961,O0011346,P0178,2,10.56,0.0
OI00019990,O0011364,P0003,1,1254.36,0.0
OI00019991,O0011365,P0066,1,268.54,0.0
OI00019992,O0011366,P0098,1,319.06,0.0
OI00019993,O0011366,P0059,2,49.6,0.0
OI00019994,O0011366,P0137,1,25.92,0.05
OI00019995,O0011366,P0061,1,378.36,0.0
OI00020022,O0011384,P0006,1,2197.88,0.0
OI00020023,O0011384,P0094,1,72.52,0.0
OI00020024,O0011384,P0077,1,408.35,0.0
OI00020028,O0011386,P0130,1,29.94,0.0
OI00020044,O0011397,P0070,1,51.91,0.0
OI00020045,O0011397,P0061,2,372.93,0.1
OI00020046,O0011397,P0095,1,278.82,0.0
OI00020073,O0011413,P0046,1,322.29,0.0
OI00020080,O0011418,P0079,1,168.42,0.0
OI00020115,O0011438,P0107,1,152.81,0.0
OI00020128,O0011447,P0007,1,2040.8,0.0
OI00020129,O0011447,P0173,1,44.74,0.0
OI00020156,O0011466,P0144,1,13.72,0.0
OI00020160,O0011469,P0125,1,295.51,0.0
OI00020161,O0011469,P0053,1,368.78,0.0
OI00020162,O0011469,P0180,1,53.47,0.0
OI00020179,O0011478,P0168,1,61.33,0.0
OI00020187,O0011485,P0083,1,734.54,0.0
OI00020198,O0011492,P0175,1,11.83,0.0
OI00020199,O0011492,P0162,2,19.25,0.15
OI00020200,O0011492,P0075,1,53.15,0.0
OI00020201,O0011492,P0027,3,905.5,0.0
OI00020226,O0011506,P0020,1,540.13,0.0
OI00020227,O0011506,P0063,1,58.62,0.0
OI00020228,O0011506,P0140,1,15.83,0.05
OI00020243,O0011516,P0098,3,321.84,0.05
OI00020244,O0011516,P0118,1,125.76,0.0
OI00020276,O0011534,P0135,1,181.15,0.0
OI00020277,O0011534,P0175,1,12.0,0.1
OI00020287,O0011540,P0179,1,80.87,0.1
OI00020304,O0011549,P0109,1,169.86,0.0
OI00020305,O0011549,P0141,1,23.77,0.0
OI00020310,O0011553,P0152,1,15.48,0.0
OI00020315,O0011557,P0167,1,125.33,0.0
OI00020316,O0011557,P0079,1,168.66,0.1
OI00020321,O0011560,P0170,1,9.62,0.1
OI00020368,O0011587,P0010,1,897.81,0.0
OI00020369,O0011587,P0121,1,141.04,0.0
OI00020391,O0011598,P0037,1,523.04,0.0
OI00020422,O0011618,P0164,1,39.83,0.05
OI00020423,O0011619,P0111,1,283.02,0.0
OI00020451,O0011636,P0138,1,34.87,0.0
OI00020452,O0011637,P0108,1,42.45,0.0
OI00020453,O0011637,P0032,1,888.01,0.0
OI00020467,O0011645,P0072,1,172.64,0.0
OI00020503,O0011663,P0149,1,18.22,0.0
OI00020504,O0011663,P0064,1,129.03,0.0
OI00020505,O0011663,P0016,1,927.29,0.0
OI00020508,O0011665,P0045,3,401.55,0.0
OI00020526,O0011674,P0099,1,234.33,0.15
OI00020589,O0011704,P0024,1,499.28,0.0
OI00020605,O0011714,P0112,2,39.11,0.05
OI00020608,O0011717,P0033,1,1374.06,0.0
OI00020609,O0011717,P0140,1,15.71,0.0
OI00020610,O0011717,P0115,1,68.07,0.0
OI00020613,O0011720,P0106,1,131.89,0.0
OI00020672,O0011753,P0063,1,58.39,0.0
OI00020673,O0011753,P0095,1,288.07,0.0
OI00020674,O0011753,P0140,3,15.81,0.0
OI00020675,O0011753,P0104,1,29.46,0.0
OI00020676,O0011754,P0122,1,392.28,0.1
OI00020677,O0011754,P0086,2,50.51,0.0
OI00020678,O0011754,P0174,1,18.81,0.0
OI00020679,O0011754,P0004,1,977.25,0.0
OI00020681,O0011756,P0085,1,494.5,0.1
OI00020682,O0011756,P0051,1,56.77,0.0
OI00020683,O0011756,P0016,1,935.14,0.05
OI00020691,O0011763,P0173,1,44.15,0.0
OI00020692,O0011763,P0117,1,30.02,0.0
OI00020693,O0011763,P0085,1,499.46,0.0
OI00020694,O0011763,P0014,1,839.09,0.0
OI00020704,O0011769,P0129,1,302.58,0.0
OI00020714,O0011776,P0049,1,335.33,0.0
OI00020719,O0011780,P0153,2,42.47,0.0
OI00020732,O0011790,P0074,1,258.34,0.0
OI00020740,O0011795,P0057,1,134.55,0.05
OI00020741,O0011795,P0123,1,49.06,0.0
OI00020742,O0011796,P0167,1,126.13,0.05
OI00020770,O0011810,P0105,1,128.0,0.0
OI00020784,O0011820,P0017,2,1638.71,0.0
OI00020785,O0011820,P0171,1,36.99,0.0
OI00020786,O0011820,P0047,1,137.18,0.0
OI00020787,O0011820,P0070,1,54.95,0.05
OI00020799,O0011825,P0029,1,534.17,0.0
OI00020819,O0011837,P0177,1,22.76,0.05
OI00020835,O0011848,P0141,1,23.66,0.05
OI00020836,O0011849,P0111,1,287.73,0.0
OI00020837,O0011849,P0133,1,10.02,0.05
OI00020838,O0011849,P0108,1,41.45,0.0
OI00020839,O0011849,P0130,1,29.98,0.1
OI00020840,O0011850,P0174,1,18.36,0.0
OI00020862,O0011863,P0019,1,393.21,0.0
OI00020917,O0011893,P0021,1,655.45,0.0
OI00020918,O0011893,P0051,1,54.3,0.1
OI00020919,O0011893,P0124,1,63.97,0.0
OI00020927,O0011898,P0103,1,83.85,0.1
OI00020948,O0011908,P0010,1,881.24,0.0
OI00020949,O0011908,P0118,1,124.17,0.0
OI00020950,O0011908,P0088,1,302.77,0.25
OI00020951,O0011908,P0140,1,15.69,0.0
OI00020956,O0011912,P0031,1,1344.09,0.0
OI00020961,O0011917,P0027,2,925.18,0.2
OI00020972,O0011926,P0077,1,413.44,0.05
OI00020975,O0011929,P0166,1,33.51,0.1
OI00020976,O0011929,P0043,1,285.87,0.0
OI00020993,O0011941,P0120,1,342.76,0.05
OI00020994,O0011941,P0115,1,69.82,0.0
OI00020995,O0011941,P0113,1,102.31,0.0
OI00020996,O0011942,P0024,3,510.26,0.1
OI00020997,O0011942,P0099,1,235.14,0.0
OI00020998,O0011942,P0158,1,68.0,0.1
OI00021001,O0011944,P0152,3,14.42,0.0
OI00021002,O0011944,P0042,1,121.76,0.0
OI00021007,O0011948,P0093,1,84.11,0.0
OI00021022,O0011960,P0100,1,62.31,0.0
OI00021023,O0011960,P0030,1,855.83,0.0
OI00021024,O0011960,P0086,1,49.9,0.0
OI00021027,O0011962,P0022,1,880.11,0.0
OI00021039,O0011968,P0071,1,112.28,0.15
OI00021043,O0011971,P0165,1,39.72,0.0
OI00021044,O0011971,P0097,2,138.15,0.05
OI00021047,O0011973,P0128,1,70.13,0.0
OI00021086,O0011998,P0109,1,172.84,0.0
OI00021087,O0011998,P0026,1,1181.76,0.1
OI00021093,O0012002,P0147,1,77.77,0.0
OI00021098,O0012006,P0114,2,30.1,0.0
OI00021110,O0012014,P0083,2,733.36,0.0
OI00021116,O0012018,P0179,1,81.79,0.0
OI00021117,O0012019,P0016,2,936.33,0.0
OI00021119,O0012021,P0176,1,135.28,0.0
OI00021120,O0012022,P0044,2,122.3,0.1
OI00021121,O0012022,P0064,3,132.01,0.0
OI00021124,O0012024,P0076,1,121.94,0.0
OI00021125,O0012024,P0116,2,69.82,0.0
OI00021126,O0012024,P0147,2,76.01,0.0
OI00021127,O0012025,P0157,1,118.29,0.0
OI00021129,O0012027,P0043,1,281.61,0.2
OI00021130,O0012027,P0019,1,399.06,0.0
OI00021131,O0012027,P0104,1,29.92,0.1
OI00021158,O0012040,P0075,1,55.38,0.0
OI00021163,O0012043,P0164,1,39.22,0.1
OI00021170,O0012047,P0103,1,85.18,0.0
OI00021191,O0012056,P0031,1,1363.35,0.15
OI00021192,O0012056,P0110,2,72.15,0.0
OI00021193,O0012056,P0008,2,1164.66,0.0
OI00021194,O0012056,P0051,1,55.99,0.05
OI00021212,O0012069,P0126,1,186.87,0.0
OI00021235,O0012080,P0077,1,414.01,0.0
OI00021236,O0012081,P0147,1,76.54,0.0
OI00021248,O0012087,P0082,1,372.35,0.0
OI00021249,O0012087,P0167,2,126.51,0.0
OI00021250,O0012087,P0114,1,28.7,0.0
OI00021252,O0012089,P0069,1,98.42,0.15
OI00021253,O0012089,P0059,1,50.97,0.0
OI00021259,O0012093,P0127,1,163.31,0.1
OI00021260,O0012094,P0055,1,340.39,0.0
OI00021270,O0012102,P0101,1,125.93,0.0
OI00021271,O0012102,P0160,1,23.62,0.0
OI00021272,O0012102,P0125,2,291.09,0.25
OI00021273,O0012103,P0033,1,1313.41,0.15
OI00021279,O0012107,P0169,2,187.52,0.0
OI00021288,O0012113,P0157,1,118.65,0.0
OI00021316,O0012132,P0153,3,44.25,0.0
OI00021317,O0012133,P0168,2,62.39,0.1
OI00021323,O0012136,P0068,1,136.28,0.0
OI00021324,O0012136,P0115,1,69.18,0.0
OI00021328,O0012139,P0057,1,130.7,0.1
OI00021353,O0012151,P0148,2,15.37,0.0
OI00021354,O0012152,P0094,1,74.47,0.15
OI00021355,O0012152,P0178,1,11.15,0.0
OI00021364,O0012158,P0070,2,54.73,0.0
OI00021365,O0012158,P0133,1,10.05,0.1
OI00021384,O0012168,P0137,1,26.42,0.0
OI00021385,O0012168,P0103,1,85.77,0.0
OI00021386,O0012169,P0137,1,25.73,0.0
OI00021393,O0012174,P0001,1,1644.84,0.0
OI00021394,O0012174,P0096,1,88.37,0.0
OI00021395,O0012174,P0105,1,131.27,0.0
OI00021422,O0012190,P0179,1,83.66,0.0
OI00021423,O0012190,P0127,1,157.97,0.1
OI00021429,O0012195,P0061,1,382.79,0.05
OI00021430,O0012195,P0052,2,39.7,0.0
OI00021431,O0012195,P0031,1,1344.99,0.0
OI00021432,O0012196,P0074,1,258.45,0.1
OI00021433,O0012196,P0039,1,522.77,0.1
OI00021434,O0012196,P0014,1,843.97,0.15
OI00021437,O0012198,P0009,1,1299.19,0.1
OI00021462,O0012212,P0080,1,240.45,0.15
OI00021466,O0012216,P0080,1,234.3,0.0
OI00021467,O0012216,P0105,1,131.72,0.0
OI00021468,O0012216,P0076,1,123.47,0.15
OI00021479,O0012223,P0050,1,90.91,0.0
OI00021480,O0012223,P0027,3,920.39,0.0
OI00021492,O0012229,P0069,1,100.24,0.0
OI00021493,O0012229,P0044,1,122.38,0.2
OI00021508,O0012239,P0108,1,41.14,0.0
OI00021509,O0012240,P0093,1,83.78,0.0
OI00021510,O0012240,P0148,1,15.2,0.05
OI00021511,O0012240,P0077,1,422.43,0.0
OI00021520,O0012246,P0118,2,127.41,0.0
OI00021521,O0012246,P0172,1,22.24,0.0
OI00021568,O0012275,P0167,1,125.74,0.0
OI00021569,O0012275,P0071,2,113.26,0.15
OI00021570,O0012275,P0066,1,272.69,0.0
OI00021571,O0012276,P0152,1,14.87,0.0
OI00021582,O0012282,P0137,1,26.26,0.0
OI00021583,O0012282,P0099,1,231.53,0.0
OI00021584,O0012283,P0110,1,72.83,0.0
OI00021585,O0012283,P0057,1,131.52,0.0
OI00021603,O0012294,P0141,1,23.99,0.05
OI00021612,O0012301,P0018,1,1968.22,0.0
OI00021613,O0012302,P0124,2,62.57,0.0
OI00021614,O0012302,P0007,1,2048.03,0.15
OI00021624,O0012310,P0095,1,287.46,0.0
OI00021649,O0012325,P0168,1,60.8,0.0
OI00021705,O0012354,P0131,1,48.11,0.0
OI00021712,O0012359,P0155,1,50.82,0.0
OI00021713,O0012359,P0133,1,9.82,0.0
OI00021714,O0012360,P0133,3,9.95,0.0
OI00021716,O0012362,P0143,1,108.65,0.0
OI00021735,O0012372,P0081,2,393.16,0.0
OI00021736,O0012372,P0144,1,13.79,0.0
OI00021744,O0012378,P0081,1,388.89,0.1
OI00021774,O0012396,P0071,1,114.88,0.1
OI00021776,O0012398,P0107,1,158.14,0.0
OI00021777,O0012398,P0166,1,33.3,0.25
OI00021782,O0012401,P0114,1,29.27,0.0
OI00021783,O0012401,P0083,1,719.5,0.0
OI00021814,O0012417,P0146,1,52.94,0.0
OI00021815,O0012417,P0096,1,85.0,0.1
OI00021852,O0012440,P0034,1,544.67,0.15
OI00021853,O0012440,P0142,1,12.1,0.0
OI00021854,O0012440,P0112,2,39.24,0.1
OI00021855,O0012440,P0039,1,531.38,0.0
OI00021870,O0012448,P0048,1,55.94,0.1
OI00021871,O0012448,P0143,2,112.26,0.0
OI00021893,O0012459,P0016,1,960.65,0.0
OI00021894,O0012459,P0158,1,66.13,0.0
OI00021913,O0012470,P0126,1,193.08,0.1
OI00021931,O0012482,P0115,2,68.55,0.0
OI00021935,O0012485,P0102,1,51.21,0.05
OI00021947,O0012492,P0114,1,29.71,0.0
OI00021954,O0012497,P0136,3,82.26,0.2
OI00021972,O0012508,P0150,1,11.53,0.05
OI00021974,O0012510,P0085,2,500.98,0.0
OI00021975,O0012510,P0002,2,971.21,0.0
OI00021976,O0012510,P0034,1,543.6,0.0
OI00021982,O0012514,P0098,2,324.78,0.0
OI00021983,O0012514,P0033,1,1343.17,0.1
OI00021988,O0012517,P0155,1,50.31,0.1
OI00021990,O0012519,P0131,1,51.25,0.0
OI00021991,O0012519,P0180,1,49.96,0.2
OI00021992,O0012519,P0046,1,330.97,0.0
OI00021995,O0012521,P0072,1,170.3,0.0
OI00021996,O0012521,P0105,1,130.68,0.05
OI00022046,O0012552,P0091,1,167.96,0.0
OI00022047,O0012552,P0046,1,328.19,0.1
OI00022053,O0012555,P0105,1,132.64,0.1
OI00022054,O0012555,P0058,1,148.04,0.05
OI00022055,O0012555,P0170,1,9.32,0.0
OI00022066,O0012561,P0159,1,179.24,0.1
OI00022086,O0012573,P0060,2,142.14,0.15
OI00022087,O0012573,P0151,1,19.41,0.0
OI00022093,O0012576,P0121,3,148.3,0.1
OI00022096,O0012578,P0141,1,24.23,0.0
OI00022097,O0012578,P0119,2,32.67,0.0
OI00022100,O0012580,P0140,2,15.55,0.05
OI00022103,O0012583,P0171,1,37.83,0.1
OI00022138,O0012602,P0102,1,50.3,0.0
OI00022139,O0012602,P0142,1,12.82,0.0
OI00022140,O0012603,P0152,1,14.52,0.0
OI00022143,O0012605,P0029,1,530.66,0.0
OI00022144,O0012606,P0169,1,180.41,0.0
OI00022148,O0012608,P0113,1,102.52,0.0
OI00022149,O0012608,P0105,1,130.49,0.0
OI00022157,O0012613,P0057,1,129.18,0.1
OI00022158,O0012613,P0033,1,1338.22,0.0
OI00022159,O0012614,P0125,1,287.88,0.05
OI00022175,O0012626,P0086,2,50.05,0.0
OI00022176,O0012626,P0087,1,498.2,0.0
OI00022177,O0012627,P0027,1,892.44,0.0
OI00022190,O0012634,P0143,1,109.36,0.05
OI00022196,O0012639,P0148,1,15.12,0.0
OI00022197,O0012639,P0117,1,30.77,0.0
OI00022198,O0012639,P0111,1,286.5,0.15
OI00022207,O0012645,P0072,1,169.97,0.0
OI00022208,O0012645,P0141,2,23.04,0.0
OI00022209,O0012645,P0080,1,230.75,0.0
OI00022210,O0012645,P0114,2,28.71,0.2
OI00022221,O0012653,P0003,1,1243.65,0.0
OI00022222,O0012654,P0002,1,947.07,0.0
OI00022237,O0012664,P0138,1,34.28,0.0
OI00022238,O0012664,P0009,1,1318.11,0.0
OI00022239,O0012664,P0018,1,1882.96,0.0
OI00022248,O0012670,P0134,2,131.45,0.0
OI00022249,O0012670,P0013,1,1069.28,0.1
OI00022272,O0012683,P0015,1,1432.11,0.0
OI00022273,O0012683,P0035,2,1050.27,0.0
OI00022274,O0012683,P0078,3,132.8,0.15
OI00022275,O0012684,P0117,1,30.73,0.0
OI00022291,O0012697,P0128,1,69.81,0.0
OI00022292,O0012698,P0013,2,1081.37,0.0
OI00022297,O0012701,P0179,1,81.75,0.1
OI00022332,O0012723,P0155,1,49.52,0.0
OI00022349,O0012730,P0162,1,19.56,0.0
OI00022350,O0012730,P0027,1,911.78,0.15
OI00022351,O0012730,P0112,2,41.49,0.1
OI00022365,O0012742,P0063,1,57.98,0.0
OI00022366,O0012743,P0112,1,40.07,0.0
OI00022367,O0012743,P0048,1,56.3,0.0
OI00022369,O0012745,P0046,1,328.52,0.0
OI00022379,O0012751,P0150,1,11.23,0.0
OI00022385,O0012754,P0177,1,22.75,0.0
OI00022387,O0012756,P0079,1,173.0,0.0
OI00022393,O0012760,P0126,1,175.21,0.0
OI00022394,O0012760,P0082,3,368.97,0.0
OI00022395,O0012761,P0094,1,72.87,0.15
OI00022397,O0012763,P0143,1,114.32,0.0
OI00022398,O0012763,P0162,1,19.29,0.0
OI00022401,O0012765,P0038,2,488.04,0.0
OI00022431,O0012781,P0155,1,50.26,0.2
OI00022432,O0012782,P0049,1,344.92,0.1
OI00022441,O0012788,P0095,2,291.87,0.0
OI00022443,O0012790,P0012,1,1543.15,0.0
OI00022444,O0012790,P0006,1,2109.68,0.0
OI00022445,O0012791,P0064,2,130.49,0.0
OI00022446,O0012791,P0047,1,143.33,0.0
OI00022451,O0012794,P0116,1,69.48,0.15
OI00022462,O0012800,P0103,1,82.42,0.0
OI00022469,O0012805,P0130,1,31.12,0.0
OI00022470,O0012805,P0036,1,718.47,0.0
OI00022473,O0012807,P0084,1,636.38,0.0
OI00022488,O0012819,P0090,1,197.76,0.0
OI00022489,O0012819,P0051,1,55.57,0.25
OI00022490,O0012819,P0058,1,148.79,0.0
OI00022494,O0012823,P0137,2,26.58,0.0
OI00022500,O0012827,P0019,1,398.42,0.15
OI00022509,O0012834,P0047,1,140.1,0.0
OI00022519,O0012840,P0151,1,18.83,0.0
OI00022530,O0012847,P0025,1,428.46,0.0
OI00022531,O0012847,P0065,1,321.38,0.05
OI00022554,O0012858,P0070,1,53.26,0.0
OI00022560,O0012861,P0025,1,420.29,0.0
OI00022561,O0012861,P0149,1,18.48,0.05
OI00022589,O0012876,P0061,1,382.5,0.0
OI00022590,O0012876,P0113,1,99.99,0.0
OI00022591,O0012876,P0073,1,97.67,0.0
OI00022592,O0012876,P0028,1,1217.36,0.0
OI00022606,O0012884,P0045,1,417.51,0.1
OI00022619,O0012891,P0111,1,286.99,0.0
OI00022620,O0012891,P0118,1,130.51,0.05
OI00022622,O0012893,P0066,1,261.63,0.0
OI00022623,O0012893,P0062,1,54.75,0.0
OI00022633,O0012901,P0006,2,2110.07,0.15
OI00022634,O0012901,P0120,1,342.34,0.0
OI00022637,O0012904,P0108,1,43.09,0.0
OI00022638,O0012904,P0175,2,11.96,0.0
OI00022639,O0012904,P0055,1,329.6,0.0
OI00022640,O0012904,P0113,1,97.2,0.0
OI00022658,O0012915,P0128,2,70.94,0.0
OI00022659,O0012915,P0078,1,133.99,0.05
OI00022663,O0012917,P0164,1,39.68,0.0
OI00022664,O0012917,P0059,1,49.06,0.0
OI00022665,O0012917,P0137,1,25.34,0.0
OI00022666,O0012918,P0084,1,650.65,0.0
OI00022680,O0012927,P0012,1,1533.26,0.0
OI00022699,O0012936,P0129,1,291.63,0.1
OI00022700,O0012936,P0135,1,184.25,0.0
OI00022708,O0012941,P0056,2,130.95,0.0
OI00022709,O0012941,P0040,1,978.82,0.2
OI00022713,O0012944,P0048,1,57.04,0.1
OI00022722,O0012949,P0074,1,255.83,0.15
OI00022725,O0012951,P0048,1,56.86,0.0
OI00022726,O0012951,P0155,1,50.81,0.0
OI00022727,O0012951,P0119,1,32.86,0.0
OI00022728,O0012951,P0088,1,302.7,0.0
OI00022738,O0012959,P0037,1,533.53,0.0
OI00022739,O0012959,P0055,1,334.11,0.0
OI00022749,O0012964,P0008,2,1182.0,0.0
OI00022750,O0012964,P0166,1,34.02,0.15
OI00022755,O0012968,P0179,1,82.18,0.0
OI00022784,O0012985,P0162,1,20.26,0.0
OI00022785,O0012985,P0174,1,18.17,0.0
OI00022804,O0012997,P0079,1,178.6,0.05
OI00022808,O0013001,P0106,1,130.06,0.0
OI00022809,O0013001,P0114,1,28.94,0.0
OI00022810,O0013001,P0028,1,1245.28,0.1
OI00022813,O0013003,P0012,2,1520.58,0.0
OI00022814,O0013003,P0104,1,29.13,0.15
OI00022815,O0013004,P0094,1,73.87,0.05
OI00022817,O0013006,P0090,2,209.31,0.0
OI00022818,O0013006,P0145,1,165.86,0.0
OI00022819,O0013007,P0069,1,95.25,0.2
OI00022821,O0013009,P0121,1,144.13,0.0
OI00022822,O0013009,P0110,2,73.54,0.0
OI00022827,O0013012,P0056,1,127.51,0.0
OI00022828,O0013012,P0130,1,29.45,0.1
OI00022829,O0013012,P0044,1,121.76,0.0
OI00022830,O0013012,P0001,1,1721.98,0.0
OI00022833,O0013015,P0116,1,68.9,0.0
OI00022878,O0013041,P0160,2,24.5,0.0
OI00022879,O0013041,P0167,2,125.29,0.0
OI00022921,O0013067,P0145,1,162.51,0.0
OI00022922,O0013067,P0159,1,184.6,0.1
OI00022923,O0013067,P0087,1,487.32,0.0
OI00022933,O0013073,P0108,1,41.54,0.1
OI00022934,O0013073,P0145,1,162.77,0.0
OI00023001,O0013116,P0003,1,1225.74,0.05
OI00023006,O0013119,P0032,2,894.19,0.0
OI00023007,O0013119,P0155,1,52.27,0.0
OI00023025,O0013129,P0015,1,1454.68,0.15
OI00023026,O0013129,P0075,1,54.94,0.05
OI00023039,O0013137,P0150,1,11.64,0.0
OI00023040,O0013137,P0111,1,288.91,0.0
OI00023043,O0013139,P0060,1,133.41,0.0
OI00023045,O0013141,P0056,1,129.03,0.15
OI00023046,O0013141,P0093,1,84.19,0.1
OI00023047,O0013141,P0125,1,295.06,0.0
OI00023052,O0013143,P0025,1,417.09,0.0
OI00023058,O0013147,P0047,1,136.92,0.0
OI00023068,O0013155,P0168,1,62.79,0.0
OI00023133,O0013199,P0002,1,930.66,0.0
OI00023134,O0013199,P0031,1,1310.39,0.0
OI00023135,O0013200,P0132,1,29.5,0.0
OI00023136,O0013200,P0066,1,274.42,0.0
OI00023145,O0013206,P0059,2,49.76,0.0
OI00023159,O0013214,P0094,1,72.63,0.1
OI00023160,O0013214,P0092,1,196.61,0.0
OI00023174,O0013222,P0145,1,163.46,0.0
OI00023175,O0013222,P0009,2,1260.06,0.0
OI00023184,O0013227,P0050,1,94.76,0.0
OI00023216,O0013247,P0082,1,389.33,0.0
OI00023217,O0013247,P0107,1,156.73,0.0
OI00023218,O0013247,P0069,1,96.07,0.0
OI00023230,O0013253,P0048,1,54.86,0.0
OI00023253,O0013268,P0139,1,25.2,0.0
OI00023254,O0013268,P0147,1,75.04,0.0
OI00023255,O0013268,P0025,1,423.56,0.0
OI00023270,O0013277,P0094,1,74.42,0.0
OI00023271,O0013277,P0008,1,1186.24,0.05
OI00023272,O0013277,P0151,1,19.74,0.0
OI00023273,O0013277,P0141,1,23.83,0.0
OI00023274,O0013278,P0133,1,10.06,0.0
OI00023275,O0013278,P0010,1,863.98,0.0
OI00023293,O0013289,P0046,1,330.43,0.0
OI00023294,O0013289,P0090,1,200.4,0.05
OI00023301,O0013294,P0100,1,62.67,0.0
OI00023313,O0013301,P0071,1,113.76,0.0
OI00023320,O0013306,P0122,2,380.67,0.15
OI00023324,O0013308,P0140,1,16.19,0.0
OI00023341,O0013318,P0152,1,15.32,0.0
OI00023342,O0013318,P0164,1,38.41,0.0
OI00023343,O0013318,P0177,1,22.8,0.0
OI00023344,O0013318,P0042,2,117.19,0.05
OI00023357,O0013324,P0061,2,370.74,0.0
OI00023358,O0013324,P0026,1,1195.69,0.05
OI00023390,O0013340,P0130,1,30.56,0.0
OI00023403,O0013349,P0077,1,410.63,0.1
OI00023408,O0013352,P0088,1,303.13,0.0
OI00023410,O0013354,P0122,1,396.18,0.0
OI00023411,O0013354,P0007,1,2005.65,0.1
OI00023416,O0013356,P0109,2,167.53,0.0
OI00023417,O0013356,P0061,1,371.96,0.05
OI00023448,O0013377,P0004,1,1004.11,0.0
OI00023449,O0013377,P0098,2,309.33,0.25
OI00023467,O0013385,P0063,1,59.25,0.05
OI00023468,O0013385,P0143,1,112.13,0.0
OI00023472,O0013388,P0058,1,143.83,0.0
OI00023477,O0013391,P0130,1,30.32,0.0
OI00023478,O0013391,P0040,1,982.4,0.0
OI00023479,O0013392,P0178,1,11.17,0.0
OI00023480,O0013392,P0146,1,53.21,0.0
OI00023515,O0013410,P0155,1,51.64,0.0
OI00023516,O0013410,P0097,1,136.18,0.0
OI00023520,O0013414,P0094,1,74.04,0.0
OI00023533,O0013421,P0149,1,18.41,0.0
OI00023542,O0013426,P0010,1,911.87,0.05
OI00023546,O0013429,P0051,1,57.56,0.0
OI00023560,O0013439,P0148,1,15.06,0.0
OI00023590,O0013458,P0058,1,153.43,0.0
OI00023591,O0013458,P0143,1,110.76,0.1
OI00023634,O0013483,P0058,1,153.58,0.0
OI00023635,O0013483,P0074,1,260.21,0.05
OI00023636,O0013484,P0142,1,12.74,0.0
OI00023637,O0013484,P0037,1,538.34,0.0
OI00023668,O0013504,P0053,1,358.35,0.0
OI00023672,O0013506,P0112,1,40.15,0.1
OI00023673,O0013506,P0149,1,17.7,0.0
OI00023674,O0013506,P0161,1,63.88,0.0
OI00023681,O0013512,P0060,1,136.46,0.0
OI00023731,O0013540,P0112,2,40.48,0.1
OI00023735,O0013543,P0070,2,52.98,0.05
OI00023736,O0013544,P0127,1,161.47,0.0
OI00023744,O0013549,P0177,1,22.19,0.0
OI00023745,O0013549,P0026,1,1135.47,0.0
OI00023746,O0013549,P0166,1,33.14,0.0
OI00023747,O0013549,P0123,2,52.01,0.0
OI00023784,O0013574,P0137,1,26.03,0.0
OI00023785,O0013574,P0145,2,159.96,0.0
OI00023793,O0013581,P0108,1,40.77,0.0
OI00023794,O0013581,P0012,1,1468.84,0.05
OI00023795,O0013581,P0003,1,1195.85,0.0
OI00023831,O0013602,P0090,1,194.43,0.0
OI00023832,O0013602,P0178,1,11.14,0.0
OI00023833,O0013603,P0019,1,405.51,0.15
OI00023844,O0013611,P0136,1,84.77,0.0
OI00023874,O0013628,P0048,1,55.51,0.0
OI00023875,O0013628,P0076,1,120.51,0.0
OI00023881,O0013632,P0056,1,130.46,0.0
OI00023882,O0013632,P0123,3,50.07,0.0
OI00023891,O0013636,P0108,1,41.3,0.0
OI00023911,O0013647,P0178,1,11.36,0.0
OI00023912,O0013647,P0021,1,647.26,0.0
OI00023913,O0013647,P0063,1,60.74,0.0
OI00023919,O0013651,P0025,1,418.51,0.1
OI00023920,O0013651,P0097,1,137.9,0.0
OI00023929,O0013658,P0046,1,331.18,0.0
OI00023930,O0013658,P0048,1,55.42,0.05
OI00023931,O0013658,P0127,1,164.75,0.1
OI00023932,O0013659,P0133,1,9.99,0.0
OI00023933,O0013659,P0149,1,18.75,0.1
OI00023938,O0013661,P0045,1,408.28,0.0
OI00023956,O0013671,P0094,1,73.29,0.0
OI00023957,O0013671,P0085,2,498.09,0.1
OI00023987,O0013689,P0013,1,1092.61,0.2
OI00023988,O0013689,P0020,1,532.76,0.0
OI00023989,O0013689,P0034,1,557.21,0.0
OI00023990,O0013690,P0001,1,1707.67,0.0
OI00023991,O0013690,P0132,1,29.78,0.0
OI00023996,O0013693,P0061,1,390.43,0.0
OI00023997,O0013693,P0016,1,923.48,0.0
OI00023998,O0013693,P0156,1,87.53,0.0
OI00024001,O0013695,P0143,1,110.74,0.0
OI00024002,O0013695,P0171,1,37.63,0.0
OI00024003,O0013696,P0168,1,63.54,0.0
OI00024011,O0013702,P0038,1,480.43,0.0
OI00024012,O0013702,P0087,1,495.82,0.1
OI00024020,O0013707,P0109,1,167.52,0.0
OI00024021,O0013707,P0082,1,367.99,0.0
OI00024022,O0013707,P0073,1,96.64,0.0
OI00024076,O0013739,P0030,1,887.09,0.0
OI00024077,O0013740,P0105,1,129.37,0.1
OI00024078,O0013740,P0171,1,39.24,0.05
OI00024081,O0013743,P0169,1,180.95,0.0
OI00024082,O0013743,P0177,1,22.37,0.0
OI00024083,O0013743,P0179,1,83.13,0.25
OI00024091,O0013748,P0095,1,276.78,0.0
OI00024092,O0013748,P0013,2,1030.98,0.0
OI00024093,O0013748,P0092,1,194.13,0.1
OI00024120,O0013762,P0061,2,378.87,0.0
OI00024121,O0013762,P0029,1,522.07,0.0
OI00024122,O0013762,P0046,1,318.91,0.0
OI00024123,O0013762,P0100,1,62.0,0.0
OI00024140,O0013773,P0062,1,57.47,0.0
OI00024141,O0013773,P0039,1,522.09,0.0
OI00024144,O0013776,P0144,1,13.5,0.0
OI00024152,O0013780,P0081,2,400.79,0.0
OI00024153,O0013781,P0084,1,642.93,0.0
OI00024178,O0013797,P0102,2,51.44,0.0
OI00024179,O0013798,P0156,1,89.09,0.0
OI00024186,O0013803,P0059,2,49.37,0.0
OI00024218,O0013822,P0033,2,1339.36,0.0
OI00024219,O0013822,P0153,1,43.47,0.05
OI00024223,O0013824,P0124,1,63.72,0.0
OI00024233,O0013830,P0140,1,15.65,0.1
OI00024234,O0013830,P0174,1,18.19,0.0
OI00024298,O0013867,P0031,1,1361.23,0.2
OI00024319,O0013880,P0045,1,406.13,0.1
OI00024322,O0013882,P0064,1,125.63,0.15
OI00024341,O0013896,P0175,1,11.71,0.0
OI00024353,O0013905,P0171,1,37.18,0.0
OI00024356,O0013907,P0132,1,29.58,0.0
OI00024358,O0013909,P0108,1,41.14,0.0
OI00024359,O0013909,P0111,1,285.65,0.0
OI00024378,O0013918,P0010,1,894.96,0.25
OI00024379,O0013918,P0078,1,138.23,0.0
OI00024382,O0013920,P0133,1,9.9,0.1
OI00024383,O0013920,P0161,1,64.93,0.0
OI00024410,O0013934,P0173,1,46.82,0.0
OI00024413,O0013937,P0072,1,173.57,0.1
OI00024414,O0013937,P0126,1,181.71,0.0
OI00024423,O0013942,P0180,1,52.94,0.0
OI00024424,O0013942,P0057,1,138.16,0.15
OI00024431,O0013946,P0137,1,26.28,0.0
OI00024452,O0013956,P0132,1,28.74,0.25
OI00024453,O0013956,P0035,1,1058.65,0.0
OI00024454,O0013956,P0052,3,38.61,0.0
OI00024455,O0013956,P0030,1,840.55,0.0
OI00024475,O0013971,P0041,1,235.83,0.0
OI00024508,O0013989,P0143,1,113.51,0.2
OI00024509,O0013989,P0159,2,179.33,0.25
OI00024510,O0013989,P0006,1,2185.62,0.05
OI00024533,O0014001,P0018,1,1998.31,0.0
OI00024534,O0014001,P0092,1,194.42,0.0
OI00024553,O0014013,P0146,1,51.33,0.0
OI00024554,O0014013,P0150,1,11.02,0.0
OI00024555,O0014013,P0006,1,2209.4,0.1
OI00024579,O0014027,P0062,1,54.52,0.0
OI00024580,O0014027,P0168,1,63.86,0.05
OI00024590,O0014031,P0120,1,331.86,0.15
OI00024626,O0014051,P0153,1,44.96,0.05
OI00024627,O0014051,P0172,1,21.74,0.0
OI00024628,O0014052,P0068,1,139.93,0.0
OI00024638,O0014057,P0178,1,11.08,0.25
OI00024662,O0014069,P0071,1,116.29,0.0
OI00024663,O0014069,P0044,1,124.58,0.0
OI00024664,O0014069,P0065,1,316.19,0.1
OI00024684,O0014078,P0156,1,87.55,0.0
OI00024685,O0014078,P0177,1,23.19,0.0
OI00024687,O0014080,P0065,1,317.82,0.0
OI00024703,O0014088,P0051,1,54.24,0.1
OI00024704,O0014088,P0079,2,174.23,0.05
OI00024705,O0014088,P0102,1,50.71,0.0
OI00024711,O0014092,P0148,1,15.4,0.05
OI00024712,O0014092,P0073,1,97.05,0.0
OI00024713,O0014092,P0019,1,417.52,0.0
OI00024726,O0014099,P0006,1,2132.46,0.1
OI00024733,O0014104,P0107,1,159.08,0.0
OI00024734,O0014104,P0071,1,114.32,0.05
OI00024740,O0014107,P0178,1,11.45,0.0
OI00024741,O0014107,P0139,1,24.25,0.05
OI00024742,O0014107,P0023,1,990.63,0.0
OI00024757,O0014115,P0005,1,1353.08,0.0
OI00024758,O0014115,P0110,1,73.07,0.05
OI00024771,O0014122,P0074,2,255.72,0.0
OI00024772,O0014122,P0069,2,99.59,0.0
OI00024773,O0014123,P0033,1,1367.23,0.0
OI00024781,O0014127,P0017,1,1621.61,0.0
OI00024782,O0014127,P0021,1,624.75,0.05
OI00024787,O0014131,P0132,2,28.86,0.0
OI00024788,O0014131,P0119,2,32.82,0.1
OI00024789,O0014131,P0125,1,291.6,0.0
OI00024796,O0014137,P0071,2,113.03,0.0
OI00024815,O0014146,P0087,1,485.17,0.0
OI00024816,O0014147,P0060,1,138.65,0.05
OI00024817,O0014147,P0141,1,24.53,0.0
OI00024819,O0014149,P0093,1,85.79,0.0
OI00024820,O0014149,P0089,1,345.35,0.0
OI00024821,O0014149,P0124,1,64.42,0.05
OI00024825,O0014152,P0074,2,252.94,0.0
OI00024826,O0014152,P0084,1,629.29,0.0
OI00024829,O0014154,P0024,1,517.52,0.0
OI00024830,O0014154,P0170,1,9.49,0.0
OI00024831,O0014154,P0078,1,138.54,0.0
OI00024846,O0014165,P0053,2,368.4,0.0
OI00024888,O0014190,P0162,1,19.28,0.0
OI00024942,O0014224,P0158,1,67.82,0.0
OI00024943,O0014224,P0138,1,34.87,0.0
OI00024951,O0014229,P0135,1,179.84,0.0
OI00024952,O0014229,P0019,1,402.58,0.05
OI00024957,O0014233,P0106,1,130.99,0.0
OI00024966,O0014237,P0071,2,116.27,0.0
OI00024975,O0014242,P0046,1,332.68,0.0
OI00024976,O0014242,P0015,1,1434.59,0.0
OI00024977,O0014242,P0107,1,154.41,0.0
OI00024978,O0014243,P0070,1,54.6,0.0
OI00024979,O0014243,P0148,2,15.05,0.0
OI00024987,O0014247,P0005,1,1392.11,0.0
OI00025011,O0014261,P0150,1,11.07,0.0
OI00025012,O0014261,P0001,1,1713.32,0.05
OI00025013,O0014261,P0004,1,986.72,0.2
OI00025029,O0014270,P0090,1,197.57,0.0
OI00025034,O0014273,P0114,1,28.71,0.0
OI00025050,O0014282,P0148,1,14.84,0.05
OI00025051,O0014282,P0146,1,53.79,0.0
OI00025053,O0014284,P0097,1,144.73,0.0
OI00025054,O0014284,P0049,1,337.71,0.0
OI00025055,O0014284,P0147,2,76.34,0.0
OI00025061,O0014288,P0145,1,163.83,0.0
OI00025069,O0014292,P0003,2,1233.59,0.0
OI00025070,O0014292,P0119,1,31.34,0.0
OI00025071,O0014292,P0117,1,30.8,0.2
OI00025089,O0014301,P0110,2,75.18,0.25
OI00025090,O0014301,P0109,1,171.12,0.0
OI00025091,O0014301,P0153,1,42.76,0.1
OI00025098,O0014307,P0009,1,1270.81,0.0
OI00025099,O0014307,P0179,2,82.9,0.0
OI00025100,O0014307,P0134,2,132.57,0.0
OI00025108,O0014314,P0157,1,121.58,0.0
OI00025109,O0014314,P0134,1,132.77,0.0
OI00025140,O0014333,P0160,1,24.68,0.0
OI00025162,O0014348,P0177,2,22.3,0.0
OI00025163,O0014348,P0051,1,55.39,0.15
OI00025172,O0014352,P0095,1,281.32,0.0
OI00025202,O0014370,P0122,1,391.74,0.0
OI00025203,O0014370,P0068,1,138.74,0.0
OI00025213,O0014377,P0049,1,332.72,0.0
OI00025222,O0014385,P0171,3,38.04,0.15
OI00025231,O0014391,P0153,1,43.75,0.0
OI00025232,O0014391,P0042,1,119.66,0.0
OI00025233,O0014391,P0027,1,948.41,0.0
OI00025243,O0014398,P0024,1,506.97,0.0
OI00025244,O0014398,P0013,3,1081.25,0.0
OI00025245,O0014398,P0129,1,307.39,0.2
OI00025246,O0014398,P0100,1,64.01,0.0
OI00025247,O0014399,P0153,1,43.07,0.0
OI00025250,O0014402,P0136,1,85.09,0.1
OI00025251,O0014402,P0021,1,625.8,0.05
OI00025254,O0014404,P0102,1,52.4,0.0
OI00025255,O0014404,P0049,1,337.84,0.15
OI00025265,O0014410,P0065,1,320.49,0.0
OI00025279,O0014419,P0153,1,44.02,0.15
OI00025280,O0014419,P0024,1,492.9,0.0
OI00025281,O0014419,P0077,1,413.74,0.05
OI00025288,O0014422,P0166,1,32.22,0.0
OI00025289,O0014423,P0179,1,80.12,0.15
OI00025290,O0014423,P0155,1,50.16,0.0
OI00025306,O0014433,P0147,1,79.56,0.0
OI00025307,O0014433,P0138,3,34.67,0.0
OI00025330,O0014445,P0050,1,92.4,0.0
OI00025333,O0014447,P0149,1,18.34,0.0
OI00025334,O0014447,P0111,1,297.51,0.0
OI00025335,O0014447,P0092,1,191.73,0.0
OI00025350,O0014455,P0048,1,56.87,0.0
OI00025359,O0014459,P0072,1,172.96,0.0
OI00025360,O0014459,P0174,2,18.08,0.2
OI00025367,O0014465,P0070,1,54.78,0.0
OI00025368,O0014465,P0081,1,415.12,0.1
OI00025372,O0014467,P0096,1,86.39,0.0
OI00025378,O0014471,P0121,1,145.75,0.0
OI00025406,O0014492,P0018,1,2013.19,0.2
OI00025407,O0014493,P0105,1,134.7,0.0
OI00025408,O0014493,P0053,1,362.21,0.0
OI00025470,O0014526,P0114,1,29.88,0.0
OI00025472,O0014528,P0048,1,55.95,0.0
OI00025473,O0014528,P0091,1,167.43,0.15
OI00025474,O0014528,P0040,1,1028.24,0.15
OI00025475,O0014528,P0024,1,489.97,0.0
OI00025500,O0014543,P0180,1,51.87,0.0
OI00025501,O0014543,P0028,1,1256.28,0.0
OI00025502,O0014543,P0138,1,34.57,0.0
OI00025507,O0014548,P0137,1,25.6,0.0
OI00025508,O0014548,P0158,1,67.16,0.0
OI00025514,O0014553,P0012,1,1468.74,0.0
OI00025517,O0014555,P0098,1,324.82,0.0
OI00025518,O0014555,P0163,1,17.87,0.2
OI00025527,O0014560,P0137,3,25.43,0.0
OI00025535,O0014567,P0108,2,41.43,0.1
OI00025536,O0014567,P0050,1,92.13,0.0
OI00025539,O0014570,P0158,1,66.5,0.0
OI00025558,O0014580,P0144,1,13.24,0.15
OI00025561,O0014582,P0150,1,11.27,0.1
OI00025565,O0014585,P0110,1,73.03,0.0
OI00025577,O0014593,P0008,1,1189.46,0.0
OI00025582,O0014597,P0134,1,132.3,0.0
OI00025596,O0014604,P0153,1,43.35,0.0
OI00025597,O0014604,P0061,1,381.96,0.05
OI00025611,O0014613,P0079,1,177.51,0.0
OI00025612,O0014614,P0047,1,137.88,0.05
OI00025623,O0014621,P0126,1,190.06,0.05
OI00025629,O0014624,P0174,1,17.9,0.1
OI00025630,O0014624,P0032,1,886.82,0.1
OI00025651,O0014636,P0070,1,53.72,0.0
OI00025663,O0014645,P0017,1,1617.35,0.0
OI00025664,O0014645,P0108,1,41.22,0.0
OI00025676,O0014652,P0170,2,9.21,0.0
OI00025679,O0014654,P0113,1,101.32,0.15
OI00025683,O0014657,P0073,1,96.96,0.0
OI00025684,O0014657,P0032,2,880.57,0.0
OI00025685,O0014657,P0072,1,165.9,0.0
OI00025688,O0014660,P0074,1,264.05,0.0
OI00025710,O0014674,P0074,1,261.05,0.05
OI00025711,O0014674,P0140,1,15.81,0.1
OI00025712,O0014674,P0099,1,239.83,0.0
OI00025713,O0014674,P0152,1,15.19,0.0
OI00025714,O0014675,P0147,2,78.97,0.0
OI00025715,O0014675,P0044,1,123.83,0.0
OI00025716,O0014676,P0084,1,636.6,0.0
OI00025722,O0014680,P0162,1,18.8,0.0
OI00025733,O0014687,P0011,1,1079.82,0.1
OI00025734,O0014687,P0033,1,1329.82,0.0
OI00025760,O0014701,P0082,1,377.07,0.05
OI00025772,O0014709,P0168,1,63.1,0.0
OI00025773,O0014709,P0144,1,13.75,0.0
OI00025780,O0014713,P0076,1,118.92,0.1
OI00025781,O0014713,P0125,1,296.63,0.0
OI00025782,O0014713,P0107,1,152.68,0.0
OI00025783,O0014713,P0099,1,238.61,0.0
OI00025784,O0014714,P0021,1,643.89,0.05
OI00025785,O0014714,P0087,2,494.4,0.0
OI00025786,O0014715,P0128,1,67.03,0.0
OI00025787,O0014715,P0045,1,428.16,0.1
OI00025810,O0014727,P0064,1,130.54,0.15
OI00025811,O0014727,P0027,1,899.3,0.0
OI00025812,O0014727,P0028,1,1221.8,0.05
OI00025818,O0014730,P0177,1,22.49,0.05
OI00025826,O0014736,P0028,1,1210.22,0.1
OI00025846,O0014744,P0048,1,55.56,0.0
OI00025849,O0014747,P0049,1,336.16,0.05
OI00025850,O0014747,P0076,1,124.98,0.0
OI00025851,O0014747,P0137,1,25.78,0.0
OI00025854,O0014749,P0156,1,90.53,0.0
OI00025859,O0014753,P0146,1,51.91,0.1
OI00025860,O0014753,P0047,1,138.85,0.1
OI00025866,O0014757,P0123,1,50.36,0.1
OI00025867,O0014757,P0108,1,41.49,0.0
OI00025884,O0014767,P0077,1,406.7,0.0
OI00025885,O0014767,P0090,2,201.41,0.0
OI00025899,O0014775,P0046,1,331.03,0.0
OI00025900,O0014775,P0055,1,329.35,0.0
OI00025901,O0014775,P0176,1,136.24,0.0
OI00025902,O0014775,P0037,1,521.42,0.0
OI00025904,O0014777,P0167,1,130.76,0.0
OI00025905,O0014777,P0007,1,2000.88,0.15
OI00025914,O0014784,P0057,1,132.32,0.1
OI00025918,O0014786,P0082,1,383.23,0.1
OI00025919,O0014786,P0059,1,48.84,0.0
OI00025920,O0014786,P0030,1,877.47,0.0
OI00025947,O0014801,P0179,1,82.73,0.0
OI00025960,O0014807,P0006,1,2184.71,0.0
OI00025961,O0014807,P0152,2,14.91,0.0
OI00025962,O0014808,P0078,2,133.48,0.0
OI00025963,O0014808,P0148,1,14.53,0.0
OI00025990,O0014820,P0148,1,14.78,0.0
OI00026019,O0014836,P0074,1,256.93,0.15
OI00026021,O0014838,P0067,1,282.26,0.05
OI00026022,O0014838,P0143,1,109.86,0.0
OI00026029,O0014841,P0071,1,114.44,0.0
OI00026030,O0014841,P0035,1,1057.82,0.0
OI00026031,O0014842,P0162,1,19.13,0.0
OI00026054,O0014854,P0030,1,863.31,0.0
OI00026055,O0014854,P0105,1,129.0,0.0
OI00026065,O0014860,P0100,1,61.37,0.0
OI00026080,O0014870,P0020,1,568.2,0.0
OI00026081,O0014870,P0131,1,50.34,0.0
OI00026082,O0014870,P0165,1,40.16,0.0
OI00026115,O0014888,P0140,1,15.66,0.0
OI00026116,O0014888,P0144,1,13.36,0.0
OI00026129,O0014898,P0059,1,51.06,0.0
OI00026130,O0014898,P0043,1,292.51,0.15
OI00026131,O0014898,P0125,1,297.98,0.05
OI00026134,O0014900,P0031,1,1340.91,0.0
OI00026135,O0014900,P0154,1,57.31,0.0
OI00026136,O0014901,P0020,1,547.02,0.0
OI00026142,O0014906,P0026,1,1151.39,0.05
OI00026143,O0014906,P0040,1,1013.75,0.0
OI00026146,O0014908,P0091,1,165.98,0.0
OI00026147,O0014908,P0074,1,255.98,0.0
OI00026156,O0014915,P0142,1,12.79,0.1
OI00026180,O0014928,P0119,1,32.95,0.0
OI00026181,O0014928,P0114,1,28.14,0.0
OI00026289,O0014992,P0023,1,985.73,0.05
OI00026290,O0014992,P0088,1,309.69,0.0
OI00026304,O0015001,P0038,2,485.08,0.0
OI00026321,O0015009,P0179,1,82.66,0.0
OI00026322,O0015009,P0036,2,708.15,0.0
OI00026332,O0015015,P0163,1,17.6,0.0
OI00026333,O0015016,P0156,2,87.71,0.2
OI00026334,O0015016,P0128,1,72.78,0.15
OI00026335,O0015016,P0124,1,64.44,0.05
OI00026343,O0015021,P0098,1,320.76,0.0
OI00026349,O0015025,P0174,1,18.49,0.0
OI00026354,O0015028,P0109,1,167.59,0.1
OI00026355,O0015028,P0100,1,62.86,0.0
OI00026356,O0015028,P0066,1,267.18,0.1
OI00026372,O0015038,P0114,1,28.61,0.0
OI00026375,O0015040,P0147,1,77.85,0.0
OI00026380,O0015044,P0141,1,23.76,0.0
OI00026381,O0015044,P0036,1,683.13,0.0
OI00026382,O0015044,P0142,1,12.6,0.0
OI00026385,O0015046,P0106,1,129.06,0.15
OI00026405,O0015059,P0125,1,300.49,0.0
OI00026406,O0015059,P0087,1,495.47,0.0
OI00026450,O0015083,P0014,1,809.8,0.2
OI00026461,O0015090,P0084,1,620.66,0.15
OI00026465,O0015093,P0103,1,82.75,0.0
OI00026466,O0015093,P0007,1,2015.85,0.0
OI00026481,O0015102,P0119,1,32.84,0.0
OI00026499,O0015115,P0111,1,291.2,0.0
OI00026503,O0015118,P0146,1,51.56,0.0
OI00026504,O0015118,P0071,1,114.08,0.05
OI00026513,O0015122,P0054,1,57.47,0.05
OI00026514,O0015122,P0149,1,17.99,0.0
OI00026529,O0015130,P0119,3,32.23,0.0
OI00026530,O0015130,P0150,1,11.3,0.05
OI00026535,O0015132,P0071,2,112.78,0.0
OI00026554,O0015142,P0108,1,41.97,0.0
OI00026555,O0015142,P0162,1,19.76,0.0
OI00026562,O0015146,P0082,1,387.86,0.2
OI00026564,O0015148,P0081,1,405.94,0.0
OI00026565,O0015148,P0148,1,14.54,0.05
OI00026566,O0015149,P0084,1,629.11,0.1
OI00026572,O0015152,P0155,1,51.48,0.0
OI00026573,O0015152,P0017,2,1648.54,0.0
OI00026577,O0015155,P0128,1,68.22,0.0
OI00026578,O0015155,P0098,3,308.36,0.05
OI00026583,O0015158,P0112,1,39.82,0.0
OI00026584,O0015158,P0028,1,1254.44,0.0
OI00026585,O0015158,P0016,1,950.88,0.0
OI00026590,O0015161,P0075,1,55.03,0.0
OI00026591,O0015161,P0060,3,133.08,0.15
OI00026598,O0015165,P0026,1,1153.69,0.0
OI00026599,O0015165,P0012,1,1496.97,0.0
OI00026600,O0015166,P0044,1,121.23,0.0
OI00026601,O0015166,P0100,1,61.78,0.0
OI00026621,O0015176,P0064,1,130.0,0.0
OI00026631,O0015181,P0025,1,424.96,0.0
OI00026632,O0015181,P0161,1,62.9,0.0
OI00026652,O0015192,P0039,1,512.02,0.0
OI00026653,O0015192,P0084,1,636.2,0.0
OI00026706,O0015223,P0085,1,507.77,0.0
OI00026707,O0015223,P0106,1,130.13,0.0
OI00026710,O0015226,P0089,1,349.8,0.0
OI00026711,O0015226,P0119,1,32.74,0.0
OI00026712,O0015227,P0094,1,71.91,0.1
OI00026713,O0015227,P0001,1,1658.26,0.0
OI00026714,O0015227,P0153,1,42.83,0.0
OI00026719,O0015229,P0180,1,51.79,0.0
OI00026720,O0015229,P0143,1,107.3,0.15
OI00026724,O0015233,P0082,1,383.74,0.1
OI00026727,O0015236,P0142,2,12.7,0.0
OI00026728,O0015236,P0093,1,84.8,0.0
OI00026732,O0015239,P0122,1,389.95,0.0
OI00026733,O0015240,P0151,1,19.98,0.1
OI00026734,O0015240,P0134,1,129.26,0.1
OI00026735,O0015241,P0129,1,301.34,0.0
OI00026741,O0015245,P0142,1,12.66,0.15
OI00026742,O0015245,P0176,1,134.6,0.15
OI00026743,O0015245,P0160,1,24.89,0.0
OI00026755,O0015253,P0113,1,98.27,0.0
OI00026756,O0015253,P0169,1,187.71,0.15
OI00026757,O0015253,P0146,1,52.0,0.0
OI00026758,O0015253,P0166,1,32.67,0.0
OI00026775,O0015262,P0120,1,335.31,0.0
OI00026776,O0015262,P0066,2,274.21,0.0
OI00026782,O0015267,P0055,1,333.48,0.15
OI00026793,O0015275,P0051,2,54.38,0.05
OI00026794,O0015275,P0030,1,873.65,0.0
OI00026799,O0015279,P0092,1,197.65,0.0
OI00026815,O0015288,P0060,1,137.71,0.0
OI00026848,O0015304,P0125,1,290.17,0.0
OI00026879,O0015324,P0013,1,1031.5,0.0
OI00026880,O0015324,P0163,1,17.86,0.0
OI00026881,O0015324,P0031,1,1315.44,0.0
OI00026896,O0015335,P0055,1,321.46,0.0
OI00026897,O0015335,P0041,1,230.86,0.0
OI00026905,O0015340,P0090,1,204.26,0.0
OI00026906,O0015340,P0125,1,294.23,0.1
OI00026907,O0015340,P0017,1,1612.1,0.0
OI00026916,O0015345,P0009,1,1328.82,0.05
OI00026917,O0015345,P0175,1,11.9,0.0
OI00026918,O0015345,P0058,1,150.04,0.0
OI00026926,O0015349,P0081,1,404.56,0.0
OI00026928,O0015351,P0174,1,18.77,0.0
OI00026961,O0015367,P0074,2,261.17,0.0
OI00026962,O0015367,P0035,1,1043.34,0.1
OI00027007,O0015392,P0047,1,143.11,0.0
OI00027010,O0015394,P0155,1,49.43,0.0
OI00027013,O0015396,P0156,1,85.79,0.0
OI00027043,O0015417,P0033,1,1313.02,0.0
OI00027044,O0015417,P0044,1,121.15,0.2
OI00027045,O0015417,P0036,1,727.59,0.15
OI00027049,O0015420,P0167,1,123.97,0.0
OI00027050,O0015420,P0110,1,73.45,0.0
OI00027051,O0015421,P0060,1,135.05,0.0
OI00027052,O0015421,P0028,1,1222.07,0.0
OI00027066,O0015429,P0118,2,129.36,0.1
OI00027067,O0015429,P0172,1,22.62,0.0
OI00027068,O0015430,P0165,1,40.23,0.0
OI00027069,O0015430,P0043,1,281.45,0.0
OI00027070,O0015430,P0100,1,61.44,0.0
OI00027088,O0015441,P0080,1,242.11,0.1
OI00027097,O0015449,P0118,1,128.05,0.25
OI00027098,O0015449,P0081,1,419.91,0.05
OI00027110,O0015457,P0117,1,30.79,0.0
OI00027115,O0015460,P0117,2,30.4,0.0
OI00027133,O0015472,P0053,1,364.86,0.0
OI00027147,O0015480,P0101,1,124.32,0.0
OI00027205,O0015515,P0005,2,1389.29,0.0
OI00027206,O0015515,P0101,1,127.67,0.05
OI00027223,O0015527,P0174,1,18.7,0.0
OI00027231,O0015533,P0033,1,1366.09,0.0
OI00027238,O0015539,P0020,1,556.32,0.05
OI00027239,O0015539,P0177,1,23.43,0.0
OI00027240,O0015539,P0134,1,133.31,0.0
OI00027247,O0015543,P0039,1,525.43,0.0
OI00027264,O0015551,P0111,1,284.09,0.0
OI00027265,O0015551,P0179,1,77.15,0.0
OI00027266,O0015551,P0143,1,111.61,0.1
OI00027271,O0015555,P0114,1,29.61,0.1
OI00027279,O0015560,P0129,1,305.41,0.2
OI00027280,O0015560,P0043,1,285.55,0.0
OI00027281,O0015560,P0048,1,56.45,0.0
OI00027287,O0015565,P0105,1,131.4,0.0
OI00027295,O0015570,P0061,1,384.84,0.1
OI00027326,O0015586,P0003,1,1255.45,0.15
OI00027337,O0015593,P0127,1,157.57,0.0
OI00027357,O0015605,P0145,2,158.31,0.1
OI00027358,O0015605,P0139,1,24.35,0.2
OI00027372,O0015613,P0178,1,11.27,0.0
OI00027373,O0015613,P0141,1,22.84,0.0
OI00027378,O0015616,P0175,1,12.21,0.15
OI00027379,O0015616,P0088,2,305.94,0.0
OI00027388,O0015622,P0019,1,411.87,0.0
OI00027389,O0015622,P0083,1,695.53,0.0
OI00027417,O0015638,P0151,1,19.74,0.0
OI00027435,O0015649,P0153,1,43.86,0.0
OI00027436,O0015649,P0126,1,187.2,0.2
OI00027456,O0015661,P0179,1,79.4,0.0
OI00027457,O0015661,P0129,1,312.84,0.0
OI00027458,O0015661,P0005,1,1332.4,0.15
OI00027462,O0015664,P0067,1,285.24,0.15
OI00027463,O0015665,P0105,2,130.74,0.15
OI00027464,O0015665,P0068,1,143.96,0.1
OI00027465,O0015665,P0009,1,1282.09,0.0
OI00027499,O0015685,P0005,1,1328.43,0.0
OI00027500,O0015685,P0095,1,286.06,0.0
OI00027502,O0015687,P0145,1,164.93,0.0
OI00027503,O0015687,P0125,1,289.21,0.0
OI00027504,O0015687,P0042,1,116.64,0.0
OI00027505,O0015687,P0121,1,146.28,0.0
OI00027506,O0015688,P0052,1,40.14,0.05
OI00027509,O0015690,P0086,2,50.19,0.0
OI00027510,O0015690,P0067,1,292.45,0.0
OI00027529,O0015701,P0018,1,1963.72,0.0
OI00027531,O0015703,P0036,1,723.66,0.05
OI00027549,O0015715,P0075,1,52.06,0.0
OI00027558,O0015721,P0103,1,83.8,0.15
OI00027593,O0015743,P0141,2,24.21,0.0
OI00027601,O0015749,P0074,1,260.34,0.0
OI00027602,O0015749,P0124,2,64.09,0.0
OI00027603,O0015749,P0009,1,1262.3,0.0
OI00027619,O0015758,P0096,1,86.31,0.0
OI00027620,O0015758,P0116,1,67.56,0.0
OI00027621,O0015758,P0032,1,879.87,0.0
OI00027633,O0015766,P0088,1,301.47,0.0
OI00027636,O0015768,P0059,2,49.85,0.15
OI00027637,O0015768,P0056,1,127.76,0.2
OI00027638,O0015769,P0156,2,89.48,0.0
OI00027639,O0015769,P0023,1,983.05,0.0
OI00027640,O0015769,P0143,1,114.23,0.0
OI00027642,O0015771,P0171,1,37.8,0.05
OI00027643,O0015771,P0038,1,470.59,0.0
OI00027645,O0015773,P0085,1,500.44,0.0
OI00027654,O0015778,P0062,1,55.79,0.0
OI00027655,O0015778,P0124,1,65.28,0.15
OI00027665,O0015787,P0075,1,54.45,0.1
OI00027666,O0015787,P0127,1,164.15,0.0
OI00027667,O0015787,P0145,2,163.63,0.0
OI00027668,O0015787,P0093,1,84.56,0.1
OI00027693,O0015801,P0119,1,32.79,0.05
OI00027694,O0015802,P0121,1,147.54,0.0
OI00027699,O0015806,P0062,1,58.07,0.0
OI00027700,O0015806,P0171,1,36.6,0.0
OI00027701,O0015807,P0071,2,115.21,0.0
OI00027707,O0015811,P0094,1,73.5,0.0
OI00027716,O0015817,P0173,2,45.21,0.0
OI00027723,O0015822,P0112,1,38.55,0.0
OI00027728,O0015825,P0098,2,322.99,0.0
OI00027743,O0015834,P0112,1,39.8,0.05
OI00027744,O0015834,P0018,1,1895.44,0.0
OI00027750,O0015839,P0052,1,40.58,0.0
OI00027751,O0015839,P0031,1,1347.45,0.0
OI00027761,O0015845,P0112,1,39.14,0.0
OI00027762,O0015845,P0079,1,178.61,0.0
OI00027763,O0015845,P0154,1,56.35,0.0
OI00027767,O0015847,P0011,2,1024.11,0.05
OI00027768,O0015847,P0149,1,18.29,0.0
OI00027769,O0015847,P0125,2,286.35,0.15
OI00027786,O0015860,P0011,1,1081.84,0.1
OI00027787,O0015860,P0119,1,31.85,0.0
OI00027798,O0015869,P0119,1,33.41,0.0
OI00027799,O0015870,P0107,1,160.54,0.0
OI00027800,O0015870,P0035,1,1074.37,0.0
OI00027801,O0015870,P0087,1,492.73,0.0
OI00027802,O0015871,P0162,1,18.91,0.0
OI00027825,O0015885,P0156,1,87.96,0.0
OI00027844,O0015893,P0033,1,1350.26,0.0
OI00027845,O0015893,P0159,1,174.65,0.0
OI00027846,O0015894,P0127,1,162.95,0.1
OI00027855,O0015899,P0156,3,88.89,0.0
OI00027856,O0015899,P0138,1,35.91,0.0
OI00027874,O0015908,P0049,1,337.72,0.0
OI00027875,O0015908,P0034,1,566.5,0.0
OI00027882,O0015913,P0046,1,330.96,0.0
OI00027883,O0015913,P0025,1,415.0,0.0
OI00027884,O0015913,P0048,1,57.17,0.0
OI00027885,O0015914,P0119,1,33.53,0.0
OI00027886,O0015914,P0146,1,53.61,0.0
OI00027887,O0015914,P0176,1,139.5,0.0
OI00027900,O0015922,P0067,1,283.56,0.0
OI00027931,O0015941,P0085,1,504.05,0.15
OI00027952,O0015954,P0145,1,164.72,0.1
OI00027964,O0015963,P0039,1,528.6,0.1
OI00027965,O0015964,P0063,1,61.4,0.0
OI00027966,O0015964,P0057,1,137.99,0.0
OI00027980,O0015972,P0045,1,404.35,0.0
OI00027981,O0015972,P0082,2,373.11,0.1
OI00027982,O0015972,P0083,1,729.79,0.05
OI00028018,O0015993,P0134,2,134.69,0.0
OI00028019,O0015993,P0180,1,51.0,0.0
OI00028043,O0016007,P0075,3,53.9,0.0
OI00028044,O0016007,P0098,1,320.84,0.0
OI00028049,O0016011,P0031,1,1295.98,0.0
OI00028058,O0016016,P0072,1,171.69,0.0
OI00028083,O0016029,P0018,1,1908.48,0.0
OI00028088,O0016032,P0145,1,162.05,0.05
OI00028089,O0016032,P0067,3,288.55,0.0
OI00028090,O0016032,P0007,1,1947.98,0.25
OI00028122,O0016047,P0175,1,11.78,0.0
OI00028143,O0016058,P0121,2,149.53,0.0
OI00028146,O0016060,P0119,1,32.61,0.0
OI00028147,O0016060,P0145,1,166.69,0.0
OI00028148,O0016060,P0016,2,940.64,0.0
OI00028149,O0016061,P0131,1,50.3,0.0
OI00028150,O0016061,P0127,1,157.0,0.1
OI00028159,O0016067,P0045,1,407.32,0.0
OI00028169,O0016073,P0041,1,233.98,0.0
OI00028170,O0016073,P0043,1,287.94,0.0
OI00028172,O0016075,P0011,1,1071.27,0.1
OI00028190,O0016087,P0084,1,607.92,0.0
OI00028209,O0016096,P0093,1,83.8,0.0
OI00028210,O0016096,P0043,1,285.26,0.1
OI00028240,O0016114,P0136,2,87.37,0.0
OI00028241,O0016115,P0144,1,14.02,0.0
OI00028242,O0016115,P0084,2,651.2,0.0
OI00028254,O0016124,P0159,1,183.13,0.25
OI00028255,O0016124,P0174,1,18.09,0.0
OI00028256,O0016124,P0157,1,127.06,0.0
OI00028257,O0016124,P0066,1,267.06,0.1
OI00028262,O0016127,P0133,1,9.85,0.0
OI00028263,O0016127,P0040,1,984.84,0.1
OI00028264,O0016127,P0160,1,24.46,0.0
OI00028271,O0016131,P0067,1,287.04,0.0
OI00028281,O0016137,P0164,1,39.08,0.0
OI00028287,O0016140,P0129,1,298.0,0.0
OI00028288,O0016140,P0097,1,137.72,0.0
OI00028307,O0016151,P0063,1,59.93,0.0
OI00028308,O0016151,P0008,2,1155.88,0.0
OI00028309,O0016151,P0039,1,510.76,0.15
OI00028310,O0016151,P0154,1,58.41,0.1
OI00028331,O0016163,P0122,1,397.69,0.0
OI00028332,O0016164,P0068,1,142.04,0.0
OI00028339,O0016169,P0106,1,134.14,0.0
OI00028340,O0016169,P0072,1,172.68,0.15
OI00028341,O0016169,P0111,1,286.35,0.0
OI00028361,O0016179,P0100,1,62.11,0.15
OI00028372,O0016187,P0011,1,1084.02,0.05
OI00028392,O0016197,P0138,1,35.59,0.0
OI00028393,O0016197,P0053,1,368.86,0.0
OI00028396,O0016200,P0106,2,131.6,0.0
OI00028414,O0016209,P0034,1,557.58,0.0
OI00028415,O0016209,P0072,1,170.79,0.0
OI00028423,O0016215,P0061,1,382.53,0.05
OI00028424,O0016215,P0095,1,287.15,0.0
OI00028425,O0016215,P0180,1,51.05,0.0
OI00028428,O0016217,P0147,1,75.69,0.0
OI00028429,O0016217,P0114,3,28.77,0.0
OI00028430,O0016217,P0016,1,916.39,0.0
OI00028438,O0016222,P0164,1,39.6,0.0
OI00028455,O0016232,P0077,1,429.09,0.05
OI00028456,O0016232,P0049,1,337.04,0.0
OI00028457,O0016232,P0096,1,86.42,0.0
OI00028458,O0016232,P0166,1,32.97,0.0
OI00028460,O0016234,P0086,1,50.15,0.0
OI00028461,O0016234,P0026,1,1166.74,0.0
OI00028462,O0016234,P0098,3,316.93,0.05
OI00028473,O0016240,P0119,1,32.81,0.0
OI00028494,O0016255,P0168,2,65.03,0.05
OI00028510,O0016266,P0177,2,22.71,0.0
OI00028514,O0016269,P0045,1,402.85,0.0
OI00028515,O0016269,P0001,2,1743.33,0.0
OI00028520,O0016272,P0108,1,40.99,0.0
OI00028521,O0016272,P0142,1,12.48,0.0
OI00028522,O0016272,P0159,1,178.33,0.0
OI00028553,O0016291,P0163,1,17.79,0.0
OI00028554,O0016291,P0136,1,83.67,0.0
OI00028557,O0016293,P0076,1,120.17,0.05
OI00028558,O0016293,P0171,2,38.28,0.0
OI00028566,O0016298,P0095,1,285.29,0.0
OI00028567,O0016298,P0161,2,65.3,0.0
OI00028594,O0016315,P0077,2,397.07,0.05
OI00028595,O0016315,P0135,1,183.47,0.0
OI00028604,O0016321,P0074,1,264.16,0.0
OI00028606,O0016323,P0054,1,57.0,0.1
OI00028607,O0016323,P0150,1,11.66,0.0
OI00028620,O0016330,P0102,1,52.75,0.0
OI00028659,O0016353,P0068,1,141.22,0.0
OI00028668,O0016360,P0115,1,66.08,0.0
OI00028708,O0016383,P0006,1,2201.92,0.0
OI00028711,O0016385,P0025,1,409.24,0.0
OI00028712,O0016385,P0087,1,487.25,0.1
OI00028715,O0016388,P0052,1,39.94,0.1
OI00028722,O0016393,P0053,1,367.81,0.0
OI00028723,O0016393,P0066,1,273.03,0.15
OI00028738,O0016402,P0162,1,19.95,0.05
OI00028751,O0016410,P0035,2,1044.22,0.0
OI00028752,O0016410,P0100,2,63.78,0.2
OI00028753,O0016410,P0173,1,45.07,0.0
OI00028766,O0016419,P0121,1,145.95,0.0
OI00028767,O0016419,P0178,1,11.23,0.0
OI00028777,O0016425,P0068,1,143.48,0.0
OI00028782,O0016428,P0111,1,283.68,0.05
OI00028783,O0016428,P0027,2,882.06,0.0
OI00028822,O0016449,P0070,1,52.87,0.1
OI00028870,O0016477,P0037,1,546.47,0.0
OI00028884,O0016485,P0146,1,53.57,0.0
OI00028885,O0016485,P0126,1,185.85,0.1
OI00028896,O0016492,P0158,1,64.94,0.1
OI00028897,O0016492,P0134,1,136.84,0.0
OI00028898,O0016492,P0023,1,997.09,0.0
OI00028905,O0016496,P0067,1,283.64,0.0
OI00028906,O0016496,P0095,1,286.87,0.0
OI00028907,O0016496,P0051,1,56.24,0.0
OI00028908,O0016496,P0133,2,9.95,0.0
OI00028909,O0016497,P0067,2,289.7,0.0
OI00028910,O0016497,P0074,1,247.34,0.15
OI00028939,O0016513,P0100,1,61.2,0.15
OI00028949,O0016519,P0136,1,85.72,0.0
OI00028971,O0016531,P0035,1,1087.04,0.0
OI00028984,O0016539,P0179,1,79.75,0.0
OI00028990,O0016543,P0070,1,53.76,0.0
OI00029008,O0016553,P0151,1,19.11,0.15
OI00029009,O0016553,P0021,1,638.43,0.0
OI00029027,O0016561,P0152,1,14.53,0.0
OI00029049,O0016572,P0102,1,50.02,0.0
OI00029068,O0016581,P0165,1,41.98,0.1
OI00029069,O0016581,P0174,1,18.35,0.0
OI00029086,O0016591,P0131,1,48.79,0.1
OI00029099,O0016598,P0078,1,139.01,0.0
OI00029100,O0016598,P0056,2,128.56,0.0
OI00029101,O0016599,P0080,1,233.59,0.0
OI00029102,O0016599,P0101,1,127.85,0.0
OI00029103,O0016599,P0018,1,1952.0,0.0
OI00029107,O0016601,P0091,1,168.72,0.05
OI00029108,O0016601,P0043,1,290.14,0.0
OI00029115,O0016606,P0043,1,280.71,0.0
OI00029118,O0016608,P0131,1,50.77,0.1
OI00029119,O0016608,P0116,1,70.93,0.0
OI00029138,O0016619,P0137,1,25.19,0.0
OI00029139,O0016619,P0019,1,395.8,0.0
OI00029147,O0016623,P0144,1,13.7,0.0
OI00029148,O0016623,P0063,1,57.4,0.0
OI00029149,O0016623,P0142,1,12.66,0.1
OI00029158,O0016628,P0102,1,52.58,0.0
OI00029159,O0016628,P0134,1,135.87,0.0
OI00029162,O0016630,P0148,1,15.09,0.15
OI00029172,O0016637,P0040,1,1006.08,0.0
OI00029173,O0016637,P0124,1,64.6,0.0
OI00029174,O0016637,P0134,2,134.94,0.0
OI00029175,O0016638,P0058,2,145.55,0.0
OI00029176,O0016638,P0113,1,101.93,0.15
OI00029177,O0016639,P0161,1,63.88,0.1
OI00029178,O0016639,P0081,1,417.87,0.0
OI00029203,O0016658,P0024,2,489.64,0.0
OI00029212,O0016663,P0069,2,98.09,0.15
OI00029213,O0016663,P0020,1,551.35,0.0
OI00029214,O0016663,P0001,1,1696.1,0.0
OI00029222,O0016668,P0043,1,288.62,0.0
OI00029262,O0016688,P0117,1,29.44,0.0
OI00029263,O0016688,P0113,3,98.79,0.1
OI00029264,O0016688,P0055,1,331.89,0.0
OI00029273,O0016692,P0024,1,517.39,0.0
OI00029275,O0016694,P0164,1,39.86,0.1
OI00029276,O0016694,P0090,1,204.35,0.15
OI00029277,O0016694,P0139,1,24.58,0.05
OI00029278,O0016694,P0154,1,55.51,0.0
OI00029291,O0016703,P0100,1,62.44,0.0
OI00029294,O0016705,P0075,2,55.06,0.0
OI00029295,O0016705,P0064,1,131.56,0.0
OI00029307,O0016713,P0146,1,54.7,0.05
OI00029308,O0016713,P0161,1,63.41,0.0
OI00029333,O0016728,P0140,1,15.58,0.0
OI00029334,O0016728,P0023,1,996.0,0.05
OI00029347,O0016737,P0008,2,1159.1,0.0
OI00029348,O0016737,P0062,1,55.4,0.1
OI00029362,O0016745,P0069,1,98.11,0.0
OI00029363,O0016745,P0002,2,939.79,0.0
OI00029364,O0016745,P0060,1,134.03,0.05
OI00029376,O0016751,P0142,1,12.66,0.05
OI00029431,O0016783,P0150,1,11.13,0.0
OI00029462,O0016797,P0027,1,929.21,0.05
OI00029467,O0016799,P0120,1,343.83,0.0
OI00029477,O0016806,P0169,2,179.43,0.0
OI00029490,O0016815,P0004,1,968.84,0.0
OI00029491,O0016815,P0104,1,29.13,0.0
OI00029492,O0016815,P0155,2,51.25,0.25
OI00029494,O0016817,P0096,1,85.28,0.0
OI00029512,O0016828,P0030,1,848.16,0.0
OI00029513,O0016828,P0178,1,11.24,0.05
OI00029521,O0016833,P0171,1,38.27,0.0
OI00029522,O0016833,P0119,1,32.43,0.0
OI00029523,O0016833,P0096,1,87.41,0.05
OI00029524,O0016833,P0083,1,717.29,0.1
OI00029540,O0016842,P0171,2,37.88,0.2
OI00029541,O0016842,P0137,1,25.59,0.1
OI00029555,O0016852,P0156,1,86.25,0.0
OI00029556,O0016852,P0043,1,278.68,0.0
OI00029560,O0016856,P0177,1,22.72,0.0
OI00029561,O0016856,P0149,1,17.88,0.05
OI00029571,O0016863,P0154,1,56.42,0.0
OI00029625,O0016896,P0129,1,308.27,0.05
OI00029626,O0016896,P0008,1,1169.99,0.05
OI00029632,O0016899,P0024,1,509.1,0.0
OI00029633,O0016899,P0150,1,11.4,0.0
OI00029647,O0016908,P0129,1,305.32,0.05
OI00029653,O0016911,P0163,1,18.0,0.0
OI00029654,O0016911,P0134,1,132.66,0.2
OI00029655,O0016911,P0130,1,29.54,0.0
OI00029656,O0016912,P0166,1,32.97,0.0
OI00029663,O0016916,P0172,1,22.44,0.0
OI00029679,O0016924,P0068,1,141.24,0.0
OI00029703,O0016940,P0007,1,2010.26,0.2
OI00029704,O0016940,P0049,2,333.25,0.1
OI00029705,O0016940,P0163,1,18.36,0.05
OI00029706,O0016940,P0172,1,21.78,0.0
OI00029714,O0016945,P0162,1,19.37,0.15
OI00029715,O0016945,P0085,1,487.0,0.05
OI00029727,O0016950,P0151,1,19.27,0.0
OI00029740,O0016957,P0091,1,169.24,0.0
OI00029741,O0016958,P0042,1,118.6,0.1
OI00029749,O0016963,P0021,1,652.28,0.05
OI00029750,O0016963,P0114,1,29.2,0.0
OI00029751,O0016964,P0107,1,151.19,0.1
OI00029752,O0016964,P0167,1,130.3,0.0
OI00029780,O0016979,P0132,1,29.72,0.0
OI00029781,O0016979,P0060,2,135.25,0.0
OI00029788,O0016983,P0049,1,351.04,0.05
OI00029789,O0016983,P0133,1,10.12,0.0
OI00029805,O0016990,P0017,1,1585.73,0.0
OI00029825,O0017003,P0107,1,150.26,0.05
OI00029828,O0017005,P0143,1,110.5,0.15
OI00029831,O0017007,P0002,1,940.57,0.15
OI00029832,O0017007,P0089,1,350.7,0.0
OI00029833,O0017008,P0033,1,1302.01,0.15
OI00029834,O0017008,P0049,1,338.81,0.0
OI00029837,O0017011,P0071,2,115.74,0.0
OI00029838,O0017011,P0100,1,61.59,0.0
OI00029862,O0017024,P0126,3,185.84,0.1
OI00029863,O0017024,P0153,1,43.31,0.0
OI00029881,O0017033,P0038,1,476.22,0.0
OI00029882,O0017033,P0054,1,56.01,0.0
OI00029883,O0017033,P0127,2,164.66,0.0
OI00029905,O0017047,P0062,1,56.91,0.05
OI00029914,O0017053,P0041,1,229.84,0.25
OI00029922,O0017058,P0040,3,1016.25,0.05
OI00029923,O0017058,P0076,1,121.33,0.0
OI00029964,O0017080,P0122,1,388.29,0.0
OI00029989,O0017093,P0176,1,137.81,0.0
OI00029991,O0017095,P0079,1,174.48,0.1
OI00029992,O0017095,P0123,2,49.9,0.15
OI00030035,O0017118,P0093,1,82.85,0.0
OI00030051,O0017130,P0002,1,916.25,0.0
OI00030052,O0017130,P0059,1,50.25,0.0
OI00030059,O0017133,P0071,1,114.74,0.05
OI00030060,O0017133,P0129,2,300.41,0.0
OI00030063,O0017135,P0120,1,338.31,0.1
OI00030064,O0017135,P0095,1,282.0,0.0
OI00030074,O0017143,P0094,1,73.74,0.0
OI00030075,O0017144,P0051,2,54.87,0.1
OI00030077,O0017146,P0136,2,84.89,0.05
OI00030084,O0017151,P0109,1,168.69,0.0
OI00030092,O0017156,P0077,1,418.93,0.0
OI00030093,O0017156,P0086,1,52.42,0.0
OI00030094,O0017156,P0017,1,1667.6,0.0
OI00030095,O0017156,P0153,1,43.67,0.0
OI00030099,O0017160,P0134,1,135.33,0.1
OI00030136,O0017184,P0062,1,56.92,0.0
OI00030137,O0017184,P0002,1,951.41,0.0
OI00030138,O0017184,P0094,1,71.7,0.0
OI00030174,O0017204,P0074,1,256.79,0.05
OI00030175,O0017204,P0008,1,1196.87,0.0
OI00030176,O0017204,P0060,1,135.4,0.0
OI00030198,O0017217,P0180,1,52.33,0.0
OI00030199,O0017217,P0141,1,23.64,0.0
OI00030200,O0017217,P0064,1,132.6,0.05
OI00030201,O0017218,P0088,1,297.25,0.1
OI00030202,O0017218,P0174,2,18.31,0.0
OI00030220,O0017227,P0137,1,25.56,0.0
OI00030231,O0017234,P0013,1,1052.32,0.15
OI00030232,O0017234,P0025,1,433.71,0.05
OI00030233,O0017235,P0106,1,129.36,0.15
OI00030234,O0017235,P0020,1,546.31,0.0
OI00030241,O0017239,P0110,1,74.05,0.0
OI00030242,O0017239,P0072,1,172.42,0.0
OI00030290,O0017264,P0136,1,86.13,0.05
OI00030291,O0017264,P0057,1,131.28,0.0
OI00030306,O0017275,P0170,2,9.45,0.0
OI00030312,O0017279,P0124,1,66.18,0.0
OI00030313,O0017279,P0132,1,29.36,0.15
OI00030314,O0017279,P0015,1,1415.48,0.0
OI00030315,O0017279,P0014,1,825.01,0.1
OI00030316,O0017280,P0144,1,13.27,0.2
OI00030330,O0017286,P0177,1,22.92,0.05
OI00030331,O0017287,P0100,1,62.9,0.1
OI00030332,O0017288,P0031,1,1376.59,0.0
OI00030353,O0017302,P0128,2,68.21,0.05
OI00030357,O0017304,P0020,2,552.26,0.0
OI00030363,O0017309,P0063,1,57.3,0.0
OI00030364,O0017309,P0085,1,505.11,0.0
OI00030365,O0017309,P0003,1,1218.99,0.1
OI00030397,O0017327,P0057,1,135.47,0.0
OI00030398,O0017327,P0171,2,38.14,0.0
OI00030399,O0017327,P0046,1,333.36,0.0
OI00030402,O0017329,P0149,2,18.01,0.0
OI00030403,O0017329,P0130,1,30.16,0.0
OI00030404,O0017329,P0034,2,543.94,0.0
OI00030408,O0017331,P0010,1,881.38,0.0
OI00030409,O0017331,P0049,1,341.64,0.0
OI00030410,O0017331,P0064,1,134.17,0.0
OI00030424,O0017339,P0070,1,55.37,0.1
OI00030432,O0017346,P0137,1,25.83,0.05
OI00030433,O0017346,P0030,1,872.19,0.0
OI00030459,O0017365,P0130,1,31.08,0.0
OI00030460,O0017365,P0110,1,75.42,0.0
OI00030461,O0017366,P0039,1,534.1,0.0
OI00030464,O0017368,P0155,1,50.31,0.0
OI00030465,O0017368,P0098,1,324.63,0.0
OI00030477,O0017376,P0149,1,18.44,0.0
OI00030498,O0017390,P0033,1,1350.37,0.05
OI00030499,O0017390,P0096,1,85.91,0.0
OI00030500,O0017390,P0074,1,251.55,0.0
OI00030513,O0017397,P0107,1,153.74,0.25
OI00030514,O0017397,P0005,1,1298.22,0.1
OI00030516,O0017399,P0089,1,341.69,0.0
OI00030517,O0017399,P0146,1,53.14,0.05
OI00030521,O0017401,P0180,1,52.24,0.15
OI00030522,O0017401,P0079,1,178.04,0.0
OI00030540,O0017413,P0012,1,1485.38,0.0
OI00030541,O0017413,P0126,1,188.11,0.0
OI00030542,O0017414,P0152,1,15.04,0.0
OI00030556,O0017423,P0067,1,278.38,0.1
OI00030557,O0017423,P0048,1,53.15,0.0
OI00030558,O0017423,P0064,1,131.14,0.0
OI00030570,O0017430,P0111,1,278.91,0.0
OI00030572,O0017432,P0099,1,228.61,0.1
OI00030573,O0017432,P0128,1,70.22,0.0
OI00030582,O0017437,P0179,1,77.97,0.0
OI00030583,O0017437,P0075,1,53.28,0.0
OI00030584,O0017438,P0084,1,618.07,0.0
OI00030586,O0017440,P0141,1,24.41,0.0
OI00030587,O0017441,P0041,1,232.08,0.0
OI00030608,O0017455,P0121,1,149.11,0.0
OI00030609,O0017455,P0093,1,85.15,0.0
OI00030618,O0017462,P0160,1,23.97,0.0
OI00030619,O0017463,P0042,1,122.43,0.0
OI00030620,O0017463,P0028,1,1208.39,0.1
OI00030621,O0017464,P0113,1,98.67,0.0
OI00030636,O0017474,P0086,1,49.71,0.0
OI00030637,O0017474,P0008,1,1180.95,0.0
OI00030649,O0017481,P0156,1,86.93,0.0
OI00030659,O0017488,P0064,1,131.48,0.05
OI00030665,O0017491,P0143,1,111.37,0.0
OI00030672,O0017495,P0156,1,88.87,0.15
OI00030673,O0017495,P0019,1,399.79,0.05
OI00030677,O0017497,P0166,1,33.25,0.15
OI00030678,O0017497,P0030,1,877.95,0.0
OI00030684,O0017502,P0145,1,160.76,0.0
OI00030685,O0017502,P0083,2,701.96,0.05
OI00030686,O0017502,P0006,1,2223.73,0.0
OI00030724,O0017520,P0124,2,65.44,0.0
OI00030730,O0017524,P0019,1,400.26,0.15
OI00030731,O0017524,P0165,1,40.21,0.0
OI00030732,O0017524,P0131,1,49.17,0.15
OI00030736,O0017527,P0033,1,1333.81,0.0
OI00030737,O0017527,P0096,2,87.94,0.0
OI00030746,O0017532,P0126,1,179.64,0.15
OI00030773,O0017546,P0136,1,84.47,0.0
OI00030774,O0017547,P0022,2,871.15,0.0
OI00030807,O0017564,P0031,1,1327.2,0.0
OI00030808,O0017564,P0172,1,21.52,0.0
OI00030809,O0017564,P0115,1,68.55,0.2
OI00030827,O0017574,P0169,1,183.84,0.0
OI00030828,O0017574,P0033,1,1358.1,0.05
OI00030846,O0017584,P0155,1,49.52,0.0
OI00030847,O0017584,P0047,1,135.33,0.0
OI00030848,O0017584,P0046,1,343.3,0.05
OI00030854,O0017590,P0027,1,905.23,0.0
OI00030855,O0017590,P0063,1,58.86,0.0
OI00030862,O0017595,P0103,1,86.94,0.0
OI00030863,O0017596,P0065,2,319.33,0.0
OI00030880,O0017605,P0162,1,19.52,0.0
OI00030881,O0017605,P0067,1,282.41,0.0
OI00030882,O0017605,P0012,2,1493.99,0.0
OI00030883,O0017605,P0058,2,145.11,0.1
OI00030891,O0017610,P0062,1,55.8,0.0
OI00030892,O0017610,P0012,1,1458.69,0.0
OI00030894,O0017612,P0066,1,270.66,0.0
OI00030939,O0017633,P0142,1,12.06,0.1
OI00030940,O0017633,P0047,1,143.02,0.0
OI00030947,O0017637,P0078,1,137.87,0.15
OI00030948,O0017637,P0077,1,409.02,0.05
OI00030957,O0017641,P0042,1,121.41,0.2
OI00030958,O0017641,P0167,2,128.94,0.0
OI00030959,O0017641,P0086,2,49.28,0.0
OI00030965,O0017644,P0076,1,125.86,0.0
OI00030967,O0017646,P0045,1,418.19,0.1
OI00030968,O0017646,P0069,1,97.4,0.0
OI00030970,O0017648,P0046,1,338.92,0.0
OI00031031,O0017679,P0126,1,185.23,0.0
OI00031033,O0017681,P0098,1,314.36,0.0
OI00031034,O0017681,P0056,1,126.81,0.0
OI00031035,O0017681,P0151,1,18.87,0.1
OI00031043,O0017686,P0043,1,297.66,0.05
OI00031047,O0017689,P0104,1,30.01,0.0
OI00031048,O0017689,P0057,1,132.87,0.0
OI00031069,O0017703,P0135,1,184.02,0.0
OI00031070,O0017703,P0156,1,88.63,0.0
OI00031077,O0017706,P0066,1,277.78,0.05
OI00031078,O0017706,P0105,1,132.51,0.1
OI00031094,O0017714,P0111,1,281.14,0.0
OI00031095,O0017714,P0016,3,940.06,0.0
OI00031108,O0017720,P0076,1,126.89,0.05
OI00031111,O0017723,P0139,2,23.95,0.1
OI00031112,O0017723,P0132,1,29.44,0.0
OI00031113,O0017724,P0106,1,130.01,0.0
OI00031114,O0017725,P0075,1,54.04,0.0
OI00031126,O0017733,P0172,1,21.79,0.0
OI00031194,O0017770,P0095,1,275.1,0.0
OI00031217,O0017783,P0026,1,1166.44,0.0
OI00031218,O0017783,P0175,1,12.1,0.0
OI00031219,O0017784,P0082,1,372.82,0.0
OI00031220,O0017784,P0105,1,132.87,0.0
OI00031221,O0017785,P0076,1,122.93,0.05
OI00031222,O0017785,P0050,1,91.6,0.0
OI00031232,O0017792,P0091,1,166.99,0.0
OI00031233,O0017792,P0002,1,924.67,0.0
OI00031235,O0017794,P0109,1,164.57,0.0
OI00031251,O0017803,P0176,1,139.83,0.0
OI00031252,O0017803,P0112,1,40.37,0.0
OI00031253,O0017803,P0155,2,52.02,0.0
OI00031259,O0017807,P0039,1,516.81,0.25
OI00031281,O0017817,P0147,1,77.69,0.0
OI00031282,O0017817,P0115,1,68.12,0.0
OI00031288,O0017821,P0074,1,254.21,0.0
OI00031289,O0017822,P0180,1,51.24,0.0
OI00031290,O0017822,P0122,1,372.87,0.05
OI00031305,O0017832,P0076,1,123.61,0.0
OI00031306,O0017833,P0130,1,31.52,0.0
OI00031310,O0017835,P0058,1,148.22,0.05
OI00031311,O0017835,P0096,1,87.04,0.0
OI00031324,O0017845,P0067,1,289.81,0.0
OI00031336,O0017854,P0075,1,54.24,0.0
OI00031340,O0017858,P0100,1,64.06,0.1
OI00031341,O0017858,P0062,1,57.17,0.0
OI00031342,O0017858,P0083,1,727.69,0.0
OI00031367,O0017873,P0079,1,168.88,0.0
OI00031368,O0017873,P0098,1,321.9,0.05
OI00031426,O0017908,P0121,1,139.82,0.15
OI00031427,O0017908,P0099,1,240.46,0.15
OI00031444,O0017917,P0104,1,29.41,0.0
OI00031452,O0017922,P0113,1,98.16,0.0
OI00031453,O0017922,P0064,1,128.87,0.0
OI00031475,O0017935,P0155,1,51.56,0.1
OI00031476,O0017935,P0044,1,128.9,0.0
OI00031477,O0017935,P0046,1,323.7,0.0
OI00031479,O0017937,P0147,1,76.58,0.0
OI00031484,O0017940,P0056,1,132.82,0.0
OI00031489,O0017944,P0058,1,148.77,0.0
OI00031490,O0017944,P0140,1,15.48,0.05
OI00031491,O0017945,P0174,1,17.93,0.0
OI00031498,O0017950,P0086,1,49.58,0.0
OI00031499,O0017950,P0157,1,116.91,0.15
OI00031500,O0017950,P0090,1,198.94,0.0
OI00031506,O0017955,P0060,1,134.77,0.0
OI00031542,O0017974,P0095,2,281.38,0.0
OI00031545,O0017976,P0093,1,86.61,0.05
OI00031546,O0017976,P0057,1,133.05,0.0
OI00031547,O0017976,P0056,1,129.04,0.0
OI00031550,O0017978,P0163,1,18.07,0.1
OI00031559,O0017983,P0119,1,33.43,0.0
OI00031560,O0017983,P0147,1,76.16,0.0
OI00031577,O0017994,P0113,1,99.08,0.0
OI00031578,O0017994,P0029,1,549.33,0.05
OI00031579,O0017994,P0145,1,167.03,0.1
OI00031617,O0018015,P0116,1,68.77,0.1
OI00031618,O0018015,P0086,1,49.15,0.0
OI00031623,O0018018,P0084,1,638.61,0.1
OI00031624,O0018018,P0088,2,305.08,0.0
OI00031637,O0018025,P0148,1,14.84,0.0
OI00031661,O0018040,P0094,1,71.75,0.1
OI00031681,O0018050,P0003,1,1204.15,0.1
OI00031684,O0018053,P0019,1,403.09,0.1
OI00031685,O0018053,P0055,1,341.97,0.15
OI00031704,O0018061,P0045,1,400.76,0.0
OI00031748,O0018089,P0018,1,1952.03,0.0
OI00031759,O0018095,P0062,1,57.14,0.0
OI00031760,O0018095,P0128,1,71.97,0.0
OI00031761,O0018095,P0037,1,553.43,0.0
OI00031766,O0018098,P0164,1,39.77,0.0
OI00031775,O0018103,P0067,1,291.3,0.2
OI00031784,O0018107,P0163,1,17.77,0.0
OI00031785,O0018107,P0162,1,19.57,0.0
OI00031786,O0018107,P0133,1,10.0,0.0
OI00031787,O0018107,P0126,1,186.65,0.0
OI00031799,O0018114,P0085,1,491.32,0.0
OI00031800,O0018114,P0116,1,69.03,0.0
OI00031801,O0018114,P0146,1,52.79,0.0
OI00031802,O0018114,P0120,1,323.79,0.0
OI00031833,O0018134,P0164,1,38.45,0.0
OI00031851,O0018144,P0180,1,53.06,0.0
OI00031863,O0018150,P0005,1,1328.75,0.0
OI00031893,O0018168,P0147,1,76.65,0.0
OI00031898,O0018172,P0042,2,119.35,0.0
OI00031899,O0018172,P0163,1,18.25,0.0
OI00031900,O0018173,P0059,1,50.34,0.0
OI00031902,O0018175,P0119,1,31.82,0.0
OI00031903,O0018175,P0157,1,120.59,0.0
OI00031930,O0018196,P0072,1,169.19,0.0
OI00031951,O0018208,P0127,1,164.78,0.0
OI00031952,O0018209,P0027,1,884.78,0.0
OI00031953,O0018209,P0126,1,179.59,0.1
OI00031954,O0018210,P0057,2,131.15,0.05
OI00031967,O0018218,P0055,3,331.4,0.0
OI00031968,O0018218,P0167,1,129.71,0.0
OI00031969,O0018218,P0140,1,15.65,0.0
OI00031970,O0018218,P0087,2,493.65,0.0
OI00031971,O0018219,P0174,1,18.42,0.0
OI00031972,O0018219,P0160,1,23.42,0.0
OI00031973,O0018219,P0134,1,133.17,0.0
OI00031980,O0018223,P0078,1,137.51,0.15
OI00031982,O0018225,P0125,1,295.18,0.0
OI00031986,O0018228,P0008,2,1194.05,0.1
OI00031987,O0018228,P0155,1,51.96,0.0
OI00031988,O0018228,P0128,1,71.06,0.0
OI00031989,O0018228,P0172,3,21.82,0.0
OI00032000,O0018236,P0106,1,130.92,0.0
OI00032009,O0018242,P0110,1,74.94,0.15
OI00032018,O0018248,P0082,1,371.98,0.0
OI00032019,O0018248,P0090,1,204.16,0.0
OI00032054,O0018267,P0114,1,29.21,0.0
OI00032055,O0018267,P0103,1,82.48,0.0
OI00032066,O0018273,P0130,1,30.83,0.15
OI00032067,O0018273,P0053,1,338.33,0.0
OI00032079,O0018281,P0114,1,29.45,0.0
OI00032083,O0018285,P0156,1,90.54,0.0
OI00032084,O0018285,P0057,1,132.47,0.0
OI00032087,O0018288,P0151,1,18.91,0.1
OI00032088,O0018288,P0035,1,1034.54,0.15
OI00032089,O0018288,P0096,1,86.27,0.0
OI00032106,O0018299,P0102,1,51.39,0.0
OI00032107,O0018299,P0122,1,382.91,0.05
OI00032112,O0018303,P0044,1,119.61,0.0
OI00032113,O0018303,P0175,1,11.51,0.0
OI00032114,O0018303,P0087,1,502.63,0.0
OI00032138,O0018319,P0024,1,511.7,0.05
OI00032166,O0018335,P0094,3,72.63,0.0
OI00032211,O0018363,P0110,1,74.49,0.1
OI00032215,O0018366,P0047,1,139.14,0.0
OI00032220,O0018369,P0002,1,940.21,0.0
OI00032233,O0018375,P0060,1,132.21,0.15
OI00032246,O0018384,P0168,1,62.3,0.1
OI00032247,O0018384,P0059,1,49.12,0.0
OI00032248,O0018384,P0064,1,128.75,0.0
OI00032265,O0018394,P0019,2,404.02,0.0
OI00032266,O0018395,P0094,1,72.56,0.0
OI00032267,O0018396,P0142,1,12.4,0.05
OI00032280,O0018402,P0090,1,205.37,0.0
OI00032281,O0018402,P0001,1,1736.53,0.0
OI00032282,O0018403,P0068,1,139.39,0.0
OI00032283,O0018403,P0165,1,41.37,0.0
OI00032286,O0018405,P0108,1,41.66,0.0
OI00032287,O0018405,P0074,1,265.79,0.0
OI00032301,O0018414,P0042,1,118.55,0.05
OI00032302,O0018414,P0079,1,178.38,0.15
OI00032306,O0018417,P0079,2,170.85,0.0
OI00032307,O0018417,P0150,1,11.41,0.0
OI00032324,O0018427,P0085,1,499.63,0.1
OI00032325,O0018427,P0076,1,121.72,0.15
OI00032326,O0018427,P0134,1,131.66,0.0
OI00032327,O0018427,P0173,1,45.11,0.0
OI00032339,O0018437,P0173,1,44.0,0.1
OI00032365,O0018452,P0096,1,85.68,0.0
OI00032371,O0018457,P0055,1,326.96,0.0
OI00032372,O0018457,P0144,2,13.84,0.0
OI00032376,O0018459,P0070,1,53.05,0.0
OI00032377,O0018460,P0165,1,41.54,0.0
OI00032380,O0018463,P0023,2,1019.68,0.1
OI00032381,O0018463,P0068,1,140.75,0.0
OI00032383,O0018465,P0111,1,293.72,0.05
OI00032384,O0018465,P0041,2,228.85,0.0
OI00032413,O0018482,P0074,1,257.29,0.0
OI00032414,O0018482,P0135,1,182.59,0.0
OI00032462,O0018508,P0043,1,293.45,0.0
OI00032463,O0018508,P0018,1,1929.77,0.1
OI00032467,O0018510,P0069,2,99.39,0.0
OI00032478,O0018515,P0004,1,1008.21,0.0
OI00032481,O0018517,P0085,1,503.96,0.15
OI00032533,O0018545,P0145,1,165.1,0.0
OI00032534,O0018546,P0049,1,341.59,0.0
OI00032537,O0018548,P0172,1,22.11,0.15
OI00032541,O0018550,P0106,1,135.24,0.05
OI00032544,O0018552,P0151,1,19.1,0.0
OI00032545,O0018552,P0046,1,329.44,0.0
OI00032546,O0018552,P0091,1,170.26,0.2
OI00032556,O0018558,P0160,1,24.5,0.15
OI00032563,O0018562,P0107,2,153.24,0.0
OI00032600,O0018578,P0054,1,57.98,0.0
OI00032601,O0018578,P0037,1,530.79,0.0
OI00032602,O0018578,P0143,1,112.88,0.0
OI00032603,O0018578,P0131,1,49.3,0.05
OI00032611,O0018583,P0122,1,387.39,0.0
OI00032612,O0018584,P0152,1,14.87,0.0
OI00032613,O0018584,P0024,2,503.18,0.1
OI00032664,O0018612,P0150,1,11.62,0.0
OI00032673,O0018616,P0165,1,39.9,0.05
OI00032681,O0018620,P0093,1,82.97,0.0
OI00032692,O0018627,P0109,1,169.4,0.0
OI00032693,O0018627,P0029,1,531.26,0.0
OI00032700,O0018633,P0151,1,19.94,0.05
OI00032707,O0018637,P0177,1,22.17,0.0
OI00032739,O0018654,P0152,1,14.98,0.15
OI00032740,O0018654,P0114,1,28.56,0.0
OI00032753,O0018663,P0096,1,84.89,0.0
OI00032773,O0018675,P0039,1,517.58,0.0
OI00032792,O0018687,P0141,1,23.93,0.0
OI00032808,O0018697,P0097,1,143.24,0.0
OI00032809,O0018697,P0056,1,124.57,0.1
OI00032810,O0018697,P0075,1,55.53,0.0
OI00032828,O0018706,P0067,1,282.15,0.0
OI00032831,O0018709,P0158,1,66.82,0.0
OI00032832,O0018709,P0083,1,719.6,0.1
OI00032833,O0018709,P0029,1,507.79,0.05
OI00032841,O0018714,P0105,1,130.35,0.15
OI00032848,O0018718,P0014,1,835.35,0.0
OI00032856,O0018723,P0079,1,175.57,0.0
OI00032857,O0018723,P0036,1,710.14,0.0
OI00032858,O0018723,P0113,1,100.52,0.15
OI00032859,O0018723,P0166,2,33.3,0.05
OI00032885,O0018740,P0173,1,45.53,0.0
OI00032886,O0018740,P0137,2,26.57,0.0
OI00032887,O0018740,P0027,1,914.23,0.1
OI00032888,O0018740,P0048,1,55.59,0.0
OI00032949,O0018779,P0002,1,941.62,0.0
OI00032950,O0018779,P0099,1,233.79,0.0
OI00032951,O0018779,P0095,1,279.51,0.05
OI00032965,O0018789,P0123,1,48.86,0.0
OI00032970,O0018792,P0167,1,128.23,0.15
OI00032971,O0018793,P0139,1,23.82,0.0
OI00032972,O0018793,P0023,1,994.4,0.05
OI00032980,O0018799,P0040,1,1018.72,0.0
OI00033003,O0018814,P0020,1,556.67,0.0
OI00033004,O0018814,P0172,1,23.19,0.15
OI00033018,O0018823,P0123,1,49.74,0.05
OI00033019,O0018823,P0090,1,197.41,0.2
OI00033021,O0018825,P0069,1,96.36,0.1
OI00033022,O0018825,P0128,1,69.19,0.15
OI00033023,O0018826,P0036,1,730.46,0.0
OI00033024,O0018826,P0027,1,911.07,0.0
OI00033047,O0018838,P0097,1,141.05,0.0
OI00033055,O0018842,P0084,3,597.08,0.0
OI00033056,O0018842,P0165,1,41.63,0.05
OI00033057,O0018842,P0120,2,338.29,0.0
OI00033065,O0018850,P0150,1,11.55,0.0
OI00033066,O0018850,P0071,2,117.6,0.0
OI00033067,O0018850,P0167,1,125.36,0.0
OI00033086,O0018860,P0104,1,29.5,0.0
OI00033087,O0018860,P0145,2,161.8,0.0
OI00033096,O0018866,P0080,1,235.54,0.0
OI00033097,O0018866,P0167,1,128.21,0.0
OI00033114,O0018875,P0072,3,169.31,0.05
OI00033123,O0018881,P0042,1,118.85,0.0
OI00033124,O0018881,P0046,1,324.19,0.0
OI00033125,O0018881,P0088,1,297.19,0.0
OI00033143,O0018893,P0132,2,29.39,0.0
OI00033144,O0018893,P0152,1,14.67,0.1
OI00033158,O0018901,P0177,1,22.83,0.0
OI00033159,O0018901,P0097,1,137.54,0.0
OI00033160,O0018901,P0066,1,262.95,0.0
OI00033163,O0018903,P0094,1,72.81,0.0
OI00033192,O0018919,P0165,2,40.19,0.1
OI00033193,O0018919,P0131,1,50.17,0.1
OI00033194,O0018919,P0034,1,555.23,0.15
OI00033200,O0018923,P0073,1,97.12,0.05
OI00033201,O0018923,P0016,1,904.58,0.0
OI00033202,O0018923,P0145,1,163.07,0.0
OI00033212,O0018927,P0070,1,53.12,0.0
OI00033219,O0018932,P0077,1,418.39,0.1
OI00033223,O0018935,P0164,1,38.92,0.0
OI00033235,O0018941,P0076,1,118.93,0.0
OI00033236,O0018941,P0158,1,67.36,0.0
OI00033250,O0018950,P0052,1,40.32,0.0
OI00033252,O0018952,P0062,1,57.44,0.1
OI00033262,O0018957,P0164,1,39.08,0.0
OI00033263,O0018957,P0180,1,52.0,0.0
OI00033272,O0018964,P0053,2,351.49,0.0
OI00033273,O0018964,P0153,2,42.51,0.1
OI00033274,O0018965,P0161,1,61.46,0.0
OI00033275,O0018965,P0082,1,388.17,0.0
OI00033276,O0018965,P0037,1,531.58,0.0
OI00033315,O0018985,P0169,1,186.44,0.0
OI00033330,O0018993,P0052,1,39.83,0.0
OI00033331,O0018993,P0025,1,426.27,0.0
OI00033338,O0018997,P0122,2,382.72,0.0
OI00033350,O0019004,P0131,1,48.72,0.0
OI00033371,O0019014,P0092,1,198.78,0.0
OI00033391,O0019026,P0177,2,21.45,0.0
OI00033392,O0019026,P0122,1,396.91,0.0
OI00033404,O0019033,P0133,1,9.96,0.0
OI00033405,O0019033,P0084,1,630.21,0.0
OI00033408,O0019036,P0179,1,82.34,0.0
OI00033422,O0019045,P0135,1,178.84,0.0
OI00033424,O0019047,P0073,1,98.37,0.05
OI00033433,O0019053,P0098,2,327.21,0.1
OI00033434,O0019053,P0126,2,185.74,0.05
OI00033436,O0019055,P0005,1,1341.92,0.0
OI00033437,O0019055,P0130,1,30.91,0.05
OI00033438,O0019056,P0160,1,24.79,0.0
OI00033448,O0019062,P0065,1,327.15,0.0
OI00033460,O0019070,P0145,2,168.02,0.0
OI00033461,O0019070,P0115,1,69.24,0.1
OI00033462,O0019070,P0034,1,562.84,0.1
OI00033480,O0019080,P0042,1,118.97,0.0
OI00033481,O0019081,P0121,2,146.5,0.0
OI00033482,O0019081,P0034,2,551.01,0.1
OI00033483,O0019081,P0145,1,166.06,0.0
OI00033484,O0019081,P0047,1,137.24,0.0
OI00033533,O0019110,P0048,1,56.13,0.0
OI00033544,O0019118,P0090,1,200.13,0.0
OI00033547,O0019120,P0072,1,172.45,0.0
OI00033558,O0019126,P0017,1,1614.16,0.0
OI00033612,O0019155,P0128,1,68.05,0.0
OI00033613,O0019155,P0136,1,84.66,0.1
OI00033620,O0019159,P0146,1,53.79,0.0
OI00033629,O0019165,P0058,1,148.46,0.0
OI00033641,O0019173,P0065,1,323.64,0.0
OI00033642,O0019173,P0165,1,40.89,0.0
OI00033643,O0019173,P0147,1,78.17,0.15
OI00033644,O0019174,P0065,1,313.05,0.0
OI00033673,O0019190,P0169,1,184.96,0.05
OI00033705,O0019210,P0149,1,18.01,0.0
OI00033706,O0019210,P0003,1,1216.6,0.1
OI00033707,O0019211,P0149,1,18.19,0.0
OI00033708,O0019211,P0008,1,1206.78,0.0
OI00033730,O0019222,P0098,1,316.68,0.2
OI00033731,O0019222,P0066,1,265.22,0.0
OI00033732,O0019222,P0036,1,714.86,0.1
OI00033737,O0019225,P0153,1,42.93,0.0
OI00033744,O0019230,P0020,1,535.66,0.0
OI00033745,O0019230,P0010,1,864.11,0.0
OI00033753,O0019236,P0058,1,145.53,0.2
OI00033757,O0019239,P0080,1,240.9,0.0
OI00033770,O0019248,P0140,1,15.53,0.0
OI00033772,O0019250,P0130,1,29.97,0.0
OI00033773,O0019250,P0055,1,325.79,0.1
OI00033787,O0019257,P0032,1,911.88,0.0
OI00033807,O0019269,P0157,1,118.95,0.0
OI00033830,O0019283,P0082,1,386.2,0.0
OI00033831,O0019283,P0005,1,1309.5,0.1
OI00033840,O0019289,P0099,1,233.59,0.05
OI00033841,O0019289,P0109,1,166.51,0.25
OI00033842,O0019289,P0086,1,50.66,0.0
OI00033854,O0019297,P0080,1,241.95,0.0
OI00033855,O0019297,P0066,2,275.76,0.05
OI00033856,O0019298,P0158,1,66.02,0.0
OI00033875,O0019306,P0064,1,131.8,0.1
OI00033879,O0019309,P0104,1,29.72,0.15
OI00033880,O0019309,P0178,1,11.17,0.0
OI00033881,O0019309,P0052,1,39.65,0.0
OI00033882,O0019309,P0088,2,301.77,0.05
OI00033901,O0019319,P0068,1,140.56,0.0
OI00033902,O0019319,P0176,1,139.63,0.0
OI00033910,O0019324,P0169,1,185.04,0.0
OI00033946,O0019350,P0099,1,236.07,0.1
OI00033947,O0019350,P0017,1,1584.86,0.0
OI00033948,O0019351,P0067,1,281.01,0.0
OI00033949,O0019351,P0114,2,28.87,0.1
OI00033950,O0019351,P0087,1,467.15,0.0
OI00033970,O0019365,P0092,2,196.97,0.0
OI00033971,O0019365,P0010,1,883.98,0.0
OI00033972,O0019365,P0166,1,33.68,0.0
OI00034021,O0019394,P0083,1,727.87,0.05
OI00034027,O0019397,P0171,1,37.33,0.0
OI00034028,O0019397,P0053,1,360.29,0.0
OI00034057,O0019414,P0081,1,408.3,0.1
OI00034067,O0019421,P0131,1,49.63,0.0
OI00034069,O0019423,P0009,1,1268.24,0.0
OI00034109,O0019446,P0045,1,407.71,0.15
OI00034110,O0019446,P0002,1,937.32,0.0
OI00034117,O0019451,P0106,1,131.06,0.0
OI00034118,O0019451,P0179,1,78.98,0.0
OI00034134,O0019461,P0083,2,732.15,0.0
OI00034147,O0019468,P0084,1,634.71,0.0
OI00034148,O0019468,P0129,1,297.69,0.0
OI00034158,O0019474,P0090,1,196.35,0.1
OI00034164,O0019478,P0175,1,11.87,0.0
OI00034165,O0019478,P0161,1,63.86,0.05
OI00034189,O0019494,P0144,2,13.88,0.15
OI00034190,O0019494,P0042,1,119.07,0.05
OI00034226,O0019515,P0050,1,95.75,0.0
OI00034227,O0019515,P0072,1,170.0,0.05
OI00034228,O0019515,P0058,1,149.62,0.0
OI00034238,O0019522,P0002,1,912.9,0.2
OI00034239,O0019522,P0046,1,338.9,0.0
OI00034252,O0019532,P0033,1,1368.32,0.0
OI00034267,O0019540,P0054,1,56.66,0.15
OI00034270,O0019543,P0084,1,648.52,0.1
OI00034319,O0019570,P0062,1,58.72,0.25
OI00034320,O0019571,P0044,1,121.44,0.1
OI00034325,O0019575,P0063,1,58.22,0.05
OI00034326,O0019575,P0128,1,69.56,0.0
OI00034329,O0019578,P0014,1,837.85,0.0
OI00034330,O0019578,P0018,1,1946.19,0.0
OI00034331,O0019578,P0113,1,101.78,0.0
OI00034332,O0019578,P0129,1,305.55,0.15
OI00034333,O0019579,P0144,1,13.34,0.1
OI00034334,O0019579,P0036,2,713.46,0.25
OI00034335,O0019579,P0158,1,68.22,0.25
OI00034350,O0019590,P0036,1,703.95,0.25
OI00034364,O0019598,P0164,1,39.71,0.25
OI00034368,O0019602,P0090,2,203.88,0.15
OI00034369,O0019602,P0074,2,261.97,0.0
OI00034375,O0019605,P0017,2,1639.86,0.0
OI00034376,O0019605,P0102,1,52.24,0.0
OI00034377,O0019606,P0002,1,935.64,0.0
OI00034378,O0019606,P0178,1,11.21,0.25
OI00034379,O0019606,P0029,1,515.53,0.0
OI00034380,O0019606,P0081,1,416.33,0.0
OI00034398,O0019617,P0168,1,62.21,0.25
OI00034415,O0019626,P0116,1,67.17,0.0
OI00034416,O0019626,P0064,1,130.22,0.25
OI00034417,O0019627,P0074,1,256.06,0.25
OI00034420,O0019629,P0031,2,1333.75,0.25
OI00034425,O0019632,P0131,1,50.63,0.0
OI00034426,O0019632,P0033,1,1333.53,0.0
OI00034435,O0019636,P0178,1,10.8,0.25
OI00034439,O0019638,P0119,1,32.2,0.2
OI00034440,O0019638,P0095,1,282.53,0.25
OI00034441,O0019638,P0169,2,191.27,0.25
OI00034442,O0019638,P0056,1,129.15,0.25
OI00034466,O0019655,P0167,2,127.74,0.1
OI00034518,O0019679,P0128,1,69.96,0.0
OI00034519,O0019679,P0071,1,115.17,0.25
OI00034520,O0019679,P0168,1,63.2,0.0
OI00034521,O0019680,P0145,1,166.8,0.15
OI00034529,O0019685,P0142,1,13.09,0.0
OI00034530,O0019686,P0046,1,331.51,0.0
OI00034531,O0019686,P0145,1,171.11,0.0
OI00034532,O0019686,P0155,2,52.19,0.25
OI00034550,O0019695,P0178,1,11.14,0.0
OI00034589,O0019717,P0076,1,121.67,0.0
OI00034594,O0019720,P0037,2,527.68,0.0
OI00034598,O0019722,P0060,1,136.15,0.0
OI00034599,O0019722,P0088,1,295.75,0.1
OI00034607,O0019728,P0026,1,1161.6,0.25
OI00034615,O0019733,P0025,1,432.93,0.0
OI00034616,O0019733,P0075,1,53.11,0.05
OI00034617,O0019733,P0102,2,52.39,0.25
OI00034618,O0019733,P0015,1,1426.94,0.25
OI00034639,O0019748,P0122,1,386.8,0.05
OI00034677,O0019770,P0069,1,99.17,0.25
OI00034680,O0019772,P0103,2,82.82,0.25
OI00034681,O0019772,P0104,1,30.13,0.25
OI00034682,O0019772,P0054,1,58.4,0.0
OI00034683,O0019772,P0014,1,842.76,0.25
OI00034690,O0019777,P0024,3,491.44,0.25
OI00034704,O0019784,P0179,2,83.63,0.15
OI00034721,O0019792,P0107,1,152.24,0.0
OI00034731,O0019797,P0166,1,33.29,0.0
OI00034759,O0019817,P0112,1,39.9,0.25
OI00034760,O0019817,P0101,1,125.84,0.15
OI00034765,O0019820,P0174,1,18.43,0.25
OI00034766,O0019820,P0031,1,1383.03,0.05
OI00034772,O0019823,P0179,1,82.17,0.25
OI00034773,O0019823,P0136,1,86.08,0.0
OI00034790,O0019831,P0098,2,319.32,0.25
OI00034793,O0019833,P0122,1,375.83,0.25
OI00034797,O0019836,P0078,1,134.81,0.25
OI00034811,O0019844,P0153,1,44.17,0.05
OI00034816,O0019847,P0138,1,36.06,0.2
OI00034828,O0019853,P0009,1,1250.27,0.1
OI00034851,O0019865,P0106,1,130.2,0.25
OI00034854,O0019868,P0044,1,125.62,0.25
OI00034860,O0019871,P0045,1,415.17,0.0
OI00034864,O0019875,P0021,1,631.28,0.05
OI00034865,O0019875,P0130,1,30.08,0.25
OI00034869,O0019878,P0134,1,130.54,0.1
OI00034870,O0019878,P0077,1,405.71,0.05
OI00034878,O0019882,P0065,1,318.7,0.25
OI00034879,O0019883,P0079,1,175.3,0.1
OI00034880,O0019883,P0145,1,160.93,0.0
OI00034906,O0019896,P0139,1,24.6,0.0
OI00034907,O0019896,P0119,1,33.29,0.0
OI00034927,O0019907,P0132,2,29.17,0.0
OI00034940,O0019916,P0025,1,422.41,0.0
OI00034941,O0019916,P0102,1,50.39,0.0
OI00034950,O0019922,P0092,1,200.13,0.25
OI00034951,O0019922,P0081,1,405.44,0.15
OI00034957,O0019925,P0133,1,10.09,0.0
OI00034958,O0019925,P0180,1,51.07,0.1
OI00034959,O0019925,P0157,1,120.04,0.25
OI00034961,O0019927,P0130,1,30.38,0.0
OI00035013,O0019961,P0067,1,280.23,0.0
OI00035014,O0019961,P0076,1,123.14,0.0
OI00035015,O0019961,P0167,1,131.92,0.25
OI00035019,O0019963,P0056,1,127.88,0.15
OI00035020,O0019963,P0180,1,51.43,0.05
OI00035039,O0019974,P0123,1,50.77,0.25
OI00035040,O0019974,P0075,1,55.01,0.0
OI00035050,O0019980,P0024,1,509.82,0.25
OI00035051,O0019980,P0001,1,1686.7,0.25
OI00035052,O0019980,P0046,1,322.95,0.25
OI00035053,O0019980,P0087,1,470.05,0.0
OI00035073,O0019992,P0173,1,45.46,0.0
OI00035074,O0019992,P0143,2,109.66,0.25
OI00035085,O0020000,P0035,1,1066.06,0.0
OI00035125,O0020023,P0086,1,49.19,0.25
OI00035150,O0020040,P0164,1,39.37,0.0
OI00035151,O0020040,P0102,1,52.55,0.25
OI00035160,O0020044,P0123,1,48.58,0.15
OI00035161,O0020044,P0176,1,138.57,0.0
OI00035175,O0020054,P0090,1,204.78,0.15
OI00035180,O0020059,P0064,1,134.74,0.25
OI00035181,O0020059,P0092,1,193.57,0.1
OI00035183,O0020061,P0010,1,881.17,0.2
OI00035184,O0020061,P0060,1,138.44,0.15
OI00035203,O0020072,P0029,1,536.05,0.0
OI00035204,O0020072,P0159,1,181.82,0.25
OI00035212,O0020075,P0144,1,13.25,0.25
OI00035213,O0020076,P0134,1,133.87,0.25
OI00035214,O0020076,P0007,1,2019.55,0.25
OI00035215,O0020076,P0138,1,34.03,0.1
OI00035221,O0020079,P0079,1,174.97,0.0
OI00035222,O0020079,P0100,1,62.02,0.1
OI00035223,O0020079,P0148,1,15.11,0.15
OI00035224,O0020079,P0036,1,724.66,0.0
OI00035229,O0020082,P0148,1,14.81,0.0
OI00035248,O0020096,P0161,1,61.91,0.1
OI00035249,O0020096,P0178,1,10.73,0.0
OI00035250,O0020096,P0136,1,82.79,0.0
OI00035258,O0020101,P0013,2,1064.9,0.0
OI00035259,O0020102,P0116,1,68.84,0.1
OI00035260,O0020102,P0027,1,930.24,0.0
OI00035272,O0020108,P0105,1,131.96,0.25
OI00035291,O0020120,P0066,1,281.23,0.0
OI00035292,O0020120,P0109,1,172.52,0.15
OI00035310,O0020130,P0152,1,14.63,0.25
OI00035311,O0020130,P0079,3,169.97,0.0
OI00035325,O0020139,P0167,1,123.44,0.25
OI00035341,O0020147,P0111,1,284.48,0.1
OI00035342,O0020147,P0082,1,381.7,0.1
OI00035354,O0020154,P0039,2,525.34,0.0
OI00035357,O0020156,P0020,1,546.11,0.05
OI00035358,O0020156,P0071,1,112.25,0.0
OI00035359,O0020157,P0097,1,140.26,0.15
OI00035365,O0020161,P0138,1,35.59,0.25
OI00035366,O0020161,P0135,1,184.8,0.1
OI00035369,O0020164,P0066,1,279.12,0.1
OI00035370,O0020164,P0038,1,478.53,0.0
OI00035381,O0020170,P0009,1,1261.72,0.25
OI00035400,O0020181,P0178,1,11.09,0.0
OI00035401,O0020181,P0031,1,1304.06,0.0
OI00035432,O0020199,P0132,1,28.85,0.25
OI00035436,O0020203,P0116,1,69.72,0.1
OI00035442,O0020207,P0177,1,23.25,0.1
OI00035469,O0020224,P0148,1,15.17,0.05
OI00035470,O0020224,P0086,1,50.01,0.0
OI00035498,O0020241,P0007,2,2045.35,0.0
OI00035499,O0020241,P0061,1,381.21,0.0
OI00035501,O0020243,P0093,1,85.76,0.1
OI00035512,O0020249,P0163,1,18.61,0.0
OI00035513,O0020249,P0002,1,945.02,0.25
OI00035523,O0020254,P0178,1,10.97,0.1
OI00035524,O0020254,P0144,1,13.31,0.1
OI00035525,O0020254,P0134,1,130.06,0.15
OI00035531,O0020257,P0089,1,366.33,0.0
OI00035533,O0020259,P0130,1,31.06,0.15
OI00035534,O0020260,P0084,1,628.92,0.25
OI00035548,O0020267,P0166,1,32.93,0.0
OI00035549,O0020267,P0056,1,125.49,0.0
OI00035550,O0020267,P0087,2,482.83,0.1
OI00035551,O0020267,P0038,1,476.42,0.0
OI00035558,O0020270,P0040,1,991.03,0.0
OI00035559,O0020270,P0145,2,165.83,0.25
OI00035560,O0020271,P0011,1,1065.86,0.2
OI00035561,O0020271,P0009,1,1248.37,0.25
OI00035567,O0020275,P0060,1,137.18,0.25
OI00035568,O0020275,P0089,1,352.74,0.15
OI00035569,O0020275,P0033,1,1357.62,0.0
OI00035582,O0020282,P0114,1,29.23,0.25
OI00035596,O0020288,P0032,1,898.09,0.25
OI00035597,O0020288,P0085,1,499.32,0.25
OI00035598,O0020288,P0174,1,18.23,0.0
OI00035607,O0020293,P0013,1,1110.72,0.1
OI00035608,O0020294,P0122,1,387.03,0.0
OI00035609,O0020295,P0175,1,11.95,0.0
OI00035610,O0020295,P0088,1,314.87,0.25
OI00035624,O0020304,P0098,1,317.16,0.0
OI00035625,O0020304,P0179,1,81.98,0.0
OI00035626,O0020304,P0116,1,69.84,0.1
OI00035631,O0020309,P0136,1,84.83,0.25
OI00035640,O0020314,P0005,1,1318.34,0.25
OI00035652,O0020323,P0059,1,49.34,0.0
OI00035653,O0020323,P0155,1,50.56,0.0
OI00035664,O0020329,P0051,3,55.47,0.0
OI00035665,O0020329,P0138,1,34.68,0.0
OI00035680,O0020338,P0004,1,1012.16,0.2
OI00035686,O0020342,P0025,1,414.25,0.25
OI00035691,O0020344,P0005,1,1357.17,0.25
OI00035693,O0020346,P0054,1,58.06,0.05
OI00035694,O0020346,P0178,1,10.99,0.0
OI00035695,O0020346,P0090,1,199.58,0.1
OI00035734,O0020368,P0040,1,1003.23,0.25
OI00035766,O0020387,P0098,1,326.6,0.0
OI00035767,O0020387,P0146,1,54.7,0.05
OI00035782,O0020396,P0098,1,318.72,0.0
OI00035803,O0020409,P0052,3,39.21,0.1
OI00035815,O0020418,P0105,1,129.44,0.25
OI00035816,O0020418,P0089,1,353.91,0.0
OI00035817,O0020418,P0114,1,29.88,0.0
OI00035818,O0020418,P0069,2,100.38,0.1
OI00035850,O0020436,P0103,1,85.51,0.25
OI00035851,O0020436,P0154,2,55.72,0.25
OI00035857,O0020440,P0128,1,69.41,0.0
OI00035865,O0020445,P0155,1,51.2,0.1
OI00035883,O0020455,P0164,1,40.36,0.1
OI00035884,O0020455,P0036,1,716.68,0.0
OI00035885,O0020456,P0070,1,53.56,0.0
OI00035909,O0020468,P0088,1,302.11,0.0
OI00035918,O0020474,P0055,1,329.06,0.25
OI00035935,O0020484,P0138,1,35.09,0.25
OI00035936,O0020484,P0078,2,139.03,0.25
OI00035941,O0020487,P0068,1,144.53,0.05
OI00035942,O0020487,P0114,2,29.36,0.0
OI00035952,O0020493,P0060,2,139.83,0.05
OI00035953,O0020493,P0114,1,29.84,0.0
OI00035961,O0020498,P0016,1,938.8,0.0
OI00035962,O0020498,P0125,1,285.54,0.15
OI00035970,O0020502,P0164,1,39.17,0.0
OI00035984,O0020511,P0070,1,54.69,0.25
OI00035985,O0020511,P0065,1,322.03,0.0
OI00035989,O0020514,P0154,1,56.51,0.15
OI00036002,O0020522,P0136,2,85.18,0.0
OI00036067,O0020554,P0102,1,51.51,0.0
OI00036068,O0020554,P0017,3,1617.09,0.0
OI00036069,O0020554,P0161,1,62.3,0.15
OI00036070,O0020554,P0098,1,315.92,0.0
OI00036071,O0020555,P0044,1,124.94,0.05
OI00036072,O0020555,P0017,1,1607.35,0.25
OI00036081,O0020562,P0108,2,41.03,0.15
OI00036082,O0020562,P0096,1,85.9,0.2
OI00036083,O0020562,P0021,1,645.74,0.1
OI00036084,O0020563,P0047,1,139.63,0.0
OI00036095,O0020570,P0068,1,138.84,0.0
OI00036096,O0020571,P0164,1,40.58,0.1
OI00036097,O0020572,P0119,2,33.25,0.15
OI00036099,O0020574,P0158,1,66.92,0.0
OI00036128,O0020592,P0117,1,30.31,0.25
OI00036129,O0020592,P0156,1,89.7,0.05
OI00036144,O0020601,P0068,1,140.51,0.0
OI00036145,O0020601,P0142,1,12.39,0.25
OI00036146,O0020601,P0124,1,65.41,0.25
OI00036159,O0020610,P0019,1,405.2,0.25
OI00036160,O0020610,P0040,1,1026.92,0.15
OI00036161,O0020610,P0097,1,139.26,0.0
OI00036162,O0020610,P0133,1,9.95,0.25
OI00036171,O0020615,P0050,1,93.58,0.0
OI00036198,O0020628,P0069,1,99.52,0.0
OI00036199,O0020628,P0045,1,415.86,0.25
OI00036212,O0020637,P0084,1,627.25,0.2
OI00036213,O0020637,P0079,2,178.23,0.15
OI00036220,O0020640,P0005,1,1339.67,0.25
OI00036232,O0020647,P0042,1,123.68,0.0
OI00036257,O0020661,P0169,1,184.48,0.1
OI00036278,O0020671,P0056,1,126.2,0.0
OI00036286,O0020676,P0058,1,148.14,0.05
OI00036312,O0020690,P0054,1,57.78,0.0
OI00036315,O0020693,P0031,1,1322.19,0.0
OI00036316,O0020693,P0016,1,939.76,0.25
OI00036337,O0020708,P0031,1,1376.16,0.0
OI00036338,O0020708,P0086,2,49.94,0.25
OI00036339,O0020708,P0097,1,139.67,0.05
OI00036360,O0020722,P0083,1,729.3,0.05
OI00036361,O0020722,P0065,1,311.41,0.25
OI00036362,O0020722,P0130,1,29.33,0.25
OI00036363,O0020723,P0104,1,29.95,0.25
OI00036364,O0020723,P0155,1,51.28,0.1
OI00036396,O0020737,P0003,1,1220.03,0.25
OI00036397,O0020737,P0108,1,41.83,0.05
OI00036400,O0020740,P0076,1,120.24,0.0
OI00036441,O0020766,P0042,2,118.78,0.0
OI00036443,O0020768,P0121,1,149.19,0.25
OI00036447,O0020770,P0100,1,61.78,0.0
OI00036448,O0020770,P0070,1,52.35,0.25
OI00036449,O0020770,P0135,1,182.94,0.0
OI00036454,O0020773,P0143,1,113.36,0.05
OI00036455,O0020773,P0084,1,616.68,0.25
OI00036456,O0020773,P0178,1,11.21,0.25
OI00036457,O0020773,P0031,1,1297.25,0.15
OI00036491,O0020793,P0160,2,24.38,0.0
OI00036492,O0020793,P0059,1,49.26,0.05
OI00036502,O0020800,P0062,1,57.6,0.0
OI00036529,O0020815,P0058,1,146.89,0.0
OI00036534,O0020817,P0060,1,137.79,0.0
OI00036535,O0020817,P0161,1,61.92,0.25
OI00036555,O0020833,P0146,1,52.73,0.0
OI00036569,O0020842,P0123,1,49.84,0.0
OI00036576,O0020846,P0167,1,125.23,0.05
OI00036581,O0020849,P0011,1,1054.81,0.2
OI00036582,O0020849,P0081,1,426.96,0.25
OI00036583,O0020849,P0180,1,52.47,0.0
OI00036625,O0020874,P0143,1,108.48,0.25
OI00036626,O0020875,P0147,2,78.4,0.0
OI00036627,O0020875,P0024,1,509.66,0.1
OI00036630,O0020878,P0101,1,126.13,0.0
OI00036637,O0020883,P0062,1,58.02,0.0
OI00036638,O0020883,P0152,1,14.66,0.0
OI00036639,O0020883,P0127,3,158.57,0.25
OI00036640,O0020883,P0149,1,17.8,0.1
OI00036646,O0020887,P0168,1,60.58,0.2
OI00036647,O0020887,P0178,1,11.15,0.0
OI00036648,O0020887,P0077,1,429.71,0.25
OI00036652,O0020889,P0042,1,121.94,0.0
OI00036661,O0020895,P0069,1,98.4,0.25
OI00036662,O0020895,P0046,1,328.14,0.25
OI00036669,O0020900,P0016,1,935.26,0.1
OI00036670,O0020900,P0082,1,378.02,0.0
OI00036739,O0020933,P0089,1,350.68,0.0
OI00036740,O0020933,P0029,1,530.15,0.0
OI00036741,O0020933,P0058,1,147.2,0.1
OI00036747,O0020936,P0035,1,1046.46,0.05
OI00036748,O0020936,P0068,1,141.3,0.0
OI00036749,O0020937,P0042,1,118.71,0.05
OI00036750,O0020937,P0130,3,30.07,0.0
OI00036751,O0020937,P0101,2,124.24,0.1
OI00036753,O0020939,P0090,1,195.83,0.0
OI00036754,O0020939,P0100,1,62.12,0.1
OI00036778,O0020950,P0097,1,137.86,0.25
OI00036779,O0020950,P0093,1,85.72,0.25
OI00036785,O0020954,P0070,1,53.64,0.0
OI00036786,O0020954,P0161,2,64.04,0.1
OI00036810,O0020966,P0126,1,186.53,0.1
OI00036825,O0020975,P0052,1,39.07,0.05
OI00036826,O0020975,P0069,1,95.76,0.05
OI00036843,O0020987,P0070,1,54.9,0.0
OI00036861,O0020998,P0160,2,24.54,0.0
OI00036874,O0021005,P0154,1,56.24,0.0
OI00036875,O0021005,P0029,2,538.28,0.25
OI00036908,O0021026,P0032,1,878.59,0.2
OI00036920,O0021034,P0143,1,108.68,0.0
OI00036928,O0021041,P0040,1,1012.58,0.0
OI00036957,O0021056,P0056,1,126.5,0.0
OI00036958,O0021056,P0148,1,15.09,0.1
OI00036971,O0021061,P0116,2,68.47,0.0
OI00036974,O0021063,P0086,1,50.49,0.25
OI00036975,O0021063,P0123,1,48.27,0.0
OI00036976,O0021063,P0117,1,31.43,0.25
OI00036981,O0021066,P0143,1,114.56,0.25
OI00036985,O0021068,P0035,1,1089.38,0.25
OI00036986,O0021068,P0113,1,99.44,0.0
OI00036987,O0021068,P0148,1,14.92,0.05
OI00036988,O0021069,P0134,1,132.44,0.0
OI00036991,O0021071,P0071,1,112.2,0.25
OI00036992,O0021071,P0105,1,134.74,0.25
OI00036993,O0021071,P0137,1,25.82,0.0
OI00037009,O0021081,P0087,1,486.02,0.25
OI00037010,O0021081,P0150,2,11.52,0.0
OI00037019,O0021087,P0121,1,148.57,0.25
OI00037022,O0021090,P0114,1,30.71,0.0
OI00037023,O0021090,P0036,2,710.52,0.25
OI00037037,O0021097,P0070,1,54.77,0.25
OI00037043,O0021102,P0081,1,392.97,0.2
OI00037044,O0021102,P0131,1,49.74,0.0
OI00037045,O0021102,P0090,2,201.21,0.0
OI00037046,O0021102,P0167,2,130.69,0.0
OI00037051,O0021105,P0013,1,1057.3,0.2
OI00037052,O0021105,P0078,1,133.38,0.0
OI00037053,O0021106,P0063,1,57.83,0.0
OI00037055,O0021108,P0026,1,1196.19,0.0
OI00037056,O0021108,P0066,1,274.77,0.25
OI00037057,O0021108,P0072,1,173.92,0.25
OI00037058,O0021108,P0096,2,86.75,0.0
OI00037073,O0021118,P0089,2,358.33,0.05
OI00037076,O0021120,P0105,1,130.46,0.2
OI00037079,O0021122,P0080,1,232.27,0.15
OI00037080,O0021122,P0032,2,858.64,0.0
OI00037089,O0021127,P0165,1,42.35,0.0
OI00037109,O0021141,P0091,1,171.85,0.0
OI00037110,O0021141,P0002,1,936.3,0.0
OI00037111,O0021141,P0067,1,277.48,0.0
OI00037128,O0021150,P0179,1,80.44,0.0
OI00037129,O0021150,P0170,1,9.38,0.25
OI00037132,O0021152,P0065,1,323.88,0.25
OI00037135,O0021154,P0095,1,294.22,0.05
OI00037140,O0021157,P0133,3,10.18,0.05
OI00037141,O0021157,P0174,1,18.54,0.25
OI00037149,O0021161,P0035,3,1076.47,0.0
OI00037164,O0021171,P0140,1,15.77,0.0
OI00037165,O0021172,P0083,2,734.92,0.0
OI00037166,O0021172,P0077,1,415.61,0.05
OI00037167,O0021172,P0025,1,438.93,0.0
OI00037180,O0021179,P0088,1,287.19,0.1
OI00037183,O0021182,P0034,1,538.0,0.1
OI00037184,O0021182,P0120,1,330.2,0.0
OI00037185,O0021182,P0064,2,134.07,0.25
OI00037190,O0021185,P0166,1,32.86,0.0
OI00037192,O0021187,P0045,1,418.1,0.25
OI00037193,O0021187,P0074,1,262.53,0.25
OI00037194,O0021188,P0176,2,137.05,0.0
OI00037195,O0021188,P0065,1,316.54,0.25
OI00037196,O0021188,P0096,1,86.13,0.15
OI00037209,O0021195,P0094,1,70.63,0.0
OI00037210,O0021195,P0023,1,992.82,0.25
OI00037211,O0021195,P0143,1,109.6,0.0
OI00037213,O0021197,P0081,1,409.1,0.25
OI00037214,O0021197,P0139,1,25.43,0.0
OI00037240,O0021210,P0120,1,332.87,0.0
OI00037256,O0021222,P0015,1,1460.53,0.0
OI00037257,O0021222,P0059,1,50.01,0.05
OI00037258,O0021223,P0134,1,130.22,0.0
OI00037259,O0021223,P0041,1,232.59,0.0
OI00037260,O0021224,P0049,1,335.35,0.25
OI00037261,O0021224,P0100,1,60.95,0.25
OI00037276,O0021232,P0084,1,625.92,0.1
OI00037277,O0021232,P0117,1,30.6,0.15
OI00037282,O0021235,P0117,1,30.44,0.0
OI00037283,O0021235,P0045,1,384.09,0.25
OI00037291,O0021240,P0093,1,84.22,0.05
OI00037292,O0021240,P0156,1,90.3,0.0
OI00037293,O0021240,P0030,2,859.18,0.25
OI00037307,O0021249,P0018,1,1992.4,0.0
OI00037312,O0021253,P0039,1,536.58,0.25
OI00037313,O0021253,P0150,1,11.14,0.0
OI00037314,O0021253,P0178,1,11.03,0.25
OI00037334,O0021264,P0070,1,54.95,0.25
OI00037335,O0021264,P0141,1,23.8,0.0
OI00037336,O0021264,P0013,1,1041.73,0.25
OI00037337,O0021265,P0168,2,59.97,0.0
OI00037338,O0021265,P0111,1,295.82,0.0
OI00037339,O0021265,P0083,1,717.51,0.0
OI00037340,O0021265,P0055,2,334.14,0.0
OI00037350,O0021273,P0166,1,34.08,0.25
OI00037351,O0021274,P0137,1,26.09,0.25
OI00037363,O0021281,P0029,1,532.93,0.0
OI00037367,O0021285,P0074,1,263.9,0.1
OI00037398,O0021302,P0019,1,399.06,0.25
OI00037402,O0021305,P0066,1,276.28,0.0
OI00037405,O0021308,P0159,1,174.56,0.0
OI00037406,O0021308,P0101,2,130.17,0.15
OI00037407,O0021308,P0106,1,129.45,0.25
OI00037408,O0021308,P0066,1,271.84,0.05
OI00037411,O0021310,P0085,1,487.21,0.1
OI00037412,O0021310,P0058,1,142.16,0.15
OI00037413,O0021311,P0114,1,29.75,0.0
OI00037414,O0021311,P0151,1,19.7,0.25
OI00037422,O0021316,P0075,1,53.33,0.0
OI00037426,O0021319,P0151,1,19.73,0.1
OI00037434,O0021323,P0002,1,952.3,0.25
OI00037435,O0021323,P0067,1,280.84,0.25
OI00037436,O0021323,P0004,1,1012.47,0.0
OI00037441,O0021327,P0042,1,121.66,0.25
OI00037442,O0021327,P0135,1,187.17,0.2
OI00037457,O0021334,P0122,1,383.69,0.15
OI00037458,O0021334,P0145,1,162.78,0.05
OI00037459,O0021334,P0021,1,665.72,0.15
OI00037460,O0021334,P0168,3,61.48,0.0
OI00037463,O0021336,P0122,1,392.5,0.25
OI00037464,O0021336,P0162,1,19.19,0.0
OI00037471,O0021341,P0065,2,312.8,0.25
OI00037480,O0021346,P0108,2,41.97,0.25
OI00037481,O0021346,P0058,1,145.4,0.1
OI00037504,O0021359,P0009,1,1282.21,0.0
OI00037505,O0021359,P0021,3,657.44,0.0
OI00037525,O0021372,P0058,1,153.22,0.0
OI00037529,O0021374,P0012,1,1534.14,0.0
OI00037530,O0021374,P0014,1,808.12,0.0
OI00037531,O0021374,P0155,1,49.79,0.0
OI00037532,O0021375,P0109,1,173.45,0.0
OI00037533,O0021375,P0001,1,1748.69,0.0
OI00037534,O0021375,P0055,1,330.85,0.05
OI00037538,O0021377,P0068,1,142.99,0.1
OI00037554,O0021389,P0063,2,60.03,0.25
OI00037573,O0021402,P0045,1,412.55,0.0
OI00037580,O0021406,P0135,2,182.85,0.25
OI00037581,O0021406,P0050,1,93.03,0.25
OI00037582,O0021406,P0131,1,47.76,0.0
OI00037583,O0021406,P0100,2,60.64,0.25
OI00037585,O0021408,P0129,1,298.27,0.0
OI00037586,O0021409,P0133,3,10.23,0.25
OI00037587,O0021409,P0130,1,30.7,0.0
OI00037589,O0021411,P0024,1,511.0,0.25
OI00037590,O0021411,P0012,1,1449.87,0.15
OI00037591,O0021412,P0045,1,400.23,0.0
OI00037596,O0021415,P0109,1,166.5,0.25
OI00037597,O0021415,P0099,2,240.7,0.15
OI00037600,O0021417,P0144,1,13.41,0.05
OI00037612,O0021424,P0124,1,65.33,0.05
OI00037621,O0021428,P0153,1,44.0,0.1
OI00037622,O0021428,P0168,1,61.7,0.25
OI00037623,O0021428,P0137,1,26.53,0.25
OI00037627,O0021431,P0123,1,50.07,0.25
OI00037631,O0021434,P0138,2,35.21,0.0
OI00037632,O0021434,P0071,1,115.63,0.0
OI00037663,O0021450,P0065,3,319.25,0.25
OI00037687,O0021465,P0141,1,23.55,0.05
OI00037688,O0021465,P0107,1,156.92,0.0
OI00037695,O0021469,P0014,1,820.83,0.25
OI00037715,O0021480,P0176,1,135.41,0.25
OI00037736,O0021496,P0123,1,49.78,0.25
OI00037741,O0021500,P0015,1,1466.96,0.25
OI00037742,O0021500,P0168,1,62.3,0.0
OI00037743,O0021500,P0096,1,85.64,0.25
OI00037744,O0021500,P0160,1,24.85,0.0
OI00037747,O0021502,P0121,1,148.15,0.0
OI00037758,O0021509,P0129,1,300.19,0.1
OI00037759,O0021509,P0012,1,1460.06,0.0
OI00037760,O0021509,P0097,1,139.16,0.0
OI00037783,O0021522,P0033,1,1328.7,0.1
OI00037792,O0021527,P0130,1,30.21,0.05
OI00037799,O0021532,P0123,1,50.25,0.0
OI00037800,O0021532,P0051,1,56.74,0.0
OI00037801,O0021532,P0045,1,419.2,0.1
OI00037809,O0021536,P0124,1,65.16,0.0
OI00037813,O0021539,P0026,1,1163.66,0.15
OI00037814,O0021539,P0015,1,1429.09,0.0
OI00037815,O0021539,P0087,1,485.65,0.0
OI00037842,O0021554,P0035,1,1050.8,0.1
OI00037843,O0021554,P0146,1,52.53,0.25
OI00037846,O0021556,P0124,1,64.74,0.15
OI00037847,O0021556,P0061,1,376.38,0.25
OI00037848,O0021556,P0026,2,1196.68,0.05
OI00037866,O0021566,P0054,1,57.9,0.25
OI00037867,O0021566,P0021,1,651.22,0.0
OI00037901,O0021586,P0069,1,97.17,0.05
OI00037902,O0021586,P0010,1,904.9,0.25
OI00037909,O0021593,P0076,1,118.47,0.05
OI00037919,O0021600,P0067,1,283.31,0.05
OI00037920,O0021600,P0114,1,28.93,0.05
OI00037929,O0021607,P0019,1,412.5,0.25
OI00037930,O0021607,P0112,1,40.51,0.0
OI00037934,O0021610,P0155,1,49.41,0.0
OI00037935,O0021610,P0114,1,27.64,0.1
OI00037936,O0021611,P0064,1,127.41,0.0
OI00037937,O0021611,P0108,1,42.77,0.0
OI00037938,O0021611,P0060,1,132.22,0.0
OI00037951,O0021619,P0082,1,379.26,0.25
OI00037971,O0021630,P0095,1,278.76,0.25
OI00037972,O0021630,P0018,1,1956.73,0.2
OI00037973,O0021630,P0088,1,295.69,0.0
OI00037996,O0021647,P0175,2,11.88,0.25
OI00038000,O0021651,P0059,1,50.44,0.0
OI00038001,O0021651,P0045,1,407.01,0.0
OI00038002,O0021651,P0129,1,298.48,0.15
OI00038006,O0021654,P0115,1,67.07,0.25
OI00038007,O0021654,P0108,2,40.98,0.0
OI00038008,O0021654,P0165,1,40.95,0.0
OI00038009,O0021654,P0135,1,189.23,0.0
OI00038016,O0021659,P0026,2,1167.83,0.0
OI00038060,O0021682,P0061,1,389.28,0.0
OI00038108,O0021709,P0081,1,407.49,0.0
OI00038109,O0021709,P0028,3,1178.7,0.0
OI00038110,O0021709,P0002,2,939.48,0.25
OI00038124,O0021717,P0117,3,30.3,0.0
OI00038125,O0021717,P0051,1,54.8,0.25
OI00038126,O0021717,P0010,1,882.14,0.25
OI00038133,O0021722,P0178,1,10.87,0.25
OI00038168,O0021741,P0038,1,480.41,0.25
OI00038169,O0021741,P0098,2,321.31,0.15
OI00038170,O0021741,P0001,1,1731.7,0.0
OI00038171,O0021741,P0095,1,283.21,0.1
OI00038175,O0021744,P0090,1,199.73,0.25
OI00038176,O0021744,P0033,1,1341.45,0.0
OI00038177,O0021744,P0109,2,169.85,0.05
OI00038178,O0021744,P0154,1,56.2,0.1
OI00038180,O0021746,P0171,1,36.88,0.25
OI00038181,O0021746,P0044,1,122.4,0.25
OI00038182,O0021746,P0041,1,235.7,0.25
OI00038194,O0021753,P0100,1,62.33,0.1
OI00038216,O0021766,P0098,1,326.27,0.25
OI00038217,O0021766,P0127,1,163.19,0.0
OI00038218,O0021766,P0079,1,175.31,0.25
OI00038273,O0021802,P0029,1,530.56,0.2
OI00038280,O0021807,P0173,1,44.88,0.0
OI00038287,O0021811,P0146,1,52.37,0.25
OI00038289,O0021813,P0077,2,413.93,0.0
OI00038290,O0021814,P0120,1,325.25,0.25
OI00038294,O0021816,P0040,1,994.8,0.15
OI00038295,O0021817,P0052,1,38.13,0.25
OI00038296,O0021817,P0121,1,146.79,0.05
OI00038297,O0021817,P0125,1,300.57,0.1
OI00038299,O0021819,P0029,1,519.27,0.0
OI00038300,O0021819,P0148,1,15.56,0.0
OI00038304,O0021822,P0118,2,124.56,0.0
OI00038342,O0021842,P0178,2,11.41,0.0
OI00038343,O0021842,P0160,1,23.96,0.25
OI00038349,O0021846,P0072,1,168.04,0.25
OI00038350,O0021846,P0037,2,540.69,0.25
OI00038351,O0021846,P0098,2,320.43,0.15
OI00038363,O0021856,P0137,1,26.18,0.1
OI00038364,O0021856,P0105,1,129.51,0.05
OI00038365,O0021856,P0124,1,64.45,0.15
OI00038367,O0021858,P0100,1,62.05,0.0
OI00038374,O0021863,P0020,1,543.72,0.0
OI00038375,O0021863,P0106,1,128.4,0.0
OI00038378,O0021866,P0134,2,131.83,0.05
OI00038379,O0021866,P0080,1,242.36,0.05
OI00038380,O0021866,P0130,1,30.2,0.1
OI00038383,O0021868,P0027,1,878.93,0.2
OI00038407,O0021880,P0153,1,43.12,0.0
OI00038411,O0021882,P0168,1,61.82,0.05
OI00038412,O0021882,P0135,1,182.74,0.0
OI00038428,O0021890,P0091,1,171.23,0.25
OI00038429,O0021890,P0141,1,24.34,0.05
OI00038437,O0021893,P0082,1,384.0,0.1
OI00038438,O0021893,P0089,2,353.19,0.1
OI00038439,O0021893,P0179,1,82.28,0.25
OI00038440,O0021894,P0152,1,15.12,0.2
OI00038441,O0021894,P0024,1,513.58,0.0
OI00038450,O0021898,P0035,2,1085.67,0.0
OI00038468,O0021908,P0158,2,67.69,0.1
OI00038469,O0021908,P0177,1,22.82,0.0
OI00038470,O0021908,P0135,1,184.9,0.25
OI00038471,O0021908,P0023,1,1000.33,0.0
OI00038506,O0021928,P0164,1,38.75,0.25
OI00038507,O0021928,P0098,2,328.64,0.15
OI00038511,O0021931,P0128,1,70.84,0.25
OI00038512,O0021931,P0141,1,23.96,0.1
OI00038530,O0021942,P0093,1,84.76,0.0
OI00038531,O0021942,P0174,1,17.88,0.2
OI00038532,O0021942,P0163,1,18.45,0.05
OI00038540,O0021946,P0048,3,56.06,0.0
OI00038541,O0021946,P0062,1,57.05,0.0
OI00038542,O0021946,P0089,1,351.21,0.25
OI00038558,O0021954,P0158,1,67.58,0.1
OI00038610,O0021981,P0160,1,24.23,0.0
OI00038613,O0021983,P0147,1,77.94,0.2
OI00038614,O0021983,P0008,1,1180.46,0.25
OI00038615,O0021983,P0112,2,40.21,0.05
OI00038625,O0021989,P0147,1,79.86,0.0
OI00038632,O0021994,P0059,2,48.88,0.0
OI00038652,O0022005,P0032,1,864.52,0.25
OI00038653,O0022005,P0123,1,50.26,0.05
OI00038661,O0022010,P0092,1,194.28,0.0
OI00038662,O0022010,P0139,1,25.08,0.0
OI00038667,O0022013,P0069,1,99.82,0.25
OI00038668,O0022013,P0013,2,1088.56,0.05
OI00038670,O0022015,P0148,2,14.93,0.05
OI00038674,O0022017,P0154,1,55.98,0.0
OI00038675,O0022017,P0005,1,1367.77,0.1
OI00038676,O0022017,P0010,1,908.64,0.15
OI00038695,O0022029,P0120,1,335.28,0.15
OI00038696,O0022029,P0119,1,32.6,0.05
OI00038737,O0022054,P0053,1,357.01,0.0
OI00038743,O0022058,P0056,1,126.72,0.25
OI00038746,O0022061,P0156,1,87.88,0.15
OI00038774,O0022076,P0090,1,199.99,0.0
OI00038775,O0022076,P0074,1,256.85,0.25
OI00038776,O0022076,P0078,1,135.77,0.1
OI00038777,O0022076,P0049,1,350.23,0.25
OI00038783,O0022081,P0119,1,32.62,0.15
OI00038784,O0022081,P0052,1,40.5,0.0
OI00038785,O0022081,P0081,1,406.23,0.25
OI00038792,O0022085,P0167,1,126.85,0.05
OI00038793,O0022086,P0055,1,333.11,0.25
OI00038805,O0022095,P0131,1,50.0,0.05
OI00038806,O0022095,P0172,1,21.99,0.0
OI00038817,O0022102,P0164,1,39.1,0.0
OI00038834,O0022113,P0093,1,85.13,0.1
OI00038845,O0022120,P0164,1,38.97,0.0
OI00038851,O0022124,P0147,2,75.04,0.0
OI00038852,O0022124,P0052,1,39.32,0.15
OI00038857,O0022126,P0031,1,1402.83,0.0
OI00038858,O0022126,P0105,2,129.14,0.25
OI00038866,O0022131,P0153,1,44.46,0.25
OI00038867,O0022131,P0039,1,549.29,0.0
OI00038869,O0022133,P0048,1,56.28,0.15
OI00038870,O0022133,P0032,1,894.1,0.25
OI00038873,O0022135,P0029,1,531.89,0.05
OI00038885,O0022144,P0100,1,59.81,0.2
OI00038886,O0022144,P0105,1,129.27,0.0
OI00038887,O0022144,P0172,2,21.44,0.25
OI00038914,O0022160,P0058,1,148.35,0.25
OI00038920,O0022164,P0004,1,1008.44,0.0
OI00038921,O0022164,P0179,1,83.18,0.1
OI00038944,O0022176,P0029,1,511.86,0.1
OI00038945,O0022176,P0133,2,9.81,0.25
OI00038959,O0022183,P0042,1,117.77,0.0
OI00039040,O0022227,P0140,1,16.09,0.0
OI00039041,O0022227,P0078,3,134.96,0.05
OI00039042,O0022228,P0007,1,2028.75,0.2
OI00039060,O0022240,P0032,1,895.5,0.0
OI00039061,O0022240,P0166,1,32.76,0.25
OI00039066,O0022242,P0060,1,136.35,0.25
OI00039067,O0022242,P0159,2,175.63,0.05
OI00039068,O0022242,P0140,1,15.2,0.0
OI00039069,O0022242,P0074,1,255.04,0.25
OI00039074,O0022246,P0038,1,492.46,0.25
OI00039077,O0022248,P0145,1,161.84,0.25
OI00039078,O0022248,P0035,1,1050.53,0.05
OI00039101,O0022261,P0084,1,620.13,0.05
OI00039102,O0022261,P0087,1,486.25,0.0
OI00039114,O0022268,P0055,1,319.81,0.25
OI00039135,O0022281,P0011,2,1063.51,0.25
OI00039150,O0022290,P0025,1,432.38,0.25
OI00039151,O0022290,P0023,1,1029.2,0.0
OI00039158,O0022295,P0141,1,23.38,0.0
OI00039175,O0022306,P0092,1,190.41,0.1
OI00039205,O0022327,P0028,1,1220.25,0.15
OI00039206,O0022327,P0131,1,51.51,0.0
OI00039226,O0022338,P0069,1,98.34,0.0
OI00039227,O0022339,P0036,1,726.11,0.0
OI00039228,O0022339,P0049,1,330.23,0.15
OI00039229,O0022339,P0138,1,35.32,0.0
OI00039230,O0022340,P0031,2,1341.46,0.0
OI00039231,O0022340,P0142,1,12.69,0.25
OI00039248,O0022350,P0080,1,232.43,0.25
OI00039249,O0022350,P0055,1,334.13,0.0
OI00039250,O0022350,P0107,1,154.43,0.0
OI00039264,O0022359,P0118,1,126.55,0.25
OI00039265,O0022359,P0085,1,491.45,0.15
OI00039266,O0022360,P0169,2,183.84,0.2
OI00039267,O0022360,P0098,1,325.06,0.25
OI00039271,O0022362,P0062,2,57.27,0.0
OI00039272,O0022362,P0022,1,863.86,0.0
OI00039273,O0022362,P0093,1,85.0,0.25
OI00039297,O0022375,P0106,1,129.76,0.25
OI00039319,O0022389,P0084,1,645.66,0.25
OI00039326,O0022394,P0076,1,120.28,0.05
OI00039330,O0022397,P0069,1,98.0,0.0
OI00039339,O0022403,P0095,1,282.66,0.25
OI00039376,O0022426,P0131,1,50.8,0.15
OI00039377,O0022427,P0121,1,144.95,0.1
OI00039395,O0022437,P0149,1,18.54,0.25
OI00039396,O0022438,P0145,1,160.62,0.25
OI00039425,O0022453,P0004,1,1028.16,0.25
OI00039434,O0022460,P0035,1,1058.72,0.25
OI00039446,O0022467,P0015,2,1399.38,0.0
OI00039447,O0022467,P0084,1,614.96,0.1
OI00039457,O0022474,P0045,1,411.83,0.25
OI00039458,O0022474,P0019,2,414.24,0.1
OI00039469,O0022480,P0069,1,99.44,0.0
OI00039470,O0022481,P0174,2,18.38,0.0
OI00039471,O0022481,P0064,1,130.79,0.25
OI00039499,O0022499,P0024,1,498.37,0.25
OI00039500,O0022499,P0167,1,129.0,0.0
OI00039501,O0022499,P0121,1,145.72,0.0
OI00039511,O0022505,P0175,2,12.18,0.15
OI00039512,O0022505,P0007,1,1986.78,0.0
OI00039513,O0022505,P0098,1,310.39,0.25
OI00039514,O0022505,P0058,2,150.87,0.25
OI00039533,O0022517,P0081,2,404.58,0.25
OI00039534,O0022517,P0122,1,387.15,0.0
OI00039544,O0022522,P0180,2,53.14,0.1
OI00039545,O0022522,P0123,1,49.78,0.25
OI00039546,O0022522,P0077,1,406.94,0.0
OI00039547,O0022522,P0162,1,19.91,0.25
OI00039554,O0022527,P0118,2,128.8,0.05
OI00039557,O0022530,P0086,1,49.12,0.0
OI00039558,O0022530,P0043,1,296.6,0.15
OI00039559,O0022531,P0073,1,96.09,0.0
OI00039562,O0022534,P0164,1,39.25,0.0
OI00039563,O0022534,P0065,1,314.14,0.25
OI00039564,O0022534,P0097,1,142.55,0.05
OI00039575,O0022539,P0049,1,331.41,0.15
OI00039576,O0022539,P0145,1,167.0,0.0
OI00039577,O0022539,P0120,1,334.94,0.25
OI00039587,O0022544,P0045,1,399.58,0.25
OI00039588,O0022544,P0062,1,54.87,0.25
OI00039589,O0022544,P0111,1,289.44,0.25
OI00039598,O0022551,P0119,1,32.94,0.0
OI00039599,O0022551,P0129,1,304.72,0.25
OI00039600,O0022552,P0070,1,53.77,0.15
OI00039601,O0022552,P0115,1,67.95,0.0
OI00039608,O0022555,P0017,1,1655.09,0.25
OI00039643,O0022574,P0042,1,115.56,0.0
OI00039693,O0022600,P0034,1,560.58,0.25
OI00039694,O0022600,P0032,1,894.52,0.25
OI00039695,O0022600,P0098,1,327.6,0.25
OI00039714,O0022609,P0132,1,29.48,0.25
OI00039715,O0022610,P0019,1,396.6,0.05
OI00039716,O0022610,P0025,1,436.86,0.25
OI00039717,O0022610,P0084,1,624.39,0.1
OI00039721,O0022613,P0094,2,72.55,0.0
OI00039722,O0022613,P0077,1,410.86,0.0
OI00039723,O0022613,P0165,1,40.75,0.25
OI00039729,O0022619,P0170,1,9.64,0.15
OI00039731,O0022621,P0056,1,129.69,0.25
OI00039741,O0022627,P0098,1,323.67,0.0
OI00039742,O0022627,P0065,1,317.2,0.1
OI00039767,O0022637,P0015,1,1431.07,0.05
OI00039768,O0022638,P0041,2,239.53,0.1
OI00039769,O0022638,P0176,1,133.56,0.2
OI00039777,O0022643,P0044,1,125.24,0.0
OI00039778,O0022644,P0107,1,154.94,0.0
OI00039779,O0022644,P0056,1,127.27,0.0
OI00039780,O0022644,P0007,1,2074.96,0.0
OI00039805,O0022658,P0175,1,11.75,0.0
OI00039806,O0022658,P0106,1,132.36,0.0
OI00039822,O0022669,P0132,1,29.42,0.0
OI00039823,O0022669,P0013,1,1074.76,0.0
OI00039824,O0022669,P0047,1,137.83,0.05
OI00039859,O0022691,P0125,1,294.97,0.1
OI00039863,O0022694,P0148,1,14.57,0.0
OI00039864,O0022694,P0091,2,166.74,0.0
OI00039869,O0022697,P0023,1,1000.03,0.25
OI00039875,O0022702,P0169,1,186.16,0.0
OI00039877,O0022704,P0027,1,887.88,0.25
OI00039878,O0022704,P0038,1,477.81,0.2
OI00039882,O0022707,P0016,1,938.16,0.0
OI00039916,O0022725,P0145,1,163.58,0.0
OI00039917,O0022725,P0123,1,50.23,0.05
OI00039921,O0022729,P0179,1,83.02,0.0
OI00039926,O0022732,P0079,1,177.72,0.0
OI00039927,O0022732,P0044,1,122.91,0.0
OI00039928,O0022732,P0063,2,57.81,0.05
OI00039934,O0022737,P0092,1,197.77,0.15
OI00039935,O0022737,P0067,1,277.48,0.1
OI00039960,O0022752,P0121,1,150.35,0.25
OI00039961,O0022752,P0116,1,66.61,0.05
OI00039969,O0022758,P0078,2,137.5,0.0
OI00039974,O0022761,P0080,1,233.4,0.25
OI00039975,O0022761,P0164,1,37.8,0.2
OI00039983,O0022765,P0135,1,190.08,0.25
OI00039987,O0022769,P0094,1,74.21,0.2
OI00039994,O0022773,P0076,1,126.19,0.0
OI00039995,O0022773,P0133,2,9.86,0.0
OI00040015,O0022786,P0119,2,32.83,0.25
OI00040026,O0022793,P0078,1,135.7,0.0
OI00040030,O0022796,P0043,3,291.53,0.0
OI00040031,O0022796,P0117,2,31.12,0.0
OI00040032,O0022796,P0133,1,9.88,0.25
OI00040033,O0022797,P0100,1,60.51,0.15
OI00040034,O0022797,P0058,1,149.09,0.0
OI00040035,O0022797,P0115,2,68.38,0.0
OI00040037,O0022799,P0059,1,49.19,0.05
OI00040038,O0022799,P0147,1,78.91,0.0
OI00040082,O0022822,P0130,1,29.85,0.0
OI00040083,O0022822,P0008,1,1177.15,0.0
OI00040118,O0022843,P0056,1,126.5,0.1
OI00040154,O0022865,P0075,1,55.13,0.05
OI00040164,O0022872,P0050,2,93.88,0.25
OI00040191,O0022887,P0089,1,356.74,0.0
OI00040202,O0022894,P0106,1,134.31,0.0
OI00040203,O0022894,P0176,1,139.51,0.0
OI00040212,O0022899,P0055,1,315.9,0.0
OI00040213,O0022899,P0129,2,310.14,0.0
OI00040214,O0022899,P0104,1,29.43,0.25
OI00040215,O0022899,P0025,1,430.16,0.15
OI00040217,O0022901,P0164,1,39.11,0.25
OI00040218,O0022901,P0150,1,11.66,0.25
OI00040219,O0022901,P0041,1,230.14,0.0
OI00040223,O0022905,P0166,2,33.19,0.25
OI00040224,O0022905,P0037,1,541.63,0.25
OI00040232,O0022910,P0028,1,1233.04,0.0
OI00040239,O0022914,P0176,2,133.14,0.25
OI00040251,O0022922,P0163,1,17.72,0.0
OI00040261,O0022927,P0082,1,387.31,0.05
OI00040285,O0022943,P0057,1,133.65,0.0
OI00040333,O0022967,P0018,1,2012.43,0.0
OI00040334,O0022967,P0095,1,285.67,0.0
OI00040335,O0022967,P0035,1,1031.99,0.0
OI00040336,O0022967,P0011,1,1063.74,0.1
OI00040348,O0022974,P0069,1,97.65,0.0
OI00040349,O0022974,P0028,1,1217.61,0.0
OI00040354,O0022977,P0028,1,1219.34,0.0
OI00040355,O0022977,P0032,1,874.62,0.1
OI00040409,O0023004,P0081,1,404.18,0.0
OI00040410,O0023004,P0098,1,322.23,0.0
OI00040478,O0023040,P0143,3,113.98,0.25
OI00040481,O0023042,P0100,1,60.91,0.0
OI00040482,O0023043,P0107,1,150.06,0.25
OI00040514,O0023061,P0159,2,174.95,0.0
OI00040515,O0023061,P0107,1,153.17,0.0
OI00040516,O0023061,P0062,1,58.16,0.25
OI00040517,O0023062,P0119,1,32.48,0.25
OI00040522,O0023066,P0105,1,127.08,0.25
OI00040523,O0023066,P0116,1,70.97,0.05
OI00040524,O0023066,P0104,1,29.69,0.0
OI00040525,O0023066,P0048,1,56.42,0.0
OI00040551,O0023079,P0032,1,889.57,0.1
OI00040553,O0023081,P0097,1,142.85,0.0
OI00040554,O0023081,P0133,1,9.95,0.0
OI00040566,O0023087,P0170,2,9.75,0.25
OI00040590,O0023099,P0032,1,893.37,0.0
OI00040597,O0023103,P0140,1,15.52,0.1
OI00040598,O0023103,P0118,1,125.26,0.0
OI00040602,O0023107,P0162,1,19.59,0.25
OI00040603,O0023107,P0118,1,130.85,0.25
OI00040604,O0023107,P0061,1,371.67,0.15
OI00040622,O0023117,P0159,1,179.57,0.25
OI00040623,O0023117,P0024,1,502.25,0.0
OI00040629,O0023122,P0138,1,35.07,0.2
OI00040648,O0023131,P0026,3,1174.36,0.1
OI00040649,O0023131,P0125,1,292.64,0.0
OI00040671,O0023141,P0148,1,14.9,0.2
OI00040672,O0023141,P0005,1,1334.78,0.25
OI00040673,O0023141,P0069,1,96.83,0.25
OI00040674,O0023141,P0025,1,419.12,0.0
OI00040675,O0023142,P0012,1,1509.12,0.25
OI00040676,O0023142,P0180,1,53.5,0.1
OI00040677,O0023142,P0102,1,50.44,0.0
OI00040682,O0023144,P0055,1,325.28,0.25
OI00040714,O0023165,P0086,1,49.89,0.0
OI00040717,O0023167,P0121,1,147.63,0.1
OI00040722,O0023171,P0022,1,862.63,0.05
OI00040723,O0023171,P0051,1,55.5,0.0
OI00040730,O0023174,P0142,1,13.13,0.15
OI00040731,O0023175,P0175,1,11.99,0.25
OI00040743,O0023183,P0066,2,273.37,0.05
OI00040771,O0023202,P0030,1,865.51,0.25
OI00040805,O0023221,P0008,1,1180.78,0.0
OI00040806,O0023221,P0039,2,537.83,0.0
OI00040812,O0023226,P0064,1,126.96,0.25
OI00040813,O0023226,P0137,1,25.81,0.0
OI00040814,O0023227,P0016,1,916.67,0.0
OI00040839,O0023243,P0171,1,37.31,0.1
OI00040840,O0023243,P0076,1,124.39,0.0
OI00040841,O0023243,P0087,1,469.64,0.0
OI00040842,O0023243,P0096,1,86.91,0.1
OI00040871,O0023260,P0117,1,30.88,0.1
OI00040872,O0023260,P0165,1,40.73,0.0
OI00040879,O0023263,P0115,1,68.94,0.25
OI00040880,O0023263,P0078,1,133.91,0.25
OI00040881,O0023263,P0136,1,87.32,0.25
OI00040897,O0023271,P0140,1,15.44,0.1
OI00040913,O0023280,P0043,1,291.92,0.25
OI00040914,O0023280,P0053,1,355.34,0.05
OI00040932,O0023290,P0006,1,2153.26,0.25
OI00040933,O0023290,P0118,1,126.48,0.2
OI00040946,O0023296,P0134,1,131.83,0.15
OI00040947,O0023296,P0070,1,52.55,0.0
OI00040948,O0023296,P0137,1,25.88,0.0
OI00040959,O0023301,P0120,1,333.42,0.25
OI00040971,O0023307,P0094,1,73.1,0.25
OI00040972,O0023307,P0017,1,1612.93,0.0
OI00040976,O0023309,P0038,1,490.59,0.25
OI00040977,O0023309,P0001,1,1774.65,0.25
OI00040986,O0023315,P0180,1,52.48,0.0
OI00040987,O0023315,P0174,1,18.73,0.05
OI00040988,O0023315,P0090,1,200.25,0.25
OI00040989,O0023316,P0144,1,13.43,0.0
OI00041002,O0023323,P0052,1,39.65,0.25
OI00041006,O0023325,P0129,2,300.84,0.0
OI00041007,O0023325,P0153,1,43.23,0.0
OI00041012,O0023328,P0145,2,162.83,0.0
OI00041013,O0023328,P0059,1,50.5,0.0
OI00041017,O0023331,P0125,1,289.53,0.15
OI00041018,O0023331,P0166,1,34.52,0.1
OI00041040,O0023344,P0011,1,1091.94,0.0
OI00041057,O0023351,P0018,3,1938.51,0.0
OI00041058,O0023351,P0175,2,12.2,0.1
OI00041062,O0023354,P0106,1,132.52,0.0
OI00041075,O0023363,P0121,1,139.63,0.25
OI00041084,O0023368,P0095,1,298.79,0.15
OI00041124,O0023389,P0011,1,1013.6,0.0
OI00041125,O0023390,P0033,1,1327.24,0.0
OI00041128,O0023392,P0001,1,1756.18,0.0
OI00041129,O0023392,P0069,1,98.38,0.25
OI00041131,O0023394,P0133,1,10.12,0.25
OI00041194,O0023429,P0022,1,874.46,0.05
OI00041195,O0023429,P0173,3,44.63,0.0
OI00041230,O0023450,P0165,2,40.54,0.2
OI00041231,O0023450,P0164,1,40.2,0.0
OI00041236,O0023453,P0055,1,338.36,0.25
OI00041237,O0023453,P0082,1,367.15,0.05
OI00041240,O0023455,P0022,1,850.07,0.0
OI00041241,O0023455,P0033,1,1348.9,0.0
OI00041242,O0023455,P0042,1,119.46,0.25
OI00041263,O0023469,P0129,2,301.03,0.1
OI00041264,O0023469,P0176,1,135.84,0.2
OI00041265,O0023469,P0167,1,122.93,0.25
OI00041268,O0023472,P0141,2,23.34,0.25
OI00041273,O0023476,P0096,1,85.66,0.0
OI00041295,O0023489,P0142,1,12.57,0.0
OI00041304,O0023495,P0014,1,832.89,0.25
OI00041305,O0023495,P0107,1,153.69,0.05
OI00041308,O0023498,P0078,1,135.3,0.25
OI00041309,O0023498,P0098,1,315.79,0.0
OI00041318,O0023503,P0064,1,129.57,0.0
OI00041324,O0023507,P0046,1,332.67,0.25
OI00041325,O0023507,P0177,1,23.3,0.25
OI00041326,O0023507,P0105,2,129.36,0.25
OI00041327,O0023507,P0102,1,52.43,0.25
OI00041345,O0023514,P0028,1,1229.19,0.05
OI00041352,O0023518,P0085,1,502.37,0.25
OI00041368,O0023527,P0176,1,134.08,0.0
OI00041383,O0023537,P0056,1,126.79,0.25
OI00041384,O0023537,P0097,1,136.57,0.0
OI00041388,O0023540,P0051,1,54.6,0.15
OI00041397,O0023545,P0124,2,65.45,0.25
OI00041398,O0023545,P0017,1,1659.25,0.25
OI00041414,O0023553,P0019,1,407.77,0.25
OI00041466,O0023582,P0077,1,403.28,0.0
OI00041467,O0023582,P0038,1,470.07,0.0
OI00041468,O0023582,P0154,1,57.52,0.25
OI00041469,O0023582,P0067,1,285.21,0.0
OI00041476,O0023585,P0084,1,624.75,0.0
OI00041477,O0023585,P0055,2,327.78,0.0
OI00041497,O0023595,P0131,1,50.41,0.25
OI00041502,O0023598,P0130,2,30.15,0.25
OI00041503,O0023598,P0147,2,76.28,0.0
OI00041504,O0023598,P0063,1,60.66,0.0
OI00041506,O0023600,P0074,1,262.12,0.0
OI00041507,O0023600,P0027,1,930.28,0.25
OI00041530,O0023613,P0141,1,23.59,0.05
OI00041531,O0023613,P0077,1,431.5,0.0
OI00041532,O0023613,P0168,1,62.27,0.25
OI00041533,O0023613,P0032,1,869.08,0.25
OI00041536,O0023615,P0098,1,330.56,0.0
OI00041537,O0023615,P0136,1,85.39,0.0
OI00041538,O0023615,P0142,1,12.43,0.0
OI00041550,O0023622,P0159,2,178.05,0.1
OI00041577,O0023639,P0039,1,515.42,0.05
OI00041578,O0023639,P0058,1,143.78,0.0
OI00041617,O0023664,P0049,2,334.64,0.25
OI00041622,O0023667,P0152,1,14.59,0.0
OI00041626,O0023670,P0116,1,70.18,0.1
OI00041627,O0023670,P0061,1,374.07,0.0
OI00041628,O0023670,P0136,1,81.34,0.25
OI00041633,O0023674,P0071,1,115.18,0.15
OI00041634,O0023674,P0118,1,130.91,0.2
OI00041636,O0023676,P0008,1,1183.39,0.0
OI00041637,O0023676,P0150,1,11.38,0.15
OI00041646,O0023683,P0029,1,533.09,0.15
OI00041650,O0023686,P0070,1,53.73,0.0
OI00041651,O0023686,P0122,1,390.53,0.2
OI00041652,O0023686,P0106,1,132.4,0.25
OI00041663,O0023691,P0038,1,464.43,0.15
OI00041664,O0023691,P0137,2,25.91,0.0
OI00041677,O0023701,P0058,1,145.8,0.2
OI00041678,O0023702,P0054,1,56.87,0.0
OI00041680,O0023704,P0122,1,390.33,0.0
OI00041692,O0023713,P0114,1,29.15,0.0
OI00041693,O0023713,P0127,1,159.58,0.1
OI00041700,O0023718,P0075,2,55.44,0.25
OI00041701,O0023718,P0054,1,57.1,0.0
OI00041710,O0023722,P0085,1,484.39,0.25
OI00041711,O0023722,P0146,2,53.93,0.25
OI00041712,O0023722,P0042,1,121.44,0.0
OI00041731,O0023733,P0020,1,545.03,0.15
OI00041744,O0023740,P0004,2,998.01,0.0
OI00041745,O0023741,P0057,1,133.68,0.1
OI00041746,O0023741,P0039,2,528.65,0.15
OI00041753,O0023745,P0061,1,376.5,0.0
OI00041754,O0023745,P0014,1,837.37,0.05
OI00041755,O0023745,P0120,1,329.02,0.0
OI00041763,O0023749,P0012,1,1486.95,0.25
OI00041764,O0023749,P0087,1,487.31,0.0
OI00041775,O0023755,P0093,1,86.44,0.05
OI00041780,O0023758,P0062,1,56.65,0.0
OI00041809,O0023774,P0053,1,365.15,0.0
OI00041811,O0023776,P0117,2,30.77,0.0
OI00041812,O0023776,P0134,1,134.3,0.05
OI00041813,O0023776,P0036,1,727.49,0.25
OI00041836,O0023787,P0090,1,199.61,0.0
OI00041837,O0023787,P0061,1,378.62,0.05
OI00041848,O0023793,P0060,1,135.38,0.15
OI00041849,O0023793,P0083,1,716.6,0.0
OI00041850,O0023794,P0157,1,116.84,0.05
OI00041851,O0023794,P0096,1,86.69,0.15
OI00041870,O0023806,P0018,1,1999.14,0.15
OI00041871,O0023806,P0173,1,45.09,0.0
OI00041872,O0023806,P0028,1,1230.01,0.0
OI00041876,O0023808,P0134,1,130.72,0.25
OI00041877,O0023808,P0124,1,63.45,0.25
OI00041881,O0023811,P0029,1,532.33,0.25
OI00041884,O0023814,P0094,2,71.74,0.0
OI00041885,O0023814,P0177,1,22.96,0.2
OI00041886,O0023815,P0066,1,273.78,0.0
OI00041887,O0023815,P0041,1,234.2,0.25
OI00041895,O0023821,P0088,2,300.5,0.15
OI00041906,O0023829,P0155,1,50.4,0.0
OI00041907,O0023829,P0013,1,1072.58,0.25
OI00041931,O0023846,P0145,1,160.81,0.0
OI00041935,O0023849,P0107,1,153.46,0.05
OI00041936,O0023849,P0128,1,69.92,0.0
OI00041937,O0023849,P0158,1,66.71,0.1
OI00041948,O0023855,P0153,1,44.89,0.05
OI00041980,O0023874,P0120,1,326.56,0.0
OI00041984,O0023877,P0016,1,922.92,0.0
OI00041987,O0023879,P0026,1,1201.84,0.25
OI00041992,O0023882,P0172,1,22.18,0.0
OI00041993,O0023882,P0096,1,87.15,0.2
OI00041994,O0023882,P0141,1,23.54,0.0
OI00042009,O0023892,P0010,2,861.61,0.25
OI00042010,O0023893,P0088,2,294.37,0.0
OI00042011,O0023893,P0007,1,2017.68,0.05
OI00042016,O0023897,P0110,1,72.67,0.0
OI00042025,O0023901,P0041,2,232.56,0.0
OI00042027,O0023903,P0066,1,261.85,0.0
OI00042028,O0023904,P0129,1,300.42,0.15
OI00042029,O0023905,P0063,1,60.49,0.2
OI00042030,O0023905,P0158,1,64.24,0.25
OI00042032,O0023907,P0085,1,497.23,0.15
OI00042033,O0023907,P0057,1,133.68,0.0
OI00042040,O0023912,P0164,1,38.53,0.25
OI00042041,O0023912,P0098,2,323.83,0.0
OI00042042,O0023912,P0009,1,1282.19,0.0
OI00042072,O0023930,P0173,1,44.41,0.0
OI00042087,O0023941,P0144,1,13.41,0.25
OI00042088,O0023941,P0091,1,164.66,0.0
OI00042111,O0023955,P0079,1,173.44,0.0
OI00042112,O0023955,P0145,1,164.95,0.0
OI00042113,O0023956,P0152,1,15.29,0.0
OI00042114,O0023956,P0045,2,419.54,0.25
OI00042140,O0023968,P0132,1,29.87,0.0
OI00042141,O0023968,P0134,1,130.48,0.1
OI00042142,O0023968,P0121,1,147.1,0.25
OI00042146,O0023970,P0072,2,171.23,0.25
OI00042200,O0024001,P0147,1,76.21,0.25
OI00042214,O0024012,P0090,1,200.77,0.0
OI00042215,O0024012,P0064,1,133.37,0.25
OI00042222,O0024016,P0099,1,231.09,0.25
OI00042242,O0024031,P0050,2,92.87,0.0
OI00042243,O0024031,P0145,1,159.22,0.05
OI00042244,O0024031,P0043,1,291.09,0.0
OI00042251,O0024035,P0048,1,55.14,0.0
OI00042252,O0024035,P0083,1,737.3,0.1
OI00042255,O0024037,P0038,1,477.72,0.15
OI00042302,O0024059,P0128,1,69.62,0.25
OI00042303,O0024059,P0125,1,295.16,0.25
OI00042304,O0024059,P0151,2,20.09,0.0
OI00042333,O0024076,P0124,1,68.37,0.05
OI00042334,O0024076,P0167,1,128.16,0.15
OI00042335,O0024076,P0084,1,648.01,0.25
OI00042340,O0024080,P0093,1,86.98,0.0
OI00042344,O0024083,P0055,1,331.85,0.25
OI00042345,O0024083,P0094,1,72.11,0.25
OI00042346,O0024083,P0040,1,1008.75,0.25
OI00042350,O0024085,P0166,1,33.27,0.05
OI00042351,O0024085,P0157,1,122.35,0.25
OI00042355,O0024087,P0051,1,56.14,0.0
OI00042356,O0024087,P0064,1,130.93,0.25
OI00042357,O0024087,P0048,1,56.66,0.25
OI00042358,O0024088,P0143,1,111.49,0.0
OI00042359,O0024088,P0098,1,325.68,0.05
OI00042365,O0024091,P0026,1,1161.15,0.25
OI00042366,O0024091,P0007,1,2025.05,0.1
OI00042395,O0024106,P0036,1,710.59,0.0
OI00042396,O0024106,P0041,1,232.0,0.0
OI00042397,O0024106,P0144,1,13.79,0.25
OI00042405,O0024111,P0097,1,136.29,0.1
OI00042406,O0024111,P0168,1,62.42,0.15
OI00042407,O0024111,P0024,2,495.81,0.05
OI00042428,O0024125,P0077,1,404.44,0.0
OI00042439,O0024131,P0163,1,18.56,0.25
OI00042440,O0024131,P0064,1,127.8,0.25
OI00042456,O0024141,P0137,1,26.04,0.25
OI00042466,O0024147,P0155,1,51.09,0.0
OI00042496,O0024166,P0169,1,186.03,0.25
OI00042497,O0024166,P0106,1,131.93,0.0
OI00042498,O0024166,P0143,1,112.74,0.0
OI00042499,O0024166,P0147,1,76.95,0.25
OI00042506,O0024170,P0172,1,22.32,0.25
OI00042525,O0024183,P0033,1,1332.96,0.0
OI00042531,O0024187,P0082,1,380.6,0.25
OI00042538,O0024191,P0058,1,144.33,0.0
OI00042545,O0024194,P0014,1,844.31,0.25
OI00042546,O0024195,P0051,1,57.31,0.0
OI00042547,O0024195,P0072,1,175.76,0.0
OI00042548,O0024195,P0043,1,288.93,0.25
OI00042559,O0024201,P0050,1,92.28,0.05
OI00042560,O0024201,P0112,1,40.52,0.2
OI00042570,O0024208,P0084,1,637.69,0.0
OI00042571,O0024208,P0146,1,51.45,0.25
OI00042580,O0024213,P0053,1,366.48,0.25
OI00042581,O0024213,P0064,1,135.32,0.25
OI00042593,O0024221,P0012,2,1535.77,0.0
OI00042594,O0024221,P0016,1,934.54,0.0
OI00042595,O0024221,P0017,1,1621.9,0.0
OI00042596,O0024222,P0044,1,126.71,0.0
OI00042597,O0024222,P0119,1,32.74,0.0
OI00042598,O0024222,P0150,1,11.32,0.05
OI00042599,O0024222,P0128,1,70.55,0.25
OI00042610,O0024230,P0090,1,203.84,0.25
OI00042611,O0024230,P0012,1,1497.19,0.0
OI00042615,O0024233,P0137,1,26.64,0.25
OI00042617,O0024235,P0160,1,23.69,0.15
OI00042640,O0024248,P0089,1,353.62,0.0
OI00042641,O0024248,P0110,1,73.71,0.25
OI00042642,O0024248,P0128,1,70.38,0.1
OI00042649,O0024254,P0004,2,1033.03,0.25
OI00042671,O0024265,P0017,2,1565.35,0.0
OI00042672,O0024265,P0130,1,30.88,0.05
OI00042687,O0024276,P0112,2,40.61,0.0
OI00042688,O0024277,P0051,1,54.4,0.05
OI00042691,O0024279,P0121,1,141.37,0.0
OI00042693,O0024281,P0074,1,261.19,0.1
OI00042694,O0024281,P0054,2,57.77,0.1
OI00042695,O0024281,P0019,1,400.14,0.15
OI00042697,O0024283,P0090,1,203.97,0.0
OI00042698,O0024283,P0066,1,270.44,0.0
OI00042699,O0024283,P0046,1,333.6,0.0
OI00042700,O0024283,P0020,1,556.55,0.0
OI00042743,O0024304,P0020,1,551.39,0.0
OI00042744,O0024304,P0096,1,86.34,0.1
OI00042754,O0024311,P0119,2,32.51,0.25
OI00042755,O0024312,P0099,1,233.74,0.0
OI00042762,O0024319,P0093,1,84.35,0.25
OI00042770,O0024324,P0060,1,137.65,0.0
OI00042771,O0024324,P0131,1,50.74,0.25
OI00042772,O0024324,P0115,3,68.05,0.0
OI00042811,O0024346,P0161,1,64.37,0.0
OI00042814,O0024349,P0036,1,739.38,0.25
OI00042815,O0024349,P0133,1,9.77,0.25
OI00042827,O0024356,P0135,1,183.48,0.0
OI00042831,O0024360,P0026,1,1191.64,0.05
OI00042849,O0024369,P0031,1,1341.42,0.0
OI00042850,O0024369,P0116,1,66.84,0.0
OI00042851,O0024369,P0070,1,56.43,0.25
OI00042852,O0024369,P0043,1,288.3,0.1
OI00042853,O0024370,P0108,1,39.56,0.0
OI00042854,O0024371,P0065,1,314.95,0.25
OI00042855,O0024371,P0153,1,44.15,0.05
OI00042869,O0024379,P0040,2,998.81,0.25
OI00042870,O0024379,P0164,1,39.61,0.25
OI00042894,O0024394,P0173,1,44.62,0.25
OI00042895,O0024394,P0013,1,1069.08,0.0
OI00042949,O0024426,P0131,3,48.21,0.0
OI00042950,O0024427,P0041,1,231.78,0.0
OI00042951,O0024427,P0029,1,524.81,0.0
OI00042952,O0024428,P0156,1,88.58,0.0
OI00042953,O0024428,P0104,1,29.17,0.0
OI00042980,O0024446,P0047,1,135.14,0.0
OI00042981,O0024446,P0038,1,480.91,0.25
OI00042987,O0024451,P0151,1,19.66,0.25
OI00042988,O0024451,P0027,1,907.17,0.0
OI00042989,O0024451,P0150,1,11.15,0.05
OI00043000,O0024458,P0084,1,636.49,0.0
OI00043072,O0024500,P0124,1,65.17,0.0
OI00043073,O0024500,P0049,1,335.48,0.05
OI00043082,O0024506,P0125,1,292.91,0.1
OI00043111,O0024523,P0020,1,568.26,0.05
OI00043119,O0024528,P0110,1,74.39,0.0
OI00043152,O0024549,P0082,1,382.25,0.25
OI00043153,O0024549,P0174,1,18.57,0.0
OI00043154,O0024549,P0069,1,100.39,0.25
OI00043180,O0024562,P0049,1,336.3,0.1
OI00043222,O0024585,P0035,1,1069.91,0.25
OI00043223,O0024585,P0026,1,1120.51,0.05
OI00043254,O0024604,P0012,1,1532.61,0.05
OI00043255,O0024604,P0010,1,865.53,0.0
OI00043269,O0024611,P0169,2,187.79,0.0
OI00043270,O0024611,P0082,1,378.0,0.25
OI00043273,O0024613,P0160,1,23.4,0.0
OI00043297,O0024625,P0106,1,129.26,0.0
OI00043298,O0024625,P0056,1,127.47,0.25
OI00043299,O0024625,P0086,1,50.74,0.0
OI00043315,O0024633,P0046,1,330.53,0.05
OI00043332,O0024643,P0128,1,70.89,0.0
OI00043363,O0024665,P0043,1,287.35,0.0
OI00043364,O0024666,P0176,1,132.86,0.25
OI00043365,O0024666,P0166,1,33.46,0.0
OI00043366,O0024667,P0091,1,169.65,0.25
OI00043419,O0024695,P0170,1,9.67,0.0
OI00043420,O0024695,P0105,3,129.33,0.0
OI00043421,O0024696,P0168,3,63.58,0.25
OI00043422,O0024697,P0055,1,321.96,0.0
OI00043430,O0024701,P0062,1,56.95,0.0
OI00043431,O0024701,P0172,1,21.97,0.25
OI00043432,O0024701,P0156,2,88.04,0.0
OI00043457,O0024713,P0057,1,135.15,0.2
OI00043458,O0024713,P0124,1,64.69,0.0
OI00043469,O0024720,P0008,2,1213.89,0.0
OI00043470,O0024721,P0083,1,730.34,0.0
OI00043481,O0024727,P0141,1,23.27,0.25
OI00043482,O0024727,P0153,1,43.57,0.25
OI00043483,O0024728,P0142,1,12.58,0.05
OI00043484,O0024728,P0149,1,17.58,0.25
OI00043485,O0024728,P0049,1,341.12,0.0
OI00043496,O0024735,P0017,1,1613.72,0.1
OI00043497,O0024735,P0078,1,134.41,0.0
OI00043498,O0024735,P0135,2,185.93,0.1
OI00043523,O0024751,P0155,2,51.66,0.05
OI00043554,O0024772,P0025,1,426.38,0.0
OI00043557,O0024775,P0101,1,126.25,0.2
OI00043559,O0024777,P0164,1,38.79,0.0
OI00043567,O0024782,P0149,1,18.15,0.15
OI00043577,O0024787,P0044,1,119.28,0.25
OI00043578,O0024787,P0111,1,282.32,0.25
OI00043597,O0024796,P0036,1,718.87,0.1
OI00043606,O0024802,P0113,1,101.05,0.0
OI00043619,O0024807,P0169,1,184.43,0.0
OI00043620,O0024807,P0131,1,48.96,0.0
OI00043621,O0024808,P0074,1,262.73,0.1
OI00043636,O0024818,P0145,2,164.11,0.0
OI00043641,O0024822,P0041,1,232.14,0.25
OI00043650,O0024829,P0112,1,40.46,0.1
OI00043659,O0024834,P0092,1,197.96,0.25
OI00043660,O0024835,P0126,1,182.73,0.0
OI00043661,O0024836,P0089,1,348.02,0.2
OI00043673,O0024843,P0114,1,29.57,0.25
OI00043674,O0024844,P0123,1,49.02,0.05
OI00043682,O0024848,P0051,2,53.92,0.25
OI00043683,O0024848,P0108,1,41.89,0.1
OI00043684,O0024849,P0144,1,13.9,0.05
OI00043692,O0024853,P0151,1,19.27,0.15
OI00043693,O0024853,P0106,1,129.02,0.0
OI00043696,O0024856,P0073,1,97.53,0.0
OI00043710,O0024865,P0015,2,1420.24,0.25
OI00043729,O0024876,P0099,1,242.81,0.0
OI00043732,O0024878,P0102,1,51.26,0.15
OI00043733,O0024878,P0114,1,29.56,0.25
OI00043734,O0024878,P0170,1,9.2,0.1
OI00043747,O0024886,P0093,1,86.6,0.0
OI00043752,O0024889,P0052,2,40.03,0.25
OI00043768,O0024900,P0042,1,123.59,0.0
OI00043777,O0024906,P0141,3,23.65,0.15
OI00043788,O0024912,P0160,1,23.95,0.15
OI00043789,O0024912,P0100,2,63.44,0.0
OI00043790,O0024912,P0174,1,18.74,0.05
OI00043801,O0024919,P0159,1,182.06,0.25
OI00043814,O0024928,P0050,2,95.08,0.15
OI00043829,O0024936,P0152,1,14.88,0.0
OI00043830,O0024936,P0105,1,127.67,0.25
OI00043831,O0024937,P0003,1,1215.29,0.05
OI00043832,O0024937,P0137,1,26.17,0.25
OI00043846,O0024945,P0003,1,1189.39,0.25
OI00043847,O0024945,P0044,2,122.76,0.15
OI00043848,O0024945,P0127,1,163.11,0.25
OI00043849,O0024945,P0097,1,141.81,0.0
OI00043850,O0024946,P0147,1,76.67,0.0
OI00043851,O0024947,P0051,1,56.96,0.0
OI00043852,O0024947,P0120,1,324.51,0.25
OI00043853,O0024947,P0130,1,30.38,0.1
OI00043894,O0024968,P0157,1,119.52,0.0
OI00043895,O0024968,P0013,1,1091.42,0.25
OI00043914,O0024978,P0021,1,655.62,0.0
OI00043923,O0024983,P0044,1,121.82,0.0
OI00043940,O0024994,P0031,1,1318.51,0.0
OI00043941,O0024994,P0056,1,128.44,0.0
OI00043942,O0024994,P0125,1,290.48,0.0
OI00043960,O0025004,P0102,1,50.93,0.0
OI00043961,O0025004,P0075,1,52.68,0.0
OI00043977,O0025015,P0072,2,170.29,0.1
OI00043984,O0025019,P0174,2,18.46,0.0
OI00043985,O0025019,P0088,1,304.2,0.25
OI00044001,O0025029,P0165,1,41.09,0.0
OI00044002,O0025029,P0138,1,35.59,0.0
OI00044011,O0025034,P0041,2,228.98,0.0
OI00044012,O0025034,P0040,1,981.68,0.0
OI00044013,O0025034,P0055,1,328.62,0.0
OI00044014,O0025034,P0037,1,547.79,0.25
OI00044080,O0025071,P0023,2,1001.62,0.1
OI00044081,O0025071,P0111,2,288.26,0.25
OI00044082,O0025072,P0031,1,1360.02,0.0
OI00044091,O0025076,P0015,1,1389.19,0.25
OI00044092,O0025076,P0074,1,253.77,0.1
OI00044093,O0025076,P0171,1,37.87,0.25
OI00044104,O0025083,P0135,2,181.77,0.0
OI00044112,O0025090,P0106,1,131.51,0.0
OI00044113,O0025090,P0087,1,503.08,0.1
OI00044114,O0025090,P0177,1,22.48,0.25
OI00044115,O0025091,P0112,1,39.23,0.0
OI00044120,O0025094,P0085,1,492.48,0.0
OI00044121,O0025094,P0101,1,127.4,0.25
OI00044122,O0025094,P0165,1,39.44,0.2
OI00044123,O0025094,P0147,1,75.21,0.0
OI00044124,O0025095,P0137,1,26.2,0.1
OI00044131,O0025100,P0125,1,305.9,0.1
OI00044132,O0025100,P0031,1,1318.64,0.25
OI00044148,O0025110,P0118,1,127.53,0.0
OI00044163,O0025118,P0110,1,75.19,0.0
OI00044164,O0025118,P0147,1,78.28,0.0
OI00044168,O0025121,P0122,1,384.96,0.0
OI00044169,O0025122,P0057,1,129.82,0.0
OI00044170,O0025122,P0056,1,129.01,0.0
OI00044204,O0025142,P0037,2,528.94,0.0
OI00044227,O0025155,P0068,1,145.5,0.25
OI00044228,O0025155,P0135,1,183.41,0.1
OI00044229,O0025155,P0116,1,69.35,0.15
OI00044235,O0025158,P0072,1,172.5,0.0
OI00044252,O0025168,P0055,1,317.71,0.25
OI00044256,O0025171,P0123,1,49.53,0.15
OI00044274,O0025184,P0131,1,51.34,0.25
OI00044282,O0025189,P0019,1,407.71,0.25
OI00044283,O0025190,P0126,1,186.79,0.25
OI00044284,O0025190,P0058,1,148.9,0.0
OI00044311,O0025208,P0158,1,67.95,0.25
OI00044331,O0025218,P0171,1,39.54,0.05
OI00044332,O0025219,P0162,1,19.41,0.0
OI00044344,O0025225,P0012,1,1527.21,0.0
OI00044345,O0025226,P0071,1,112.79,0.0
OI00044349,O0025228,P0069,1,96.91,0.0
OI00044350,O0025228,P0045,1,397.65,0.0
OI00044354,O0025232,P0032,2,895.92,0.15
OI00044355,O0025232,P0124,2,66.15,0.25
OI00044392,O0025252,P0062,1,56.37,0.15
OI00044393,O0025252,P0065,1,313.94,0.0
OI00044406,O0025260,P0150,1,11.66,0.1
OI00044407,O0025260,P0039,2,540.18,0.0
OI00044420,O0025269,P0016,1,907.42,0.0
OI00044421,O0025269,P0044,1,118.82,0.1
OI00044422,O0025270,P0089,1,342.46,0.0
OI00044423,O0025270,P0096,2,86.36,0.25
OI00044424,O0025270,P0038,1,490.8,0.0
OI00044432,O0025273,P0033,1,1304.16,0.0
OI00044433,O0025273,P0105,1,126.6,0.25
OI00044457,O0025289,P0010,1,881.9,0.1
OI00044458,O0025290,P0125,3,300.88,0.25
OI00044461,O0025293,P0133,1,9.95,0.25
OI00044462,O0025293,P0132,1,28.64,0.0
OI00044463,O0025293,P0161,1,62.32,0.05
OI00044464,O0025293,P0146,1,54.49,0.2
OI00044465,O0025294,P0074,1,262.22,0.05
OI00044466,O0025294,P0047,1,142.13,0.0
OI00044476,O0025300,P0147,1,79.11,0.15
OI00044477,O0025300,P0013,1,1062.52,0.15
OI00044484,O0025304,P0135,1,182.81,0.0
OI00044485,O0025304,P0042,1,115.61,0.25
OI00044489,O0025307,P0161,1,64.85,0.0
OI00044494,O0025310,P0004,1,1020.83,0.0
OI00044495,O0025310,P0151,1,19.47,0.25
OI00044496,O0025310,P0146,2,52.27,0.15
OI00044497,O0025311,P0100,2,61.98,0.0
OI00044521,O0025327,P0076,1,122.58,0.0
OI00044523,O0025329,P0044,1,122.34,0.0
OI00044524,O0025330,P0023,1,999.24,0.1
OI00044525,O0025330,P0089,1,362.03,0.25
OI00044526,O0025330,P0013,2,1086.69,0.0
OI00044530,O0025332,P0098,1,325.59,0.0
OI00044531,O0025333,P0124,2,64.95,0.25
OI00044532,O0025333,P0121,1,142.68,0.25
OI00044546,O0025342,P0110,1,73.92,0.0
OI00044565,O0025351,P0090,1,200.07,0.0
OI00044571,O0025354,P0042,1,118.95,0.05
OI00044578,O0025357,P0102,1,50.95,0.0
OI00044579,O0025358,P0101,1,123.8,0.0
OI00044580,O0025359,P0127,1,161.13,0.0
OI00044581,O0025359,P0063,1,58.87,0.15
OI00044597,O0025370,P0024,1,486.86,0.25
OI00044604,O0025374,P0091,1,172.54,0.0
OI00044605,O0025374,P0052,1,39.87,0.05
OI00044606,O0025374,P0088,1,300.44,0.1
OI00044608,O0025376,P0001,1,1700.71,0.0
OI00044611,O0025378,P0088,1,306.88,0.0
OI00044614,O0025381,P0093,1,85.68,0.25
OI00044620,O0025386,P0058,1,153.25,0.0
OI00044621,O0025386,P0011,1,1049.54,0.0
OI00044625,O0025389,P0085,1,494.46,0.25
OI00044628,O0025392,P0087,1,475.17,0.05
OI00044629,O0025392,P0051,1,54.51,0.15
OI00044640,O0025397,P0023,1,976.48,0.0
OI00044641,O0025397,P0114,1,29.53,0.0
OI00044642,O0025397,P0012,1,1504.73,0.15
OI00044643,O0025397,P0011,1,1080.79,0.25
OI00044647,O0025401,P0056,1,127.39,0.25
OI00044660,O0025409,P0147,1,77.07,0.1
OI00044661,O0025409,P0086,1,51.01,0.25
OI00044662,O0025409,P0079,1,178.63,0.0
OI00044663,O0025410,P0042,1,117.77,0.0
OI00044664,O0025411,P0153,1,43.8,0.1
OI00044665,O0025411,P0040,1,1007.55,0.25
OI00044681,O0025421,P0058,1,146.02,0.0
OI00044682,O0025421,P0164,1,40.08,0.05
OI00044683,O0025422,P0164,1,39.65,0.0
OI00044684,O0025422,P0102,1,52.78,0.15
OI00044685,O0025423,P0047,2,141.29,0.0
OI00044686,O0025423,P0078,1,136.51,0.0
OI00044692,O0025427,P0089,1,360.92,0.0
OI00044701,O0025435,P0152,1,15.04,0.25
OI00044725,O0025453,P0017,1,1654.55,0.05
OI00044727,O0025455,P0093,1,83.87,0.25
OI00044730,O0025457,P0055,1,336.11,0.25
OI00044739,O0025464,P0086,1,50.59,0.0
OI00044740,O0025464,P0045,1,417.54,0.1
OI00044741,O0025464,P0111,1,290.06,0.25
OI00044742,O0025464,P0128,1,69.83,0.25
OI00044744,O0025466,P0161,1,62.68,0.0
OI00044747,O0025469,P0083,1,715.87,0.0
OI00044749,O0025471,P0037,1,543.75,0.25
OI00044784,O0025490,P0092,1,195.86,0.05
OI00044798,O0025500,P0087,1,494.44,0.25
OI00044799,O0025500,P0055,1,325.17,0.0
OI00044800,O0025500,P0037,3,547.27,0.0
OI00044809,O0025506,P0045,1,402.78,0.25
OI00044817,O0025511,P0109,1,167.79,0.0
OI00044818,O0025511,P0156,1,88.81,0.0
OI00044821,O0025514,P0024,2,505.07,0.1
OI00044832,O0025520,P0161,1,62.69,0.25
OI00044835,O0025522,P0161,1,63.69,0.0
OI00044836,O0025522,P0109,1,168.87,0.25
OI00044845,O0025528,P0131,2,49.6,0.05
OI00044846,O0025528,P0104,1,29.03,0.0
OI00044859,O0025537,P0137,1,25.93,0.15
OI00044860,O0025538,P0114,1,29.26,0.0
OI00044861,O0025538,P0123,1,48.72,0.25
OI00044864,O0025540,P0068,1,139.67,0.25
OI00044865,O0025540,P0177,2,22.99,0.0
OI00044866,O0025540,P0127,1,162.04,0.25
OI00044881,O0025547,P0135,1,183.03,0.0
OI00044886,O0025550,P0133,3,9.96,0.1
OI00044887,O0025550,P0059,1,48.85,0.0
OI00044888,O0025550,P0131,1,49.7,0.25
OI00044894,O0025554,P0045,2,423.97,0.25
OI00044902,O0025558,P0084,1,638.26,0.25
OI00044910,O0025563,P0082,1,370.87,0.0
OI00044911,O0025563,P0136,1,86.23,0.2
OI00044918,O0025568,P0010,1,900.78,0.1
OI00044919,O0025568,P0019,1,412.78,0.15
OI00044926,O0025573,P0118,2,124.38,0.1
OI00044931,O0025576,P0100,1,61.12,0.0
OI00044932,O0025576,P0069,1,97.61,0.15
OI00044948,O0025586,P0065,1,318.61,0.25
OI00044949,O0025586,P0060,1,141.37,0.25
OI00044950,O0025586,P0136,1,85.52,0.25
OI00044951,O0025586,P0009,1,1287.73,0.25
OI00044978,O0025603,P0129,1,297.31,0.0
OI00044986,O0025609,P0131,1,50.09,0.05
OI00044987,O0025609,P0166,1,32.68,0.05
OI00044994,O0025613,P0030,1,866.07,0.15
OI00045000,O0025616,P0052,1,39.31,0.2
OI00045001,O0025616,P0141,1,23.48,0.0
OI00045002,O0025616,P0098,1,320.85,0.15
OI00045019,O0025625,P0067,1,287.82,0.0
OI00045031,O0025631,P0017,1,1684.64,0.0
OI00045032,O0025631,P0154,1,56.98,0.1
OI00045041,O0025637,P0049,1,341.57,0.15
OI00045065,O0025653,P0096,1,84.92,0.25
OI00045088,O0025668,P0059,1,50.23,0.05
OI00045133,O0025697,P0173,1,45.43,0.0
OI00045134,O0025697,P0147,2,76.88,0.0
OI00045137,O0025699,P0041,1,230.72,0.0
OI00045138,O0025700,P0083,1,718.05,0.0
OI00045159,O0025711,P0139,1,24.62,0.15
OI00045160,O0025711,P0170,1,9.45,0.15
OI00045174,O0025720,P0065,1,328.79,0.25
OI00045186,O0025727,P0152,1,15.41,0.15
OI00045187,O0025727,P0061,2,378.2,0.25
OI00045190,O0025729,P0093,2,85.74,0.25
OI00045191,O0025729,P0081,1,401.24,0.1
OI00045192,O0025729,P0041,1,237.52,0.1
OI00045198,O0025733,P0159,1,181.22,0.05
OI00045199,O0025733,P0062,1,56.43,0.0
OI00045200,O0025733,P0072,1,171.41,0.0
OI00045203,O0025735,P0050,1,89.24,0.0
OI00045204,O0025736,P0040,1,993.3,0.0
OI00045205,O0025736,P0129,1,300.25,0.25
OI00045206,O0025736,P0042,1,122.86,0.1
OI00045207,O0025736,P0030,1,847.28,0.0
OI00045230,O0025748,P0011,1,1042.71,0.25
OI00045251,O0025759,P0042,1,116.15,0.25
OI00045252,O0025759,P0156,1,87.88,0.0
OI00045253,O0025759,P0088,1,299.13,0.1
OI00045254,O0025760,P0045,1,412.62,0.05
OI00045255,O0025761,P0089,1,344.68,0.05
OI00045262,O0025766,P0156,1,87.43,0.0
OI00045270,O0025771,P0135,1,186.85,0.25
OI00045273,O0025774,P0047,1,138.47,0.0
OI00045274,O0025774,P0025,1,411.27,0.0
OI00045275,O0025775,P0126,2,190.99,0.25
OI00045278,O0025777,P0066,2,267.1,0.0
OI00045279,O0025777,P0057,2,134.68,0.1
OI00045280,O0025777,P0135,1,183.92,0.0
OI00045296,O0025787,P0108,1,41.65,0.0
OI00045313,O0025798,P0110,1,74.41,0.25
OI00045314,O0025798,P0095,1,291.92,0.2
OI00045318,O0025801,P0058,1,146.79,0.25
OI00045319,O0025801,P0079,1,175.59,0.0
OI00045320,O0025802,P0099,1,234.9,0.0
OI00045321,O0025802,P0053,1,360.52,0.0
OI00045325,O0025805,P0016,1,921.65,0.0
OI00045326,O0025806,P0176,1,136.06,0.05
OI00045327,O0025806,P0133,1,9.79,0.0
OI00045328,O0025807,P0177,1,22.63,0.25
OI00045329,O0025807,P0025,1,426.2,0.05
OI00045330,O0025807,P0062,1,54.85,0.25
OI00045334,O0025810,P0142,1,12.78,0.25
OI00045335,O0025811,P0023,1,977.49,0.25
OI00045336,O0025811,P0067,1,289.07,0.0
OI00045361,O0025829,P0057,2,125.57,0.25
OI00045362,O0025829,P0162,1,19.23,0.0
OI00045366,O0025832,P0055,1,320.37,0.25
OI00045367,O0025832,P0022,2,869.17,0.0
OI00045368,O0025833,P0167,3,127.68,0.05
OI00045383,O0025841,P0142,1,12.24,0.0
OI00045384,O0025841,P0134,2,131.25,0.0
OI00045386,O0025843,P0114,2,28.34,0.0
OI00045387,O0025843,P0166,1,33.39,0.0
OI00045388,O0025843,P0063,1,60.59,0.1
OI00045394,O0025848,P0102,1,50.75,0.0
OI00045395,O0025848,P0059,1,52.22,0.0
OI00045396,O0025848,P0168,1,63.96,0.15
OI00045405,O0025853,P0102,1,54.32,0.05
OI00045406,O0025853,P0137,1,25.41,0.0
OI00045407,O0025853,P0052,1,40.41,0.0
OI00045429,O0025864,P0078,1,135.98,0.15
OI00045441,O0025872,P0097,1,139.02,0.0
OI00045442,O0025872,P0164,1,39.8,0.1
OI00045443,O0025872,P0115,1,70.16,0.0
OI00045444,O0025873,P0042,2,118.36,0.05
OI00045447,O0025875,P0108,1,41.64,0.1
OI00045448,O0025875,P0042,2,121.66,0.25
OI00045449,O0025875,P0083,1,740.73,0.25
OI00045483,O0025893,P0027,1,925.8,0.0
OI00045484,O0025893,P0129,1,306.85,0.1
OI00045489,O0025897,P0076,1,122.9,0.25
OI00045490,O0025897,P0154,1,56.7,0.0
OI00045497,O0025902,P0052,1,39.64,0.0
OI00045503,O0025905,P0047,1,138.76,0.0
OI00045508,O0025909,P0129,1,309.93,0.05
OI00045509,O0025909,P0152,1,14.86,0.0
OI00045510,O0025909,P0085,1,490.88,0.0
OI00045519,O0025914,P0141,1,23.46,0.0
OI00045520,O0025914,P0160,1,24.55,0.0
OI00045526,O0025918,P0033,1,1362.64,0.25
OI00045542,O0025926,P0016,1,943.12,0.25
OI00045543,O0025926,P0006,1,2212.01,0.05
OI00045544,O0025926,P0119,1,33.93,0.0
OI00045545,O0025926,P0118,1,126.36,0.25
OI00045557,O0025933,P0038,1,469.55,0.0
OI00045566,O0025939,P0154,2,57.02,0.05
OI00045586,O0025952,P0039,1,539.42,0.05
OI00045587,O0025952,P0056,1,128.29,0.25
OI00045603,O0025962,P0118,1,128.39,0.1
OI00045604,O0025962,P0123,1,48.26,0.25
OI00045629,O0025979,P0114,1,29.1,0.2
OI00045630,O0025979,P0072,1,173.59,0.25
OI00045653,O0025991,P0148,1,14.81,0.0
OI00045654,O0025991,P0085,1,491.84,0.25
OI00045655,O0025991,P0145,1,162.48,0.25
OI00045667,O0025998,P0081,1,411.43,0.25
OI00045668,O0025998,P0016,1,944.34,0.0
OI00045685,O0026008,P0049,1,335.28,0.0
OI00045686,O0026008,P0014,1,843.59,0.0
OI00045687,O0026008,P0161,1,64.24,0.0
OI00045705,O0026019,P0177,1,23.36,0.25
OI00045733,O0026037,P0166,1,33.12,0.2
OI00045736,O0026040,P0044,2,127.07,0.0
OI00045737,O0026040,P0098,1,315.94,0.0
OI00045741,O0026043,P0078,1,138.63,0.05
OI00045742,O0026044,P0130,1,30.6,0.0
OI00045778,O0026063,P0116,1,69.24,0.0
OI00045789,O0026070,P0036,1,746.35,0.15
OI00045790,O0026071,P0176,1,142.54,0.25
OI00045791,O0026071,P0085,1,497.79,0.25
OI00045792,O0026071,P0127,1,158.8,0.0
OI00045800,O0026077,P0098,1,312.38,0.25
OI00045801,O0026077,P0069,2,99.89,0.1
OI00045802,O0026077,P0178,2,11.16,0.0
OI00045814,O0026084,P0140,2,15.9,0.0
OI00045815,O0026084,P0100,1,61.61,0.25
OI00045816,O0026084,P0078,1,137.42,0.05
OI00045822,O0026088,P0099,2,234.1,0.2
OI00045823,O0026088,P0133,1,9.84,0.0
OI00045838,O0026096,P0037,1,536.86,0.1
OI00045839,O0026096,P0004,1,1022.11,0.0
OI00045840,O0026097,P0176,1,138.35,0.25
OI00045841,O0026098,P0069,1,97.66,0.0
OI00045854,O0026107,P0106,1,130.98,0.25
OI00045855,O0026107,P0132,1,29.45,0.15
OI00045856,O0026107,P0112,1,40.53,0.0
OI00045857,O0026107,P0133,1,9.99,0.0
OI00045881,O0026120,P0150,1,11.43,0.25
OI00045884,O0026122,P0085,2,488.76,0.1
OI00045885,O0026122,P0084,1,634.59,0.0
OI00045886,O0026122,P0123,1,48.06,0.25
OI00045887,O0026122,P0142,1,12.64,0.25
OI00045891,O0026124,P0159,1,176.76,0.25
OI00045892,O0026124,P0059,1,50.29,0.0
OI00045898,O0026128,P0007,1,1965.98,0.0
OI00045907,O0026134,P0151,1,19.88,0.0
OI00045916,O0026138,P0069,1,98.29,0.0
OI00045917,O0026138,P0165,1,39.52,0.15
OI00045951,O0026159,P0163,1,18.31,0.0
OI00045952,O0026159,P0100,1,60.45,0.25
OI00045953,O0026159,P0129,1,302.15,0.0
OI00045963,O0026164,P0065,1,312.41,0.2
OI00045974,O0026169,P0172,1,22.66,0.0
OI00045985,O0026175,P0107,1,157.6,0.0
OI00045989,O0026178,P0094,1,73.17,0.25
OI00046018,O0026195,P0029,1,519.67,0.15
OI00046021,O0026197,P0108,2,41.79,0.25
OI00046022,O0026197,P0133,2,10.01,0.25
OI00046025,O0026199,P0104,1,29.81,0.1
OI00046027,O0026201,P0082,1,371.4,0.25
OI00046033,O0026204,P0152,1,15.08,0.25
OI00046040,O0026209,P0140,1,15.72,0.15
OI00046045,O0026213,P0155,1,50.88,0.1
OI00046048,O0026216,P0057,1,130.21,0.0
OI00046049,O0026216,P0169,1,186.59,0.0
OI00046057,O0026222,P0144,1,13.77,0.0
OI00046058,O0026222,P0097,1,139.9,0.25
OI00046059,O0026222,P0014,1,795.35,0.0
OI00046068,O0026228,P0170,1,9.11,0.25
OI00046071,O0026230,P0097,1,139.94,0.1
OI00046093,O0026246,P0066,1,273.85,0.0
OI00046094,O0026246,P0093,3,85.57,0.25
OI00046096,O0026248,P0126,1,180.92,0.0
OI00046097,O0026248,P0172,1,22.4,0.0
OI00046102,O0026252,P0029,1,524.83,0.0
OI00046103,O0026252,P0176,1,134.98,0.0
OI00046104,O0026252,P0044,1,123.98,0.0
OI00046110,O0026255,P0093,1,87.65,0.05
OI00046126,O0026264,P0106,1,133.27,0.15
OI00046134,O0026267,P0118,1,131.55,0.1
OI00046157,O0026280,P0022,2,855.81,0.25
OI00046158,O0026280,P0035,1,1061.7,0.25
OI00046159,O0026280,P0142,1,12.22,0.15
OI00046160,O0026280,P0061,1,375.72,0.25
OI00046166,O0026284,P0134,1,128.14,0.25
OI00046167,O0026284,P0098,1,319.66,0.25
OI00046168,O0026285,P0132,1,28.89,0.25
OI00046177,O0026291,P0155,2,50.07,0.0
OI00046181,O0026293,P0088,1,306.59,0.2
OI00046193,O0026299,P0075,1,52.99,0.0
OI00046194,O0026299,P0081,2,404.83,0.1
OI00046196,O0026301,P0141,1,23.56,0.0
OI00046216,O0026313,P0149,1,18.4,0.05
OI00046236,O0026328,P0050,1,92.44,0.25
OI00046237,O0026328,P0077,1,415.44,0.0
OI00046254,O0026338,P0082,1,378.3,0.0
OI00046267,O0026345,P0032,1,909.15,0.25
OI00046268,O0026345,P0075,1,54.86,0.25
OI00046315,O0026378,P0071,2,113.56,0.1
OI00046316,O0026378,P0097,1,140.42,0.25
OI00046338,O0026391,P0055,1,330.87,0.1
OI00046339,O0026391,P0169,3,185.46,0.2
OI00046340,O0026391,P0053,1,356.89,0.25
OI00046346,O0026394,P0009,1,1255.52,0.0
OI00046349,O0026397,P0175,1,11.71,0.05
OI00046350,O0026397,P0017,1,1620.38,0.15
OI00046351,O0026397,P0081,1,403.76,0.05
OI00046352,O0026398,P0116,1,67.88,0.0
OI00046353,O0026398,P0031,2,1299.64,0.0
OI00046356,O0026401,P0113,2,101.38,0.0
OI00046367,O0026407,P0141,1,23.3,0.0
OI00046376,O0026414,P0012,1,1511.53,0.0
OI00046377,O0026414,P0138,1,35.55,0.05
OI00046378,O0026414,P0089,1,361.29,0.25
OI00046397,O0026426,P0151,1,19.21,0.25
OI00046418,O0026437,P0005,1,1338.16,0.0
OI00046419,O0026437,P0109,1,167.59,0.0
OI00046426,O0026443,P0100,1,62.47,0.15
OI00046427,O0026443,P0135,1,188.89,0.0
OI00046428,O0026443,P0133,1,10.14,0.0
OI00046440,O0026451,P0032,1,908.83,0.25
OI00046454,O0026460,P0054,2,59.08,0.05
OI00046457,O0026462,P0130,1,30.05,0.0
OI00046473,O0026470,P0093,1,88.0,0.0
OI00046474,O0026470,P0154,2,53.82,0.0
OI00046484,O0026478,P0077,1,410.87,0.25
OI00046485,O0026478,P0120,3,340.17,0.25
OI00046492,O0026483,P0169,1,184.66,0.0
OI00046493,O0026484,P0103,1,83.28,0.25
OI00046502,O0026490,P0155,2,50.82,0.0
OI00046503,O0026490,P0162,1,19.23,0.0
OI00046504,O0026490,P0154,1,57.59,0.0
OI00046505,O0026490,P0092,1,200.95,0.0
OI00046508,O0026492,P0033,1,1313.97,0.05
OI00046590,O0026539,P0105,3,127.98,0.05
OI00046616,O0026551,P0092,1,199.46,0.0
OI00046617,O0026551,P0143,1,112.89,0.0
OI00046618,O0026551,P0083,2,711.08,0.0
OI00046630,O0026555,P0117,2,30.77,0.0
OI00046631,O0026555,P0143,1,112.24,0.0
OI00046660,O0026574,P0078,1,137.74,0.0
OI00046661,O0026574,P0157,1,121.61,0.1
OI00046669,O0026579,P0033,1,1333.12,0.0
OI00046682,O0026588,P0129,1,296.21,0.0
OI00046708,O0026604,P0166,1,33.46,0.15
OI00046714,O0026607,P0081,1,404.83,0.0
OI00046715,O0026607,P0102,1,52.3,0.0
OI00046719,O0026610,P0161,1,63.39,0.0
OI00046720,O0026610,P0157,1,122.3,0.0
OI00046731,O0026617,P0099,1,239.19,0.0
OI00046732,O0026617,P0114,1,28.87,0.1
OI00046733,O0026617,P0104,1,29.3,0.0
OI00046755,O0026631,P0174,1,18.21,0.0
OI00046756,O0026632,P0114,1,28.41,0.0
OI00046760,O0026635,P0117,1,30.42,0.0
OI00046763,O0026637,P0163,1,18.1,0.0
OI00046764,O0026637,P0154,1,55.55,0.0
OI00046765,O0026637,P0056,1,129.14,0.0
OI00046766,O0026638,P0141,1,23.72,0.05
OI00046767,O0026638,P0126,1,181.15,0.0
OI00046786,O0026648,P0159,1,181.32,0.0
OI00046806,O0026663,P0136,1,81.82,0.05
OI00046811,O0026668,P0050,1,90.86,0.0
OI00046812,O0026669,P0132,1,28.94,0.0
OI00046813,O0026669,P0038,1,481.1,0.0
OI00046814,O0026669,P0122,1,378.18,0.0
OI00046830,O0026679,P0167,1,131.23,0.0
OI00046831,O0026680,P0031,1,1336.91,0.25
OI00046832,O0026680,P0056,1,128.28,0.0
OI00046847,O0026689,P0051,1,55.16,0.0
OI00046875,O0026704,P0120,1,342.31,0.0
OI00046876,O0026704,P0039,1,536.02,0.0
OI00046880,O0026706,P0064,1,122.93,0.0
OI00046902,O0026718,P0009,1,1313.1,0.1
OI00046904,O0026720,P0120,1,334.21,0.2
OI00046911,O0026726,P0086,1,48.94,0.05
OI00046912,O0026726,P0096,1,85.52,0.0
OI00046913,O0026726,P0097,1,139.34,0.0
OI00046914,O0026727,P0051,1,55.14,0.0
OI00046917,O0026729,P0013,1,1050.79,0.0
OI00046918,O0026729,P0113,1,100.26,0.0
OI00046919,O0026730,P0025,1,425.21,0.05
OI00046931,O0026739,P0131,1,49.63,0.0
OI00046947,O0026747,P0084,1,622.25,0.05
OI00046948,O0026747,P0133,1,9.85,0.15
OI00046955,O0026750,P0012,1,1497.12,0.0
OI00046956,O0026750,P0079,1,172.94,0.0
OI00046960,O0026753,P0083,1,729.82,0.1
OI00046971,O0026759,P0177,1,22.86,0.0
OI00046972,O0026759,P0112,2,39.87,0.1
OI00047002,O0026777,P0178,1,11.37,0.0
OI00047003,O0026777,P0036,1,697.59,0.0
OI00047014,O0026783,P0069,1,98.61,0.1
OI00047015,O0026783,P0173,1,44.68,0.0
OI00047033,O0026796,P0170,1,9.56,0.0
OI00047034,O0026796,P0120,1,331.12,0.0
OI00047068,O0026814,P0103,3,84.03,0.0
OI00047071,O0026816,P0044,1,122.01,0.0
OI00047072,O0026816,P0046,1,329.46,0.0
OI00047080,O0026821,P0015,1,1411.5,0.0
OI00047098,O0026832,P0034,1,539.55,0.0
OI00047099,O0026832,P0180,1,52.38,0.1
OI00047104,O0026835,P0106,2,130.66,0.0
OI00047105,O0026835,P0111,1,289.32,0.0
OI00047112,O0026840,P0090,1,194.75,0.1
OI00047118,O0026845,P0134,1,131.13,0.0
OI00047139,O0026854,P0118,1,128.37,0.0
OI00047140,O0026854,P0063,1,57.71,0.15
OI00047141,O0026854,P0042,1,116.5,0.0
OI00047143,O0026856,P0093,1,85.99,0.0
OI00047150,O0026859,P0174,1,18.54,0.0
OI00047161,O0026865,P0080,1,234.6,0.0
OI00047162,O0026865,P0148,1,14.58,0.0
OI00047165,O0026867,P0009,1,1265.79,0.0
OI00047166,O0026868,P0024,3,512.4,0.0
OI00047167,O0026868,P0144,1,13.69,0.05
OI00047168,O0026868,P0002,1,960.59,0.05
OI00047175,O0026872,P0033,2,1327.28,0.0
OI00047183,O0026878,P0097,1,142.03,0.2
OI00047184,O0026878,P0048,1,56.29,0.0
OI00047194,O0026884,P0177,1,22.96,0.0
OI00047242,O0026914,P0104,1,29.37,0.0
OI00047246,O0026918,P0167,1,128.73,0.0
OI00047247,O0026918,P0129,1,305.96,0.0
OI00047248,O0026918,P0015,1,1469.7,0.0
OI00047277,O0026933,P0133,2,10.04,0.05
OI00047278,O0026933,P0034,1,549.6,0.0
OI00047283,O0026937,P0151,1,19.36,0.0
OI00047284,O0026937,P0024,1,516.1,0.1
OI00047285,O0026937,P0125,1,289.3,0.0
OI00047291,O0026941,P0120,2,334.9,0.0
OI00047292,O0026941,P0056,1,127.84,0.0
OI00047293,O0026941,P0052,1,39.49,0.15
OI00047294,O0026941,P0088,1,293.49,0.0
OI00047298,O0026944,P0014,1,849.13,0.0
OI00047325,O0026956,P0179,1,84.41,0.0
OI00047333,O0026961,P0064,1,131.32,0.1
OI00047348,O0026971,P0134,1,126.44,0.0
OI00047349,O0026971,P0068,1,144.11,0.25
OI00047354,O0026976,P0048,1,55.19,0.0
OI00047355,O0026976,P0073,1,98.59,0.0
OI00047366,O0026982,P0050,1,93.95,0.1
OI00047367,O0026982,P0142,1,12.37,0.0
OI00047368,O0026982,P0126,1,193.76,0.1
OI00047385,O0026996,P0060,2,135.17,0.0
OI00047386,O0026996,P0012,1,1556.45,0.0
OI00047387,O0026996,P0084,1,628.59,0.0
OI00047400,O0027005,P0086,1,48.84,0.0
OI00047407,O0027010,P0083,1,723.54,0.0
OI00047408,O0027010,P0053,1,361.17,0.0
OI00047417,O0027016,P0133,1,9.75,0.1
OI00047432,O0027026,P0175,1,12.34,0.0
OI00047433,O0027027,P0032,1,855.42,0.0
OI00047434,O0027028,P0065,1,320.42,0.0
OI00047435,O0027028,P0043,1,290.23,0.1
OI00047457,O0027042,P0131,1,48.51,0.1
OI00047458,O0027042,P0150,1,11.33,0.05
OI00047459,O0027042,P0095,1,282.11,0.0
OI00047460,O0027043,P0076,1,122.85,0.0
OI00047464,O0027046,P0111,1,290.94,0.0
OI00047469,O0027050,P0097,2,141.17,0.1
OI00047470,O0027050,P0157,1,121.65,0.0
OI00047472,O0027052,P0064,1,130.64,0.0
OI00047479,O0027056,P0160,3,23.94,0.2
OI00047480,O0027056,P0085,1,498.0,0.15
OI00047481,O0027056,P0038,3,489.05,0.1
OI00047482,O0027057,P0045,3,411.62,0.0
OI00047483,O0027058,P0085,1,486.69,0.05
OI00047484,O0027059,P0071,1,112.2,0.0
OI00047498,O0027069,P0121,2,146.12,0.1
OI00047505,O0027073,P0158,1,68.35,0.05
OI00047506,O0027073,P0045,1,405.8,0.0
OI00047507,O0027073,P0091,1,170.36,0.0
OI00047509,O0027075,P0028,1,1183.31,0.0
OI00047519,O0027080,P0066,2,277.21,0.0
OI00047520,O0027080,P0005,2,1351.32,0.05
OI00047523,O0027082,P0056,1,130.67,0.0
OI00047524,O0027082,P0005,1,1369.71,0.0
OI00047525,O0027082,P0176,3,137.52,0.25
OI00047526,O0027082,P0083,1,723.55,0.1
OI00047559,O0027105,P0172,1,22.09,0.1
OI00047574,O0027114,P0024,1,507.72,0.1
OI00047575,O0027114,P0034,1,541.7,0.15
OI00047576,O0027114,P0015,1,1479.47,0.0
OI00047581,O0027119,P0180,1,50.75,0.0
OI00047582,O0027120,P0105,1,131.26,0.05
OI00047594,O0027125,P0174,1,18.27,0.0
OI00047595,O0027125,P0110,1,74.75,0.1
OI00047596,O0027125,P0035,1,1051.44,0.0
OI00047601,O0027128,P0095,1,292.86,0.15
OI00047616,O0027136,P0003,1,1222.96,0.2
OI00047636,O0027147,P0179,1,80.38,0.15
OI00047637,O0027147,P0011,1,1075.86,0.1
OI00047638,O0027147,P0171,1,37.5,0.0
OI00047651,O0027157,P0099,1,235.66,0.0
OI00047652,O0027157,P0051,1,57.06,0.0
OI00047669,O0027167,P0051,1,55.76,0.15
OI00047670,O0027167,P0001,1,1735.69,0.1
OI00047671,O0027167,P0161,1,64.11,0.2
OI00047681,O0027173,P0144,2,13.61,0.0
OI00047685,O0027175,P0155,3,49.72,0.0
OI00047686,O0027175,P0090,1,199.17,0.0
OI00047687,O0027175,P0100,1,60.85,0.0
OI00047717,O0027192,P0013,1,1041.75,0.0
OI00047718,O0027192,P0160,1,24.45,0.0
OI00047724,O0027195,P0153,2,43.25,0.0
OI00047734,O0027202,P0166,1,33.21,0.0
OI00047735,O0027202,P0080,1,235.71,0.0
OI00047736,O0027202,P0107,1,154.46,0.0
OI00047768,O0027223,P0064,1,131.57,0.2
OI00047777,O0027228,P0010,1,866.55,0.0
OI00047778,O0027228,P0009,1,1265.2,0.0
OI00047779,O0027228,P0039,2,528.24,0.0
OI00047799,O0027238,P0035,2,1070.31,0.0
OI00047800,O0027239,P0099,1,233.14,0.0
OI00047801,O0027240,P0042,1,114.28,0.0
OI00047804,O0027242,P0081,1,410.21,0.0
OI00047805,O0027242,P0020,1,553.65,0.0
OI00047814,O0027247,P0079,1,171.21,0.0
OI00047833,O0027259,P0144,1,13.82,0.0
OI00047834,O0027259,P0078,2,135.39,0.0
OI00047835,O0027260,P0101,1,129.38,0.0
OI00047836,O0027261,P0136,1,85.1,0.25
OI00047837,O0027261,P0072,1,175.99,0.0
OI00047838,O0027261,P0172,2,22.47,0.0
OI00047848,O0027266,P0068,1,141.96,0.0
OI00047849,O0027266,P0021,1,653.13,0.1
OI00047850,O0027266,P0006,1,2171.93,0.0
OI00047851,O0027267,P0078,1,131.91,0.1
OI00047865,O0027276,P0062,1,58.76,0.0
OI00047866,O0027276,P0150,2,11.55,0.0
OI00047867,O0027276,P0113,1,97.02,0.0
OI00047868,O0027277,P0119,1,32.65,0.0
OI00047874,O0027282,P0084,1,615.49,0.0
OI00047875,O0027282,P0132,1,28.69,0.25
OI00047876,O0027282,P0045,1,387.51,0.15
OI00047877,O0027283,P0102,2,50.43,0.0
OI00047878,O0027283,P0012,1,1549.82,0.15
OI00047891,O0027290,P0004,2,980.26,0.0
OI00047892,O0027290,P0038,1,476.14,0.0
OI00047893,O0027290,P0103,1,84.25,0.0
OI00047894,O0027291,P0149,1,18.13,0.0
OI00047899,O0027294,P0121,1,150.02,0.0
OI00047900,O0027295,P0070,1,55.41,0.0
OI00047910,O0027301,P0031,1,1344.4,0.05
OI00047911,O0027302,P0170,1,9.17,0.05
OI00047912,O0027302,P0014,1,836.21,0.0
OI00047927,O0027310,P0126,3,188.09,0.0
OI00047928,O0027310,P0138,1,33.81,0.0
OI00047948,O0027322,P0031,1,1332.7,0.0
OI00047949,O0027322,P0057,1,134.25,0.0
OI00047950,O0027322,P0014,1,829.13,0.1
OI00047960,O0027329,P0030,1,869.14,0.0
OI00047961,O0027330,P0054,1,57.05,0.0
OI00047983,O0027343,P0162,1,19.42,0.05
OI00047984,O0027343,P0073,1,96.58,0.0
OI00047985,O0027343,P0114,1,29.21,0.15
OI00048012,O0027355,P0019,1,406.14,0.0
OI00048013,O0027355,P0053,1,357.72,0.0
OI00048032,O0027369,P0105,1,131.78,0.0
OI00048033,O0027369,P0006,1,2205.82,0.0
OI00048047,O0027380,P0081,1,406.33,0.05
OI00048048,O0027380,P0037,1,555.75,0.05
OI00048049,O0027380,P0110,3,72.81,0.0
OI00048050,O0027381,P0022,1,865.86,0.0
OI00048051,O0027381,P0031,3,1321.79,0.0
OI00048052,O0027381,P0110,3,74.32,0.1
OI00048079,O0027396,P0165,1,41.66,0.15
OI00048080,O0027396,P0130,1,29.99,0.15
OI00048081,O0027396,P0033,1,1357.01,0.0
OI00048082,O0027396,P0174,1,18.41,0.0
OI00048085,O0027398,P0112,1,39.9,0.0
OI00048086,O0027398,P0165,1,41.48,0.0
OI00048087,O0027398,P0169,1,187.08,0.0
OI00048091,O0027401,P0157,1,123.76,0.05
OI00048098,O0027406,P0103,2,86.12,0.0
OI00048099,O0027406,P0041,1,232.55,0.0
OI00048100,O0027406,P0147,1,78.6,0.0
OI00048118,O0027417,P0094,2,73.98,0.0
OI00048129,O0027423,P0082,1,383.8,0.05
OI00048134,O0027427,P0073,1,97.02,0.0
OI00048135,O0027427,P0020,1,552.07,0.0
OI00048136,O0027427,P0039,2,535.29,0.0
OI00048144,O0027431,P0093,1,86.51,0.0
OI00048189,O0027455,P0057,1,132.6,0.0
OI00048190,O0027455,P0116,1,69.17,0.1
OI00048220,O0027474,P0171,2,37.88,0.0
OI00048221,O0027474,P0149,1,17.79,0.0
OI00048224,O0027476,P0162,1,19.26,0.1
OI00048240,O0027486,P0176,1,135.72,0.0
OI00048241,O0027486,P0111,2,279.26,0.0
OI00048245,O0027489,P0065,1,318.83,0.0
OI00048252,O0027494,P0042,1,116.17,0.0
OI00048253,O0027495,P0137,1,25.92,0.1
OI00048270,O0027504,P0139,1,24.47,0.0
OI00048271,O0027504,P0032,1,888.94,0.0
OI00048272,O0027504,P0172,1,23.13,0.0
OI00048273,O0027504,P0161,1,60.34,0.05
OI00048279,O0027508,P0173,1,45.3,0.15
OI00048290,O0027515,P0142,1,12.75,0.0
OI00048291,O0027515,P0125,1,305.61,0.0
OI00048323,O0027531,P0149,1,18.18,0.0
OI00048324,O0027531,P0110,1,74.74,0.0
OI00048346,O0027541,P0087,1,502.02,0.0
OI00048347,O0027541,P0021,1,634.07,0.0
OI00048348,O0027541,P0122,3,379.7,0.0
OI00048349,O0027541,P0033,1,1352.3,0.0
OI00048352,O0027543,P0025,2,426.68,0.0
OI00048353,O0027543,P0029,1,545.61,0.0
OI00048361,O0027548,P0174,2,18.25,0.0
OI00048362,O0027548,P0080,1,236.67,0.0
OI00048363,O0027549,P0166,1,32.52,0.0
OI00048372,O0027556,P0173,1,46.13,0.0
OI00048423,O0027587,P0087,1,479.92,0.1
OI00048425,O0027589,P0083,1,731.87,0.0
OI00048428,O0027591,P0098,1,332.55,0.1
OI00048429,O0027591,P0105,1,127.33,0.05
OI00048439,O0027596,P0089,1,357.4,0.0
OI00048441,O0027598,P0072,1,166.43,0.0
OI00048442,O0027599,P0046,1,332.78,0.1
OI00048458,O0027610,P0055,1,337.67,0.0
OI00048459,O0027610,P0177,1,23.25,0.0
OI00048464,O0027614,P0088,1,302.13,0.15
OI00048469,O0027617,P0140,2,15.52,0.0
OI00048470,O0027617,P0042,1,118.75,0.0
OI00048471,O0027617,P0164,1,39.29,0.1
OI00048489,O0027628,P0082,1,362.7,0.2
OI00048490,O0027628,P0043,1,298.3,0.0
OI00048498,O0027634,P0028,2,1258.87,0.0
OI00048499,O0027634,P0033,1,1330.4,0.05
OI00048513,O0027641,P0145,1,160.19,0.15
OI00048528,O0027651,P0137,1,26.54,0.0
OI00048531,O0027654,P0084,1,633.52,0.1
OI00048546,O0027662,P0036,1,711.82,0.15
OI00048547,O0027662,P0044,1,123.11,0.0
OI00048566,O0027674,P0151,2,19.24,0.0
OI00048570,O0027678,P0177,1,22.85,0.0
OI00048571,O0027678,P0018,1,1922.57,0.0
OI00048572,O0027678,P0159,1,174.53,0.1
OI00048573,O0027678,P0119,1,32.61,0.0
OI00048605,O0027694,P0120,2,320.82,0.0
OI00048606,O0027694,P0171,1,38.2,0.25
OI00048607,O0027694,P0124,1,66.41,0.0
OI00048608,O0027694,P0106,1,126.81,0.25
OI00048615,O0027698,P0103,1,83.1,0.0
OI00048616,O0027698,P0093,1,87.23,0.2
OI00048644,O0027716,P0115,1,66.34,0.0
OI00048645,O0027716,P0028,1,1165.95,0.0
OI00048646,O0027716,P0073,1,98.96,0.0
OI00048650,O0027720,P0091,1,171.21,0.1
OI00048671,O0027733,P0047,1,135.33,0.0
OI00048672,O0027733,P0143,1,114.02,0.0
OI00048673,O0027734,P0097,2,137.68,0.0
OI00048674,O0027734,P0159,1,176.84,0.05
OI00048675,O0027734,P0037,1,544.42,0.1
OI00048692,O0027743,P0140,1,15.65,0.05
OI00048697,O0027746,P0049,1,337.32,0.0
OI00048698,O0027746,P0143,1,109.67,0.0
OI00048699,O0027746,P0052,1,38.67,0.15
OI00048700,O0027746,P0053,1,359.64,0.0
OI00048701,O0027747,P0072,1,172.63,0.0
OI00048702,O0027747,P0004,2,989.4,0.0
OI00048703,O0027748,P0011,1,1062.19,0.1
OI00048704,O0027748,P0162,1,19.13,0.0
OI00048705,O0027749,P0116,1,69.68,0.0
OI00048706,O0027749,P0020,1,550.16,0.1
OI00048707,O0027749,P0108,2,40.04,0.1
OI00048743,O0027769,P0055,1,337.78,0.1
OI00048744,O0027769,P0111,1,288.48,0.0
OI00048758,O0027777,P0178,2,11.24,0.0
OI00048759,O0027778,P0087,1,493.04,0.0
OI00048763,O0027781,P0114,1,29.32,0.1
OI00048774,O0027788,P0178,3,11.25,0.0
OI00048775,O0027788,P0025,1,426.51,0.0
OI00048776,O0027788,P0096,2,85.24,0.0
OI00048789,O0027797,P0167,1,124.54,0.0
OI00048790,O0027797,P0135,1,184.97,0.1
OI00048802,O0027804,P0078,1,130.92,0.0
OI00048862,O0027838,P0154,2,56.36,0.0
OI00048863,O0027838,P0103,1,83.57,0.0
OI00048864,O0027838,P0070,1,53.3,0.0
OI00048865,O0027839,P0107,1,153.5,0.0
OI00048866,O0027839,P0004,1,1014.95,0.0
OI00048867,O0027839,P0133,1,9.98,0.0
OI00048932,O0027875,P0055,1,333.73,0.0
OI00048933,O0027875,P0053,1,357.54,0.0
OI00048943,O0027883,P0142,1,12.74,0.15
OI00048944,O0027883,P0138,1,35.16,0.1
OI00048947,O0027886,P0054,1,57.81,0.1
OI00048948,O0027886,P0020,1,537.61,0.0
OI00048959,O0027896,P0094,1,73.52,0.0
OI00048963,O0027899,P0021,1,664.38,0.05
OI00048964,O0027899,P0178,2,11.27,0.05
OI00048965,O0027899,P0089,1,350.73,0.0
OI00048981,O0027907,P0011,1,1045.3,0.0
OI00048982,O0027907,P0171,1,36.64,0.0
OI00048983,O0027908,P0127,1,160.93,0.05
OI00048994,O0027914,P0115,1,66.46,0.0
OI00048995,O0027914,P0117,2,31.12,0.0
OI00049024,O0027930,P0025,1,416.72,0.0
OI00049025,O0027930,P0113,1,99.08,0.0
OI00049032,O0027935,P0107,1,154.12,0.0
OI00049071,O0027958,P0033,1,1345.45,0.0
OI00049083,O0027966,P0180,1,52.67,0.1
OI00049084,O0027966,P0094,1,73.14,0.0
OI00049085,O0027966,P0096,1,85.07,0.0
OI00049107,O0027978,P0174,1,18.63,0.0
OI00049108,O0027979,P0003,2,1209.98,0.0
OI00049109,O0027979,P0032,1,873.38,0.0
OI00049110,O0027979,P0018,1,1995.42,0.0
OI00049111,O0027980,P0058,1,145.86,0.1
OI00049112,O0027980,P0021,1,656.83,0.0
OI00049130,O0027989,P0168,1,61.51,0.0
OI00049131,O0027989,P0119,1,33.63,0.0
OI00049132,O0027989,P0007,2,2061.74,0.0
OI00049152,O0028002,P0018,1,1990.54,0.0
OI00049167,O0028014,P0113,1,101.55,0.1
OI00049177,O0028019,P0172,1,21.4,0.0
OI00049182,O0028023,P0173,2,44.8,0.0
OI00049183,O0028023,P0056,1,125.84,0.05
OI00049186,O0028026,P0056,1,126.67,0.1
OI00049187,O0028026,P0069,1,101.74,0.1
OI00049195,O0028032,P0088,1,297.44,0.0
OI00049196,O0028032,P0042,1,120.57,0.0
OI00049227,O0028052,P0061,1,384.47,0.0
OI00049232,O0028054,P0057,2,133.17,0.0
OI00049233,O0028054,P0132,1,29.08,0.0
OI00049234,O0028055,P0115,1,69.64,0.05
OI00049235,O0028055,P0056,1,129.18,0.1
OI00049239,O0028057,P0145,1,162.07,0.05
OI00049240,O0028057,P0053,1,362.14,0.25
OI00049244,O0028059,P0042,1,115.96,0.1
OI00049254,O0028065,P0138,1,36.52,0.15
OI00049256,O0028067,P0087,1,504.1,0.05
OI00049293,O0028087,P0064,1,136.6,0.0
OI00049309,O0028095,P0099,1,233.49,0.0
OI00049336,O0028113,P0081,1,410.09,0.0
OI00049338,O0028115,P0150,1,11.34,0.0
OI00049339,O0028115,P0089,1,335.74,0.0
OI00049342,O0028117,P0153,1,43.08,0.2
OI00049343,O0028117,P0136,1,84.04,0.0
OI00049353,O0028125,P0008,1,1196.02,0.0
OI00049354,O0028125,P0107,1,158.1,0.1
OI00049355,O0028125,P0060,1,133.75,0.0
OI00049356,O0028125,P0068,1,143.98,0.1
OI00049373,O0028135,P0032,1,896.87,0.15
OI00049374,O0028135,P0176,3,135.15,0.25
OI00049400,O0028148,P0019,1,400.53,0.0
OI00049401,O0028148,P0172,1,22.73,0.0
OI00049402,O0028148,P0161,1,62.01,0.1
OI00049404,O0028150,P0122,1,383.41,0.0
OI00049407,O0028153,P0077,1,410.3,0.0
OI00049408,O0028153,P0045,1,404.28,0.15
OI00049460,O0028184,P0005,1,1354.17,0.0
OI00049461,O0028184,P0093,1,85.45,0.0
OI00049462,O0028185,P0107,1,156.45,0.1
OI00049463,O0028185,P0151,1,19.98,0.1
OI00049464,O0028185,P0167,1,126.72,0.0
OI00049465,O0028185,P0036,1,724.82,0.0
OI00049476,O0028190,P0073,1,99.13,0.0
OI00049477,O0028190,P0059,1,51.13,0.05
OI00049483,O0028194,P0088,2,296.7,0.05
OI00049484,O0028194,P0059,1,49.63,0.0
OI00049486,O0028196,P0068,1,145.02,0.0
OI00049493,O0028201,P0062,1,56.93,0.0
OI00049541,O0028227,P0054,2,57.35,0.0
OI00049546,O0028230,P0129,1,301.51,0.0
OI00049550,O0028233,P0123,1,50.9,0.0
OI00049551,O0028233,P0036,1,725.49,0.0
OI00049564,O0028243,P0140,1,15.71,0.0
OI00049584,O0028256,P0125,2,293.99,0.0
OI00049591,O0028261,P0109,3,166.8,0.0
OI00049592,O0028261,P0166,2,32.25,0.1
OI00049593,O0028261,P0110,1,73.23,0.0
OI00049618,O0028273,P0123,1,47.28,0.0
OI00049624,O0028278,P0129,1,295.24,0.0
OI00049627,O0028281,P0004,1,1013.04,0.0
OI00049638,O0028289,P0125,1,296.87,0.0
OI00049639,O0028289,P0036,1,717.52,0.05
OI00049640,O0028289,P0074,2,254.82,0.0
OI00049641,O0028289,P0178,1,11.0,0.0
OI00049659,O0028301,P0135,1,182.36,0.1
OI00049670,O0028307,P0022,2,861.63,0.0
OI00049671,O0028307,P0128,1,70.62,0.1
OI00049685,O0028316,P0045,1,406.32,0.0
OI00049691,O0028319,P0113,1,97.38,0.0
OI00049699,O0028325,P0153,1,44.35,0.0
OI00049704,O0028328,P0085,1,497.68,0.0
OI00049705,O0028328,P0046,1,315.04,0.1
OI00049718,O0028335,P0076,1,120.29,0.0
OI00049733,O0028343,P0024,1,504.21,0.0
OI00049776,O0028372,P0043,1,290.48,0.0
OI00049792,O0028383,P0041,1,240.23,0.0
OI00049793,O0028383,P0152,1,15.04,0.0
OI00049794,O0028383,P0031,1,1328.81,0.0
OI00049796,O0028385,P0151,1,20.06,0.0
OI00049797,O0028385,P0085,1,508.53,0.0
OI00049861,O0028423,P0120,1,327.51,0.0
OI00049862,O0028423,P0123,1,47.08,0.05
OI00049875,O0028430,P0001,1,1666.55,0.0
OI00049876,O0028430,P0154,1,58.64,0.0
OI00049877,O0028431,P0016,1,928.27,0.0
OI00049878,O0028431,P0154,1,56.26,0.1
OI00049879,O0028431,P0099,1,230.72,0.0
OI00049880,O0028432,P0146,1,52.57,0.0
OI00049881,O0028432,P0031,1,1344.04,0.0
OI00049895,O0028437,P0061,1,379.93,0.0
OI00049896,O0028437,P0168,1,60.12,0.0
OI00049907,O0028441,P0095,1,275.77,0.0
OI00049908,O0028441,P0176,1,134.65,0.0
OI00049926,O0028450,P0021,1,625.92,0.0
OI00049927,O0028450,P0162,1,19.09,0.0
OI00049928,O0028450,P0012,2,1509.05,0.0
OI00049947,O0028460,P0129,3,299.49,0.0
OI00049948,O0028460,P0115,2,65.44,0.0
OI00049949,O0028460,P0076,1,120.82,0.0
OI00049950,O0028461,P0136,1,83.08,0.0
OI00049951,O0028461,P0019,1,394.58,0.0
OI00049952,O0028461,P0080,1,233.1,0.0
OI00049955,O0028463,P0034,1,561.05,0.0
OI00049961,O0028466,P0112,2,40.97,0.15
OI00049969,O0028472,P0085,1,504.68,0.0
OI00049970,O0028472,P0069,2,98.35,0.0
OI00049974,O0028476,P0175,1,11.94,0.0
OI00049975,O0028476,P0158,1,67.69,0.0
OI00049976,O0028476,P0023,1,977.88,0.1
OI00049991,O0028483,P0114,1,29.39,0.05
OI00049992,O0028483,P0080,1,230.81,0.0
OI00050000,O0028489,P0032,1,937.55,0.0
OI00050001,O0028489,P0122,1,379.94,0.0
OI00050009,O0028494,P0138,1,35.28,0.0
OI00050010,O0028494,P0116,1,68.56,0.0
OI00050011,O0028494,P0133,1,10.14,0.1
OI00050012,O0028495,P0090,2,203.52,0.0
OI00050020,O0028499,P0132,1,30.46,0.05
OI00050032,O0028508,P0160,2,24.26,0.0
OI00050033,O0028508,P0097,1,141.73,0.0
OI00050063,O0028526,P0049,1,333.84,0.05
OI00050070,O0028531,P0046,1,341.8,0.1
OI00050071,O0028532,P0078,1,133.66,0.0
OI00050078,O0028535,P0108,1,41.15,0.05
OI00050093,O0028545,P0063,1,58.65,0.0
OI00050094,O0028545,P0004,1,972.89,0.05
OI00050130,O0028565,P0157,1,120.74,0.0
OI00050148,O0028576,P0062,3,57.02,0.0
OI00050149,O0028576,P0021,1,643.55,0.1
OI00050169,O0028589,P0123,1,50.81,0.0
OI00050170,O0028589,P0101,2,128.22,0.05
OI00050171,O0028589,P0160,1,24.75,0.0
OI00050188,O0028599,P0099,1,236.09,0.0
OI00050199,O0028607,P0002,1,954.7,0.0
OI00050200,O0028608,P0141,1,23.83,0.0
OI00050201,O0028608,P0163,1,18.29,0.0
OI00050216,O0028618,P0068,1,139.46,0.0
OI00050252,O0028638,P0027,1,906.51,0.0
OI00050265,O0028645,P0099,1,230.15,0.0
OI00050266,O0028645,P0128,1,68.25,0.05
OI00050267,O0028645,P0146,1,51.91,0.1
OI00050280,O0028651,P0169,1,185.21,0.0
OI00050281,O0028651,P0057,1,135.18,0.0
OI00050286,O0028654,P0157,1,123.21,0.0
OI00050287,O0028654,P0030,2,868.93,0.0
OI00050288,O0028654,P0027,1,902.32,0.0
OI00050291,O0028656,P0051,1,55.97,0.1
OI00050292,O0028656,P0084,1,658.82,0.0
OI00050293,O0028656,P0144,1,14.09,0.0
OI00050308,O0028665,P0113,1,100.67,0.1
OI00050309,O0028665,P0117,1,30.69,0.0
OI00050310,O0028665,P0015,2,1396.13,0.0
OI00050327,O0028674,P0075,1,54.15,0.0
OI00050328,O0028674,P0033,1,1356.79,0.1
OI00050337,O0028679,P0060,2,139.28,0.0
OI00050343,O0028684,P0133,1,10.12,0.0
OI00050344,O0028684,P0079,1,179.43,0.0
OI00050348,O0028686,P0147,1,78.94,0.0
OI00050360,O0028694,P0162,1,19.51,0.0
OI00050361,O0028694,P0150,1,11.33,0.0
OI00050362,O0028694,P0035,1,1047.64,0.0
OI00050366,O0028697,P0048,1,57.21,0.0
OI00050367,O0028697,P0144,1,13.55,0.0
OI00050368,O0028697,P0130,1,30.7,0.0
OI00050369,O0028697,P0101,3,124.69,0.0
OI00050391,O0028712,P0107,1,156.3,0.15
OI00050407,O0028721,P0104,2,29.27,0.0
OI00050408,O0028722,P0051,1,56.34,0.0
OI00050421,O0028730,P0108,1,41.83,0.0
OI00050422,O0028730,P0159,1,181.03,0.0
OI00050423,O0028730,P0010,1,903.11,0.1
OI00050442,O0028738,P0105,1,130.05,0.0
OI00050446,O0028741,P0143,1,112.06,0.1
OI00050447,O0028741,P0107,1,153.01,0.15
OI00050449,O0028743,P0058,1,151.41,0.0
OI00050454,O0028747,P0108,1,40.4,0.05
OI00050466,O0028754,P0089,1,345.98,0.0
OI00050467,O0028754,P0021,1,637.68,0.05
OI00050468,O0028754,P0086,1,49.4,0.0
OI00050469,O0028754,P0100,1,63.28,0.0
OI00050488,O0028764,P0112,1,40.33,0.0
OI00050503,O0028773,P0128,2,71.52,0.1
OI00050504,O0028773,P0092,1,199.62,0.0
OI00050505,O0028773,P0071,2,111.23,0.1
OI00050518,O0028779,P0060,1,131.93,0.0
OI00050528,O0028784,P0014,1,816.67,0.1
OI00050529,O0028784,P0075,1,53.67,0.0
OI00050530,O0028784,P0121,1,151.89,0.0
OI00050531,O0028785,P0059,2,50.45,0.0
OI00050532,O0028786,P0021,1,638.19,0.0
OI00050533,O0028786,P0110,1,74.97,0.0
OI00050556,O0028801,P0108,1,42.12,0.0
OI00050564,O0028805,P0025,1,420.43,0.15
OI00050584,O0028814,P0096,1,87.64,0.0
OI00050593,O0028820,P0037,1,540.02,0.15
OI00050594,O0028820,P0032,1,868.79,0.0
OI00050597,O0028823,P0026,1,1172.88,0.0
OI00050601,O0028826,P0144,2,14.05,0.1
OI00050607,O0028830,P0027,2,893.44,0.0
OI00050608,O0028830,P0097,1,142.54,0.0
OI00050617,O0028836,P0003,1,1196.83,0.0
OI00050618,O0028837,P0033,1,1327.18,0.0
OI00050635,O0028846,P0023,1,977.06,0.0
OI00050636,O0028846,P0096,1,85.61,0.1
OI00050637,O0028846,P0066,1,276.51,0.0
OI00050668,O0028869,P0050,1,89.77,0.0
OI00050669,O0028870,P0070,2,52.42,0.0
OI00050670,O0028870,P0094,1,72.35,0.05
OI00050682,O0028877,P0040,1,1000.66,0.0
OI00050684,O0028879,P0165,1,39.66,0.0
OI00050685,O0028880,P0046,1,326.43,0.25
OI00050686,O0028881,P0126,1,184.32,0.2
OI00050687,O0028881,P0063,1,57.79,0.1
OI00050688,O0028881,P0052,1,39.2,0.0
OI00050690,O0028883,P0166,1,33.31,0.05
OI00050691,O0028883,P0118,1,125.29,0.0
OI00050692,O0028883,P0180,2,51.81,0.0
OI00050693,O0028883,P0023,1,977.31,0.0
OI00050816,O0028954,P0146,1,51.83,0.0
OI00050817,O0028954,P0032,1,888.2,0.0
OI00050818,O0028955,P0141,1,23.77,0.2
OI00050823,O0028959,P0078,1,133.45,0.05
OI00050824,O0028959,P0027,1,896.68,0.0
OI00050827,O0028961,P0170,2,9.33,0.0
OI00050828,O0028961,P0125,1,306.65,0.05
OI00050844,O0028969,P0180,1,50.51,0.0
OI00050845,O0028969,P0167,1,124.49,0.0
OI00050846,O0028969,P0138,1,35.22,0.0
OI00050851,O0028972,P0030,2,880.89,0.25
OI00050852,O0028972,P0086,1,50.24,0.0
OI00050853,O0028972,P0045,1,418.82,0.0
OI00050854,O0028972,P0135,1,189.22,0.0
OI00050857,O0028975,P0144,1,14.14,0.0
OI00050858,O0028975,P0010,1,882.61,0.05
OI00050887,O0028989,P0038,1,488.08,0.0
OI00050888,O0028989,P0010,1,873.67,0.0
OI00050903,O0028997,P0064,1,129.26,0.1
OI00050904,O0028997,P0059,1,49.45,0.0
OI00050936,O0029014,P0078,1,136.91,0.0
OI00050944,O0029019,P0156,1,91.15,0.15
OI00050968,O0029032,P0073,1,94.59,0.1
OI00050969,O0029032,P0099,1,243.03,0.0
OI00050970,O0029032,P0096,2,85.94,0.0
OI00050971,O0029032,P0169,1,186.04,0.0
OI00050978,O0029038,P0013,1,1057.76,0.05
OI00050979,O0029038,P0163,1,18.16,0.1
OI00050985,O0029041,P0157,1,120.97,0.05
OI00050986,O0029041,P0054,2,58.79,0.2
OI00050987,O0029041,P0017,1,1676.52,0.1
OI00051003,O0029049,P0083,1,732.21,0.0
OI00051004,O0029049,P0052,1,40.0,0.0
OI00051020,O0029058,P0105,1,134.94,0.2
OI00051021,O0029059,P0090,1,201.44,0.0
OI00051022,O0029059,P0100,1,61.37,0.0
OI00051033,O0029065,P0075,1,53.11,0.05
OI00051052,O0029076,P0041,1,232.08,0.1
OI00051053,O0029076,P0050,1,94.38,0.0
OI00051054,O0029076,P0053,1,360.45,0.0
OI00051087,O0029095,P0105,1,123.68,0.0
OI00051088,O0029095,P0107,1,155.97,0.0
OI00051090,O0029097,P0022,1,858.5,0.0
OI00051091,O0029097,P0031,1,1332.78,0.1
OI00051092,O0029097,P0113,1,101.34,0.0
OI00051102,O0029104,P0103,1,84.16,0.0
OI00051108,O0029108,P0047,1,138.7,0.1
OI00051109,O0029108,P0038,1,490.38,0.0
OI00051110,O0029109,P0033,1,1383.58,0.0
OI00051130,O0029120,P0037,1,529.77,0.0
OI00051136,O0029123,P0151,1,19.44,0.0
OI00051137,O0029123,P0059,1,47.74,0.05
OI00051138,O0029123,P0005,1,1388.2,0.0
OI00051142,O0029126,P0138,1,35.77,0.0
OI00051143,O0029126,P0094,1,74.03,0.0
OI00051149,O0029130,P0090,1,199.72,0.0
OI00051154,O0029133,P0089,1,356.22,0.0
OI00051155,O0029133,P0175,1,12.0,0.0
OI00051219,O0029172,P0112,1,39.61,0.0
OI00051220,O0029172,P0178,1,11.03,0.15
OI00051221,O0029172,P0169,1,183.88,0.0
OI00051226,O0029175,P0122,1,386.55,0.0
OI00051227,O0029175,P0095,1,285.14,0.05
OI00051228,O0029175,P0007,1,1970.21,0.0
OI00051245,O0029186,P0086,1,50.03,0.0
OI00051246,O0029186,P0066,1,280.65,0.05
OI00051247,O0029187,P0093,1,87.28,0.05
OI00051248,O0029187,P0105,1,134.41,0.15
OI00051249,O0029188,P0127,3,161.57,0.05
OI00051250,O0029188,P0147,1,77.82,0.0
OI00051254,O0029192,P0011,1,1060.34,0.0
OI00051255,O0029192,P0076,1,121.21,0.0
OI00051256,O0029192,P0173,1,45.93,0.05
OI00051261,O0029196,P0060,1,134.87,0.1
OI00051266,O0029200,P0080,1,235.36,0.15
OI00051267,O0029200,P0105,1,127.41,0.0
OI00051278,O0029205,P0127,1,166.92,0.1
OI00051279,O0029205,P0090,2,192.72,0.2
OI00051281,O0029207,P0131,2,48.57,0.0
OI00051287,O0029211,P0178,3,10.91,0.0
OI00051308,O0029223,P0044,1,122.0,0.0
OI00051309,O0029223,P0103,1,84.17,0.0
OI00051335,O0029236,P0164,2,39.35,0.1
OI00051336,O0029236,P0149,1,18.72,0.0
OI00051340,O0029239,P0037,1,528.07,0.0
OI00051354,O0029248,P0033,1,1330.42,0.1
OI00051361,O0029252,P0130,2,29.88,0.2
OI00051362,O0029252,P0173,1,46.21,0.0
OI00051363,O0029252,P0017,1,1630.87,0.05
OI00051388,O0029266,P0156,1,91.29,0.0
OI00051389,O0029266,P0171,2,38.06,0.1
OI00051408,O0029274,P0103,1,85.65,0.0
OI00051412,O0029278,P0172,1,21.66,0.0
OI00051423,O0029283,P0096,1,88.89,0.0
OI00051424,O0029283,P0046,1,323.98,0.0
OI00051425,O0029283,P0044,1,123.6,0.0
OI00051432,O0029288,P0068,1,142.0,0.15
OI00051433,O0029288,P0029,2,512.14,0.0
OI00051434,O0029288,P0055,1,330.53,0.0
OI00051465,O0029309,P0067,1,283.11,0.0
OI00051466,O0029309,P0033,1,1364.63,0.0
OI00051467,O0029309,P0091,1,169.73,0.0
OI00051473,O0029313,P0085,3,499.74,0.0
OI00051474,O0029313,P0171,1,38.53,0.0
OI00051475,O0029314,P0085,1,485.36,0.05
OI00051479,O0029318,P0110,1,71.75,0.0
OI00051486,O0029322,P0078,1,135.28,0.0
OI00051487,O0029323,P0079,1,174.35,0.0
OI00051488,O0029323,P0153,1,42.87,0.0
OI00051489,O0029323,P0074,1,255.32,0.0
OI00051490,O0029323,P0156,1,89.02,0.1
OI00051504,O0029330,P0045,1,410.5,0.0
OI00051505,O0029330,P0091,1,169.26,0.0
OI00051528,O0029344,P0137,1,25.23,0.0
OI00051536,O0029349,P0058,2,144.76,0.0
OI00051537,O0029349,P0092,1,202.21,0.0
OI00051538,O0029349,P0112,1,40.25,0.0
OI00051545,O0029353,P0026,1,1169.61,0.0
OI00051546,O0029353,P0019,1,407.85,0.0
OI00051602,O0029381,P0119,1,32.61,0.0
OI00051603,O0029381,P0098,1,323.35,0.0
OI00051617,O0029388,P0102,1,52.88,0.1
OI00051618,O0029389,P0026,1,1135.48,0.0
OI00051619,O0029389,P0099,1,235.0,0.2
OI00051620,O0029389,P0039,1,526.21,0.0
OI00051621,O0029389,P0030,2,831.23,0.0
OI00051623,O0029391,P0135,1,191.55,0.0
OI00051624,O0029391,P0081,1,413.0,0.0
OI00051642,O0029404,P0136,1,85.57,0.0
OI00051643,O0029404,P0045,1,397.72,0.0
OI00051644,O0029404,P0114,1,29.92,0.0
OI00051679,O0029426,P0069,1,96.72,0.0
OI00051695,O0029436,P0110,1,73.29,0.1
OI00051696,O0029436,P0024,2,493.91,0.0
OI00051697,O0029436,P0050,1,91.43,0.0
OI00051710,O0029445,P0108,1,41.29,0.1
OI00051711,O0029445,P0119,1,33.2,0.0
OI00051743,O0029465,P0075,1,54.86,0.0
OI00051755,O0029472,P0171,1,37.07,0.0
OI00051756,O0029472,P0105,1,128.43,0.1
OI00051757,O0029472,P0102,1,51.31,0.0
OI00051776,O0029481,P0106,1,127.78,0.0
OI00051777,O0029481,P0118,1,126.48,0.0
OI00051778,O0029482,P0046,1,343.59,0.0
OI00051784,O0029485,P0178,1,11.34,0.0
OI00051789,O0029489,P0054,1,56.66,0.1
OI00051792,O0029491,P0169,2,182.17,0.0
OI00051793,O0029491,P0065,1,317.82,0.1
OI00051824,O0029507,P0091,1,168.27,0.2
OI00051853,O0029523,P0117,1,30.78,0.05
OI00051854,O0029523,P0055,1,330.14,0.0
OI00051862,O0029529,P0029,1,527.48,0.05
OI00051863,O0029529,P0114,1,29.79,0.25
OI00051869,O0029533,P0163,1,17.48,0.0
OI00051870,O0029533,P0095,1,285.92,0.0
OI00051890,O0029542,P0016,1,921.19,0.05
OI00051891,O0029542,P0024,1,507.06,0.0
OI00051906,O0029550,P0164,2,39.8,0.0
OI00051936,O0029568,P0054,1,54.97,0.0
OI00051937,O0029568,P0112,1,40.73,0.0
OI00051938,O0029568,P0110,1,73.14,0.0
OI00051946,O0029574,P0049,1,340.57,0.1
OI00051947,O0029574,P0129,1,296.88,0.05
OI00051948,O0029574,P0079,1,174.3,0.15
OI00051972,O0029587,P0050,1,91.8,0.2
OI00051986,O0029596,P0052,2,40.22,0.1
OI00051987,O0029596,P0128,2,71.34,0.0
OI00051995,O0029601,P0095,1,288.05,0.0
OI00051996,O0029601,P0011,1,1086.67,0.0
OI00052002,O0029606,P0037,1,515.71,0.0
OI00052003,O0029606,P0170,1,9.13,0.0
OI00052004,O0029607,P0109,1,166.73,0.15
OI00052005,O0029607,P0087,1,464.34,0.0
OI00052018,O0029615,P0073,1,95.58,0.0
OI00052024,O0029619,P0171,1,37.36,0.15
OI00052025,O0029619,P0141,1,23.36,0.05
OI00052029,O0029622,P0154,1,54.65,0.0
OI00052030,O0029622,P0163,2,18.26,0.25
OI00052031,O0029622,P0165,1,40.72,0.15
OI00052034,O0029624,P0084,3,615.52,0.1
OI00052035,O0029624,P0137,1,25.39,0.15
OI00052036,O0029624,P0108,1,39.16,0.0
OI00052038,O0029626,P0021,1,631.68,0.15
OI00052041,O0029629,P0108,2,41.85,0.0
OI00052047,O0029633,P0116,1,71.28,0.0
OI00052060,O0029640,P0096,1,87.5,0.0
OI00052061,O0029640,P0057,1,130.82,0.25
OI00052103,O0029665,P0149,2,18.54,0.0
OI00052115,O0029672,P0063,1,58.83,0.1
OI00052166,O0029697,P0133,1,9.87,0.0
OI00052167,O0029697,P0148,1,14.59,0.0
OI00052195,O0029713,P0142,1,12.41,0.0
OI00052206,O0029720,P0010,1,902.99,0.0
OI00052208,O0029722,P0010,1,869.31,0.0
OI00052211,O0029724,P0154,1,58.16,0.0
OI00052212,O0029725,P0167,1,127.61,0.0
OI00052228,O0029737,P0086,1,49.57,0.0
OI00052229,O0029737,P0123,1,49.16,0.0
OI00052230,O0029737,P0102,1,51.75,0.1
OI00052238,O0029741,P0135,1,183.94,0.1
OI00052239,O0029741,P0029,1,515.3,0.0
OI00052240,O0029741,P0105,1,128.89,0.0
OI00052253,O0029751,P0110,1,73.59,0.0
OI00052272,O0029763,P0112,1,39.3,0.0
OI00052303,O0029777,P0083,1,720.0,0.0
OI00052304,O0029777,P0015,1,1447.61,0.0
OI00052305,O0029777,P0112,1,40.8,0.25
OI00052307,O0029779,P0078,1,133.12,0.25
OI00052308,O0029779,P0030,1,857.02,0.0
OI00052320,O0029785,P0180,1,51.35,0.0
OI00052331,O0029792,P0171,1,37.88,0.0
OI00052332,O0029792,P0128,1,70.46,0.0
OI00052333,O0029792,P0079,3,175.53,0.05
OI00052334,O0029792,P0146,1,53.53,0.0
OI00052337,O0029795,P0110,1,72.26,0.1
OI00052338,O0029795,P0096,1,85.6,0.0
OI00052344,O0029800,P0051,1,55.69,0.05
OI00052345,O0029800,P0175,1,11.96,0.0
OI00052346,O0029800,P0146,1,53.71,0.0
OI00052347,O0029800,P0108,1,41.8,0.0
OI00052366,O0029811,P0108,1,40.59,0.0
OI00052367,O0029811,P0079,1,174.03,0.1
OI00052368,O0029812,P0018,1,1941.26,0.0
OI00052369,O0029812,P0106,1,127.51,0.1
OI00052370,O0029812,P0078,1,133.57,0.0
OI00052371,O0029812,P0170,1,9.19,0.1
OI00052373,O0029814,P0117,1,30.61,0.0
OI00052382,O0029819,P0079,2,171.72,0.0
OI00052383,O0029819,P0100,1,61.31,0.1
OI00052389,O0029824,P0120,1,336.22,0.0
OI00052390,O0029824,P0081,1,405.93,0.0
OI00052412,O0029834,P0004,1,1002.92,0.0
OI00052413,O0029834,P0134,1,128.91,0.0
OI00052432,O0029846,P0001,2,1723.83,0.0
OI00052433,O0029846,P0106,1,129.63,0.0
OI00052437,O0029848,P0007,1,2023.39,0.0
OI00052438,O0029848,P0002,1,967.82,0.0
OI00052439,O0029849,P0115,1,69.07,0.15
OI00052440,O0029849,P0151,1,19.06,0.0
OI00052441,O0029849,P0144,1,13.71,0.0
OI00052455,O0029859,P0040,1,974.74,0.1
OI00052459,O0029861,P0108,1,42.05,0.0
OI00052460,O0029861,P0101,1,122.72,0.1
OI00052461,O0029861,P0180,1,50.39,0.05
OI00052462,O0029862,P0024,1,507.36,0.0
OI00052463,O0029863,P0136,1,86.22,0.15
OI00052469,O0029866,P0132,1,29.24,0.0
OI00052487,O0029875,P0110,1,73.45,0.05
OI00052488,O0029875,P0050,2,91.03,0.0
OI00052513,O0029888,P0071,1,111.85,0.0
OI00052514,O0029888,P0130,1,30.69,0.0
OI00052515,O0029889,P0176,1,135.8,0.0
OI00052516,O0029889,P0059,1,49.7,0.0
OI00052525,O0029895,P0001,1,1649.51,0.0
OI00052526,O0029895,P0033,1,1347.18,0.0
OI00052530,O0029897,P0063,1,59.44,0.1
OI00052531,O0029897,P0152,1,14.92,0.1
OI00052557,O0029913,P0076,1,118.99,0.0
OI00052561,O0029917,P0072,1,178.32,0.0
OI00052562,O0029917,P0066,1,271.23,0.0
OI00052564,O0029919,P0093,1,84.85,0.05
OI00052565,O0029919,P0016,1,911.66,0.0
OI00052566,O0029920,P0140,1,15.47,0.0
OI00052567,O0029920,P0155,1,50.72,0.0
OI00052568,O0029920,P0062,1,56.5,0.25
OI00052572,O0029923,P0108,1,41.83,0.0
OI00052573,O0029923,P0014,1,822.37,0.0
OI00052574,O0029924,P0133,1,10.2,0.0
OI00052590,O0029933,P0134,1,138.28,0.0
OI00052591,O0029933,P0088,1,308.03,0.1
OI00052592,O0029933,P0105,1,132.27,0.15
OI00052600,O0029938,P0112,1,40.11,0.1
OI00052621,O0029951,P0091,1,167.46,0.1
OI00052622,O0029951,P0043,1,274.9,0.0
OI00052623,O0029951,P0072,1,174.97,0.0
OI00052655,O0029970,P0073,1,94.98,0.0
OI00052656,O0029970,P0047,1,136.23,0.0
OI00052663,O0029976,P0159,1,175.04,0.0
OI00052664,O0029976,P0055,1,336.47,0.0
OI00052665,O0029976,P0147,1,77.07,0.0
OI00052666,O0029976,P0009,1,1313.34,0.0
OI00052668,O0029978,P0057,1,132.63,0.25
OI00052669,O0029978,P0023,1,966.24,0.2
OI00052726,O0030012,P0167,1,121.93,0.0
OI00052727,O0030012,P0064,1,129.47,0.0
OI00052734,O0030016,P0048,1,58.17,0.0
OI00052740,O0030020,P0016,1,902.04,0.25
OI00052772,O0030040,P0088,1,293.94,0.0
OI00052773,O0030040,P0124,1,64.35,0.0
OI00052782,O0030045,P0170,1,9.51,0.0
OI00052783,O0030045,P0073,1,99.3,0.0
OI00052792,O0030052,P0075,1,53.71,0.0
OI00052815,O0030064,P0146,1,51.28,0.0
OI00052816,O0030064,P0165,1,40.63,0.0
OI00052817,O0030064,P0151,1,19.46,0.0
OI00052824,O0030068,P0041,1,234.53,0.0
OI00052825,O0030069,P0157,1,127.84,0.0
OI00052827,O0030071,P0041,1,230.57,0.25
OI00052836,O0030076,P0080,1,233.26,0.0
OI00052841,O0030080,P0024,1,504.38,0.15
OI00052862,O0030095,P0156,3,86.54,0.0
OI00052863,O0030095,P0044,1,126.67,0.0
OI00052864,O0030095,P0052,1,39.53,0.0
OI00052874,O0030101,P0062,1,54.66,0.0
OI00052876,O0030103,P0179,1,81.98,0.1
OI00052877,O0030103,P0080,1,235.57,0.0
OI00052883,O0030106,P0011,2,1053.16,0.15
OI00052884,O0030106,P0034,3,551.16,0.05
OI00052911,O0030122,P0149,1,18.36,0.0
OI00052915,O0030125,P0123,1,49.69,0.05
OI00052916,O0030125,P0151,1,19.76,0.0
OI00052917,O0030126,P0144,1,13.48,0.0
OI00052918,O0030126,P0031,2,1310.52,0.0
OI00052919,O0030126,P0127,1,162.1,0.0
OI00052979,O0030161,P0174,1,18.08,0.25
OI00052980,O0030161,P0086,1,50.62,0.0
OI00052992,O0030169,P0168,1,62.89,0.05
OI00053029,O0030193,P0101,1,128.66,0.0
OI00053038,O0030198,P0083,1,725.21,0.0
OI00053054,O0030210,P0166,1,33.62,0.0
OI00053058,O0030213,P0088,1,303.25,0.0
OI00053078,O0030228,P0157,2,119.52,0.0
OI00053090,O0030233,P0100,1,62.32,0.1
OI00053105,O0030243,P0147,1,75.9,0.0
OI00053116,O0030250,P0065,1,300.73,0.0
OI00053117,O0030250,P0016,1,911.82,0.2
OI00053118,O0030250,P0003,1,1266.51,0.0
OI00053139,O0030261,P0055,1,331.47,0.0
OI00053180,O0030285,P0114,1,29.05,0.05
OI00053214,O0030309,P0124,1,63.55,0.0
OI00053215,O0030310,P0135,1,187.2,0.0
OI00053217,O0030312,P0070,1,53.4,0.15
OI00053218,O0030312,P0052,2,38.71,0.0
OI00053219,O0030312,P0118,1,130.15,0.0
OI00053227,O0030316,P0124,1,64.52,0.0
OI00053228,O0030316,P0025,1,423.91,0.25
OI00053229,O0030317,P0174,1,17.98,0.0
OI00053230,O0030317,P0034,1,544.7,0.0
OI00053255,O0030331,P0166,2,34.16,0.0
OI00053271,O0030339,P0013,1,1091.61,0.2
OI00053272,O0030340,P0104,1,29.13,0.0
OI00053282,O0030346,P0156,1,85.36,0.15
OI00053283,O0030346,P0012,1,1544.65,0.0
OI00053298,O0030353,P0012,1,1513.54,0.0
OI00053299,O0030353,P0094,1,72.32,0.0
OI00053300,O0030353,P0016,1,906.21,0.1
OI00053301,O0030354,P0092,2,197.55,0.0
OI00053302,O0030354,P0119,1,32.76,0.15
OI00053310,O0030358,P0019,2,392.31,0.0
OI00053311,O0030358,P0158,1,65.88,0.0
OI00053312,O0030358,P0124,1,65.58,0.05
OI00053313,O0030358,P0113,1,100.88,0.0
OI00053319,O0030363,P0121,1,144.8,0.1
OI00053320,O0030363,P0160,1,23.96,0.1
OI00053322,O0030365,P0174,1,18.64,0.0
OI00053323,O0030365,P0114,1,30.12,0.0
OI00053332,O0030370,P0067,1,286.57,0.0
OI00053338,O0030373,P0097,1,135.71,0.0
OI00053339,O0030373,P0153,1,44.45,0.0
OI00053351,O0030379,P0105,2,127.12,0.15
OI00053382,O0030394,P0128,1,69.74,0.0
OI00053389,O0030400,P0080,2,238.66,0.0
OI00053430,O0030422,P0043,1,293.88,0.0
OI00053433,O0030424,P0094,1,72.49,0.0
OI00053434,O0030425,P0112,1,39.49,0.0
OI00053447,O0030430,P0051,1,56.16,0.0
OI00053448,O0030430,P0172,1,21.78,0.2
OI00053449,O0030430,P0110,3,73.27,0.0
OI00053467,O0030440,P0143,2,112.61,0.2
OI00053468,O0030440,P0084,1,643.82,0.0
OI00053469,O0030440,P0021,1,665.58,0.05
OI00053470,O0030441,P0109,3,169.12,0.0
OI00053471,O0030441,P0136,1,83.97,0.0
OI00053476,O0030444,P0157,1,118.8,0.0
OI00053490,O0030455,P0026,1,1182.77,0.1
OI00053491,O0030455,P0150,1,11.57,0.0
OI00053494,O0030457,P0036,1,732.79,0.0
OI00053508,O0030467,P0141,1,24.6,0.0
OI00053509,O0030467,P0137,1,25.8,0.1
OI00053510,O0030467,P0016,1,900.15,0.0
OI00053529,O0030479,P0064,1,131.89,0.1
OI00053541,O0030485,P0057,1,134.98,0.15
OI00053542,O0030485,P0137,2,26.04,0.0
OI00053551,O0030492,P0106,1,130.75,0.0
OI00053554,O0030494,P0112,1,40.81,0.0
OI00053555,O0030494,P0101,1,125.69,0.0
OI00053590,O0030514,P0145,1,162.23,0.0
OI00053591,O0030514,P0139,1,24.17,0.2
OI00053592,O0030515,P0031,1,1371.84,0.0
OI00053593,O0030515,P0150,1,11.63,0.0
OI00053599,O0030519,P0172,1,21.84,0.0
OI00053641,O0030545,P0075,2,53.29,0.05
OI00053644,O0030547,P0172,1,21.76,0.0
OI00053662,O0030555,P0001,1,1755.35,0.05
OI00053663,O0030555,P0030,1,862.39,0.0
OI00053672,O0030561,P0068,1,141.31,0.0
OI00053692,O0030573,P0136,2,83.64,0.0
OI00053693,O0030573,P0077,1,431.05,0.0
OI00053710,O0030583,P0102,2,51.88,0.0
OI00053711,O0030584,P0049,1,332.71,0.0
OI00053718,O0030589,P0119,1,33.77,0.0
OI00053719,O0030590,P0093,1,85.76,0.0
OI00053727,O0030597,P0163,1,17.86,0.1
OI00053749,O0030611,P0036,1,723.5,0.0
OI00053750,O0030611,P0140,1,15.95,0.15
OI00053751,O0030611,P0075,1,53.97,0.0
OI00053752,O0030611,P0118,1,129.24,0.0
OI00053759,O0030616,P0143,2,113.62,0.25
OI00053765,O0030620,P0067,1,278.78,0.05
OI00053766,O0030620,P0126,1,188.31,0.0
OI00053767,O0030620,P0004,1,1004.06,0.1
OI00053773,O0030623,P0032,1,862.01,0.0
OI00053774,O0030623,P0151,1,19.67,0.0
OI00053776,O0030625,P0090,1,204.94,0.0
OI00053777,O0030625,P0177,1,22.71,0.1
OI00053780,O0030627,P0037,1,542.12,0.1
OI00053781,O0030627,P0099,1,241.74,0.0
OI00053782,O0030628,P0147,3,75.47,0.0
OI00053783,O0030628,P0053,1,354.51,0.0
OI00053792,O0030635,P0119,1,33.03,0.0
OI00053793,O0030635,P0169,1,186.86,0.2
OI00053794,O0030635,P0063,1,60.51,0.05
OI00053840,O0030659,P0148,2,14.71,0.0
OI00053841,O0030659,P0039,1,517.34,0.05
OI00053853,O0030667,P0075,1,52.59,0.05
OI00053854,O0030667,P0124,1,63.9,0.1
OI00053863,O0030674,P0109,1,171.81,0.0
OI00053876,O0030682,P0171,2,38.09,0.0
OI00053900,O0030698,P0068,1,140.52,0.05
OI00053909,O0030704,P0044,1,119.36,0.0
OI00053924,O0030712,P0095,1,283.23,0.0
OI00053925,O0030712,P0059,1,48.44,0.0
OI00053926,O0030712,P0002,1,952.49,0.0
OI00053927,O0030712,P0149,1,17.63,0.0
OI00053937,O0030719,P0136,1,89.82,0.0
OI00053938,O0030719,P0156,1,86.61,0.1
OI00053995,O0030749,P0087,1,488.69,0.1
OI00053996,O0030749,P0014,1,841.24,0.15
OI00054009,O0030755,P0031,1,1369.54,0.0
OI00054010,O0030755,P0088,1,297.13,0.05
OI00054022,O0030765,P0170,1,9.56,0.0
OI00054023,O0030765,P0045,1,409.57,0.25
OI00054024,O0030766,P0087,1,488.36,0.0
OI00054025,O0030766,P0079,1,171.23,0.0
OI00054043,O0030776,P0157,2,120.49,0.05
OI00054051,O0030782,P0085,1,491.27,0.0
OI00054052,O0030782,P0064,3,130.49,0.0
OI00054056,O0030786,P0052,1,38.47,0.0
OI00054057,O0030786,P0138,1,34.89,0.0
OI00054093,O0030806,P0144,1,13.94,0.0
OI00054094,O0030806,P0101,1,127.27,0.0
OI00054120,O0030822,P0125,1,297.56,0.0
OI00054121,O0030823,P0143,1,112.94,0.1
OI00054122,O0030824,P0111,1,289.02,0.05
OI00054123,O0030824,P0074,3,250.68,0.0
OI00054127,O0030827,P0050,1,91.98,0.0
OI00054129,O0030829,P0080,2,229.91,0.0
OI00054130,O0030829,P0005,1,1384.64,0.0
OI00054133,O0030831,P0055,1,331.49,0.05
OI00054134,O0030831,P0177,1,22.6,0.15
OI00054144,O0030837,P0180,1,53.18,0.0
OI00054151,O0030843,P0036,1,690.58,0.0
OI00054202,O0030872,P0084,1,636.13,0.2
OI00054206,O0030874,P0090,2,206.32,0.0
OI00054207,O0030874,P0017,1,1637.18,0.05
OI00054208,O0030874,P0168,1,60.78,0.0
OI00054209,O0030875,P0129,1,299.56,0.15
OI00054214,O0030877,P0011,1,1081.75,0.0
OI00054215,O0030878,P0031,1,1350.46,0.0
OI00054225,O0030884,P0047,2,140.07,0.0
OI00054226,O0030884,P0066,1,280.16,0.0
OI00054249,O0030895,P0143,1,114.45,0.0
OI00054250,O0030895,P0168,1,63.27,0.0
OI00054258,O0030899,P0115,2,67.79,0.2
OI00054259,O0030899,P0026,1,1212.3,0.0
OI00054260,O0030899,P0028,1,1241.63,0.0
OI00054261,O0030900,P0136,1,84.17,0.05
OI00054262,O0030901,P0051,1,55.15,0.0
OI00054265,O0030904,P0058,1,150.87,0.0
OI00054269,O0030907,P0167,1,125.6,0.1
OI00054270,O0030907,P0131,1,49.43,0.05
OI00054293,O0030922,P0006,1,2190.68,0.15
OI00054294,O0030922,P0145,1,162.75,0.0
OI00054295,O0030923,P0103,1,85.46,0.05
OI00054296,O0030923,P0147,2,77.34,0.0
OI00054298,O0030925,P0141,1,23.38,0.0
OI00054299,O0030925,P0001,1,1679.57,0.05
OI00054303,O0030927,P0093,2,85.68,0.0
OI00054311,O0030933,P0108,2,42.25,0.0
OI00054326,O0030941,P0090,1,202.41,0.0
OI00054332,O0030945,P0063,1,59.08,0.0
OI00054343,O0030952,P0151,3,19.38,0.1
OI00054344,O0030952,P0150,2,11.27,0.0
OI00054362,O0030963,P0127,1,165.97,0.0
OI00054363,O0030963,P0073,1,96.95,0.0
OI00054366,O0030966,P0068,1,139.22,0.2
OI00054371,O0030970,P0025,1,422.14,0.0
OI00054372,O0030971,P0030,1,876.7,0.0
OI00054373,O0030971,P0098,1,331.35,0.0
OI00054378,O0030975,P0132,1,28.74,0.1
OI00054379,O0030975,P0116,1,70.89,0.0
OI00054380,O0030975,P0107,1,157.36,0.0
OI00054387,O0030980,P0091,1,170.84,0.0
OI00054388,O0030980,P0077,1,422.77,0.15
OI00054399,O0030987,P0157,1,119.88,0.0
OI00054400,O0030987,P0059,1,50.73,0.0
OI00054401,O0030987,P0095,1,290.07,0.0
OI00054406,O0030989,P0119,1,31.93,0.0
OI00054428,O0031002,P0121,1,145.94,0.1
OI00054429,O0031002,P0138,1,34.94,0.0
OI00054435,O0031005,P0012,1,1538.78,0.0
OI00054442,O0031008,P0092,1,197.72,0.2
OI00054496,O0031040,P0022,1,871.98,0.0
OI00054508,O0031048,P0030,1,855.52,0.0
OI00054520,O0031056,P0031,2,1321.34,0.0
OI00054525,O0031060,P0173,1,44.44,0.0
OI00054526,O0031061,P0104,1,29.26,0.0
OI00054527,O0031061,P0036,1,716.04,0.0
OI00054530,O0031063,P0178,1,11.25,0.0
OI00054534,O0031066,P0023,1,998.11,0.0
OI00054535,O0031066,P0169,2,177.8,0.0
OI00054552,O0031076,P0002,1,915.97,0.0
OI00054553,O0031076,P0081,2,422.3,0.0
OI00054556,O0031078,P0061,3,383.85,0.0
OI00054557,O0031078,P0168,1,62.25,0.2
OI00054566,O0031083,P0140,1,15.41,0.0
OI00054567,O0031083,P0062,1,56.92,0.0
OI00054584,O0031093,P0055,1,334.88,0.0
OI00054585,O0031093,P0115,1,67.92,0.15
OI00054586,O0031093,P0081,1,413.67,0.05
OI00054587,O0031093,P0064,1,130.55,0.0
OI00054590,O0031095,P0020,1,559.43,0.0
OI00054591,O0031095,P0108,1,41.45,0.0
OI00054592,O0031095,P0023,1,999.22,0.0
OI00054593,O0031095,P0068,1,138.06,0.0
OI00054637,O0031116,P0034,1,557.75,0.0
OI00054645,O0031120,P0032,1,863.43,0.0
OI00054647,O0031122,P0133,1,10.03,0.0
OI00054648,O0031122,P0142,1,12.51,0.0
OI00054654,O0031126,P0145,1,164.57,0.1
OI00054655,O0031126,P0148,1,14.64,0.0
OI00054656,O0031126,P0019,1,408.93,0.0
OI00054665,O0031131,P0028,1,1212.68,0.0
OI00054666,O0031131,P0023,1,991.87,0.0
OI00054672,O0031136,P0107,1,158.91,0.0
OI00054685,O0031145,P0064,1,130.86,0.1
OI00054687,O0031147,P0178,1,10.94,0.0
OI00054688,O0031147,P0077,1,407.6,0.05
OI00054689,O0031148,P0039,1,529.47,0.0
OI00054693,O0031151,P0102,1,51.25,0.0
OI00054698,O0031154,P0171,1,38.61,0.0
OI00054699,O0031154,P0025,2,425.72,0.0
OI00054720,O0031165,P0125,1,283.67,0.1
OI00054730,O0031172,P0046,1,326.24,0.0
OI00054731,O0031172,P0111,1,292.87,0.0
OI00054732,O0031172,P0052,1,38.99,0.1
OI00054733,O0031173,P0111,1,288.93,0.0
OI00054734,O0031173,P0011,1,1087.93,0.0
OI00054752,O0031182,P0052,1,40.24,0.05
OI00054772,O0031192,P0166,1,33.11,0.0
OI00054784,O0031199,P0047,1,136.25,0.0
OI00054785,O0031199,P0079,1,174.11,0.05
OI00054786,O0031200,P0063,1,60.29,0.0
OI00054787,O0031200,P0113,1,98.81,0.0
OI00054791,O0031203,P0152,1,15.11,0.0
OI00054792,O0031203,P0057,1,132.67,0.0
OI00054824,O0031220,P0019,1,401.57,0.0
OI00054825,O0031220,P0109,1,175.07,0.05
OI00054826,O0031220,P0096,2,85.49,0.05
OI00054827,O0031221,P0132,1,29.04,0.0
OI00054834,O0031225,P0163,1,17.86,0.0
OI00054835,O0031225,P0096,1,86.84,0.15
OI00054836,O0031226,P0017,1,1633.67,0.15
OI00054869,O0031246,P0103,1,86.8,0.2
OI00054884,O0031252,P0017,1,1637.94,0.0
OI00054894,O0031257,P0048,1,54.79,0.0
OI00054919,O0031275,P0086,1,49.78,0.2
OI00054920,O0031275,P0134,1,134.83,0.05
OI00054921,O0031275,P0040,1,991.07,0.2
OI00054922,O0031276,P0154,1,58.25,0.15
OI00054950,O0031290,P0003,1,1206.11,0.05
OI00054965,O0031298,P0067,1,278.6,0.0
OI00054966,O0031298,P0026,3,1154.84,0.0
OI00054971,O0031300,P0163,1,18.44,0.0
OI00055005,O0031318,P0064,1,131.5,0.0
OI00055010,O0031322,P0150,1,11.44,0.0
OI00055011,O0031322,P0097,1,137.73,0.0
OI00055028,O0031335,P0121,1,147.14,0.0
OI00055043,O0031343,P0041,1,239.51,0.0
OI00055044,O0031343,P0035,1,1063.34,0.0
OI00055078,O0031363,P0113,1,99.29,0.0
OI00055079,O0031363,P0084,1,623.3,0.0
OI00055080,O0031364,P0088,1,309.58,0.0
OI00055081,O0031364,P0064,1,131.15,0.05
OI00055082,O0031364,P0109,1,168.29,0.05
OI00055112,O0031380,P0040,1,996.51,0.2
OI00055126,O0031391,P0061,1,383.67,0.0
OI00055127,O0031391,P0049,1,347.42,0.0
OI00055128,O0031391,P0038,2,478.48,0.0
OI00055129,O0031391,P0010,1,873.36,0.0
OI00055136,O0031396,P0122,1,384.8,0.0
OI00055147,O0031403,P0166,1,32.13,0.0
OI00055148,O0031403,P0086,1,49.56,0.0
OI00055149,O0031404,P0135,1,183.87,0.05
OI00055169,O0031416,P0035,2,1020.14,0.0
OI00055170,O0031416,P0029,1,537.43,0.0
OI00055171,O0031416,P0076,1,120.8,0.1
OI00055172,O0031416,P0031,2,1336.12,0.05
OI00055190,O0031428,P0096,1,87.23,0.0
OI00055191,O0031428,P0040,1,1032.04,0.0
OI00055199,O0031433,P0064,1,136.47,0.0
OI00055203,O0031437,P0114,2,29.09,0.0
OI00055232,O0031451,P0138,1,34.58,0.1
OI00055233,O0031451,P0154,1,56.07,0.0
OI00055240,O0031457,P0042,2,121.35,0.0
OI00055241,O0031457,P0107,2,153.54,0.0
OI00055242,O0031457,P0114,2,29.41,0.2
OI00055253,O0031465,P0122,1,380.77,0.0
OI00055254,O0031465,P0139,1,24.5,0.0
OI00055255,O0031465,P0101,1,129.64,0.0
OI00055266,O0031472,P0163,1,17.84,0.15
OI00055268,O0031474,P0166,1,33.02,0.0
OI00055269,O0031474,P0120,1,340.77,0.0
OI00055270,O0031474,P0039,2,526.8,0.0
OI00055279,O0031478,P0016,1,938.91,0.0
OI00055280,O0031478,P0145,1,168.05,0.25
OI00055291,O0031483,P0057,1,134.62,0.0
OI00055292,O0031483,P0152,1,15.35,0.0
OI00055295,O0031485,P0117,1,30.18,0.0
OI00055311,O0031496,P0147,2,77.45,0.0
OI00055312,O0031496,P0134,1,136.34,0.0
OI00055315,O0031499,P0098,1,310.3,0.0
OI00055316,O0031499,P0062,1,56.92,0.0
OI00055327,O0031506,P0107,2,154.11,0.0
OI00055328,O0031507,P0017,1,1598.75,0.0
OI00055329,O0031508,P0055,1,324.12,0.1
OI00055375,O0031536,P0093,1,84.19,0.1
OI00055379,O0031538,P0040,1,1005.92,0.0
OI00055384,O0031542,P0124,1,66.69,0.0
OI00055385,O0031542,P0051,2,56.31,0.0
OI00055386,O0031542,P0089,2,360.05,0.0
OI00055387,O0031543,P0118,1,124.83,0.0
OI00055388,O0031543,P0095,1,283.71,0.0
OI00055389,O0031543,P0150,1,11.67,0.15
OI00055390,O0031543,P0002,1,911.94,0.0
OI00055394,O0031546,P0015,1,1470.76,0.0
OI00055397,O0031549,P0140,1,15.73,0.15
OI00055406,O0031556,P0062,1,56.16,0.1
OI00055407,O0031556,P0027,1,916.64,0.0
OI00055430,O0031569,P0067,2,292.04,0.05
OI00055439,O0031574,P0036,1,729.62,0.0
OI00055440,O0031574,P0145,2,163.27,0.2
OI00055441,O0031574,P0119,1,33.02,0.0
OI00055465,O0031587,P0035,2,1037.33,0.05
OI00055466,O0031588,P0100,1,61.46,0.2
OI00055482,O0031598,P0147,1,80.04,0.1
OI00055483,O0031598,P0167,3,128.99,0.0
OI00055484,O0031598,P0155,1,49.71,0.0
OI00055493,O0031603,P0033,2,1373.39,0.05
OI00055496,O0031605,P0052,1,38.83,0.0
OI00055497,O0031605,P0061,1,396.04,0.0
OI00055514,O0031616,P0166,1,33.17,0.0
OI00055515,O0031616,P0130,1,30.63,0.0
OI00055516,O0031616,P0002,1,938.99,0.05
OI00055538,O0031631,P0067,1,287.64,0.0
OI00055539,O0031631,P0025,3,449.67,0.2
OI00055540,O0031631,P0136,1,84.42,0.05
OI00055544,O0031633,P0013,1,1047.29,0.0
OI00055552,O0031638,P0049,1,342.85,0.05
OI00055560,O0031643,P0054,2,56.6,0.0
OI00055561,O0031644,P0114,1,29.26,0.0
OI00055584,O0031657,P0053,2,349.5,0.0
OI00055607,O0031673,P0030,1,844.25,0.05
OI00055608,O0031673,P0070,1,53.22,0.0
OI00055610,O0031675,P0162,1,19.51,0.0
OI00055613,O0031678,P0168,3,64.22,0.0
OI00055614,O0031678,P0108,1,42.16,0.0
OI00055633,O0031690,P0153,1,44.35,0.1
OI00055634,O0031690,P0103,1,85.6,0.0
OI00055635,O0031690,P0031,2,1316.63,0.0
OI00055638,O0031692,P0095,1,283.51,0.0
OI00055639,O0031692,P0044,1,121.64,0.0
OI00055664,O0031706,P0033,1,1304.15,0.0
OI00055676,O0031712,P0120,1,334.7,0.05
OI00055677,O0031712,P0019,1,396.06,0.0
OI00055697,O0031723,P0059,1,50.07,0.0
OI00055698,O0031723,P0070,1,56.26,0.1
OI00055699,O0031724,P0127,1,164.22,0.0
OI00055700,O0031724,P0124,1,64.77,0.0
OI00055707,O0031727,P0139,1,24.37,0.0
OI00055731,O0031746,P0123,1,50.31,0.0
OI00055732,O0031746,P0095,1,282.95,0.05
OI00055755,O0031758,P0141,3,23.17,0.0
OI00055771,O0031766,P0089,1,346.73,0.1
OI00055772,O0031766,P0105,1,130.49,0.0
OI00055789,O0031775,P0162,1,19.39,0.0
OI00055811,O0031788,P0177,1,23.48,0.1
OI00055812,O0031788,P0065,1,315.28,0.0
OI00055813,O0031788,P0046,1,329.65,0.2
OI00055814,O0031788,P0059,1,49.73,0.1
OI00055828,O0031795,P0061,1,392.55,0.0
OI00055829,O0031795,P0042,2,121.45,0.0
OI00055830,O0031795,P0021,1,635.23,0.15
OI00055831,O0031795,P0173,1,44.43,0.0
OI00055840,O0031800,P0170,1,9.37,0.0
OI00055841,O0031800,P0134,1,126.46,0.0
OI00055842,O0031800,P0009,1,1249.87,0.0
OI00055890,O0031832,P0060,1,139.45,0.0
OI00055891,O0031832,P0080,1,239.68,0.0
OI00055928,O0031857,P0105,1,129.54,0.0
OI00055930,O0031859,P0022,1,897.61,0.0
OI00055949,O0031870,P0062,1,54.68,0.0
OI00055950,O0031870,P0040,1,1023.89,0.0
OI00055952,O0031872,P0019,1,413.07,0.0
OI00055953,O0031872,P0085,1,504.51,0.15
OI00055963,O0031880,P0077,1,417.41,0.0
OI00055964,O0031880,P0125,1,296.1,0.1
OI00055965,O0031880,P0095,1,275.5,0.0
OI00055966,O0031880,P0166,1,33.59,0.2
OI00055976,O0031886,P0032,1,877.32,0.0
OI00055977,O0031886,P0111,1,291.19,0.2
OI00055986,O0031891,P0068,1,137.09,0.0
OI00055987,O0031891,P0176,2,131.68,0.05
OI00055996,O0031897,P0042,1,120.34,0.0
OI00056001,O0031899,P0063,1,59.94,0.1
OI00056002,O0031900,P0026,1,1189.3,0.0
OI00056023,O0031911,P0120,1,332.92,0.0
OI00056025,O0031913,P0078,1,135.49,0.0
OI00056057,O0031930,P0123,1,49.21,0.0
OI00056058,O0031930,P0012,2,1487.91,0.05
OI00056059,O0031930,P0108,1,41.12,0.25
OI00056076,O0031941,P0075,1,53.79,0.0
OI00056077,O0031941,P0022,1,840.89,0.15
OI00056078,O0031942,P0063,1,59.52,0.15
OI00056079,O0031942,P0035,1,1034.14,0.1
OI00056080,O0031942,P0099,1,227.6,0.0
OI00056095,O0031950,P0114,1,29.22,0.0
OI00056096,O0031951,P0031,2,1271.86,0.0
OI00056121,O0031966,P0071,1,113.78,0.0
OI00056122,O0031966,P0093,1,84.27,0.0
OI00056123,O0031966,P0178,1,11.01,0.2
OI00056125,O0031968,P0066,1,268.96,0.0
OI00056126,O0031968,P0097,1,136.14,0.05
OI00056131,O0031971,P0137,1,25.84,0.05
OI00056132,O0031971,P0041,1,234.06,0.0
OI00056152,O0031982,P0134,2,132.65,0.1
OI00056155,O0031984,P0095,2,282.55,0.0
OI00056156,O0031984,P0094,1,72.44,0.0
OI00056201,O0032010,P0032,1,865.77,0.0
OI00056202,O0032010,P0179,1,85.05,0.0
OI00056204,O0032012,P0037,1,533.51,0.0
OI00056230,O0032029,P0155,1,49.48,0.0
OI00056237,O0032035,P0170,1,9.59,0.0
OI00056238,O0032035,P0151,1,19.73,0.0
OI00056239,O0032035,P0091,1,166.77,0.1
OI00056249,O0032042,P0086,2,49.62,0.0
OI00056252,O0032044,P0108,1,41.28,0.0
OI00056260,O0032049,P0098,1,307.6,0.0
OI00056261,O0032049,P0148,2,14.86,0.0
OI00056262,O0032049,P0036,1,709.41,0.2
OI00056263,O0032050,P0042,2,121.45,0.0
OI00056264,O0032050,P0101,1,126.24,0.15
OI00056269,O0032053,P0179,1,82.78,0.0
OI00056270,O0032053,P0157,1,120.89,0.15
OI00056281,O0032060,P0008,1,1145.36,0.0
OI00056286,O0032063,P0180,1,51.97,0.05
OI00056287,O0032063,P0087,1,485.68,0.1
OI00056301,O0032070,P0132,1,29.47,0.0
OI00056343,O0032091,P0086,1,50.17,0.15
OI00056355,O0032101,P0177,1,23.03,0.2
OI00056356,O0032101,P0075,1,54.38,0.0
OI00056387,O0032117,P0073,1,96.95,0.1
OI00056391,O0032119,P0112,1,38.36,0.0
OI00056392,O0032119,P0053,1,353.49,0.2
OI00056393,O0032119,P0174,1,17.96,0.0
OI00056404,O0032127,P0177,1,23.94,0.0
OI00056405,O0032127,P0128,1,70.63,0.0
OI00056421,O0032136,P0127,1,156.26,0.0
OI00056452,O0032152,P0115,1,68.29,0.0
OI00056467,O0032162,P0023,1,1005.81,0.0
OI00056468,O0032162,P0066,1,268.21,0.0
OI00056477,O0032168,P0042,1,117.96,0.0
OI00056492,O0032176,P0073,1,97.24,0.0
OI00056493,O0032176,P0048,1,56.63,0.0
OI00056495,O0032178,P0152,1,14.91,0.0
OI00056497,O0032180,P0128,1,72.43,0.0
OI00056498,O0032180,P0049,1,337.36,0.0
OI00056525,O0032194,P0085,1,491.2,0.0
OI00056526,O0032194,P0044,1,122.77,0.0
OI00056527,O0032194,P0072,1,168.12,0.0
OI00056534,O0032199,P0099,1,227.88,0.0
OI00056568,O0032219,P0146,2,53.96,0.0
OI00056569,O0032219,P0043,1,290.31,0.15
OI00056570,O0032220,P0058,1,151.99,0.0
OI00056572,O0032222,P0147,1,78.79,0.0
OI00056573,O0032222,P0160,1,23.86,0.1
OI00056574,O0032222,P0129,1,301.16,0.0
OI00056576,O0032224,P0116,1,69.32,0.0
OI00056577,O0032224,P0106,1,129.89,0.0
OI00056578,O0032224,P0102,1,51.05,0.0
OI00056605,O0032237,P0145,1,163.96,0.0
OI00056606,O0032237,P0078,1,134.22,0.0
OI00056607,O0032237,P0074,2,264.23,0.0
OI00056610,O0032239,P0129,2,302.7,0.0
OI00056626,O0032248,P0028,2,1218.89,0.05
OI00056627,O0032248,P0173,1,46.04,0.1
OI00056652,O0032264,P0132,1,28.85,0.0
OI00056653,O0032264,P0177,1,22.44,0.05
OI00056654,O0032264,P0064,1,127.66,0.0
OI00056655,O0032265,P0068,1,141.87,0.0
OI00056656,O0032265,P0102,2,51.37,0.0
OI00056665,O0032269,P0021,1,659.35,0.0
OI00056709,O0032297,P0089,1,355.56,0.0
OI00056710,O0032297,P0072,1,170.22,0.1
OI00056722,O0032303,P0081,1,397.9,0.0
OI00056723,O0032303,P0101,1,125.15,0.1
OI00056734,O0032310,P0116,1,69.71,0.05
OI00056742,O0032314,P0008,1,1125.3,0.0
OI00056744,O0032316,P0077,1,419.66,0.0
OI00056745,O0032316,P0045,1,406.14,0.0
OI00056750,O0032319,P0093,1,85.27,0.0
OI00056751,O0032320,P0116,1,71.03,0.15
OI00056765,O0032327,P0136,1,82.43,0.0
OI00056802,O0032344,P0014,1,837.05,0.0
OI00056816,O0032352,P0061,2,381.04,0.0
OI00056817,O0032352,P0180,1,50.93,0.0
OI00056824,O0032355,P0130,1,30.39,0.25
OI00056836,O0032362,P0036,3,719.0,0.05
OI00056842,O0032365,P0174,1,18.33,0.1
OI00056843,O0032365,P0160,1,24.51,0.15
OI00056870,O0032381,P0070,2,55.6,0.2
OI00056871,O0032381,P0167,1,128.11,0.0
OI00056872,O0032381,P0062,1,58.53,0.0
OI00056874,O0032383,P0078,1,132.41,0.0
OI00056875,O0032383,P0121,2,143.03,0.0
OI00056876,O0032383,P0135,1,180.5,0.0
OI00056877,O0032383,P0131,2,49.6,0.0
OI00056880,O0032385,P0164,1,38.34,0.0
OI00056881,O0032385,P0097,1,140.54,0.0
OI00056927,O0032411,P0152,1,14.85,0.0
OI00056928,O0032411,P0019,1,402.91,0.0
OI00056936,O0032417,P0102,1,50.93,0.0
OI00056938,O0032419,P0144,1,13.66,0.0
OI00056939,O0032419,P0088,1,303.3,0.0
OI00056942,O0032422,P0015,1,1428.73,0.0
OI00056943,O0032422,P0150,3,11.29,0.0
OI00056948,O0032425,P0048,2,55.64,0.05
OI00056969,O0032437,P0012,3,1513.29,0.0
OI00056975,O0032441,P0016,3,936.15,0.0
OI00056990,O0032451,P0171,1,38.88,0.0
OI00057002,O0032458,P0031,1,1343.12,0.05
OI00057027,O0032474,P0077,1,414.29,0.0
OI00057028,O0032474,P0160,1,24.78,0.0
OI00057029,O0032474,P0180,1,51.3,0.0
OI00057030,O0032475,P0049,1,339.15,0.0
OI00057041,O0032482,P0071,1,113.68,0.0
OI00057063,O0032491,P0041,1,224.82,0.0
OI00057064,O0032491,P0153,3,43.24,0.0
OI00057065,O0032491,P0095,1,288.3,0.0
OI00057086,O0032502,P0135,1,184.66,0.2
OI00057087,O0032502,P0162,1,18.75,0.0
OI00057097,O0032508,P0153,1,42.43,0.0
OI00057098,O0032508,P0029,1,539.98,0.1
OI00057100,O0032510,P0082,1,392.72,0.0
OI00057107,O0032514,P0077,1,410.32,0.1
OI00057108,O0032514,P0144,1,13.8,0.0
OI00057112,O0032517,P0160,1,24.28,0.0
OI00057113,O0032517,P0152,1,14.65,0.1
OI00057114,O0032518,P0051,1,53.58,0.0
OI00057146,O0032534,P0150,1,11.35,0.0
OI00057147,O0032534,P0103,1,84.85,0.0
OI00057148,O0032534,P0114,1,29.28,0.0
OI00057169,O0032550,P0123,1,49.19,0.1
OI00057170,O0032550,P0129,1,316.07,0.2
OI00057171,O0032550,P0152,2,14.61,0.0
OI00057176,O0032555,P0083,1,735.11,0.0
OI00057180,O0032558,P0145,1,165.87,0.2
OI00057181,O0032558,P0025,1,425.11,0.15
OI00057182,O0032558,P0032,1,897.32,0.0
OI00057183,O0032559,P0169,1,187.42,0.2
OI00057184,O0032560,P0142,1,12.75,0.0
OI00057185,O0032560,P0065,2,318.24,0.0
OI00057188,O0032562,P0046,1,338.34,0.05
OI00057195,O0032567,P0179,1,82.51,0.0
OI00057198,O0032569,P0071,1,111.1,0.1
OI00057230,O0032590,P0092,1,204.14,0.0
OI00057231,O0032590,P0048,1,55.15,0.1
OI00057242,O0032597,P0006,1,2150.65,0.0
OI00057243,O0032597,P0136,1,84.78,0.15
OI00057244,O0032598,P0087,1,482.51,0.1
OI00057251,O0032602,P0101,1,123.79,0.0
OI00057270,O0032615,P0128,1,69.48,0.2
OI00057271,O0032615,P0056,2,127.85,0.0
OI00057299,O0032627,P0143,1,108.77,0.0
OI00057307,O0032631,P0022,2,875.71,0.0
OI00057308,O0032632,P0140,1,15.47,0.1
OI00057309,O0032632,P0079,1,170.01,0.0
OI00057332,O0032644,P0133,1,10.07,0.0
OI00057369,O0032665,P0023,1,976.48,0.0
OI00057384,O0032673,P0167,1,128.13,0.0
OI00057385,O0032673,P0025,2,424.56,0.0
OI00057386,O0032673,P0160,1,23.73,0.0
OI00057387,O0032673,P0180,1,52.43,0.0
OI00057419,O0032694,P0124,1,63.32,0.0
OI00057420,O0032694,P0058,1,149.33,0.0
OI00057425,O0032697,P0142,1,12.18,0.0
OI00057426,O0032698,P0117,1,31.57,0.0
OI00057427,O0032698,P0072,1,174.74,0.0
OI00057428,O0032698,P0103,1,87.19,0.15
OI00057429,O0032698,P0042,1,122.48,0.05
OI00057434,O0032702,P0122,1,387.4,0.0
OI00057446,O0032709,P0120,1,334.72,0.0
OI00057447,O0032709,P0002,2,945.75,0.0
OI00057448,O0032709,P0109,1,170.18,0.05
OI00057479,O0032722,P0106,1,129.74,0.0
OI00057480,O0032722,P0090,1,207.74,0.0
OI00057494,O0032730,P0112,1,40.53,0.0
OI00057495,O0032731,P0030,1,889.27,0.0
OI00057497,O0032733,P0116,2,68.02,0.0
OI00057519,O0032746,P0146,1,52.95,0.15
OI00057520,O0032746,P0115,1,67.64,0.0
OI00057521,O0032747,P0136,1,87.99,0.0
OI00057537,O0032755,P0083,1,745.68,0.0
OI00057545,O0032761,P0094,1,72.53,0.2
OI00057595,O0032789,P0053,1,362.66,0.15
OI00057598,O0032791,P0039,1,549.81,0.0
OI00057604,O0032794,P0019,1,411.6,0.0
OI00057605,O0032794,P0139,1,24.21,0.05
OI00057612,O0032799,P0049,1,332.97,0.0
OI00057616,O0032801,P0011,1,1073.69,0.15
OI00057629,O0032808,P0083,2,718.7,0.0
OI00057630,O0032808,P0140,1,15.95,0.0
OI00057634,O0032812,P0015,1,1441.62,0.15
OI00057635,O0032812,P0048,1,55.82,0.0
OI00057636,O0032812,P0047,1,140.04,0.0
OI00057685,O0032842,P0112,2,39.2,0.0
OI00057686,O0032842,P0132,1,28.77,0.0
OI00057687,O0032843,P0055,1,332.01,0.15
OI00057688,O0032843,P0112,1,40.26,0.0
OI00057689,O0032843,P0073,1,97.49,0.0
OI00057694,O0032846,P0175,1,11.86,0.0
OI00057695,O0032846,P0083,2,729.4,0.2
OI00057696,O0032846,P0071,1,116.8,0.15
OI00057699,O0032849,P0009,1,1291.43,0.0
OI00057700,O0032849,P0126,2,182.53,0.05
OI00057702,O0032851,P0077,1,400.91,0.0
OI00057711,O0032856,P0068,1,144.7,0.15
OI00057712,O0032856,P0112,1,40.09,0.0
OI00057713,O0032856,P0116,1,69.5,0.0
OI00057719,O0032860,P0042,1,121.14,0.0
OI00057723,O0032864,P0031,1,1345.53,0.0
OI00057724,O0032864,P0117,1,30.24,0.0
OI00057725,O0032864,P0121,1,142.44,0.0
OI00057727,O0032866,P0103,1,84.9,0.0
OI00057728,O0032867,P0094,1,72.61,0.0
OI00057729,O0032867,P0109,1,164.4,0.0
OI00057731,O0032869,P0014,1,819.75,0.0
OI00057733,O0032871,P0042,1,117.23,0.0
OI00057760,O0032886,P0098,1,322.99,0.05
OI00057761,O0032886,P0052,1,38.39,0.2
OI00057770,O0032892,P0051,1,56.88,0.0
OI00057771,O0032892,P0121,1,143.24,0.05
OI00057772,O0032892,P0161,2,62.23,0.0
OI00057800,O0032909,P0035,1,1063.01,0.0
OI00057812,O0032917,P0035,1,1050.25,0.0
OI00057813,O0032917,P0086,1,48.19,0.0
OI00057844,O0032933,P0048,1,56.53,0.1
OI00057850,O0032938,P0025,1,419.96,0.0
OI00057851,O0032938,P0030,1,827.74,0.0
OI00057852,O0032939,P0128,1,68.55,0.25
OI00057853,O0032939,P0045,1,411.93,0.0
OI00057854,O0032939,P0080,1,241.92,0.0
OI00057881,O0032952,P0081,1,398.38,0.05
OI00057882,O0032952,P0098,1,306.87,0.0
OI00057883,O0032952,P0125,1,296.07,0.0
OI00057888,O0032956,P0119,1,33.22,0.0
OI00057889,O0032956,P0130,1,29.6,0.1
OI00057908,O0032968,P0059,1,49.76,0.0
OI00057928,O0032980,P0045,1,404.12,0.1
OI00057929,O0032981,P0030,1,846.01,0.0
OI00057932,O0032984,P0022,1,878.11,0.1
OI00057933,O0032984,P0046,1,333.06,0.2
OI00057934,O0032984,P0019,1,407.9,0.05
OI00057935,O0032984,P0006,1,2184.58,0.0
OI00057941,O0032987,P0087,2,487.35,0.0
OI00057945,O0032990,P0140,1,15.84,0.0
OI00057946,O0032991,P0126,1,189.69,0.0
OI00057947,O0032991,P0153,1,43.83,0.1
OI00057948,O0032991,P0162,3,19.13,0.15
OI00057949,O0032992,P0171,1,38.37,0.0
OI00057959,O0033000,P0044,1,122.99,0.1
OI00058021,O0033040,P0073,1,99.96,0.0
OI00058022,O0033040,P0064,1,127.53,0.0
OI00058028,O0033044,P0056,2,126.6,0.0
OI00058029,O0033044,P0138,1,34.27,0.0
OI00058030,O0033044,P0141,1,23.92,0.0
OI00058031,O0033044,P0133,1,9.86,0.1
OI00058032,O0033045,P0118,1,124.9,0.0
OI00058034,O0033047,P0131,1,50.06,0.1
OI00058043,O0033052,P0084,1,650.0,0.0
OI00058046,O0033055,P0091,1,171.07,0.0
OI00058057,O0033063,P0145,3,166.14,0.15
OI00058061,O0033066,P0094,1,73.55,0.15
OI00058062,O0033066,P0067,1,278.31,0.05
OI00058063,O0033066,P0148,1,14.97,0.0
OI00058082,O0033078,P0095,2,278.69,0.1
OI00058083,O0033079,P0150,1,11.5,0.15
OI00058089,O0033082,P0139,1,23.85,0.0
OI00058090,O0033082,P0056,1,130.93,0.0
OI00058091,O0033082,P0174,1,17.68,0.0
OI00058097,O0033086,P0117,1,30.05,0.0
OI00058098,O0033086,P0166,2,33.97,0.05
OI00058117,O0033097,P0060,1,135.75,0.15
OI00058118,O0033097,P0115,2,66.47,0.1
OI00058119,O0033097,P0112,1,38.95,0.0
OI00058120,O0033097,P0154,1,55.1,0.0
OI00058125,O0033100,P0073,1,99.59,0.0
OI00058175,O0033127,P0165,1,39.64,0.0
OI00058176,O0033128,P0063,2,58.56,0.0
OI00058177,O0033128,P0168,1,62.8,0.0
OI00058178,O0033128,P0011,1,1069.43,0.0
OI00058179,O0033129,P0171,1,37.59,0.15
OI00058180,O0033129,P0084,2,635.44,0.0
OI00058195,O0033140,P0033,1,1345.98,0.0
OI00058210,O0033149,P0056,1,131.07,0.0
OI00058211,O0033149,P0156,1,87.86,0.0
OI00058213,O0033151,P0095,1,287.38,0.05
OI00058214,O0033151,P0055,2,341.21,0.25
OI00058281,O0033187,P0028,1,1210.62,0.0
OI00058282,O0033187,P0061,1,390.07,0.0
OI00058304,O0033201,P0116,3,71.52,0.0
OI00058330,O0033218,P0150,1,11.68,0.15
OI00058331,O0033218,P0104,1,29.06,0.0
OI00058335,O0033221,P0153,1,44.16,0.0
OI00058336,O0033221,P0017,1,1630.29,0.1
OI00058349,O0033228,P0027,1,928.45,0.0
OI00058350,O0033228,P0152,1,15.01,0.0
OI00058351,O0033228,P0136,1,81.71,0.0
OI00058371,O0033241,P0073,1,96.65,0.0
OI00058372,O0033241,P0090,1,202.07,0.25
OI00058373,O0033241,P0084,1,639.74,0.0
OI00058404,O0033260,P0006,1,2148.37,0.0
OI00058405,O0033260,P0044,1,123.44,0.0
OI00058407,O0033262,P0014,1,829.05,0.0
OI00058408,O0033262,P0105,1,134.77,0.0
OI00058413,O0033265,P0158,1,66.81,0.0
OI00058414,O0033265,P0175,2,12.27,0.05
OI00058415,O0033265,P0071,1,116.75,0.0
OI00058439,O0033279,P0060,1,134.95,0.05
OI00058440,O0033279,P0079,1,175.83,0.05
OI00058448,O0033284,P0062,1,56.89,0.0
OI00058449,O0033285,P0097,1,138.58,0.1
OI00058450,O0033286,P0150,1,11.66,0.0
OI00058465,O0033299,P0140,1,15.62,0.0
OI00058466,O0033299,P0010,1,882.43,0.0
OI00058471,O0033303,P0085,1,496.25,0.0
OI00058472,O0033303,P0029,1,521.21,0.0
OI00058496,O0033317,P0112,2,39.61,0.0
OI00058498,O0033319,P0013,1,1057.23,0.0
OI00058504,O0033323,P0130,1,30.14,0.05
OI00058513,O0033329,P0052,1,38.74,0.0
OI00058530,O0033341,P0071,1,111.98,0.15
OI00058531,O0033341,P0168,1,62.8,0.0
OI00058532,O0033341,P0129,1,297.5,0.0
OI00058543,O0033347,P0118,1,129.18,0.0
OI00058544,O0033347,P0087,1,479.97,0.1
OI00058545,O0033347,P0090,1,204.61,0.05
OI00058546,O0033348,P0100,1,61.3,0.0
OI00058547,O0033348,P0091,1,167.21,0.0
OI00058556,O0033354,P0093,1,84.89,0.0
OI00058586,O0033368,P0136,1,85.54,0.0
OI00058589,O0033370,P0162,1,19.85,0.05
OI00058590,O0033370,P0166,3,32.54,0.05
OI00058591,O0033370,P0086,1,50.07,0.0
OI00058649,O0033401,P0128,1,71.0,0.0
OI00058650,O0033401,P0039,1,533.09,0.0
OI00058651,O0033401,P0072,1,172.78,0.0
OI00058652,O0033401,P0011,1,1082.25,0.0
OI00058666,O0033407,P0075,1,54.43,0.25
OI00058671,O0033410,P0180,1,51.99,0.0
OI00058689,O0033421,P0153,1,43.68,0.0
OI00058696,O0033426,P0057,1,130.5,0.0
OI00058704,O0033431,P0133,1,9.85,0.0
OI00058705,O0033431,P0141,1,23.99,0.0
OI00058726,O0033442,P0180,1,50.84,0.0
OI00058728,O0033444,P0018,1,1933.99,0.0
OI00058733,O0033447,P0093,1,85.53,0.0
OI00058743,O0033453,P0012,1,1530.16,0.15
OI00058749,O0033457,P0007,1,2027.44,0.0
OI00058750,O0033457,P0008,1,1168.74,0.0
OI00058753,O0033460,P0002,1,919.94,0.0
OI00058760,O0033466,P0125,1,292.75,0.0
OI00058761,O0033466,P0037,1,523.42,0.0
OI00058762,O0033466,P0116,1,71.05,0.0
OI00058763,O0033467,P0171,1,38.83,0.0
OI00058764,O0033467,P0150,1,11.44,0.05
OI00058765,O0033467,P0033,1,1356.54,0.0
OI00058778,O0033476,P0128,2,71.9,0.0
OI00058781,O0033478,P0059,1,49.09,0.0
OI00058782,O0033478,P0011,1,1077.15,0.0
OI00058790,O0033484,P0108,1,41.49,0.0
OI00058791,O0033484,P0009,1,1316.02,0.05
OI00058794,O0033486,P0161,2,63.07,0.2
OI00058799,O0033489,P0079,2,172.6,0.15
OI00058800,O0033489,P0013,1,1074.36,0.0
OI00058827,O0033503,P0158,1,66.58,0.0
OI00058828,O0033503,P0107,2,153.08,0.0
OI00058829,O0033504,P0048,1,54.63,0.0
OI00058830,O0033504,P0080,1,235.72,0.0
OI00058843,O0033511,P0042,1,121.26,0.0
OI00058865,O0033525,P0148,1,15.23,0.0
OI00058866,O0033526,P0120,1,337.89,0.05
OI00058869,O0033529,P0154,1,58.53,0.0
OI00058879,O0033535,P0120,1,337.14,0.0
OI00058900,O0033546,P0005,1,1358.47,0.0
OI00058901,O0033546,P0132,1,29.11,0.05
OI00058906,O0033549,P0066,1,265.03,0.05
OI00058940,O0033569,P0171,1,37.87,0.0
OI00058941,O0033569,P0059,1,50.87,0.2
OI00058970,O0033588,P0090,1,199.5,0.05
OI00058975,O0033592,P0167,1,127.13,0.15
OI00058976,O0033593,P0010,1,889.17,0.0
OI00058980,O0033596,P0007,1,2056.58,0.0
OI00058999,O0033610,P0056,1,134.23,0.0
OI00059018,O0033622,P0151,1,19.14,0.0
OI00059019,O0033622,P0013,1,1082.54,0.0
OI00059020,O0033622,P0162,1,19.05,0.0
OI00059021,O0033622,P0115,1,67.52,0.0
OI00059026,O0033626,P0151,1,19.62,0.0
OI00059027,O0033626,P0044,1,124.22,0.0
OI00059044,O0033637,P0108,1,42.62,0.1
OI00059083,O0033660,P0179,1,81.38,0.05
OI00059085,O0033662,P0123,1,50.6,0.0
OI00059086,O0033662,P0102,1,50.53,0.0
OI00059087,O0033662,P0162,1,18.66,0.0
OI00059115,O0033677,P0086,1,50.98,0.0
OI00059116,O0033677,P0056,2,130.6,0.0
OI00059117,O0033677,P0055,1,319.93,0.0
OI00059128,O0033684,P0075,1,53.94,0.0
OI00059129,O0033685,P0037,1,538.41,0.0
OI00059146,O0033694,P0033,1,1344.9,0.0
OI00059147,O0033694,P0125,1,281.39,0.0
OI00059148,O0033694,P0055,1,334.08,0.0
OI00059156,O0033699,P0017,1,1587.29,0.05
OI00059157,O0033699,P0096,1,85.61,0.0
OI00059158,O0033699,P0100,1,62.83,0.0
OI00059160,O0033701,P0124,1,66.04,0.25
OI00059161,O0033701,P0140,1,15.63,0.0
OI00059163,O0033703,P0081,1,406.3,0.0
OI00059164,O0033703,P0010,1,887.08,0.0
OI00059165,O0033703,P0147,2,77.32,0.0
OI00059184,O0033715,P0069,1,97.33,0.0
OI00059185,O0033715,P0070,1,56.68,0.0
OI00059199,O0033722,P0043,2,289.74,0.0
OI00059200,O0033722,P0137,2,26.25,0.0
OI00059219,O0033731,P0087,1,477.89,0.0
OI00059220,O0033731,P0135,1,185.9,0.0
OI00059221,O0033731,P0062,1,56.96,0.0
OI00059222,O0033732,P0047,2,137.64,0.1
OI00059232,O0033740,P0020,1,565.76,0.0
OI00059233,O0033741,P0046,1,325.38,0.0
OI00059247,O0033750,P0077,1,406.7,0.0
OI00059248,O0033750,P0167,1,124.94,0.0
OI00059258,O0033756,P0146,1,53.75,0.1
OI00059267,O0033763,P0037,1,535.93,0.0
OI00059268,O0033763,P0041,1,229.39,0.0
OI00059286,O0033774,P0069,2,99.93,0.0
OI00059287,O0033775,P0137,2,26.22,0.05
OI00059288,O0033775,P0057,1,131.54,0.0
OI00059296,O0033780,P0105,1,127.25,0.0
OI00059297,O0033781,P0048,1,55.59,0.0
OI00059298,O0033781,P0028,1,1206.08,0.05
OI00059306,O0033784,P0011,1,1067.36,0.0
OI00059307,O0033785,P0066,1,278.38,0.0
OI00059308,O0033785,P0128,1,70.92,0.0
OI00059312,O0033788,P0170,1,9.4,0.0
OI00059313,O0033788,P0072,2,171.07,0.0
OI00059314,O0033788,P0078,1,137.14,0.25
OI00059315,O0033788,P0041,1,231.38,0.0
OI00059316,O0033789,P0045,1,409.91,0.15
OI00059329,O0033796,P0024,1,498.12,0.0
OI00059361,O0033812,P0168,1,62.4,0.0
OI00059364,O0033815,P0100,1,61.81,0.0
OI00059369,O0033820,P0017,1,1600.93,0.0
OI00059370,O0033820,P0155,1,50.65,0.0
OI00059376,O0033824,P0027,2,916.48,0.15
OI00059377,O0033824,P0169,3,185.41,0.05
OI00059378,O0033824,P0028,2,1197.54,0.0
OI00059379,O0033824,P0111,1,289.75,0.0
OI00059400,O0033835,P0065,1,308.52,0.0
OI00059401,O0033835,P0151,1,19.33,0.1
OI00059404,O0033838,P0144,1,13.46,0.0
OI00059405,O0033838,P0123,2,48.65,0.0
OI00059410,O0033842,P0060,2,134.78,0.0
OI00059422,O0033850,P0175,1,12.13,0.15
OI00059423,O0033850,P0061,1,384.5,0.0
OI00059424,O0033850,P0018,1,1958.79,0.0
OI00059443,O0033863,P0107,1,155.13,0.0
OI00059444,O0033863,P0026,1,1138.42,0.0
OI00059520,O0033905,P0094,1,73.72,0.0
OI00059521,O0033905,P0116,1,70.11,0.0
OI00059522,O0033906,P0058,1,148.81,0.05
OI00059528,O0033911,P0111,1,285.64,0.0
OI00059529,O0033911,P0015,1,1432.77,0.0
OI00059535,O0033916,P0147,1,75.41,0.0
OI00059558,O0033930,P0056,1,122.95,0.15
OI00059562,O0033934,P0074,1,261.3,0.1
OI00059563,O0033934,P0038,1,492.61,0.0
OI00059564,O0033934,P0044,1,122.61,0.0
OI00059578,O0033941,P0021,1,670.0,0.15
OI00059579,O0033941,P0161,1,64.28,0.0
OI00059581,O0033943,P0021,1,640.38,0.0
OI00059582,O0033943,P0122,1,382.01,0.1
OI00059583,O0033944,P0054,1,56.69,0.0
OI00059584,O0033944,P0084,1,628.49,0.0
OI00059591,O0033947,P0101,1,125.63,0.0
OI00059592,O0033947,P0003,2,1234.34,0.1
OI00059604,O0033954,P0099,1,223.23,0.05
OI00059605,O0033954,P0065,1,311.85,0.0
OI00059609,O0033956,P0139,1,25.01,0.05
OI00059610,O0033956,P0129,1,299.98,0.0
OI00059629,O0033966,P0115,1,68.7,0.0
OI00059634,O0033969,P0086,1,50.91,0.0
OI00059635,O0033969,P0067,1,286.28,0.2
OI00059636,O0033969,P0117,1,30.55,0.1
OI00059643,O0033975,P0077,1,424.74,0.0
OI00059644,O0033975,P0105,1,133.56,0.0
OI00059653,O0033981,P0100,1,62.05,0.15
OI00059654,O0033981,P0151,1,19.71,0.0
OI00059662,O0033985,P0111,1,292.11,0.0
OI00059663,O0033985,P0057,1,130.27,0.0
OI00059664,O0033985,P0050,2,90.99,0.0
OI00059699,O0034005,P0071,1,117.11,0.15
OI00059725,O0034020,P0060,1,137.41,0.0
OI00059726,O0034021,P0074,1,258.86,0.0
OI00059727,O0034021,P0025,1,421.2,0.0
OI00059734,O0034025,P0172,1,22.18,0.05
OI00059735,O0034025,P0048,1,55.96,0.0
OI00059736,O0034025,P0017,2,1631.05,0.0
OI00059737,O0034025,P0090,1,202.95,0.1
OI00059758,O0034039,P0071,1,113.67,0.0
OI00059759,O0034039,P0117,1,30.63,0.0
OI00059775,O0034049,P0125,1,295.23,0.15
OI00059776,O0034049,P0042,1,120.58,0.05
OI00059777,O0034049,P0170,1,9.47,0.0
OI00059800,O0034060,P0085,1,476.69,0.0
OI00059802,O0034062,P0041,1,226.54,0.2
OI00059803,O0034063,P0044,1,124.06,0.0
OI00059805,O0034065,P0004,2,997.6,0.0
OI00059806,O0034066,P0060,1,134.62,0.15
OI00059813,O0034069,P0096,1,85.95,0.0
OI00059814,O0034069,P0056,1,129.69,0.0
OI00059815,O0034069,P0174,1,18.77,0.0
OI00059827,O0034075,P0035,1,1051.92,0.1
OI00059832,O0034078,P0072,1,166.95,0.0
OI00059843,O0034086,P0160,1,24.38,0.0
OI00059852,O0034092,P0116,1,70.1,0.05
OI00059874,O0034105,P0002,1,909.94,0.0
OI00059892,O0034117,P0051,1,56.3,0.0
OI00059899,O0034122,P0078,1,134.32,0.0
OI00059910,O0034129,P0002,1,940.39,0.0
OI00059911,O0034129,P0159,1,182.66,0.0
OI00059913,O0034131,P0065,1,322.51,0.0
OI00059914,O0034131,P0156,1,89.03,0.05
OI00059927,O0034138,P0112,1,39.61,0.0
OI00059928,O0034138,P0140,1,15.77,0.0
OI00059929,O0034139,P0019,1,404.9,0.0
OI00059960,O0034155,P0088,1,301.92,0.15
OI00059973,O0034162,P0044,1,125.21,0.05
OI00059974,O0034162,P0016,1,929.08,0.0
OI00059975,O0034162,P0114,1,29.37,0.0
OI00059976,O0034162,P0163,1,17.61,0.2
OI00060002,O0034175,P0123,1,49.07,0.15
OI00060011,O0034183,P0090,1,192.98,0.0
OI00060012,O0034183,P0166,1,33.21,0.05
OI00060015,O0034185,P0115,2,69.81,0.0
OI00060045,O0034201,P0085,1,495.85,0.0
OI00060053,O0034206,P0169,1,181.0,0.0
OI00060054,O0034207,P0131,1,49.41,0.0
OI00060055,O0034207,P0173,2,44.0,0.0
OI00060065,O0034212,P0001,1,1678.86,0.1
OI00060066,O0034213,P0033,1,1332.63,0.0
OI00060067,O0034213,P0091,1,172.54,0.15
OI00060068,O0034213,P0028,3,1214.36,0.1
OI00060073,O0034216,P0144,1,13.73,0.25
OI00060074,O0034217,P0104,1,30.55,0.0
OI00060080,O0034220,P0097,1,138.92,0.05
OI00060081,O0034220,P0034,1,538.9,0.0
OI00060095,O0034226,P0049,2,340.16,0.1
OI00060115,O0034235,P0076,1,127.35,0.15
OI00060116,O0034235,P0031,1,1333.13,0.0
OI00060117,O0034235,P0170,1,9.46,0.1
OI00060126,O0034241,P0058,1,147.26,0.0
OI00060127,O0034241,P0078,1,132.13,0.0
OI00060128,O0034241,P0114,1,30.01,0.1
OI00060133,O0034244,P0043,1,290.09,0.0
OI00060134,O0034244,P0003,1,1211.04,0.0
OI00060135,O0034244,P0124,1,65.15,0.0
OI00060137,O0034246,P0126,1,189.58,0.1
OI00060153,O0034255,P0035,1,1072.14,0.0
OI00060156,O0034257,P0113,1,102.92,0.0
OI00060157,O0034257,P0030,1,848.66,0.0
OI00060171,O0034266,P0064,1,128.22,0.05
OI00060178,O0034270,P0136,1,86.16,0.0
OI00060194,O0034277,P0053,1,360.74,0.0
OI00060195,O0034277,P0162,2,19.13,0.0
OI00060208,O0034282,P0155,1,49.57,0.0
OI00060222,O0034291,P0171,1,37.5,0.0
OI00060251,O0034308,P0067,1,284.49,0.0
OI00060252,O0034308,P0147,1,76.82,0.0
OI00060253,O0034308,P0080,2,230.53,0.0
OI00060254,O0034309,P0090,1,201.76,0.05
OI00060255,O0034310,P0027,1,887.35,0.25
OI00060256,O0034311,P0143,2,108.92,0.0
OI00060257,O0034311,P0130,2,29.88,0.0
OI00060258,O0034311,P0139,1,24.5,0.05
OI00060286,O0034328,P0084,1,632.0,0.1
OI00060287,O0034328,P0007,1,2004.82,0.1
OI00060288,O0034329,P0098,1,311.03,0.0
OI00060299,O0034338,P0144,1,13.42,0.0
OI00060315,O0034347,P0110,1,72.88,0.05
OI00060323,O0034350,P0007,1,1989.52,0.0
OI00060324,O0034350,P0057,1,132.35,0.1
OI00060325,O0034350,P0158,1,64.16,0.0
OI00060331,O0034353,P0074,1,257.93,0.05
OI00060332,O0034353,P0050,1,92.7,0.0
OI00060348,O0034362,P0017,1,1623.63,0.0
OI00060349,O0034362,P0162,1,19.44,0.0
OI00060355,O0034367,P0048,3,55.78,0.0
OI00060356,O0034367,P0059,1,49.07,0.0
OI00060365,O0034373,P0083,1,738.66,0.0
OI00060366,O0034373,P0047,1,135.89,0.1
OI00060372,O0034377,P0143,1,112.09,0.0
OI00060373,O0034377,P0065,1,318.68,0.0
OI00060376,O0034379,P0067,1,280.51,0.1
OI00060377,O0034379,P0175,1,12.15,0.15
OI00060387,O0034385,P0089,1,346.28,0.0
OI00060408,O0034397,P0109,1,173.16,0.0
OI00060409,O0034397,P0031,1,1302.32,0.15
OI00060416,O0034400,P0129,2,304.65,0.0
OI00060417,O0034400,P0018,1,1962.06,0.0
OI00060440,O0034413,P0175,1,11.95,0.0
OI00060441,O0034413,P0147,1,77.4,0.05
OI00060442,O0034413,P0054,1,58.37,0.0
OI00060443,O0034413,P0086,1,50.51,0.0
OI00060450,O0034417,P0048,2,54.64,0.0
OI00060451,O0034417,P0145,1,162.51,0.0
OI00060452,O0034417,P0140,1,15.44,0.15
OI00060460,O0034424,P0066,2,268.53,0.0
OI00060461,O0034424,P0024,1,511.21,0.0
OI00060471,O0034429,P0159,1,177.46,0.0
OI00060523,O0034458,P0024,1,504.08,0.0
OI00060524,O0034458,P0084,1,628.92,0.1
OI00060525,O0034459,P0036,1,715.32,0.0
OI00060526,O0034459,P0152,2,14.98,0.0
OI00060527,O0034460,P0102,2,50.77,0.0
OI00060528,O0034460,P0177,1,22.84,0.0
OI00060529,O0034461,P0047,1,137.56,0.0
OI00060530,O0034462,P0135,1,181.09,0.0
OI00060532,O0034464,P0057,1,133.45,0.2
OI00060539,O0034468,P0081,1,398.8,0.0
OI00060540,O0034468,P0108,3,41.93,0.0
OI00060543,O0034470,P0083,1,731.76,0.0
OI00060544,O0034470,P0092,1,194.51,0.0
OI00060545,O0034470,P0139,1,24.1,0.2
OI00060568,O0034484,P0103,1,83.45,0.0
OI00060569,O0034485,P0134,1,131.92,0.0
OI00060570,O0034486,P0177,1,23.87,0.0
OI00060617,O0034514,P0163,1,18.32,0.0
OI00060618,O0034514,P0112,1,38.89,0.1
OI00060620,O0034516,P0079,2,176.09,0.0
OI00060636,O0034523,P0101,1,124.83,0.0
OI00060647,O0034531,P0052,1,40.44,0.1
OI00060650,O0034534,P0122,1,387.49,0.05
OI00060654,O0034537,P0050,1,92.34,0.2
OI00060669,O0034547,P0042,2,118.86,0.1
OI00060670,O0034547,P0022,1,874.79,0.0
OI00060674,O0034550,P0026,1,1164.07,0.0
OI00060675,O0034550,P0034,1,559.02,0.0
OI00060676,O0034551,P0123,1,50.39,0.0
OI00060677,O0034551,P0137,2,25.57,0.0
OI00060678,O0034552,P0098,1,321.47,0.15
OI00060705,O0034568,P0101,1,128.36,0.2
OI00060706,O0034568,P0104,1,29.99,0.0
OI00060713,O0034571,P0143,1,116.54,0.0
OI00060714,O0034571,P0121,1,142.11,0.0
OI00060715,O0034571,P0138,1,35.45,0.0
OI00060716,O0034571,P0098,1,315.44,0.0
OI00060718,O0034573,P0019,1,402.79,0.05
OI00060725,O0034576,P0055,1,334.52,0.0
OI00060726,O0034576,P0165,1,42.1,0.15
OI00060749,O0034590,P0075,1,55.22,0.0
OI00060750,O0034590,P0125,1,293.2,0.0
OI00060751,O0034590,P0017,1,1663.34,0.1
OI00060753,O0034592,P0111,1,289.69,0.1
OI00060754,O0034593,P0033,1,1333.08,0.15
OI00060764,O0034598,P0134,1,132.6,0.0
OI00060765,O0034599,P0111,1,289.19,0.0
OI00060766,O0034599,P0180,1,52.37,0.0
OI00060769,O0034601,P0031,1,1298.07,0.0
OI00060804,O0034623,P0062,1,56.92,0.05
OI00060805,O0034623,P0167,1,123.06,0.0
OI00060806,O0034623,P0144,1,13.67,0.0
OI00060815,O0034628,P0118,1,123.65,0.0
OI00060816,O0034628,P0082,1,378.69,0.0
OI00060828,O0034634,P0098,1,316.68,0.0
OI00060832,O0034638,P0016,1,957.97,0.0
OI00060834,O0034640,P0107,1,154.52,0.0
OI00060835,O0034641,P0005,1,1350.32,0.1
OI00060847,O0034650,P0083,2,741.63,0.1
OI00060855,O0034656,P0078,3,134.63,0.05
OI00060862,O0034661,P0045,1,408.85,0.05
OI00060877,O0034668,P0086,1,49.27,0.0
OI00060906,O0034685,P0055,1,330.7,0.0
OI00060924,O0034696,P0097,1,139.68,0.0
OI00060925,O0034696,P0101,1,125.26,0.1
OI00060938,O0034703,P0031,2,1350.41,0.05
OI00060939,O0034703,P0106,1,129.37,0.05
OI00060940,O0034703,P0066,1,271.34,0.05
OI00060941,O0034703,P0132,1,28.22,0.0
OI00060960,O0034712,P0155,1,51.21,0.1
OI00060986,O0034731,P0005,1,1375.05,0.0
OI00060987,O0034731,P0092,1,191.07,0.0
OI00060988,O0034731,P0177,1,22.66,0.0
OI00060996,O0034736,P0104,1,30.02,0.0
OI00060997,O0034736,P0180,1,51.99,0.0
OI00061008,O0034743,P0088,1,296.63,0.0
OI00061009,O0034743,P0010,1,852.5,0.0
OI00061010,O0034743,P0096,2,87.61,0.0
OI00061022,O0034749,P0046,1,321.29,0.1
OI00061023,O0034749,P0008,1,1186.6,0.0
OI00061024,O0034750,P0114,1,29.19,0.0
OI00061025,O0034750,P0035,1,1063.91,0.0
OI00061026,O0034750,P0078,1,136.44,0.0
OI00061044,O0034759,P0094,1,72.17,0.0
OI00061045,O0034759,P0108,1,42.58,0.0
OI00061048,O0034761,P0022,1,848.54,0.0
OI00061079,O0034780,P0127,1,165.42,0.0
OI00061100,O0034791,P0069,1,97.47,0.0
OI00061101,O0034791,P0045,1,416.64,0.0
OI00061102,O0034791,P0052,1,39.71,0.0
OI00061116,O0034800,P0112,1,40.6,0.0
OI00061117,O0034800,P0066,1,270.96,0.0
OI00061118,O0034800,P0093,1,85.59,0.05
OI00061162,O0034822,P0076,2,118.58,0.0
OI00061163,O0034822,P0175,1,11.82,0.0
OI00061164,O0034822,P0034,2,555.73,0.0
OI00061180,O0034835,P0133,1,10.09,0.05
OI00061181,O0034835,P0171,2,38.36,0.05
OI00061234,O0034867,P0012,1,1449.8,0.05
OI00061242,O0034871,P0046,1,333.74,0.0
OI00061243,O0034871,P0027,1,915.3,0.0
OI00061244,O0034871,P0121,1,143.32,0.2
OI00061276,O0034886,P0006,1,2176.26,0.1
OI00061283,O0034890,P0034,1,540.53,0.1
OI00061284,O0034890,P0063,2,59.63,0.0
OI00061285,O0034891,P0103,1,84.48,0.0
OI00061288,O0034894,P0146,1,51.69,0.0
OI00061289,O0034894,P0149,1,18.28,0.1
OI00061340,O0034924,P0049,1,351.65,0.0
OI00061358,O0034934,P0176,1,137.59,0.0
OI00061365,O0034938,P0104,1,29.75,0.0
OI00061366,O0034938,P0151,1,19.8,0.0
OI00061370,O0034942,P0083,1,723.54,0.1
OI00061371,O0034942,P0145,1,161.34,0.0
OI00061372,O0034942,P0049,1,341.83,0.0
OI00061374,O0034944,P0164,1,38.18,0.0
OI00061375,O0034944,P0153,1,44.09,0.0
OI00061415,O0034967,P0150,1,11.78,0.0
OI00061416,O0034967,P0035,1,1057.28,0.0
OI00061417,O0034967,P0058,1,145.97,0.1
OI00061418,O0034967,P0114,1,29.3,0.0
OI00061420,O0034969,P0022,1,860.41,0.0
OI00061421,O0034970,P0170,1,9.39,0.0
OI00061422,O0034971,P0174,1,18.55,0.1
OI00061431,O0034976,P0030,1,860.63,0.0
OI00061432,O0034976,P0117,1,30.62,0.15
OI00061436,O0034978,P0020,3,538.76,0.0
OI00061437,O0034978,P0169,1,187.65,0.1
OI00061458,O0034988,P0144,1,13.81,0.0
OI00061474,O0034996,P0043,1,300.27,0.0
OI00061475,O0034996,P0087,1,478.21,0.0
OI00061476,O0034996,P0011,1,1078.88,0.0
OI00061499,O0035011,P0009,1,1314.35,0.0
OI00061515,O0035020,P0065,1,322.66,0.1
OI00061531,O0035030,P0070,1,53.48,0.15
OI00061554,O0035042,P0100,1,62.17,0.0
OI00061569,O0035050,P0034,1,555.63,0.1
OI00061579,O0035058,P0112,1,40.83,0.0
OI00061582,O0035061,P0139,1,25.12,0.0
OI00061583,O0035061,P0097,1,136.85,0.0
OI00061584,O0035061,P0138,1,34.75,0.0
OI00061593,O0035066,P0145,1,164.76,0.0
OI00061594,O0035066,P0056,1,128.18,0.1
OI00061605,O0035073,P0031,1,1334.94,0.05
OI00061622,O0035084,P0063,1,59.18,0.0
OI00061626,O0035087,P0113,1,101.39,0.0
OI00061627,O0035087,P0073,2,98.02,0.1
OI00061628,O0035087,P0175,2,11.74,0.0
OI00061629,O0035088,P0154,1,58.37,0.1
OI00061635,O0035092,P0011,1,1068.44,0.0
OI00061646,O0035099,P0162,1,19.58,0.0
OI00061647,O0035099,P0015,1,1494.26,0.0
OI00061657,O0035104,P0117,1,29.96,0.1
OI00061664,O0035109,P0148,1,14.97,0.0
OI00061711,O0035135,P0076,1,121.52,0.0
OI00061712,O0035135,P0151,1,19.2,0.1
OI00061713,O0035136,P0040,1,992.54,0.15
OI00061714,O0035136,P0014,1,823.92,0.0
OI00061721,O0035140,P0068,1,140.45,0.2
OI00061728,O0035144,P0019,1,405.98,0.05
OI00061734,O0035147,P0041,1,225.39,0.1
OI00061753,O0035156,P0131,1,48.55,0.0
OI00061754,O0035156,P0028,2,1228.04,0.0
OI00061763,O0035162,P0033,1,1330.77,0.0
OI00061773,O0035170,P0034,1,550.48,0.1
OI00061787,O0035178,P0035,3,1066.85,0.0
OI00061799,O0035184,P0069,1,99.98,0.05
OI00061800,O0035184,P0085,1,506.08,0.05
OI00061801,O0035184,P0081,1,410.16,0.0
OI00061816,O0035193,P0029,2,516.03,0.1
OI00061839,O0035209,P0037,1,515.39,0.0
OI00061840,O0035209,P0142,2,12.55,0.0
OI00061849,O0035214,P0163,1,18.49,0.0
OI00061850,O0035214,P0156,1,88.81,0.0
OI00061851,O0035214,P0105,1,132.28,0.0
OI00061856,O0035218,P0079,1,171.27,0.0
OI00061860,O0035220,P0001,1,1712.99,0.05
OI00061861,O0035220,P0148,1,14.82,0.0
OI00061894,O0035238,P0013,1,1032.57,0.0
OI00061920,O0035252,P0130,1,30.32,0.0
OI00061982,O0035283,P0180,1,51.97,0.05
OI00061983,O0035284,P0022,1,827.56,0.0
OI00061993,O0035290,P0093,1,84.14,0.0
OI00061994,O0035290,P0011,1,1082.48,0.0
OI00061995,O0035290,P0113,2,100.59,0.0
OI00061996,O0035290,P0036,1,741.77,0.0
OI00062006,O0035296,P0050,1,89.94,0.0
OI00062007,O0035296,P0087,1,493.71,0.05
OI00062015,O0035301,P0029,1,515.35,0.0
OI00062016,O0035301,P0049,1,345.18,0.0
OI00062022,O0035304,P0166,1,33.38,0.0
OI00062072,O0035333,P0112,1,40.72,0.15
OI00062073,O0035334,P0180,1,53.37,0.0
OI00062074,O0035334,P0085,1,515.95,0.05
OI00062075,O0035334,P0089,1,354.87,0.0
OI00062082,O0035339,P0143,1,113.75,0.05
OI00062083,O0035339,P0142,1,12.72,0.0
OI00062084,O0035340,P0092,1,198.6,0.0
OI00062114,O0035358,P0111,1,290.02,0.0
OI00062115,O0035358,P0064,1,127.8,0.0
OI00062123,O0035363,P0103,2,86.67,0.0
OI00062124,O0035364,P0134,1,133.99,0.05
OI00062125,O0035364,P0006,2,2183.62,0.0
OI00062126,O0035364,P0021,1,643.12,0.0
OI00062127,O0035364,P0005,1,1369.04,0.1
OI00062141,O0035371,P0100,1,62.63,0.0
OI00062142,O0035371,P0088,1,308.33,0.05
OI00062147,O0035375,P0096,1,85.8,0.0
OI00062148,O0035375,P0050,1,94.82,0.0
OI00062149,O0035375,P0079,1,173.74,0.0
OI00062150,O0035375,P0111,1,286.09,0.2
OI00062161,O0035382,P0072,1,165.29,0.0
OI00062162,O0035382,P0158,1,66.98,0.0
OI00062174,O0035390,P0004,2,998.77,0.1
OI00062175,O0035390,P0079,2,172.68,0.25
OI00062176,O0035390,P0171,1,38.67,0.0
OI00062195,O0035401,P0089,1,364.71,0.0
OI00062196,O0035401,P0054,1,56.49,0.0
OI00062197,O0035401,P0094,1,72.71,0.1
OI00062198,O0035402,P0041,1,245.04,0.0
OI00062199,O0035402,P0056,1,128.94,0.0
OI00062204,O0035405,P0149,1,18.38,0.0
OI00062205,O0035405,P0167,1,129.44,0.0
OI00062219,O0035412,P0024,1,499.9,0.0
OI00062220,O0035412,P0051,1,55.96,0.0
OI00062221,O0035412,P0084,1,617.72,0.15
OI00062223,O0035414,P0052,1,39.12,0.05
OI00062235,O0035422,P0010,1,918.97,0.0
OI00062236,O0035422,P0022,1,863.26,0.0
OI00062237,O0035422,P0046,1,329.2,0.1
OI00062238,O0035422,P0082,1,380.18,0.0
OI00062249,O0035427,P0126,1,182.15,0.0
OI00062250,O0035427,P0092,1,198.33,0.0
OI00062251,O0035427,P0113,1,96.84,0.15
OI00062264,O0035435,P0041,1,226.7,0.1
OI00062265,O0035435,P0017,1,1641.12,0.0
OI00062266,O0035436,P0073,2,97.0,0.1
OI00062274,O0035441,P0070,1,53.19,0.1
OI00062275,O0035441,P0176,1,137.54,0.1
OI00062276,O0035442,P0013,1,1078.18,0.05
OI00062277,O0035442,P0151,1,19.29,0.0
OI00062284,O0035446,P0070,1,52.38,0.0
OI00062293,O0035452,P0081,1,408.92,0.0
OI00062294,O0035452,P0074,1,257.86,0.05
OI00062297,O0035454,P0097,1,138.32,0.15
OI00062313,O0035464,P0049,1,345.37,0.0
OI00062317,O0035467,P0072,1,174.82,0.0
OI00062318,O0035468,P0080,1,237.72,0.0
OI00062340,O0035479,P0135,1,182.88,0.0
OI00062341,O0035479,P0034,1,548.51,0.1
OI00062342,O0035479,P0062,1,55.67,0.0
OI00062346,O0035481,P0112,1,39.53,0.0
OI00062350,O0035485,P0108,1,41.02,0.2
OI00062351,O0035485,P0110,1,73.07,0.1
OI00062353,O0035487,P0077,1,410.36,0.0
OI00062354,O0035487,P0107,1,155.98,0.0
OI00062355,O0035487,P0114,1,29.75,0.0
OI00062364,O0035493,P0056,1,123.94,0.0
OI00062365,O0035493,P0055,1,328.07,0.0
OI00062366,O0035494,P0103,1,84.73,0.0
OI00062367,O0035494,P0129,1,307.67,0.05
OI00062368,O0035494,P0136,1,83.55,0.0
OI00062369,O0035494,P0011,1,1088.48,0.0
OI00062370,O0035495,P0156,1,87.27,0.15
OI00062374,O0035499,P0154,1,56.04,0.0
OI00062377,O0035502,P0134,1,132.27,0.05
OI00062398,O0035514,P0059,1,50.59,0.0
OI00062399,O0035514,P0041,1,232.05,0.0
OI00062408,O0035518,P0146,2,51.78,0.0
OI00062411,O0035520,P0008,1,1193.15,0.05
OI00062412,O0035520,P0159,1,179.5,0.0
OI00062437,O0035534,P0035,1,1059.22,0.0
OI00062447,O0035540,P0056,1,131.44,0.05
OI00062469,O0035555,P0024,1,493.69,0.15
OI00062503,O0035572,P0047,1,137.66,0.2
OI00062512,O0035577,P0081,1,400.06,0.0
OI00062513,O0035578,P0077,3,405.21,0.1
OI00062514,O0035578,P0096,2,89.06,0.05
OI00062519,O0035581,P0013,1,1084.69,0.0
OI00062520,O0035581,P0099,1,227.21,0.0
OI00062521,O0035581,P0122,1,386.36,0.0
OI00062527,O0035585,P0155,3,50.52,0.05
OI00062528,O0035585,P0111,2,279.74,0.0
OI00062542,O0035593,P0077,2,418.58,0.05
OI00062544,O0035595,P0009,1,1280.0,0.0
OI00062545,O0035595,P0069,1,95.86,0.0
OI00062549,O0035599,P0075,1,54.66,0.0
OI00062550,O0035599,P0001,1,1677.26,0.1
OI00062551,O0035600,P0161,1,62.13,0.0
OI00062552,O0035600,P0079,1,168.37,0.0
OI00062563,O0035607,P0009,1,1309.36,0.0
OI00062564,O0035608,P0131,1,48.8,0.0
OI00062565,O0035608,P0009,1,1296.18,0.0
OI00062581,O0035617,P0091,1,169.69,0.0
OI00062600,O0035625,P0079,1,172.01,0.0
OI00062601,O0035625,P0134,1,134.85,0.0
OI00062607,O0035628,P0001,2,1686.24,0.0
OI00062608,O0035628,P0121,2,143.76,0.15
OI00062609,O0035629,P0054,1,57.38,0.0
OI00062620,O0035635,P0177,1,23.02,0.15
OI00062621,O0035635,P0062,1,57.84,0.1
OI00062633,O0035643,P0084,1,620.93,0.0
OI00062643,O0035651,P0062,1,56.88,0.0
OI00062645,O0035653,P0011,3,1123.77,0.0
OI00062646,O0035653,P0155,1,49.83,0.0
OI00062736,O0035706,P0064,1,130.71,0.0
OI00062737,O0035706,P0024,1,501.56,0.0
OI00062747,O0035713,P0025,1,419.97,0.0
OI00062748,O0035713,P0065,1,319.14,0.0
OI00062778,O0035730,P0161,1,62.21,0.0
OI00062779,O0035730,P0070,1,53.53,0.0
OI00062786,O0035734,P0164,1,38.74,0.0
OI00062787,O0035734,P0048,2,56.25,0.0
OI00062826,O0035757,P0097,2,139.29,0.0
OI00062843,O0035766,P0126,1,180.89,0.0
OI00062863,O0035777,P0129,1,303.94,0.1
OI00062867,O0035780,P0039,1,518.4,0.0
OI00062868,O0035780,P0034,1,532.45,0.0
OI00062872,O0035783,P0034,1,555.7,0.0
OI00062873,O0035783,P0151,1,19.88,0.0
OI00062885,O0035790,P0099,1,228.54,0.0
OI00062886,O0035790,P0162,1,19.35,0.0
OI00062887,O0035791,P0168,1,60.67,0.1
OI00062888,O0035791,P0163,1,17.96,0.0
OI00062895,O0035795,P0053,1,363.75,0.0
OI00062896,O0035795,P0081,1,405.93,0.0
OI00062897,O0035796,P0149,1,18.4,0.0
OI00062901,O0035798,P0026,1,1165.62,0.0
OI00062902,O0035798,P0128,1,70.28,0.0
OI00062903,O0035798,P0177,1,22.69,0.0
OI00062907,O0035800,P0079,1,174.26,0.0
OI00062939,O0035818,P0064,1,133.59,0.2
OI00062940,O0035818,P0043,2,291.81,0.0
OI00062941,O0035818,P0171,1,38.49,0.05
OI00062947,O0035822,P0133,1,10.09,0.0
OI00062948,O0035822,P0050,1,90.24,0.0
OI00062949,O0035823,P0072,1,173.59,0.0
OI00062950,O0035823,P0038,1,490.23,0.2
OI00062956,O0035827,P0055,2,322.98,0.15
OI00062957,O0035827,P0074,1,254.05,0.1
OI00062959,O0035829,P0034,1,532.98,0.2
OI00062983,O0035844,P0099,1,236.92,0.0
OI00062984,O0035844,P0039,1,526.96,0.0
OI00062992,O0035849,P0103,1,83.34,0.1
OI00062993,O0035849,P0003,2,1217.11,0.0
OI00062994,O0035849,P0066,1,277.81,0.0
OI00062998,O0035851,P0038,1,477.01,0.1
OI00062999,O0035851,P0167,1,126.73,0.0
OI00063000,O0035851,P0052,1,39.99,0.0
OI00063010,O0035858,P0050,1,90.81,0.0
OI00063011,O0035858,P0054,1,57.28,0.1
OI00063012,O0035858,P0082,1,374.37,0.1
OI00063014,O0035860,P0090,1,197.46,0.0
OI00063079,O0035897,P0122,1,388.7,0.05
OI00063080,O0035897,P0154,1,57.26,0.0
OI00063081,O0035897,P0178,2,10.78,0.0
OI00063082,O0035897,P0083,1,720.56,0.0
OI00063086,O0035900,P0082,1,378.35,0.0
OI00063087,O0035900,P0165,1,41.37,0.1
OI00063088,O0035900,P0176,1,136.31,0.0
OI00063110,O0035913,P0070,1,52.21,0.0
OI00063111,O0035913,P0158,1,65.66,0.0
OI00063138,O0035929,P0123,1,49.07,0.0
OI00063139,O0035929,P0157,2,120.04,0.05
OI00063140,O0035929,P0175,1,11.99,0.05
OI00063141,O0035929,P0099,1,232.72,0.1
OI00063142,O0035930,P0123,1,49.1,0.0
OI00063143,O0035930,P0124,1,66.5,0.0
OI00063144,O0035930,P0145,1,166.72,0.15
OI00063148,O0035932,P0060,1,137.75,0.0
OI00063149,O0035932,P0150,3,11.45,0.0
OI00063150,O0035933,P0040,1,1008.63,0.05
OI00063151,O0035933,P0159,1,181.34,0.0
OI00063154,O0035935,P0126,1,187.49,0.0
OI00063155,O0035935,P0053,1,357.16,0.15
OI00063156,O0035935,P0055,1,342.45,0.0
OI00063157,O0035935,P0135,1,188.42,0.05
OI00063158,O0035936,P0129,1,298.73,0.0
OI00063159,O0035936,P0037,2,530.67,0.05
OI00063160,O0035936,P0020,2,533.52,0.1
OI00063193,O0035956,P0139,3,24.13,0.1
OI00063197,O0035959,P0104,1,29.32,0.2
OI00063200,O0035962,P0152,1,15.04,0.15
OI00063239,O0035984,P0108,1,42.34,0.05
OI00063240,O0035984,P0021,2,634.23,0.0
OI00063241,O0035984,P0112,1,38.95,0.0
OI00063256,O0035992,P0056,1,127.99,0.0
OI00063257,O0035992,P0122,1,400.6,0.0
OI00063278,O0036003,P0163,2,17.91,0.0
OI00063279,O0036003,P0148,1,15.05,0.0
OI00063280,O0036003,P0094,1,72.13,0.0
OI00063281,O0036004,P0080,1,237.25,0.0
OI00063282,O0036004,P0060,1,136.43,0.0
OI00063289,O0036009,P0090,1,194.39,0.1
OI00063290,O0036009,P0078,1,132.77,0.0
OI00063320,O0036026,P0106,1,131.99,0.0
OI00063321,O0036026,P0102,1,53.93,0.0
OI00063350,O0036043,P0140,1,15.68,0.1
OI00063353,O0036045,P0150,1,11.25,0.0
OI00063366,O0036052,P0109,1,168.65,0.1
OI00063367,O0036052,P0071,1,116.59,0.15
OI00063368,O0036052,P0063,1,59.8,0.1
OI00063387,O0036064,P0110,1,73.26,0.05
OI00063407,O0036075,P0039,1,512.87,0.0
OI00063408,O0036075,P0090,1,200.49,0.0
OI00063410,O0036077,P0149,1,17.62,0.05
OI00063419,O0036081,P0027,1,906.0,0.15
OI00063425,O0036085,P0133,1,9.85,0.0
OI00063431,O0036089,P0038,1,479.79,0.0
OI00063443,O0036095,P0129,1,304.38,0.0
OI00063444,O0036095,P0109,1,168.76,0.0
OI00063456,O0036103,P0132,1,29.63,0.0
OI00063457,O0036103,P0125,1,297.36,0.0
OI00063467,O0036108,P0089,1,362.52,0.0
OI00063468,O0036108,P0053,1,361.53,0.1
OI00063469,O0036109,P0098,1,317.12,0.15
OI00063470,O0036109,P0009,1,1279.08,0.0
OI00063501,O0036129,P0008,1,1191.78,0.0
OI00063502,O0036129,P0177,1,23.13,0.1
OI00063527,O0036146,P0014,1,813.36,0.0
OI00063528,O0036146,P0078,1,132.62,0.0
OI00063549,O0036159,P0011,1,1071.2,0.0
OI00063550,O0036159,P0101,1,127.23,0.0
OI00063551,O0036159,P0051,1,55.5,0.1
OI00063554,O0036162,P0133,1,9.78,0.0
OI00063585,O0036177,P0153,1,42.55,0.0
OI00063587,O0036179,P0034,1,559.36,0.0
OI00063589,O0036181,P0121,2,152.99,0.0
OI00063590,O0036181,P0179,1,84.97,0.0
OI00063604,O0036188,P0173,1,45.29,0.0
OI00063605,O0036188,P0117,1,30.02,0.1
OI00063635,O0036204,P0008,1,1186.48,0.0
OI00063639,O0036207,P0075,1,54.58,0.0
OI00063652,O0036214,P0096,1,88.61,0.05
OI00063654,O0036216,P0068,1,143.42,0.0
OI00063655,O0036216,P0026,1,1151.22,0.0
OI00063661,O0036221,P0145,1,168.77,0.1
OI00063663,O0036223,P0172,2,22.13,0.0
OI00063672,O0036230,P0079,1,168.21,0.0
OI00063673,O0036230,P0178,1,11.07,0.0
OI00063674,O0036230,P0134,1,131.4,0.1
OI00063714,O0036256,P0116,1,69.27,0.1
OI00063715,O0036257,P0109,1,169.06,0.2
OI00063716,O0036257,P0078,1,132.96,0.0
OI00063717,O0036257,P0103,1,84.67,0.0
OI00063718,O0036257,P0139,2,24.88,0.0
OI00063735,O0036265,P0122,1,387.65,0.0
OI00063739,O0036268,P0123,1,48.69,0.0
OI00063740,O0036268,P0072,1,169.35,0.0
OI00063745,O0036272,P0134,1,132.32,0.05
OI00063759,O0036277,P0131,1,48.53,0.0
OI00063774,O0036285,P0165,1,40.12,0.0
OI00063775,O0036285,P0029,1,529.29,0.15
OI00063781,O0036288,P0038,1,486.36,0.0
OI00063782,O0036288,P0017,1,1613.88,0.0
OI00063787,O0036292,P0063,1,58.35,0.0
OI00063788,O0036292,P0087,1,487.25,0.0
OI00063798,O0036298,P0106,1,133.76,0.05
OI00063811,O0036306,P0016,2,944.32,0.0
OI00063816,O0036309,P0062,1,56.98,0.1
OI00063817,O0036309,P0137,1,26.87,0.2
OI00063837,O0036320,P0162,1,19.07,0.0
OI00063881,O0036345,P0156,2,87.48,0.0
OI00063882,O0036346,P0044,1,123.54,0.0
OI00063886,O0036349,P0123,1,50.2,0.0
OI00063897,O0036356,P0076,1,122.15,0.1
OI00063900,O0036359,P0112,1,40.44,0.0
OI00063901,O0036359,P0091,1,169.26,0.0
OI00063902,O0036360,P0067,1,281.64,0.0
OI00063918,O0036367,P0111,1,289.65,0.1
OI00063923,O0036370,P0137,1,26.89,0.1
OI00063925,O0036372,P0172,1,22.09,0.0
OI00063926,O0036373,P0084,2,634.18,0.0
OI00063927,O0036373,P0118,1,127.17,0.0
OI00063929,O0036375,P0173,1,45.39,0.0
OI00063934,O0036379,P0159,1,179.64,0.0
OI00063939,O0036382,P0154,1,58.02,0.0
OI00063940,O0036382,P0168,1,63.61,0.0
OI00063941,O0036382,P0171,1,37.87,0.05
OI00063942,O0036382,P0002,1,914.16,0.0
OI00063961,O0036397,P0080,1,235.9,0.0
OI00063962,O0036397,P0077,1,410.58,0.0
OI00063967,O0036400,P0145,1,165.3,0.0
OI00063992,O0036414,P0031,1,1300.6,0.0
OI00063993,O0036414,P0146,1,53.44,0.0
OI00064004,O0036421,P0077,1,425.71,0.0
OI00064005,O0036421,P0135,1,184.51,0.0
OI00064006,O0036422,P0135,1,184.62,0.0
OI00064028,O0036435,P0111,1,290.32,0.0
OI00064032,O0036438,P0064,1,131.39,0.05
OI00064058,O0036454,P0073,1,98.25,0.0
OI00064065,O0036458,P0101,1,129.82,0.0
OI00064093,O0036471,P0112,1,40.17,0.0
OI00064100,O0036475,P0144,1,13.49,0.25
OI00064101,O0036475,P0022,1,864.96,0.15
OI00064102,O0036475,P0121,2,145.57,0.0
OI00064103,O0036475,P0002,1,936.77,0.0
OI00064108,O0036477,P0061,2,380.75,0.0
OI00064109,O0036477,P0058,1,144.74,0.1
OI00064133,O0036489,P0145,1,162.71,0.05
OI00064137,O0036493,P0116,2,71.64,0.05
OI00064138,O0036493,P0033,2,1338.08,0.0
OI00064160,O0036505,P0090,1,199.46,0.0
OI00064161,O0036505,P0109,1,167.1,0.0
OI00064162,O0036505,P0158,1,66.83,0.0
OI00064165,O0036507,P0027,1,894.42,0.1
OI00064166,O0036507,P0118,1,126.36,0.05
OI00064167,O0036508,P0042,1,117.16,0.0
OI00064168,O0036508,P0164,1,37.83,0.0
OI00064177,O0036513,P0077,1,412.32,0.0
OI00064178,O0036513,P0035,1,1049.25,0.0
OI00064200,O0036528,P0061,1,381.61,0.1
OI00064212,O0036537,P0080,1,235.7,0.15
OI00064230,O0036549,P0109,1,168.58,0.0
OI00064231,O0036549,P0023,2,1003.31,0.0
OI00064241,O0036556,P0015,1,1468.05,0.0
OI00064252,O0036565,P0118,1,128.78,0.0
OI00064255,O0036567,P0159,1,175.85,0.0
OI00064256,O0036567,P0178,1,10.63,0.0
OI00064257,O0036567,P0072,1,173.52,0.0
OI00064266,O0036573,P0071,1,111.31,0.05
OI00064267,O0036573,P0168,1,60.69,0.0
OI00064273,O0036576,P0160,1,24.86,0.0
OI00064274,O0036576,P0011,1,1071.65,0.1
OI00064275,O0036577,P0112,2,39.85,0.05
OI00064276,O0036577,P0006,1,2211.77,0.2
OI00064277,O0036577,P0144,2,13.9,0.05
OI00064279,O0036579,P0148,1,15.02,0.0
OI00064280,O0036579,P0074,1,254.98,0.0
OI00064285,O0036582,P0056,2,128.9,0.0
OI00064286,O0036582,P0136,1,83.15,0.0
OI00064312,O0036594,P0031,1,1372.68,0.0
OI00064321,O0036600,P0026,1,1134.03,0.0
OI00064340,O0036612,P0157,1,117.56,0.0
OI00064341,O0036612,P0047,1,139.38,0.0
OI00064342,O0036612,P0103,1,83.01,0.0
OI00064347,O0036616,P0082,1,383.99,0.0
OI00064357,O0036621,P0039,1,518.25,0.0
OI00064358,O0036621,P0036,1,735.64,0.0
OI00064359,O0036621,P0065,1,325.73,0.15
OI00064373,O0036630,P0016,1,919.01,0.0
OI00064374,O0036631,P0134,1,130.84,0.0
OI00064378,O0036633,P0082,1,387.18,0.1
OI00064384,O0036637,P0174,2,18.66,0.0
OI00064385,O0036637,P0085,1,508.51,0.05
OI00064398,O0036644,P0025,1,426.05,0.0
OI00064409,O0036651,P0146,1,52.14,0.0
OI00064410,O0036651,P0120,1,328.85,0.0
OI00064411,O0036651,P0093,1,85.49,0.0
OI00064413,O0036653,P0099,1,240.32,0.0
OI00064421,O0036659,P0133,1,9.8,0.0
OI00064422,O0036659,P0032,3,845.08,0.0
OI00064423,O0036660,P0083,1,715.98,0.0
OI00064424,O0036660,P0047,1,141.96,0.0
OI00064429,O0036665,P0004,1,974.95,0.05
OI00064455,O0036679,P0098,1,314.41,0.05
OI00064456,O0036679,P0083,1,717.69,0.0
OI00064457,O0036680,P0052,1,39.28,0.0
OI00064458,O0036680,P0157,1,119.81,0.0
OI00064473,O0036689,P0031,1,1315.95,0.0
OI00064474,O0036690,P0139,1,24.45,0.1
OI00064513,O0036708,P0118,2,129.71,0.0
OI00064523,O0036714,P0141,1,23.71,0.0
OI00064524,O0036714,P0126,1,192.75,0.0
OI00064525,O0036715,P0091,1,171.2,0.0
OI00064537,O0036721,P0019,1,406.69,0.0
OI00064538,O0036721,P0132,1,29.19,0.2
OI00064605,O0036763,P0119,3,32.81,0.0
OI00064606,O0036763,P0133,1,9.97,0.1
OI00064607,O0036763,P0044,1,118.77,0.0
OI00064679,O0036806,P0025,2,431.39,0.0
OI00064680,O0036806,P0076,1,125.37,0.0
OI00064681,O0036806,P0060,1,138.61,0.0
OI00064736,O0036838,P0015,1,1454.65,0.0
OI00064737,O0036838,P0100,1,62.12,0.05
OI00064767,O0036860,P0064,1,125.85,0.0
OI00064786,O0036871,P0151,1,19.22,0.0
OI00064787,O0036871,P0091,1,167.57,0.0
OI00064791,O0036874,P0150,1,11.65,0.05
OI00064792,O0036874,P0036,1,728.52,0.0
OI00064808,O0036884,P0169,1,181.73,0.0
OI00064809,O0036884,P0082,1,374.85,0.1
OI00064816,O0036889,P0090,1,204.0,0.0
OI00064817,O0036889,P0132,1,29.63,0.1
OI00064822,O0036893,P0064,1,132.41,0.0
OI00064823,O0036893,P0033,1,1362.99,0.1
OI00064826,O0036896,P0047,1,137.63,0.0
OI00064832,O0036901,P0112,1,39.06,0.2
OI00064839,O0036907,P0074,2,259.57,0.0
OI00064840,O0036907,P0081,1,408.66,0.0
OI00064849,O0036913,P0165,1,39.53,0.0
OI00064850,O0036913,P0029,1,524.18,0.05
OI00064872,O0036924,P0044,1,121.11,0.0
OI00064873,O0036924,P0147,3,78.43,0.15
OI00064882,O0036931,P0130,2,29.02,0.0
OI00064883,O0036931,P0095,2,288.8,0.0
OI00064894,O0036937,P0069,1,99.1,0.0
OI00064895,O0036937,P0049,1,340.83,0.05
OI00064896,O0036938,P0079,1,170.8,0.0
OI00064897,O0036939,P0016,1,925.06,0.0
OI00064898,O0036939,P0072,2,172.65,0.0
OI00064908,O0036946,P0125,1,294.51,0.0
OI00064909,O0036946,P0075,1,55.36,0.2
OI00064926,O0036956,P0047,1,136.38,0.0
OI00064934,O0036962,P0029,2,520.03,0.0
OI00064939,O0036966,P0163,1,18.73,0.0
OI00064940,O0036966,P0156,1,88.7,0.05
OI00064941,O0036967,P0046,1,328.44,0.1
OI00064942,O0036967,P0121,1,145.83,0.0
OI00064943,O0036967,P0031,2,1345.17,0.0
OI00064947,O0036971,P0097,2,139.38,0.05
OI00064948,O0036971,P0171,1,38.99,0.1
OI00064949,O0036971,P0108,1,42.15,0.0
OI00064950,O0036971,P0173,1,45.72,0.1
OI00064953,O0036973,P0084,1,621.03,0.0
OI00064954,O0036973,P0053,1,364.34,0.0
OI00064955,O0036973,P0017,1,1567.21,0.0
OI00064961,O0036977,P0074,1,257.46,0.2
OI00064962,O0036977,P0064,1,129.36,0.0
OI00064981,O0036988,P0148,1,14.5,0.0
OI00064982,O0036988,P0031,1,1310.91,0.0
OI00064983,O0036988,P0072,1,167.31,0.25
OI00064989,O0036994,P0094,1,74.73,0.0
OI00064994,O0036998,P0076,1,122.58,0.0
OI00065000,O0037002,P0140,1,15.35,0.0
OI00065014,O0037011,P0047,1,141.85,0.0
OI00065015,O0037011,P0098,1,322.13,0.0
OI00065017,O0037013,P0098,1,324.34,0.0
OI00065023,O0037017,P0030,1,850.36,0.0
OI00065024,O0037017,P0003,2,1190.38,0.05
OI00065025,O0037018,P0017,1,1646.99,0.0
OI00065026,O0037019,P0047,1,138.62,0.0
OI00065027,O0037019,P0029,1,517.32,0.0
OI00065032,O0037022,P0133,1,10.19,0.0
OI00065033,O0037023,P0012,1,1493.42,0.0
OI00065034,O0037023,P0055,1,326.59,0.15
OI00065037,O0037025,P0162,2,19.11,0.0
OI00065038,O0037025,P0120,1,339.02,0.0
OI00065045,O0037031,P0033,1,1354.2,0.0
OI00065048,O0037034,P0047,1,140.32,0.0
OI00065052,O0037038,P0179,1,83.2,0.0
OI00065123,O0037076,P0040,1,1003.43,0.0
OI00065133,O0037083,P0020,1,550.49,0.0
OI00065134,O0037083,P0109,2,168.61,0.1
OI00065142,O0037089,P0019,1,424.39,0.0
OI00065145,O0037091,P0073,1,96.81,0.0
OI00065146,O0037091,P0012,2,1518.63,0.1
OI00065147,O0037091,P0115,3,68.0,0.0
OI00065171,O0037105,P0140,1,15.4,0.0
OI00065172,O0037106,P0049,3,341.26,0.0
OI00065175,O0037108,P0028,1,1214.13,0.1
OI00065176,O0037108,P0059,2,50.81,0.0
OI00065194,O0037120,P0167,1,123.82,0.1
OI00065200,O0037125,P0162,1,19.56,0.0
OI00065201,O0037125,P0180,1,53.27,0.05
OI00065202,O0037126,P0077,1,405.2,0.1
OI00065203,O0037126,P0099,1,235.74,0.0
OI00065204,O0037126,P0177,1,23.01,0.0
OI00065214,O0037133,P0017,1,1617.34,0.15
OI00065225,O0037139,P0127,1,162.05,0.15
OI00065226,O0037139,P0022,2,867.14,0.0
OI00065227,O0037139,P0180,1,50.49,0.15
OI00065242,O0037146,P0096,1,83.61,0.0
OI00065247,O0037151,P0168,1,60.69,0.0
OI00065257,O0037158,P0025,1,433.99,0.0
OI00065258,O0037158,P0070,1,55.01,0.0
OI00065259,O0037158,P0114,1,28.97,0.0
OI00065263,O0037160,P0048,2,56.19,0.2
OI00065264,O0037160,P0149,1,17.24,0.05
OI00065265,O0037160,P0175,1,11.71,0.0
OI00065272,O0037164,P0125,1,286.04,0.15
OI00065278,O0037168,P0050,1,91.64,0.05
OI00065279,O0037168,P0003,1,1214.36,0.0
OI00065294,O0037178,P0115,1,68.85,0.0
OI00065295,O0037178,P0154,1,57.56,0.0
OI00065296,O0037178,P0073,1,97.36,0.0
OI00065303,O0037182,P0064,1,133.37,0.05
OI00065322,O0037193,P0044,1,123.2,0.0
OI00065323,O0037193,P0062,1,56.03,0.0
OI00065326,O0037196,P0128,1,70.79,0.0
OI00065343,O0037209,P0115,1,68.13,0.0
OI00065381,O0037229,P0028,1,1259.34,0.0
OI00065388,O0037234,P0150,1,11.21,0.05
OI00065392,O0037236,P0075,1,53.19,0.0
OI00065393,O0037236,P0154,1,57.0,0.1
OI00065394,O0037236,P0139,1,24.56,0.0
OI00065416,O0037251,P0082,2,384.91,0.1
OI00065417,O0037251,P0092,2,197.73,0.0
OI00065430,O0037260,P0063,1,58.15,0.0
OI00065431,O0037260,P0050,1,94.25,0.0
OI00065432,O0037261,P0031,1,1328.69,0.0
OI00065464,O0037278,P0006,1,2153.54,0.0
OI00065465,O0037278,P0146,1,51.69,0.0
OI00065466,O0037278,P0036,3,720.6,0.0
OI00065482,O0037287,P0162,1,19.76,0.0
OI00065483,O0037287,P0152,1,15.03,0.0
OI00065484,O0037287,P0069,1,98.81,0.0
OI00065498,O0037295,P0065,1,321.01,0.0
OI00065507,O0037300,P0126,1,183.23,0.05
OI00065508,O0037300,P0076,2,124.41,0.0
OI00065510,O0037302,P0165,2,41.84,0.0
OI00065515,O0037307,P0123,1,47.09,0.05
OI00065541,O0037323,P0121,1,141.82,0.1
OI00065550,O0037327,P0150,1,11.48,0.0
OI00065551,O0037327,P0070,2,54.06,0.0
OI00065552,O0037327,P0143,2,111.4,0.1
OI00065567,O0037336,P0035,2,1076.82,0.0
OI00065568,O0037336,P0049,1,337.11,0.0
OI00065569,O0037336,P0129,1,292.97,0.05
OI00065575,O0037341,P0084,1,628.54,0.0
OI00065576,O0037341,P0129,1,300.1,0.0
OI00065578,O0037343,P0051,1,54.39,0.05
OI00065625,O0037371,P0083,1,734.8,0.0
OI00065626,O0037371,P0026,2,1140.0,0.0
OI00065627,O0037371,P0053,1,343.68,0.0
OI00065641,O0037378,P0085,2,475.51,0.0
OI00065642,O0037378,P0023,1,1003.09,0.0
OI00065666,O0037392,P0085,1,504.0,0.1
OI00065667,O0037392,P0029,2,541.73,0.15
OI00065668,O0037392,P0099,1,234.61,0.05
OI00065684,O0037400,P0127,1,162.73,0.1
OI00065688,O0037403,P0049,2,346.48,0.0
OI00065689,O0037403,P0089,1,349.94,0.1
OI00065693,O0037406,P0042,3,120.6,0.0
OI00065704,O0037414,P0157,1,122.17,0.0
OI00065705,O0037414,P0008,2,1162.26,0.2
OI00065706,O0037414,P0122,1,387.15,0.0
OI00065707,O0037415,P0022,2,864.09,0.25
OI00065713,O0037419,P0033,1,1366.95,0.1
OI00065723,O0037428,P0017,1,1637.83,0.25
OI00065737,O0037435,P0114,1,28.73,0.1
OI00065738,O0037436,P0180,1,50.92,0.1
OI00065739,O0037437,P0133,1,10.02,0.15
OI00065759,O0037450,P0047,1,135.47,0.15
OI00065760,O0037450,P0090,1,203.55,0.0
OI00065795,O0037471,P0055,1,319.32,0.0
OI00065801,O0037474,P0155,1,50.36,0.05
OI00065802,O0037474,P0138,1,34.58,0.15
OI00065817,O0037484,P0176,1,144.05,0.0
OI00065825,O0037491,P0170,1,9.59,0.25
OI00065826,O0037491,P0172,1,22.75,0.0
OI00065827,O0037492,P0064,1,131.77,0.0
OI00065828,O0037492,P0130,1,29.39,0.05
OI00065834,O0037495,P0131,1,49.73,0.0
OI00065836,O0037497,P0085,1,512.71,0.0
OI00065837,O0037497,P0156,1,89.9,0.0
OI00065839,O0037499,P0073,1,98.91,0.0
OI00065840,O0037499,P0114,1,30.42,0.0
OI00065844,O0037502,P0092,3,205.04,0.0
OI00065846,O0037504,P0096,1,86.55,0.0
OI00065854,O0037508,P0129,1,297.09,0.0
OI00065865,O0037515,P0051,2,54.13,0.1
OI00065876,O0037521,P0026,1,1158.75,0.0
OI00065881,O0037525,P0003,1,1213.46,0.0
OI00065887,O0037529,P0025,1,416.49,0.0
OI00065888,O0037529,P0018,1,1943.9,0.0
OI00065889,O0037530,P0076,1,122.99,0.0
OI00065890,O0037530,P0114,1,28.79,0.0
OI00065930,O0037551,P0047,1,134.29,0.0
OI00065931,O0037551,P0178,1,11.51,0.0
OI00065932,O0037551,P0098,1,316.59,0.0
OI00065943,O0037558,P0079,1,170.4,0.0
OI00065952,O0037563,P0085,1,485.93,0.0
OI00065953,O0037563,P0039,1,542.51,0.0
OI00065958,O0037568,P0083,2,719.97,0.0
OI00065969,O0037573,P0006,2,2238.36,0.0
OI00065970,O0037573,P0141,1,23.68,0.05
OI00065996,O0037585,P0117,1,31.03,0.05
OI00066014,O0037595,P0065,1,328.16,0.0
OI00066015,O0037595,P0172,1,22.53,0.1
OI00066040,O0037609,P0140,1,15.93,0.0
OI00066061,O0037621,P0026,1,1150.01,0.0
OI00066083,O0037634,P0141,1,23.62,0.0
OI00066084,O0037634,P0150,1,11.53,0.0
OI00066085,O0037634,P0165,1,39.76,0.0
OI00066105,O0037644,P0060,1,139.83,0.0
OI00066106,O0037644,P0040,1,984.32,0.0
OI00066107,O0037644,P0087,1,486.92,0.1
OI00066130,O0037659,P0025,1,417.48,0.0
OI00066131,O0037659,P0044,1,122.56,0.0
OI00066143,O0037666,P0088,2,300.29,0.0
OI00066173,O0037681,P0002,1,937.71,0.0
OI00066174,O0037681,P0051,1,56.6,0.0
OI00066175,O0037682,P0122,1,391.55,0.0
OI00066176,O0037682,P0011,1,1066.9,0.0
OI00066177,O0037682,P0152,1,15.25,0.0
OI00066194,O0037693,P0096,1,87.49,0.0
OI00066201,O0037698,P0119,1,33.4,0.2
OI00066202,O0037698,P0028,2,1202.15,0.0
OI00066203,O0037698,P0117,2,31.5,0.0
OI00066207,O0037701,P0180,1,50.56,0.0
OI00066211,O0037705,P0088,1,294.73,0.0
OI00066212,O0037706,P0102,1,53.46,0.0
OI00066242,O0037724,P0011,1,1054.02,0.0
OI00066243,O0037724,P0083,1,735.22,0.05
OI00066244,O0037724,P0087,1,480.73,0.0
OI00066245,O0037724,P0118,1,127.06,0.0
OI00066250,O0037728,P0023,1,986.12,0.15
OI00066251,O0037728,P0011,1,1075.63,0.0
OI00066257,O0037731,P0135,2,184.87,0.0
OI00066261,O0037734,P0083,1,747.07,0.0
OI00066264,O0037737,P0074,1,249.78,0.0
OI00066270,O0037741,P0108,1,41.11,0.1
OI00066283,O0037749,P0174,1,18.9,0.0
OI00066284,O0037749,P0122,1,392.28,0.0
OI00066285,O0037749,P0031,2,1331.74,0.0
OI00066288,O0037751,P0010,1,889.77,0.0
OI00066291,O0037753,P0161,1,63.78,0.15
OI00066292,O0037753,P0088,1,296.25,0.0
OI00066293,O0037753,P0065,1,328.29,0.05
OI00066303,O0037759,P0081,1,405.53,0.0
OI00066323,O0037772,P0090,1,202.0,0.0
OI00066324,O0037772,P0139,2,24.73,0.0
OI00066338,O0037779,P0079,1,170.84,0.0
OI00066349,O0037784,P0042,1,122.28,0.0
OI00066373,O0037797,P0073,1,95.79,0.1
OI00066374,O0037797,P0100,1,64.5,0.0
OI00066375,O0037797,P0179,1,81.31,0.05
OI00066401,O0037810,P0114,1,29.51,0.05
OI00066402,O0037810,P0075,1,53.45,0.1
OI00066403,O0037811,P0086,1,50.36,0.0
OI00066404,O0037811,P0125,2,296.82,0.0
OI00066405,O0037812,P0082,1,378.45,0.0
OI00066406,O0037812,P0171,1,37.79,0.05
OI00066422,O0037821,P0080,1,231.95,0.0
OI00066423,O0037821,P0078,1,134.32,0.0
OI00066424,O0037821,P0142,1,12.31,0.05
OI00066432,O0037826,P0146,1,53.19,0.1
OI00066433,O0037827,P0084,1,629.15,0.0
OI00066434,O0037827,P0034,1,553.15,0.0
OI00066447,O0037835,P0013,1,1067.06,0.0
OI00066466,O0037845,P0128,1,68.99,0.0
OI00066473,O0037849,P0175,1,11.52,0.0
OI00066474,O0037849,P0111,2,279.38,0.0
OI00066475,O0037849,P0075,1,52.1,0.0
OI00066493,O0037859,P0129,1,296.34,0.0
OI00066494,O0037859,P0164,1,38.58,0.0
OI00066514,O0037872,P0024,1,497.12,0.0
OI00066515,O0037872,P0064,2,130.85,0.05
OI00066516,O0037872,P0068,1,141.13,0.2
OI00066517,O0037872,P0102,2,52.95,0.0
OI00066538,O0037886,P0111,1,296.7,0.0
OI00066539,O0037886,P0172,1,22.52,0.0
OI00066583,O0037909,P0127,2,163.85,0.0
OI00066592,O0037916,P0154,1,57.29,0.0
OI00066593,O0037916,P0017,1,1617.75,0.1
OI00066631,O0037939,P0044,1,123.43,0.0
OI00066632,O0037939,P0148,1,14.82,0.0
OI00066633,O0037939,P0170,1,9.36,0.0
OI00066640,O0037943,P0093,1,87.5,0.1
OI00066656,O0037953,P0145,1,167.61,0.0
OI00066657,O0037953,P0100,1,60.29,0.0
OI00066658,O0037953,P0111,1,292.05,0.1
OI00066674,O0037962,P0111,1,286.12,0.0
OI00066693,O0037972,P0064,2,128.15,0.0
OI00066701,O0037977,P0098,1,307.72,0.0
OI00066702,O0037977,P0047,1,134.7,0.0
OI00066703,O0037977,P0133,1,9.97,0.0
OI00066725,O0037989,P0064,1,132.9,0.0
OI00066726,O0037989,P0171,1,37.69,0.0
OI00066733,O0037993,P0054,2,57.91,0.0
OI00066739,O0037998,P0043,1,283.88,0.0
OI00066767,O0038011,P0010,1,876.64,0.1
OI00066769,O0038013,P0166,2,34.04,0.05
OI00066770,O0038013,P0180,2,51.03,0.0
OI00066771,O0038013,P0104,1,29.88,0.1
OI00066773,O0038015,P0040,1,972.17,0.0
OI00066774,O0038016,P0099,1,236.15,0.0
OI00066780,O0038019,P0100,1,59.59,0.0
OI00066786,O0038022,P0059,1,49.85,0.05
OI00066787,O0038022,P0007,1,2020.41,0.1
OI00066817,O0038041,P0077,1,416.04,0.0
OI00066818,O0038041,P0161,1,61.14,0.0
OI00066840,O0038052,P0051,1,53.5,0.1
OI00066843,O0038055,P0083,1,732.38,0.0
OI00066844,O0038055,P0180,1,51.62,0.0
OI00066845,O0038055,P0143,1,111.05,0.0
OI00066846,O0038056,P0082,1,371.74,0.0
OI00066871,O0038071,P0163,2,18.68,0.0
OI00066872,O0038071,P0167,1,127.66,0.25
OI00066873,O0038071,P0097,2,138.74,0.0
OI00066874,O0038072,P0050,1,93.73,0.0
OI00066907,O0038092,P0068,1,140.71,0.0
OI00066915,O0038097,P0014,1,801.95,0.05
OI00066916,O0038097,P0103,1,83.5,0.0
OI00066930,O0038107,P0016,1,911.76,0.0
OI00066981,O0038137,P0061,2,381.67,0.0
OI00066989,O0038142,P0081,1,405.65,0.0
OI00066990,O0038142,P0143,2,109.7,0.0
OI00066991,O0038143,P0067,1,285.69,0.0
OI00066992,O0038143,P0069,1,96.97,0.0
OI00067029,O0038162,P0072,1,175.87,0.0
OI00067030,O0038162,P0175,1,11.95,0.0
OI00067062,O0038179,P0113,2,100.15,0.0
OI00067063,O0038179,P0099,3,234.59,0.0
OI00067064,O0038179,P0166,1,33.36,0.0
OI00067068,O0038182,P0089,1,359.43,0.0
OI00067069,O0038182,P0042,1,121.0,0.1
OI00067093,O0038194,P0058,1,146.38,0.0
OI00067107,O0038202,P0161,1,61.79,0.0
OI00067116,O0038208,P0123,1,49.44,0.15
OI00067121,O0038212,P0081,1,408.26,0.0
OI00067122,O0038213,P0025,1,422.46,0.1
OI00067139,O0038223,P0096,1,89.45,0.0
OI00067140,O0038223,P0027,3,884.12,0.2
OI00067154,O0038232,P0165,1,40.39,0.0
OI00067155,O0038232,P0008,1,1204.49,0.15
OI00067167,O0038240,P0170,1,9.58,0.1
OI00067168,O0038240,P0005,1,1331.45,0.0
OI00067169,O0038240,P0138,1,36.02,0.15
OI00067170,O0038240,P0132,1,28.91,0.1
OI00067171,O0038241,P0133,1,10.12,0.0
OI00067172,O0038241,P0058,1,149.56,0.0
OI00067197,O0038257,P0075,1,53.5,0.0
OI00067198,O0038257,P0014,1,834.15,0.0
OI00067222,O0038270,P0057,1,131.32,0.05
OI00067226,O0038273,P0121,1,145.62,0.0
OI00067233,O0038279,P0041,1,229.45,0.0
OI00067252,O0038292,P0143,1,112.55,0.0
OI00067253,O0038292,P0089,1,352.53,0.05
OI00067256,O0038294,P0175,1,12.28,0.05
OI00067257,O0038294,P0150,1,11.37,0.0
OI00067258,O0038294,P0110,2,73.8,0.0
OI00067261,O0038297,P0082,1,381.31,0.05
OI00067262,O0038297,P0123,1,50.19,0.0
OI00067263,O0038297,P0156,1,87.69,0.1
OI00067264,O0038297,P0180,2,52.11,0.0
OI00067265,O0038298,P0108,1,41.45,0.0
OI00067266,O0038298,P0137,1,26.71,0.0
OI00067267,O0038299,P0096,2,87.92,0.0
OI00067268,O0038299,P0086,1,50.07,0.0
OI00067269,O0038299,P0159,1,175.69,0.0
OI00067282,O0038307,P0109,1,172.75,0.2
OI00067283,O0038307,P0099,2,229.74,0.05
OI00067294,O0038313,P0045,1,402.22,0.0
OI00067295,O0038314,P0129,1,292.86,0.0
OI00067296,O0038314,P0140,1,15.6,0.0
OI00067303,O0038318,P0042,1,119.83,0.0
OI00067309,O0038321,P0110,1,73.19,0.1
OI00067322,O0038327,P0139,1,25.08,0.1
OI00067332,O0038333,P0098,2,318.76,0.0
OI00067407,O0038378,P0180,2,52.28,0.1
OI00067411,O0038381,P0078,1,133.51,0.0
OI00067412,O0038381,P0044,1,124.72,0.0
OI00067413,O0038382,P0071,1,113.85,0.0
OI00067414,O0038382,P0021,2,668.74,0.05
OI00067415,O0038383,P0122,1,383.82,0.0
OI00067416,O0038384,P0004,1,999.02,0.0
OI00067417,O0038384,P0006,1,2190.66,0.0
OI00067429,O0038393,P0021,1,656.36,0.0
OI00067430,O0038393,P0136,1,83.53,0.0
OI00067431,O0038393,P0158,1,64.56,0.15
OI00067475,O0038418,P0025,1,430.28,0.0
OI00067486,O0038425,P0138,1,35.53,0.2
OI00067499,O0038433,P0117,1,30.17,0.0
OI00067505,O0038437,P0121,1,140.51,0.0
OI00067515,O0038442,P0047,1,137.77,0.0
OI00067516,O0038442,P0123,1,49.37,0.0
OI00067517,O0038443,P0120,2,334.94,0.0
OI00067518,O0038444,P0032,1,883.42,0.0
OI00067524,O0038447,P0159,2,183.36,0.1
OI00067525,O0038447,P0122,1,392.56,0.0
OI00067526,O0038447,P0012,1,1512.33,0.05
OI00067527,O0038447,P0024,1,511.41,0.0
OI00067553,O0038462,P0083,1,715.98,0.0
OI00067554,O0038462,P0091,1,172.04,0.0
OI00067563,O0038467,P0030,1,836.19,0.0
OI00067564,O0038467,P0057,1,132.69,0.0
OI00067584,O0038479,P0160,1,23.91,0.1
OI00067590,O0038483,P0005,1,1361.51,0.1
OI00067591,O0038483,P0041,1,234.91,0.0
OI00067602,O0038492,P0145,1,166.89,0.0
OI00067614,O0038499,P0114,1,29.27,0.0
OI00067615,O0038499,P0084,2,627.79,0.1
OI00067620,O0038503,P0083,1,764.5,0.0
OI00067646,O0038518,P0045,1,407.23,0.0
OI00067647,O0038518,P0087,1,494.96,0.0
OI00067664,O0038530,P0077,1,407.38,0.0
OI00067665,O0038531,P0036,2,717.37,0.0
OI00067666,O0038531,P0137,1,26.17,0.2
OI00067674,O0038535,P0009,1,1269.33,0.0
OI00067691,O0038547,P0026,2,1178.17,0.0
OI00067692,O0038547,P0062,1,54.19,0.0
OI00067695,O0038550,P0104,1,29.56,0.0
OI00067699,O0038554,P0151,1,19.75,0.0
OI00067701,O0038556,P0080,1,229.77,0.05
OI00067714,O0038563,P0119,1,32.12,0.0
OI00067715,O0038563,P0175,1,12.03,0.0
OI00067718,O0038566,P0169,1,188.17,0.05
OI00067733,O0038577,P0058,1,148.41,0.0
OI00067734,O0038577,P0082,1,375.13,0.0
OI00067735,O0038577,P0100,1,63.04,0.1
OI00067737,O0038579,P0040,1,1037.14,0.0
OI00067738,O0038579,P0083,1,740.13,0.0
OI00067739,O0038579,P0178,1,10.88,0.0
OI00067743,O0038583,P0147,1,78.04,0.15
OI00067744,O0038583,P0138,1,34.97,0.1
OI00067747,O0038585,P0019,1,406.64,0.0
OI00067748,O0038585,P0034,1,550.91,0.0
OI00067749,O0038585,P0081,1,402.29,0.0
OI00067750,O0038585,P0110,1,74.64,0.0
OI00067752,O0038587,P0087,1,486.0,0.1
OI00067753,O0038587,P0042,1,121.29,0.05
OI00067754,O0038588,P0066,1,268.15,0.0
OI00067759,O0038593,P0156,1,88.98,0.05
OI00067760,O0038593,P0093,1,83.55,0.05
OI00067761,O0038593,P0054,1,56.29,0.1
OI00067786,O0038609,P0114,2,29.21,0.2
OI00067802,O0038617,P0009,1,1298.16,0.0
OI00067803,O0038617,P0174,1,18.57,0.0
OI00067804,O0038617,P0083,1,722.39,0.1
OI00067805,O0038618,P0147,1,77.36,0.2
OI00067806,O0038618,P0113,1,100.9,0.0
OI00067816,O0038623,P0068,2,141.68,0.0
OI00067817,O0038623,P0134,1,132.3,0.0
OI00067823,O0038627,P0033,1,1363.59,0.0
OI00067833,O0038634,P0043,1,288.84,0.0
OI00067834,O0038634,P0081,1,414.57,0.0
OI00067835,O0038634,P0114,1,28.41,0.1
OI00067836,O0038635,P0070,1,52.77,0.0
OI00067843,O0038639,P0134,2,135.45,0.05
OI00067844,O0038639,P0156,1,88.46,0.0
OI00067849,O0038642,P0114,1,29.09,0.0
OI00067853,O0038645,P0114,1,29.03,0.15
OI00067854,O0038645,P0082,1,383.94,0.15
OI00067865,O0038651,P0063,1,58.9,0.1
OI00067866,O0038651,P0170,1,9.56,0.0
OI00067889,O0038665,P0097,2,143.77,0.0
OI00067892,O0038668,P0125,1,299.29,0.0
OI00067893,O0038668,P0020,1,556.88,0.0
OI00067972,O0038717,P0044,1,124.08,0.0
OI00067973,O0038717,P0058,1,150.04,0.0
OI00067985,O0038723,P0054,1,56.37,0.0
OI00067986,O0038723,P0088,1,311.02,0.0
OI00067999,O0038729,P0065,1,314.29,0.0
OI00068002,O0038731,P0106,1,132.66,0.0
OI00068003,O0038731,P0081,1,402.66,0.0
OI00068013,O0038736,P0108,2,41.2,0.0
OI00068033,O0038747,P0111,1,293.67,0.0
OI00068034,O0038747,P0010,1,890.77,0.0
OI00068035,O0038747,P0177,1,23.01,0.0
OI00068036,O0038748,P0028,1,1248.53,0.0
OI00068048,O0038754,P0010,1,879.04,0.0
OI00068053,O0038757,P0140,1,15.3,0.0
OI00068054,O0038757,P0047,1,138.94,0.0
OI00068055,O0038757,P0034,1,537.43,0.0
OI00068056,O0038758,P0075,1,52.52,0.0
OI00068057,O0038759,P0171,1,39.18,0.0
OI00068058,O0038759,P0170,1,9.17,0.0
OI00068059,O0038760,P0029,2,516.13,0.1
OI00068060,O0038760,P0129,1,308.11,0.05
OI00068061,O0038761,P0112,2,39.91,0.0
OI00068062,O0038761,P0005,1,1315.96,0.0
OI00068066,O0038763,P0143,1,110.01,0.0
OI00068099,O0038780,P0169,1,190.05,0.0
OI00068100,O0038780,P0061,1,385.13,0.0
OI00068102,O0038782,P0038,1,472.15,0.0
OI00068103,O0038782,P0157,2,117.78,0.0
OI00068109,O0038786,P0053,2,343.83,0.0
OI00068110,O0038786,P0094,1,72.37,0.0
OI00068153,O0038814,P0101,1,129.77,0.0
OI00068197,O0038838,P0139,3,24.53,0.15
OI00068198,O0038838,P0011,1,1067.71,0.2
OI00068199,O0038838,P0050,1,92.2,0.15
OI00068215,O0038848,P0061,1,381.01,0.0
OI00068225,O0038853,P0144,2,13.87,0.0
OI00068226,O0038853,P0098,1,320.1,0.0
OI00068227,O0038853,P0179,3,81.91,0.1
OI00068229,O0038855,P0110,1,75.4,0.0
OI00068276,O0038883,P0020,1,542.61,0.1
OI00068280,O0038886,P0178,1,11.35,0.0
OI00068308,O0038899,P0142,1,12.46,0.15
OI00068310,O0038901,P0128,1,71.37,0.0
OI00068311,O0038901,P0035,1,1072.45,0.0
OI00068322,O0038909,P0043,1,292.72,0.0
OI00068323,O0038909,P0102,1,52.46,0.2
OI00068324,O0038910,P0047,2,130.5,0.05
OI00068360,O0038930,P0088,2,294.63,0.0
OI00068361,O0038930,P0180,1,53.65,0.05
OI00068362,O0038930,P0072,1,175.34,0.15
OI00068363,O0038930,P0054,2,56.79,0.1
OI00068391,O0038945,P0113,1,99.19,0.0
OI00068392,O0038945,P0163,1,18.55,0.1
OI00068407,O0038954,P0132,1,29.93,0.25
OI00068408,O0038955,P0174,1,18.73,0.0
OI00068421,O0038963,P0009,1,1288.97,0.0
OI00068443,O0038975,P0124,2,66.06,0.0
OI00068455,O0038983,P0109,1,165.41,0.1
OI00068456,O0038983,P0080,1,244.7,0.2
OI00068463,O0038987,P0123,1,49.94,0.0
OI00068466,O0038989,P0058,1,150.22,0.0
OI00068467,O0038989,P0175,1,12.16,0.0
OI00068468,O0038989,P0110,1,77.21,0.0
OI00068474,O0038994,P0053,1,358.15,0.0
OI00068481,O0038999,P0030,1,863.31,0.0
OI00068486,O0039003,P0081,1,411.32,0.0
OI00068487,O0039003,P0103,1,86.44,0.05
OI00068499,O0039010,P0101,2,128.44,0.0
OI00068506,O0039015,P0161,1,63.5,0.0
OI00068513,O0039021,P0112,1,39.88,0.0
OI00068514,O0039021,P0092,2,195.92,0.15
OI00068518,O0039024,P0130,1,29.27,0.1
OI00068532,O0039031,P0027,1,902.85,0.1
OI00068533,O0039031,P0089,1,348.72,0.0
OI00068537,O0039033,P0037,1,532.79,0.0
OI00068538,O0039034,P0032,1,847.28,0.0
OI00068574,O0039050,P0017,1,1647.52,0.0
OI00068605,O0039070,P0054,2,56.95,0.0
OI00068621,O0039078,P0093,1,84.84,0.1
OI00068625,O0039081,P0171,1,37.56,0.0
OI00068626,O0039081,P0056,1,126.11,0.1
OI00068631,O0039084,P0088,1,294.92,0.1
OI00068633,O0039086,P0126,1,189.81,0.0
OI00068634,O0039086,P0089,1,352.23,0.0
OI00068642,O0039091,P0084,1,629.92,0.0
OI00068673,O0039106,P0047,3,136.77,0.15
OI00068674,O0039106,P0167,1,124.85,0.0
OI00068675,O0039106,P0166,1,32.61,0.1
OI00068685,O0039112,P0047,2,140.1,0.0
OI00068686,O0039112,P0063,1,60.85,0.0
OI00068721,O0039129,P0020,1,545.08,0.0
OI00068722,O0039129,P0027,1,912.51,0.0
OI00068751,O0039145,P0159,1,175.77,0.0
OI00068752,O0039145,P0040,1,1004.23,0.0
OI00068756,O0039148,P0147,1,76.91,0.0
OI00068757,O0039148,P0063,1,59.1,0.0
OI00068776,O0039161,P0101,1,122.19,0.0
OI00068777,O0039161,P0154,1,57.65,0.0
OI00068778,O0039161,P0138,1,34.65,0.0
OI00068779,O0039162,P0038,1,499.02,0.0
OI00068780,O0039162,P0151,2,19.33,0.0
OI00068781,O0039162,P0134,1,132.0,0.0
OI00068787,O0039166,P0027,1,930.72,0.05
OI00068804,O0039173,P0085,1,489.37,0.15
OI00068805,O0039173,P0131,1,50.24,0.0
OI00068818,O0039180,P0124,1,66.5,0.05
OI00068819,O0039180,P0032,1,881.5,0.1
OI00068824,O0039183,P0144,1,13.47,0.0
OI00068826,O0039185,P0077,1,399.98,0.1
OI00068827,O0039185,P0105,1,128.55,0.2
OI00068828,O0039185,P0092,1,193.76,0.1
OI00068829,O0039186,P0044,1,124.02,0.0
OI00068856,O0039200,P0020,1,554.53,0.0
OI00068857,O0039200,P0174,1,18.43,0.0
OI00068881,O0039214,P0169,1,187.13,0.0
OI00068884,O0039216,P0031,1,1299.68,0.15
OI00068885,O0039216,P0125,1,299.04,0.0
OI00068886,O0039216,P0165,1,40.41,0.1
OI00068887,O0039216,P0180,1,52.68,0.0
OI00068903,O0039226,P0175,2,11.48,0.0
OI00068923,O0039238,P0157,3,117.45,0.1
OI00068924,O0039239,P0031,1,1299.54,0.0
OI00068925,O0039239,P0011,1,1042.88,0.0
OI00068949,O0039254,P0152,1,14.41,0.0
OI00069010,O0039289,P0117,1,30.28,0.0
OI00069011,O0039289,P0076,1,124.86,0.0
OI00069012,O0039289,P0159,1,177.24,0.0
OI00069014,O0039291,P0133,1,10.06,0.0
OI00069015,O0039291,P0131,1,49.27,0.05
OI00069016,O0039291,P0094,1,74.09,0.0
OI00069017,O0039292,P0152,1,15.05,0.1
OI00069018,O0039292,P0054,1,56.93,0.0
OI00069040,O0039304,P0063,1,59.65,0.0
OI00069058,O0039315,P0094,1,71.84,0.0
OI00069075,O0039321,P0003,1,1189.67,0.0
OI00069076,O0039321,P0070,1,53.85,0.0
OI00069095,O0039334,P0116,1,69.92,0.0
OI00069096,O0039334,P0156,1,89.33,0.0
OI00069097,O0039334,P0013,1,1064.6,0.0
OI00069099,O0039336,P0115,1,68.9,0.0
OI00069125,O0039349,P0071,1,113.91,0.0
OI00069154,O0039365,P0027,1,908.6,0.0
OI00069155,O0039365,P0004,1,958.24,0.0
OI00069156,O0039365,P0042,1,121.81,0.0
OI00069165,O0039369,P0026,1,1168.73,0.0
OI00069166,O0039370,P0079,2,168.31,0.0
OI00069167,O0039370,P0073,1,97.69,0.0
OI00069168,O0039370,P0066,1,265.47,0.0
OI00069169,O0039370,P0082,1,381.6,0.0
OI00069172,O0039373,P0040,1,1021.52,0.0
OI00069173,O0039373,P0066,1,278.89,0.15
OI00069191,O0039387,P0019,1,411.66,0.0
OI00069211,O0039401,P0092,1,195.97,0.0
OI00069212,O0039401,P0128,1,69.37,0.0
OI00069222,O0039407,P0162,1,19.71,0.0
OI00069223,O0039407,P0089,2,360.26,0.0
OI00069224,O0039407,P0127,1,157.29,0.05
OI00069237,O0039413,P0152,3,15.13,0.0
OI00069242,O0039417,P0053,1,362.68,0.0
OI00069250,O0039422,P0145,1,168.35,0.0
OI00069255,O0039425,P0132,1,29.25,0.0
OI00069256,O0039425,P0067,1,277.65,0.15
OI00069257,O0039425,P0111,1,287.0,0.0
OI00069258,O0039425,P0176,2,134.84,0.0
OI00069271,O0039434,P0094,1,72.07,0.0
OI00069275,O0039436,P0009,1,1292.71,0.0
OI00069276,O0039436,P0068,1,141.29,0.0
OI00069312,O0039457,P0147,1,75.15,0.0
OI00069313,O0039457,P0148,2,15.16,0.0
OI00069322,O0039463,P0079,1,176.81,0.1
OI00069324,O0039465,P0090,1,201.83,0.1
OI00069329,O0039469,P0106,1,124.72,0.0
OI00069350,O0039482,P0163,1,18.36,0.0
OI00069351,O0039482,P0028,1,1216.39,0.1
OI00069355,O0039485,P0030,1,849.79,0.0
OI00069356,O0039485,P0120,1,341.6,0.0
OI00069357,O0039485,P0070,1,53.22,0.0
OI00069375,O0039497,P0144,1,13.84,0.05
OI00069376,O0039497,P0100,1,61.22,0.0
OI00069439,O0039532,P0161,1,61.83,0.0
OI00069440,O0039532,P0065,1,304.89,0.0
OI00069450,O0039540,P0112,1,41.55,0.1
OI00069451,O0039540,P0161,2,63.41,0.1
OI00069452,O0039540,P0057,1,128.58,0.0
OI00069479,O0039553,P0076,1,123.63,0.0
OI00069480,O0039553,P0116,2,69.94,0.25
OI00069481,O0039553,P0155,1,50.13,0.05
OI00069482,O0039553,P0119,2,32.61,0.0
OI00069507,O0039570,P0074,1,253.08,0.0
OI00069517,O0039575,P0037,2,527.83,0.0
OI00069518,O0039576,P0083,1,746.99,0.0
OI00069540,O0039590,P0174,1,18.38,0.0
OI00069547,O0039595,P0101,1,127.5,0.0
OI00069550,O0039597,P0044,1,123.45,0.0
OI00069551,O0039597,P0136,1,84.24,0.0
OI00069554,O0039599,P0179,1,79.04,0.0
OI00069555,O0039599,P0104,1,29.46,0.0
OI00069565,O0039604,P0083,1,723.15,0.0
OI00069566,O0039604,P0125,1,289.56,0.0
OI00069567,O0039604,P0092,1,202.98,0.1
OI00069568,O0039604,P0154,1,56.5,0.15
OI00069573,O0039609,P0070,1,53.68,0.0
OI00069574,O0039610,P0043,1,290.67,0.0
OI00069575,O0039610,P0114,1,28.7,0.0
OI00069579,O0039613,P0033,3,1351.56,0.05
OI00069580,O0039613,P0136,1,84.89,0.05
OI00069581,O0039613,P0064,1,128.88,0.0
OI00069582,O0039613,P0074,1,260.56,0.0
OI00069635,O0039644,P0075,1,54.37,0.1
OI00069636,O0039644,P0173,1,44.81,0.0
OI00069637,O0039645,P0096,1,86.53,0.1
OI00069641,O0039649,P0122,1,386.24,0.0
OI00069696,O0039679,P0055,1,326.47,0.0
OI00069697,O0039680,P0109,1,164.52,0.0
OI00069698,O0039680,P0016,1,930.25,0.0
OI00069702,O0039683,P0064,1,127.67,0.0
OI00069703,O0039684,P0013,2,1085.28,0.0
OI00069704,O0039684,P0024,1,501.37,0.0
OI00069705,O0039684,P0173,1,45.24,0.0
OI00069706,O0039685,P0085,1,483.72,0.15
OI00069722,O0039697,P0067,1,284.98,0.0
OI00069723,O0039697,P0174,1,18.4,0.1
OI00069828,O0039754,P0112,1,40.86,0.0
OI00069829,O0039754,P0164,1,39.56,0.0
OI00069843,O0039761,P0022,1,858.18,0.15
OI00069844,O0039761,P0110,1,73.78,0.0
OI00069845,O0039762,P0029,1,518.16,0.0
OI00069846,O0039762,P0109,1,169.32,0.0
OI00069851,O0039764,P0015,2,1438.55,0.0
OI00069855,O0039766,P0135,1,186.23,0.1
OI00069856,O0039767,P0138,1,35.18,0.0
OI00069857,O0039767,P0105,1,128.74,0.0
OI00069870,O0039775,P0175,1,11.93,0.25
OI00069871,O0039775,P0087,1,490.85,0.0
OI00069872,O0039775,P0003,2,1220.55,0.1
OI00069912,O0039799,P0180,2,52.71,0.0
OI00069913,O0039799,P0142,1,12.1,0.0
OI00069956,O0039823,P0150,1,11.78,0.0
OI00069957,O0039823,P0165,1,40.26,0.0
OI00069958,O0039823,P0160,1,24.94,0.0
OI00069980,O0039837,P0098,1,320.98,0.0
OI00069997,O0039846,P0047,2,139.31,0.0
OI00070009,O0039853,P0132,1,28.64,0.0
OI00070010,O0039853,P0119,1,33.47,0.0
OI00070026,O0039863,P0145,1,167.24,0.1
OI00070027,O0039863,P0035,1,1023.44,0.0
OI00070028,O0039863,P0082,1,383.72,0.25
OI00070069,O0039886,P0100,1,60.41,0.0
OI00070070,O0039886,P0105,1,128.91,0.1
OI00070077,O0039890,P0111,1,289.96,0.0
OI00070081,O0039894,P0106,1,128.99,0.0
OI00070082,O0039894,P0102,1,51.33,0.0
OI00070083,O0039894,P0008,1,1167.17,0.15
OI00070091,O0039899,P0118,1,129.37,0.0
OI00070092,O0039899,P0045,1,422.9,0.05
OI00070102,O0039906,P0129,2,303.4,0.0
OI00070103,O0039906,P0110,1,72.36,0.0
OI00070104,O0039906,P0064,1,127.46,0.0
OI00070131,O0039922,P0159,1,178.33,0.1
OI00070132,O0039922,P0142,2,12.39,0.0
OI00070133,O0039922,P0024,1,503.62,0.1
OI00070186,O0039952,P0161,1,64.63,0.0
OI00070188,O0039954,P0171,1,39.2,0.0
OI00070196,O0039959,P0061,1,382.43,0.0
OI00070200,O0039962,P0061,2,370.12,0.0
OI00070205,O0039966,P0168,1,63.35,0.0
OI00070208,O0039968,P0052,1,39.82,0.0
OI00070228,O0039979,P0084,1,637.18,0.0
OI00070232,O0039981,P0010,1,909.1,0.2
OI00070233,O0039981,P0066,1,274.85,0.0
OI00070241,O0039986,P0091,2,167.53,0.2
OI00070242,O0039986,P0175,3,11.54,0.0
OI00070243,O0039986,P0104,1,29.31,0.0
OI00070250,O0039991,P0013,1,1066.42,0.05
OI00070258,O0039996,P0177,1,22.85,0.0
OI00070259,O0039996,P0154,1,55.71,0.0
OI00070260,O0039996,P0130,1,30.54,0.0
OI00070265,O0039999,P0008,1,1171.91,0.2
OI00070266,O0039999,P0014,1,832.85,0.1
OI00070287,O0040009,P0042,1,117.98,0.05
OI00070305,O0040020,P0052,1,40.09,0.05
OI00070306,O0040020,P0171,1,38.11,0.0
OI00070308,O0040022,P0046,1,334.77,0.0
OI00070313,O0040025,P0011,1,1067.44,0.0
OI00070314,O0040025,P0032,1,903.49,0.0
OI00070315,O0040025,P0061,1,376.7,0.2
OI00070327,O0040033,P0047,1,134.78,0.0
OI00070328,O0040033,P0153,1,44.17,0.0
OI00070329,O0040034,P0101,1,126.63,0.15
OI00070341,O0040043,P0116,1,68.96,0.2
OI00070342,O0040043,P0091,1,172.07,0.0
OI00070343,O0040043,P0014,1,785.81,0.0
OI00070351,O0040047,P0166,1,33.34,0.0
OI00070352,O0040047,P0056,1,128.59,0.0
OI00070353,O0040047,P0028,1,1189.95,0.0
OI00070363,O0040054,P0108,1,41.34,0.0
OI00070364,O0040055,P0146,1,51.44,0.0
OI00070365,O0040055,P0127,1,162.51,0.1
OI00070366,O0040055,P0090,1,202.77,0.0
OI00070378,O0040065,P0092,1,200.19,0.0
OI00070404,O0040080,P0062,1,56.75,0.0
OI00070405,O0040080,P0061,1,388.36,0.0
OI00070406,O0040080,P0114,1,28.26,0.0
OI00070414,O0040086,P0063,3,59.14,0.0
OI00070423,O0040092,P0109,1,171.8,0.0
OI00070424,O0040092,P0166,1,32.18,0.0
OI00070478,O0040124,P0128,1,69.83,0.0
OI00070479,O0040125,P0103,1,86.73,0.0
OI00070482,O0040127,P0160,1,24.21,0.1
OI00070487,O0040131,P0051,1,54.9,0.0
OI00070488,O0040131,P0083,1,724.57,0.0
OI00070503,O0040139,P0125,1,288.47,0.05
OI00070512,O0040143,P0064,1,130.65,0.1
OI00070524,O0040151,P0083,1,752.27,0.0
OI00070525,O0040151,P0120,3,331.97,0.0
OI00070537,O0040159,P0146,1,52.54,0.05
OI00070542,O0040162,P0086,1,50.53,0.0
OI00070543,O0040162,P0003,1,1188.85,0.0
OI00070544,O0040162,P0135,2,185.72,0.1
OI00070558,O0040168,P0009,1,1272.87,0.0
OI00070559,O0040168,P0168,1,61.99,0.0
OI00070565,O0040173,P0055,1,340.96,0.0
OI00070566,O0040173,P0109,2,167.4,0.0
OI00070567,O0040173,P0004,1,984.24,0.0
OI00070568,O0040174,P0133,1,10.05,0.0
OI00070592,O0040187,P0168,2,61.24,0.0
OI00070593,O0040187,P0156,1,90.05,0.0
OI00070596,O0040189,P0132,1,28.69,0.0
OI00070597,O0040189,P0126,1,183.64,0.2
OI00070598,O0040189,P0059,1,49.58,0.0
OI00070633,O0040209,P0013,2,1074.17,0.0
OI00070634,O0040209,P0163,1,17.96,0.0
OI00070635,O0040209,P0117,1,31.01,0.1
OI00070646,O0040218,P0124,1,65.3,0.0
OI00070647,O0040218,P0075,1,55.3,0.05
OI00070660,O0040227,P0046,2,330.23,0.1
OI00070661,O0040227,P0142,1,12.64,0.0
OI00070662,O0040228,P0146,1,53.85,0.0
OI00070663,O0040228,P0043,1,289.71,0.0
OI00070673,O0040233,P0044,1,118.53,0.0
OI00070678,O0040236,P0071,2,115.58,0.2
OI00070708,O0040254,P0048,1,54.8,0.0
OI00070715,O0040258,P0166,1,33.17,0.0
OI00070716,O0040258,P0124,1,67.96,0.05
OI00070718,O0040260,P0133,1,10.03,0.0
OI00070719,O0040260,P0117,1,30.58,0.0
OI00070721,O0040262,P0056,1,128.06,0.0
OI00070722,O0040262,P0114,1,29.27,0.0
OI00070724,O0040264,P0062,1,57.55,0.0
OI00070725,O0040264,P0008,1,1211.85,0.0
OI00070726,O0040264,P0012,1,1529.31,0.15
OI00070739,O0040271,P0112,1,39.42,0.0
OI00070740,O0040271,P0036,1,705.93,0.0
OI00070741,O0040271,P0055,1,330.11,0.0
OI00070742,O0040272,P0014,1,825.37,0.05
OI00070766,O0040287,P0090,1,199.44,0.0
OI00070787,O0040297,P0022,1,865.38,0.15
OI00070788,O0040298,P0057,1,129.2,0.0
OI00070789,O0040298,P0133,1,9.78,0.0
OI00070794,O0040301,P0052,1,39.88,0.1
OI00070795,O0040301,P0125,1,293.69,0.0
OI00070796,O0040301,P0124,1,65.4,0.0
OI00070825,O0040315,P0068,2,140.68,0.0
OI00070826,O0040315,P0104,2,30.62,0.0
OI00070827,O0040315,P0137,1,26.41,0.1
OI00070837,O0040321,P0066,1,268.65,0.15
OI00070846,O0040327,P0054,1,55.96,0.0
OI00070860,O0040335,P0027,1,919.91,0.0
OI00070863,O0040337,P0124,1,64.31,0.1
OI00070875,O0040344,P0100,1,60.3,0.0
OI00070876,O0040344,P0073,1,95.11,0.15
OI00070877,O0040344,P0094,1,76.29,0.0
OI00070889,O0040350,P0172,1,21.75,0.0
OI00070890,O0040351,P0064,1,129.65,0.0
OI00070891,O0040351,P0073,1,98.47,0.2
OI00070900,O0040355,P0021,1,645.15,0.0
OI00070901,O0040355,P0121,1,149.19,0.0
OI00070902,O0040355,P0159,2,179.11,0.15
OI00070903,O0040356,P0162,1,19.66,0.0
OI00070904,O0040356,P0100,1,62.59,0.0
OI00070951,O0040384,P0154,1,54.27,0.05
OI00070967,O0040391,P0025,1,429.1,0.1
OI00070985,O0040400,P0075,1,52.14,0.0
OI00070986,O0040400,P0112,1,40.24,0.0
OI00070987,O0040400,P0106,1,136.6,0.0
OI00071020,O0040415,P0076,1,127.15,0.0
OI00071028,O0040422,P0067,1,286.66,0.0
OI00071034,O0040425,P0091,1,161.87,0.0
OI00071036,O0040427,P0037,1,530.73,0.0
OI00071037,O0040427,P0008,1,1201.89,0.1
OI00071040,O0040429,P0115,1,68.62,0.0
OI00071041,O0040429,P0095,1,287.26,0.05
OI00071042,O0040429,P0144,1,13.83,0.0
OI00071051,O0040434,P0164,2,40.06,0.0
OI00071052,O0040434,P0147,1,76.22,0.0
OI00071065,O0040443,P0008,2,1176.43,0.0
OI00071067,O0040445,P0089,2,360.63,0.15
OI00071068,O0040446,P0077,3,403.88,0.1
OI00071069,O0040446,P0046,1,336.27,0.0
OI00071070,O0040446,P0110,2,71.48,0.05
OI00071074,O0040449,P0152,1,15.28,0.0
OI00071075,O0040449,P0014,2,850.35,0.15
OI00071076,O0040449,P0179,1,81.52,0.15
OI00071081,O0040453,P0167,1,127.93,0.0
OI00071082,O0040453,P0108,1,42.45,0.0
OI00071090,O0040458,P0005,1,1364.97,0.1
OI00071124,O0040478,P0150,1,11.16,0.0
OI00071127,O0040480,P0021,1,666.15,0.0
OI00071130,O0040482,P0089,1,354.75,0.0
OI00071131,O0040482,P0074,1,259.8,0.0
OI00071132,O0040482,P0027,1,889.81,0.1
OI00071133,O0040482,P0098,1,321.37,0.0
OI00071137,O0040485,P0150,1,11.15,0.0
OI00071138,O0040485,P0074,1,257.78,0.1
OI00071147,O0040491,P0064,1,128.07,0.0
OI00071149,O0040493,P0180,1,51.94,0.1
OI00071150,O0040493,P0046,1,321.89,0.0
OI00071151,O0040493,P0106,1,127.31,0.1
OI00071152,O0040494,P0149,1,18.42,0.05
OI00071153,O0040494,P0130,1,30.02,0.2
OI00071154,O0040494,P0011,2,1067.06,0.1
OI00071158,O0040497,P0131,1,49.14,0.15
OI00071159,O0040497,P0048,1,55.78,0.05
OI00071183,O0040516,P0077,2,419.83,0.0
OI00071210,O0040533,P0134,1,130.88,0.0
OI00071250,O0040550,P0137,1,26.88,0.0
OI00071254,O0040553,P0167,1,126.87,0.0
OI00071264,O0040559,P0099,2,231.84,0.0
OI00071298,O0040578,P0126,1,183.36,0.0
OI00071299,O0040578,P0157,1,123.92,0.0
OI00071300,O0040578,P0096,1,87.21,0.0
OI00071335,O0040599,P0086,1,51.45,0.05
OI00071350,O0040609,P0143,1,108.15,0.0
OI00071351,O0040609,P0167,1,128.28,0.0
OI00071370,O0040619,P0089,1,349.04,0.0
OI00071371,O0040619,P0169,1,181.17,0.0
OI00071403,O0040637,P0167,1,128.11,0.0
OI00071448,O0040663,P0135,1,183.83,0.1
OI00071453,O0040666,P0111,1,296.31,0.0
OI00071479,O0040684,P0001,1,1713.17,0.0
OI00071480,O0040684,P0148,1,14.83,0.0
OI00071486,O0040687,P0105,1,129.62,0.1
OI00071491,O0040691,P0101,1,122.82,0.0
OI00071498,O0040696,P0056,2,123.78,0.0
OI00071499,O0040696,P0166,1,32.61,0.25
OI00071503,O0040699,P0070,1,53.51,0.0
OI00071504,O0040699,P0118,1,124.88,0.05
OI00071541,O0040720,P0106,1,133.23,0.0
OI00071542,O0040720,P0145,1,170.16,0.2
OI00071543,O0040721,P0003,1,1220.88,0.0
OI00071544,O0040722,P0062,1,57.94,0.0
OI00071545,O0040722,P0073,1,97.61,0.0
OI00071547,O0040724,P0082,1,380.26,0.15
OI00071548,O0040724,P0154,1,56.77,0.0
OI00071572,O0040738,P0082,1,375.59,0.0
OI00071573,O0040738,P0123,1,49.39,0.05
OI00071574,O0040738,P0022,1,857.42,0.2
OI00071575,O0040739,P0131,1,49.25,0.0
OI00071576,O0040740,P0021,1,658.41,0.0
OI00071577,O0040740,P0009,1,1320.12,0.0
OI00071578,O0040740,P0081,1,403.4,0.0
OI00071584,O0040744,P0080,1,238.23,0.1
OI00071585,O0040745,P0140,1,15.48,0.0
OI00071591,O0040749,P0052,1,40.69,0.05
OI00071594,O0040751,P0113,1,103.95,0.1
OI00071595,O0040751,P0036,2,710.89,0.0
OI00071596,O0040751,P0174,1,18.24,0.05
OI00071597,O0040751,P0072,1,171.19,0.0
OI00071604,O0040756,P0129,1,298.44,0.0
OI00071630,O0040769,P0065,1,317.72,0.15
OI00071631,O0040770,P0082,1,386.37,0.1
OI00071632,O0040771,P0039,2,524.99,0.05
OI00071633,O0040771,P0071,1,112.46,0.0
OI00071651,O0040781,P0124,1,68.52,0.0
OI00071675,O0040794,P0079,1,175.54,0.0
OI00071676,O0040794,P0005,1,1286.77,0.0
OI00071677,O0040794,P0165,1,40.24,0.0
OI00071678,O0040795,P0109,1,162.05,0.05
OI00071679,O0040795,P0053,1,353.82,0.05
OI00071680,O0040796,P0082,1,373.44,0.0
OI00071685,O0040798,P0049,2,348.08,0.0
OI00071686,O0040798,P0174,1,18.43,0.0
OI00071699,O0040805,P0095,1,282.46,0.15
OI00071700,O0040805,P0144,1,13.75,0.0
OI00071713,O0040813,P0123,1,49.66,0.0
OI00071714,O0040813,P0165,1,42.49,0.0
OI00071715,O0040813,P0134,3,132.52,0.1
OI00071719,O0040817,P0115,1,65.81,0.0
OI00071739,O0040826,P0026,2,1160.7,0.1
OI00071740,O0040827,P0058,1,148.21,0.1
OI00071755,O0040835,P0141,1,23.7,0.0
OI00071757,O0040837,P0048,1,58.33,0.0
OI00071758,O0040837,P0047,2,136.76,0.0
OI00071759,O0040837,P0021,2,647.49,0.0
OI00071832,O0040876,P0068,1,144.58,0.0
OI00071833,O0040876,P0061,1,376.83,0.0
OI00071898,O0040914,P0074,1,262.57,0.0
OI00071899,O0040914,P0110,2,74.65,0.0
OI00071912,O0040923,P0078,1,133.63,0.0
OI00071913,O0040923,P0098,1,319.22,0.0
OI00071914,O0040923,P0102,1,51.45,0.1
OI00071915,O0040923,P0036,1,721.13,0.2
OI00071922,O0040928,P0063,1,58.62,0.0
OI00071923,O0040928,P0120,1,345.94,0.0
OI00071924,O0040929,P0111,1,286.28,0.0
OI00071925,O0040929,P0015,1,1400.55,0.1
OI00071932,O0040932,P0135,1,180.25,0.0
OI00071933,O0040933,P0105,1,136.2,0.2
OI00071934,O0040933,P0098,1,314.09,0.0
OI00071935,O0040933,P0112,1,39.34,0.2
OI00071936,O0040934,P0111,1,282.4,0.0
OI00071937,O0040934,P0100,1,61.19,0.25
OI00071959,O0040947,P0073,1,95.61,0.0
OI00071984,O0040960,P0152,1,15.03,0.0
OI00071985,O0040960,P0099,1,228.1,0.0
OI00071986,O0040960,P0147,1,76.45,0.1
OI00071991,O0040964,P0090,1,207.99,0.05
OI00071992,O0040964,P0001,1,1734.3,0.0
OI00071996,O0040967,P0144,1,13.94,0.15
OI00071999,O0040970,P0076,1,124.84,0.0
OI00072000,O0040970,P0110,1,75.28,0.0
OI00072001,O0040970,P0164,1,39.18,0.0
OI00072011,O0040977,P0123,1,49.37,0.0
OI00072020,O0040983,P0012,1,1538.65,0.0
OI00072045,O0040996,P0107,2,155.8,0.0
OI00072046,O0040996,P0160,1,24.25,0.0
OI00072047,O0040996,P0028,1,1231.39,0.0
OI00072064,O0041006,P0133,1,9.98,0.1
OI00072074,O0041014,P0059,1,50.7,0.15
OI00072075,O0041014,P0170,1,9.67,0.0
OI00072076,O0041014,P0134,1,134.33,0.1
OI00072077,O0041014,P0126,2,182.78,0.0
OI00072097,O0041028,P0127,3,167.53,0.0
OI00072098,O0041028,P0045,1,413.15,0.0
OI00072100,O0041030,P0063,1,58.98,0.05
OI00072106,O0041035,P0154,1,56.29,0.0
OI00072107,O0041035,P0001,1,1743.35,0.2
OI00072113,O0041040,P0015,1,1473.38,0.0
OI00072117,O0041042,P0101,1,122.77,0.0
OI00072136,O0041054,P0177,1,23.0,0.0
OI00072137,O0041054,P0079,1,172.97,0.0
OI00072153,O0041067,P0140,1,15.67,0.05
OI00072154,O0041067,P0064,1,125.64,0.0
OI00072164,O0041074,P0005,1,1359.75,0.0
OI00072165,O0041074,P0109,3,168.17,0.0
OI00072166,O0041074,P0032,1,892.58,0.1
OI00072167,O0041075,P0073,1,97.33,0.0
OI00072179,O0041082,P0137,1,25.61,0.0
OI00072214,O0041104,P0179,1,83.85,0.0
OI00072215,O0041104,P0096,1,85.58,0.1
OI00072226,O0041111,P0035,1,1087.88,0.0
OI00072227,O0041111,P0109,1,170.37,0.1
OI00072258,O0041130,P0111,1,281.39,0.0
OI00072259,O0041131,P0049,1,337.36,0.0
OI00072277,O0041142,P0125,1,289.73,0.0
OI00072300,O0041157,P0170,1,9.51,0.0
OI00072301,O0041157,P0030,1,853.08,0.05
OI00072302,O0041157,P0162,1,19.51,0.15
OI00072309,O0041161,P0152,1,14.71,0.05
OI00072311,O0041163,P0124,1,64.84,0.1
OI00072312,O0041164,P0163,1,18.25,0.0
OI00072316,O0041167,P0162,1,19.01,0.0
OI00072317,O0041167,P0180,1,51.49,0.0
OI00072318,O0041167,P0108,1,41.66,0.0
OI00072319,O0041168,P0028,1,1253.54,0.0
OI00072320,O0041168,P0035,1,1054.68,0.0
OI00072331,O0041177,P0139,1,24.54,0.05
OI00072332,O0041177,P0004,2,1038.03,0.0
OI00072333,O0041177,P0101,1,128.11,0.05
OI00072342,O0041183,P0099,1,232.43,0.0
OI00072343,O0041183,P0168,1,60.89,0.0
OI00072344,O0041184,P0142,1,12.22,0.0
OI00072345,O0041184,P0074,1,253.58,0.0
OI00072359,O0041193,P0046,1,335.75,0.0
OI00072360,O0041193,P0071,2,114.7,0.05
OI00072370,O0041200,P0159,2,183.02,0.0
OI00072377,O0041204,P0023,1,977.36,0.0
OI00072446,O0041246,P0139,2,25.05,0.0
OI00072456,O0041252,P0162,1,20.01,0.0
OI00072466,O0041257,P0048,1,54.84,0.0
OI00072467,O0041257,P0043,2,293.28,0.0
OI00072471,O0041260,P0152,1,15.62,0.0
OI00072472,O0041260,P0136,2,84.24,0.0
OI00072473,O0041260,P0028,1,1194.68,0.0
OI00072492,O0041272,P0121,1,143.21,0.0
OI00072493,O0041272,P0149,1,18.25,0.1
OI00072494,O0041272,P0128,1,70.87,0.0
OI00072512,O0041281,P0131,1,49.62,0.0
OI00072513,O0041281,P0032,1,910.84,0.0
OI00072527,O0041288,P0167,2,128.36,0.0
OI00072532,O0041292,P0171,1,37.24,0.0
OI00072561,O0041310,P0169,3,189.64,0.1
OI00072562,O0041311,P0021,1,627.53,0.0
OI00072563,O0041311,P0075,1,52.92,0.0
OI00072583,O0041320,P0061,1,391.73,0.0
OI00072598,O0041330,P0017,1,1685.59,0.1
OI00072599,O0041330,P0042,1,120.77,0.05
OI00072600,O0041331,P0016,1,934.88,0.0
OI00072631,O0041346,P0123,1,49.55,0.15
OI00072632,O0041346,P0166,1,33.43,0.0
OI00072637,O0041350,P0056,1,127.78,0.1
OI00072638,O0041350,P0121,1,145.04,0.0
OI00072647,O0041358,P0176,1,137.28,0.15
OI00072648,O0041358,P0142,1,12.91,0.0
OI00072649,O0041358,P0168,1,62.27,0.0
OI00072660,O0041364,P0048,1,56.67,0.0
OI00072662,O0041366,P0078,1,133.94,0.0
OI00072666,O0041369,P0129,1,296.33,0.0
OI00072667,O0041369,P0168,1,61.38,0.0
OI00072668,O0041370,P0126,1,192.07,0.0
OI00072669,O0041370,P0067,2,281.22,0.0
OI00072672,O0041373,P0110,3,75.14,0.0
OI00072673,O0041373,P0048,1,57.25,0.0
OI00072674,O0041373,P0015,3,1387.46,0.05
OI00072675,O0041373,P0046,1,341.9,0.0
OI00072711,O0041391,P0083,1,725.93,0.0
OI00072712,O0041391,P0137,1,26.24,0.0
OI00072720,O0041396,P0064,1,129.78,0.0
OI00072736,O0041408,P0004,1,994.5,0.05
OI00072745,O0041415,P0045,1,424.8,0.0
OI00072773,O0041435,P0084,1,631.52,0.0
OI00072792,O0041448,P0123,1,49.07,0.15
OI00072811,O0041455,P0165,1,41.68,0.1
OI00072812,O0041455,P0059,1,49.81,0.05
OI00072813,O0041455,P0032,1,878.03,0.0
OI00072825,O0041464,P0173,2,45.39,0.15
OI00072829,O0041466,P0125,1,281.61,0.0
OI00072830,O0041466,P0063,1,59.15,0.1
OI00072845,O0041475,P0049,1,339.42,0.0
OI00072851,O0041479,P0175,1,12.14,0.1
OI00072852,O0041479,P0014,1,818.13,0.0
OI00072853,O0041480,P0031,1,1318.04,0.1
OI00072868,O0041491,P0170,1,9.56,0.1
OI00072869,O0041491,P0020,1,570.81,0.25
OI00072870,O0041491,P0142,1,12.55,0.0
OI00072883,O0041501,P0050,1,92.07,0.0
OI00072884,O0041501,P0053,1,356.32,0.1
OI00072886,O0041503,P0093,1,86.76,0.1
OI00072912,O0041515,P0148,1,15.18,0.05
OI00072913,O0041515,P0143,1,107.72,0.1
OI00072914,O0041515,P0124,1,65.11,0.1
OI00072927,O0041521,P0135,1,185.15,0.1
OI00072928,O0041521,P0121,1,145.83,0.0
OI00072929,O0041521,P0032,1,901.03,0.0
OI00072940,O0041528,P0006,1,2184.77,0.0
OI00072943,O0041531,P0129,1,296.26,0.05
OI00072944,O0041532,P0169,1,182.01,0.0
OI00072960,O0041540,P0050,1,91.6,0.2
OI00072963,O0041543,P0135,1,179.71,0.0
OI00072964,O0041544,P0060,1,138.28,0.15
OI00072965,O0041544,P0116,1,68.99,0.0
OI00072966,O0041544,P0018,1,1941.69,0.0
OI00072997,O0041561,P0117,1,31.02,0.0
OI00072998,O0041562,P0165,1,39.42,0.05
OI00072999,O0041562,P0180,1,52.55,0.1
OI00073000,O0041562,P0032,1,886.59,0.05
OI00073009,O0041568,P0023,1,983.57,0.0
OI00073010,O0041568,P0177,1,22.59,0.1
OI00073012,O0041570,P0159,1,174.24,0.0
OI00073021,O0041575,P0146,1,53.78,0.05
OI00073055,O0041595,P0094,2,74.07,0.0
OI00073056,O0041595,P0071,1,112.96,0.0
OI00073059,O0041597,P0025,1,421.28,0.0
OI00073060,O0041597,P0088,1,296.65,0.0
OI00073061,O0041597,P0003,2,1250.25,0.0
OI00073062,O0041597,P0164,1,39.82,0.0
OI00073077,O0041609,P0173,1,46.8,0.0
OI00073078,O0041609,P0007,1,2002.36,0.0
OI00073083,O0041612,P0166,1,32.7,0.05
OI00073086,O0041614,P0034,1,537.73,0.0
OI00073087,O0041614,P0134,1,133.6,0.0
OI00073090,O0041616,P0006,1,2095.43,0.0
OI00073091,O0041616,P0019,1,392.34,0.05
OI00073102,O0041622,P0011,1,1076.83,0.2
OI00073108,O0041626,P0034,1,539.01,0.0
OI00073109,O0041627,P0161,2,64.52,0.15
OI00073110,O0041627,P0028,1,1222.2,0.0
OI00073111,O0041627,P0112,1,40.82,0.0
OI00073128,O0041634,P0104,1,29.76,0.0
OI00073129,O0041634,P0120,1,338.84,0.0
OI00073130,O0041634,P0055,1,341.69,0.0
OI00073136,O0041637,P0091,1,166.83,0.0
OI00073142,O0041640,P0112,1,40.28,0.0
OI00073143,O0041640,P0024,1,506.39,0.0
OI00073153,O0041646,P0171,1,38.51,0.2
OI00073154,O0041646,P0146,1,51.9,0.1
OI00073155,O0041646,P0090,1,207.58,0.0
OI00073156,O0041646,P0092,1,197.6,0.0
OI00073188,O0041664,P0177,1,23.33,0.0
OI00073189,O0041665,P0095,1,294.29,0.0
OI00073207,O0041675,P0073,2,94.07,0.0
OI00073208,O0041675,P0009,2,1289.52,0.0
OI00073220,O0041682,P0152,2,15.1,0.0
OI00073221,O0041682,P0157,1,120.31,0.0
OI00073238,O0041690,P0061,1,376.69,0.05
OI00073239,O0041690,P0076,3,120.14,0.0
OI00073243,O0041693,P0024,1,504.96,0.05
OI00073244,O0041693,P0056,1,132.21,0.0
OI00073246,O0041695,P0039,1,545.54,0.15
OI00073247,O0041695,P0060,1,139.11,0.0
OI00073257,O0041701,P0020,1,554.77,0.0
OI00073267,O0041707,P0069,1,94.4,0.1
OI00073278,O0041712,P0068,1,139.1,0.0
OI00073299,O0041723,P0169,1,187.72,0.0
OI00073314,O0041733,P0067,1,284.03,0.0
OI00073323,O0041738,P0169,1,183.56,0.0
OI00073324,O0041738,P0160,1,24.56,0.0
OI00073342,O0041747,P0092,1,201.28,0.15
OI00073343,O0041747,P0046,1,328.9,0.2
OI00073358,O0041757,P0071,1,112.16,0.0
OI00073367,O0041763,P0062,1,56.89,0.15
OI00073374,O0041768,P0099,1,237.2,0.15
OI00073376,O0041770,P0102,1,51.7,0.0
OI00073377,O0041770,P0079,1,171.02,0.0
OI00073384,O0041775,P0021,1,644.59,0.0
OI00073385,O0041775,P0038,2,476.31,0.0
OI00073386,O0041775,P0067,1,282.04,0.0
OI00073387,O0041775,P0119,1,33.07,0.1
OI00073388,O0041776,P0018,1,1959.51,0.0
OI00073389,O0041776,P0083,1,692.46,0.0
OI00073390,O0041776,P0084,1,642.73,0.0
OI00073397,O0041781,P0154,1,57.09,0.0
OI00073398,O0041781,P0036,2,735.0,0.2
OI00073399,O0041781,P0149,2,18.15,0.0
OI00073419,O0041794,P0118,1,129.54,0.0
OI00073422,O0041797,P0136,1,81.87,0.0
OI00073423,O0041797,P0048,1,56.61,0.1
OI00073424,O0041797,P0037,1,534.85,0.25
OI00073430,O0041801,P0042,1,121.55,0.0
OI00073431,O0041801,P0021,1,618.72,0.05
OI00073450,O0041811,P0083,1,739.08,0.0
OI00073451,O0041811,P0171,1,38.0,0.2
OI00073468,O0041818,P0097,1,141.09,0.0
OI00073469,O0041818,P0075,1,53.88,0.0
OI00073475,O0041823,P0120,1,318.04,0.05
OI00073476,O0041823,P0135,1,190.69,0.25
OI00073480,O0041825,P0093,1,86.55,0.1
OI00073481,O0041825,P0163,1,18.07,0.0
OI00073484,O0041828,P0080,2,233.57,0.0
OI00073485,O0041828,P0031,1,1331.18,0.05
OI00073502,O0041838,P0134,1,133.96,0.0
OI00073503,O0041838,P0172,1,22.39,0.0
OI00073507,O0041842,P0036,1,705.76,0.0
OI00073508,O0041842,P0106,1,132.81,0.0
OI00073509,O0041843,P0113,1,98.84,0.0
OI00073511,O0041845,P0074,1,253.06,0.0
OI00073524,O0041852,P0088,1,311.02,0.0
OI00073525,O0041852,P0097,1,136.69,0.0
OI00073527,O0041854,P0063,1,59.46,0.0
OI00073528,O0041854,P0083,1,741.02,0.0
OI00073529,O0041854,P0087,1,495.46,0.05
OI00073545,O0041862,P0126,1,183.58,0.0
OI00073555,O0041870,P0089,1,355.23,0.0
OI00073561,O0041874,P0031,1,1363.34,0.05
OI00073562,O0041874,P0124,1,63.24,0.05
OI00073575,O0041881,P0124,1,66.06,0.0
OI00073580,O0041885,P0079,1,176.32,0.15
OI00073581,O0041886,P0002,1,938.7,0.0
OI00073612,O0041901,P0163,1,18.28,0.0
OI00073618,O0041905,P0039,1,528.01,0.1
OI00073655,O0041929,P0145,1,166.18,0.0
OI00073708,O0041959,P0093,1,83.52,0.0
OI00073709,O0041959,P0130,1,30.57,0.0
OI00073727,O0041971,P0143,1,109.26,0.0
OI00073728,O0041971,P0069,1,96.71,0.0
OI00073729,O0041971,P0086,1,50.16,0.0
OI00073730,O0041971,P0075,1,51.14,0.05
OI00073731,O0041972,P0056,1,127.89,0.0
OI00073732,O0041972,P0115,1,66.76,0.0
OI00073737,O0041976,P0125,1,295.6,0.0
OI00073750,O0041988,P0094,1,73.71,0.0
OI00073751,O0041988,P0169,2,183.13,0.15
OI00073752,O0041989,P0037,1,542.18,0.1
OI00073753,O0041989,P0085,1,478.23,0.0
OI00073754,O0041989,P0090,1,204.01,0.0
OI00073755,O0041989,P0059,2,51.05,0.0
OI00073757,O0041991,P0167,1,123.26,0.1
OI00073783,O0042006,P0142,1,12.58,0.0
OI00073784,O0042006,P0140,1,15.28,0.05
OI00073785,O0042006,P0173,1,46.38,0.0
OI00073793,O0042011,P0122,1,384.58,0.0
OI00073803,O0042016,P0072,1,170.02,0.0
OI00073811,O0042021,P0137,1,25.47,0.0
OI00073813,O0042023,P0157,1,119.93,0.0
OI00073814,O0042023,P0006,1,2155.1,0.0
OI00073815,O0042023,P0141,1,24.18,0.0
OI00073828,O0042029,P0088,1,301.81,0.15
OI00073842,O0042035,P0168,1,61.44,0.0
OI00073851,O0042040,P0144,2,13.86,0.0
OI00073852,O0042040,P0119,3,31.86,0.0
OI00073853,O0042041,P0161,1,61.97,0.0
OI00073854,O0042041,P0078,1,134.35,0.0
OI00073855,O0042041,P0162,1,19.29,0.0
OI00073871,O0042048,P0146,1,53.48,0.0
OI00073872,O0042048,P0164,1,39.72,0.05
OI00073873,O0042049,P0076,1,121.46,0.0
OI00073903,O0042068,P0042,1,123.31,0.15
OI00073904,O0042068,P0057,1,130.69,0.1
OI00073924,O0042081,P0174,1,17.9,0.0
OI00073925,O0042081,P0176,1,134.45,0.25
OI00073926,O0042081,P0085,1,491.53,0.0
OI00073927,O0042081,P0042,1,118.59,0.0
OI00073928,O0042082,P0081,1,400.22,0.0
OI00073929,O0042082,P0098,1,316.51,0.0
OI00073931,O0042084,P0080,2,235.47,0.1
OI00073932,O0042084,P0099,1,239.28,0.0
OI00073950,O0042096,P0104,1,29.85,0.0
OI00073968,O0042107,P0136,1,84.17,0.15
OI00073969,O0042107,P0043,1,290.08,0.0
OI00073970,O0042107,P0028,1,1202.78,0.0
OI00074001,O0042126,P0022,1,868.85,0.0
OI00074002,O0042127,P0128,2,70.8,0.0
OI00074039,O0042152,P0092,1,194.38,0.0
OI00074040,O0042152,P0074,1,256.04,0.0
OI00074041,O0042153,P0167,1,126.65,0.05
OI00074042,O0042153,P0119,1,33.08,0.0
OI00074043,O0042154,P0088,1,302.51,0.0
OI00074044,O0042154,P0174,1,18.67,0.0
OI00074047,O0042156,P0059,1,50.19,0.15
OI00074048,O0042157,P0104,1,29.43,0.0
OI00074049,O0042158,P0069,1,95.36,0.0
OI00074057,O0042164,P0157,1,120.78,0.0
OI00074070,O0042171,P0128,1,69.42,0.0
OI00074087,O0042183,P0170,1,9.32,0.1
OI00074111,O0042196,P0086,1,49.59,0.0
OI00074112,O0042196,P0174,1,18.2,0.0
OI00074113,O0042197,P0159,2,183.82,0.0
OI00074129,O0042207,P0080,1,244.69,0.0
OI00074130,O0042207,P0047,1,132.2,0.0
OI00074132,O0042209,P0057,1,134.4,0.0
OI00074133,O0042209,P0100,1,62.07,0.05
OI00074138,O0042212,P0071,1,112.08,0.0
OI00074156,O0042221,P0036,1,708.3,0.0
OI00074157,O0042221,P0048,1,54.89,0.0
OI00074158,O0042221,P0127,1,159.15,0.0
OI00074168,O0042228,P0067,1,281.55,0.05
OI00074172,O0042231,P0120,1,327.4,0.05
OI00074204,O0042248,P0087,1,488.9,0.0
OI00074205,O0042248,P0159,1,182.14,0.0
OI00074211,O0042253,P0049,1,328.72,0.0
OI00074231,O0042263,P0044,1,119.5,0.0
OI00074232,O0042263,P0121,2,146.18,0.0
OI00074233,O0042263,P0047,2,136.92,0.0
OI00074242,O0042268,P0101,1,127.6,0.0
OI00074243,O0042268,P0027,1,854.15,0.15
OI00074244,O0042268,P0066,1,264.38,0.15
OI00074245,O0042268,P0158,1,67.96,0.0
OI00074262,O0042278,P0177,1,22.56,0.0
OI00074263,O0042278,P0150,1,11.68,0.0
OI00074264,O0042278,P0026,1,1182.4,0.0
OI00074273,O0042284,P0063,1,57.57,0.0
OI00074285,O0042292,P0137,1,26.18,0.0
OI00074286,O0042292,P0175,1,11.53,0.0
OI00074287,O0042293,P0106,1,127.42,0.0
OI00074320,O0042313,P0004,1,984.53,0.0
OI00074321,O0042313,P0133,1,10.02,0.0
OI00074322,O0042313,P0135,1,184.33,0.0
OI00074323,O0042314,P0021,1,632.96,0.0
OI00074329,O0042318,P0117,1,30.65,0.15
OI00074337,O0042323,P0169,1,184.91,0.0
OI00074338,O0042323,P0153,1,43.38,0.0
OI00074351,O0042332,P0019,1,412.72,0.0
OI00074413,O0042367,P0172,1,22.07,0.05
OI00074414,O0042367,P0002,1,933.05,0.0
OI00074415,O0042367,P0081,2,400.09,0.15
OI00074416,O0042368,P0119,1,32.45,0.05
OI00074417,O0042368,P0085,1,494.61,0.0
OI00074453,O0042391,P0126,1,188.2,0.0
OI00074454,O0042391,P0123,1,49.84,0.0
OI00074458,O0042394,P0133,2,9.98,0.0
OI00074468,O0042401,P0039,1,554.88,0.05
OI00074472,O0042404,P0156,1,89.7,0.0
OI00074473,O0042404,P0066,1,268.68,0.0
OI00074477,O0042407,P0142,1,13.05,0.0
OI00074478,O0042407,P0158,3,68.91,0.0
OI00074479,O0042407,P0049,3,333.15,0.0
OI00074480,O0042407,P0137,1,26.12,0.0
OI00074494,O0042415,P0128,1,72.04,0.0
OI00074495,O0042415,P0110,2,73.66,0.0
OI00074507,O0042422,P0053,1,352.73,0.0
OI00074532,O0042436,P0106,1,129.6,0.1
OI00074533,O0042436,P0110,2,70.84,0.0
OI00074545,O0042445,P0047,1,134.64,0.0
OI00074546,O0042445,P0089,1,356.12,0.0
OI00074569,O0042460,P0142,1,12.45,0.1
OI00074570,O0042460,P0119,1,32.67,0.0
OI00074574,O0042462,P0031,1,1287.62,0.15
OI00074575,O0042462,P0086,1,48.69,0.1
OI00074581,O0042465,P0148,1,15.26,0.0
OI00074582,O0042465,P0066,2,267.28,0.0
OI00074583,O0042465,P0163,1,18.08,0.0
OI00074585,O0042467,P0097,1,141.38,0.0
OI00074606,O0042479,P0073,1,100.25,0.0
OI00074607,O0042479,P0003,2,1233.18,0.0
OI00074618,O0042486,P0007,1,1993.72,0.0
OI00074619,O0042486,P0047,1,136.86,0.1
OI00074623,O0042489,P0132,1,29.49,0.0
OI00074643,O0042502,P0121,1,143.79,0.1
OI00074653,O0042507,P0153,1,44.31,0.05
OI00074654,O0042507,P0047,1,140.5,0.0
OI00074660,O0042512,P0032,1,920.38,0.0
OI00074676,O0042522,P0081,1,404.66,0.1
OI00074677,O0042522,P0151,2,19.72,0.0
OI00074681,O0042525,P0026,1,1148.82,0.2
OI00074715,O0042544,P0146,1,52.27,0.0
OI00074739,O0042556,P0075,1,56.6,0.0
OI00074740,O0042557,P0062,1,55.56,0.0
OI00074747,O0042562,P0065,1,313.83,0.0
OI00074748,O0042562,P0048,2,55.16,0.0
OI00074756,O0042568,P0108,1,40.83,0.1
OI00074757,O0042568,P0120,1,333.83,0.0
OI00074775,O0042578,P0069,2,99.58,0.1
OI00074776,O0042579,P0094,2,74.19,0.1
OI00074777,O0042579,P0142,1,12.65,0.0
OI00074794,O0042592,P0045,1,417.78,0.0
OI00074803,O0042599,P0075,1,53.33,0.05
OI00074820,O0042610,P0158,2,66.22,0.0
OI00074823,O0042612,P0170,1,9.51,0.05
OI00074824,O0042612,P0137,1,26.67,0.05
OI00074825,O0042613,P0074,1,260.3,0.0
OI00074826,O0042613,P0152,1,15.39,0.0
OI00074837,O0042621,P0168,1,61.32,0.0
OI00074874,O0042644,P0108,1,41.78,0.0
OI00074875,O0042644,P0061,1,388.64,0.1
OI00074876,O0042644,P0019,1,405.67,0.0
OI00074877,O0042645,P0085,2,488.52,0.15
OI00074878,O0042645,P0174,1,17.63,0.0
OI00074890,O0042652,P0089,1,349.04,0.0
OI00074891,O0042652,P0055,1,332.72,0.0
OI00074905,O0042659,P0058,1,148.96,0.0
OI00074916,O0042665,P0083,1,732.98,0.0
OI00074917,O0042665,P0036,1,716.57,0.0
OI00074918,O0042665,P0028,1,1248.45,0.0
OI00074934,O0042673,P0120,1,335.74,0.2
OI00074969,O0042691,P0127,1,160.01,0.0
OI00074971,O0042693,P0150,1,11.52,0.0
OI00074981,O0042700,P0070,1,55.79,0.0
OI00074982,O0042700,P0022,1,872.05,0.0
OI00074983,O0042700,P0169,1,182.92,0.0
OI00074984,O0042700,P0046,1,334.44,0.0
OI00074990,O0042705,P0019,1,400.19,0.0
OI00074991,O0042706,P0007,1,2030.25,0.0
OI00075023,O0042727,P0029,1,521.2,0.15
OI00075024,O0042727,P0060,1,138.1,0.15
OI00075025,O0042727,P0096,1,82.96,0.1
OI00075045,O0042740,P0152,1,14.5,0.1
OI00075046,O0042740,P0087,1,491.86,0.0
OI00075070,O0042756,P0115,2,65.16,0.15
OI00075071,O0042756,P0122,1,386.09,0.0
OI00075072,O0042756,P0140,1,15.59,0.0
OI00075077,O0042760,P0031,1,1332.59,0.0
OI00075078,O0042760,P0020,1,531.27,0.0
OI00075079,O0042761,P0059,1,50.25,0.0
OI00075080,O0042761,P0093,1,86.2,0.05
OI00075084,O0042765,P0076,1,119.5,0.0
OI00075098,O0042773,P0061,1,381.57,0.25
OI00075121,O0042788,P0131,1,49.35,0.0
OI00075149,O0042801,P0022,1,841.21,0.05
OI00075152,O0042803,P0146,1,52.56,0.0
OI00075153,O0042803,P0006,1,2157.91,0.0
OI00075162,O0042808,P0067,1,284.18,0.0
OI00075174,O0042817,P0163,1,18.6,0.0
OI00075175,O0042817,P0144,1,14.16,0.25
OI00075194,O0042828,P0165,1,40.41,0.1
OI00075195,O0042829,P0138,2,34.28,0.0
OI00075215,O0042841,P0053,1,347.14,0.1
OI00075225,O0042847,P0168,1,62.07,0.0
OI00075238,O0042855,P0025,2,425.45,0.05
OI00075239,O0042855,P0174,1,18.1,0.25
OI00075251,O0042861,P0078,1,133.98,0.0
OI00075261,O0042866,P0102,1,49.52,0.0
OI00075270,O0042871,P0137,1,26.33,0.05
OI00075271,O0042871,P0172,1,22.29,0.0
OI00075272,O0042871,P0085,1,470.59,0.0
OI00075273,O0042871,P0174,1,18.49,0.0
OI00075279,O0042874,P0178,1,11.17,0.0
OI00075280,O0042874,P0108,3,42.51,0.1
OI00075281,O0042874,P0165,2,39.47,0.0
OI00075282,O0042874,P0112,1,39.12,0.1
OI00075290,O0042880,P0026,1,1168.54,0.0
OI00075314,O0042896,P0137,1,25.8,0.15
OI00075315,O0042896,P0055,1,333.38,0.0
OI00075361,O0042924,P0053,2,366.3,0.0
OI00075387,O0042939,P0162,2,18.61,0.05
OI00075388,O0042939,P0117,1,30.59,0.25
OI00075389,O0042940,P0062,2,56.07,0.0
OI00075465,O0042982,P0167,1,125.38,0.0
OI00075466,O0042982,P0137,1,25.93,0.0
OI00075467,O0042983,P0169,1,184.61,0.0
OI00075468,O0042983,P0100,1,61.26,0.0
OI00075469,O0042983,P0058,1,148.64,0.15
OI00075470,O0042983,P0075,1,55.17,0.0
OI00075471,O0042984,P0108,1,41.77,0.0
OI00075472,O0042984,P0054,1,57.18,0.0
OI00075473,O0042984,P0170,1,9.25,0.0
OI00075474,O0042985,P0156,1,89.58,0.0
OI00075475,O0042985,P0124,1,65.76,0.15
OI00075489,O0042994,P0097,1,140.54,0.0
OI00075497,O0042999,P0073,1,93.7,0.0
OI00075509,O0043008,P0078,1,128.48,0.1
OI00075515,O0043012,P0134,1,129.91,0.0
OI00075516,O0043012,P0160,1,24.31,0.0
OI00075517,O0043012,P0175,1,12.17,0.0
OI00075527,O0043017,P0092,3,201.82,0.25
OI00075536,O0043021,P0061,2,377.6,0.25
OI00075546,O0043028,P0092,1,190.04,0.0
OI00075550,O0043032,P0084,1,629.07,0.0
OI00075554,O0043035,P0151,1,19.88,0.0
OI00075555,O0043035,P0014,1,816.11,0.0
OI00075564,O0043042,P0056,1,125.56,0.0
OI00075575,O0043048,P0011,1,1066.84,0.0
OI00075576,O0043049,P0026,1,1176.29,0.0
OI00075577,O0043049,P0040,1,1004.69,0.0
OI00075578,O0043049,P0011,1,1065.04,0.1
OI00075583,O0043053,P0026,1,1191.02,0.0
OI00075584,O0043053,P0013,1,1048.84,0.0
OI00075585,O0043053,P0111,2,285.87,0.0
OI00075590,O0043057,P0163,1,18.43,0.05
OI00075591,O0043057,P0151,1,18.8,0.0
OI00075592,O0043057,P0081,1,404.96,0.0
OI00075610,O0043068,P0134,1,129.86,0.05
OI00075611,O0043068,P0004,1,1026.21,0.0
OI00075621,O0043074,P0026,1,1193.31,0.0
OI00075641,O0043086,P0138,1,35.44,0.0
OI00075646,O0043089,P0058,1,145.97,0.0
OI00075647,O0043089,P0085,1,511.49,0.0
OI00075667,O0043102,P0117,1,31.37,0.0
OI00075668,O0043102,P0179,1,81.42,0.0
OI00075722,O0043135,P0129,1,300.91,0.0
OI00075723,O0043136,P0024,1,509.47,0.0
OI00075724,O0043136,P0068,1,144.33,0.0
OI00075735,O0043144,P0042,1,117.08,0.0
OI00075746,O0043152,P0050,1,91.6,0.0
OI00075748,O0043154,P0054,1,56.26,0.15
OI00075749,O0043154,P0178,1,10.63,0.15
OI00075783,O0043174,P0123,2,51.26,0.0
OI00075791,O0043179,P0141,1,23.54,0.0
OI00075792,O0043179,P0077,1,408.37,0.0
OI00075793,O0043180,P0005,1,1326.94,0.1
OI00075807,O0043190,P0065,1,322.21,0.05
OI00075808,O0043190,P0177,1,23.52,0.0
OI00075816,O0043195,P0080,1,236.65,0.05
OI00075817,O0043195,P0161,1,62.55,0.0
OI00075827,O0043202,P0105,1,128.42,0.0
OI00075828,O0043202,P0086,1,48.47,0.0
OI00075829,O0043202,P0088,1,301.25,0.0
OI00075830,O0043202,P0028,1,1258.79,0.0
OI00075839,O0043210,P0123,1,49.47,0.0
OI00075840,O0043210,P0097,3,142.24,0.0
OI00075841,O0043211,P0142,1,12.58,0.05
OI00075842,O0043211,P0094,1,73.2,0.0
OI00075843,O0043211,P0058,1,154.76,0.0
OI00075866,O0043226,P0034,2,553.99,0.0
OI00075896,O0043244,P0172,1,21.72,0.0
OI00075906,O0043249,P0136,1,83.89,0.0
OI00075907,O0043249,P0014,1,840.66,0.1
OI00075924,O0043258,P0047,1,137.69,0.0
OI00075929,O0043263,P0130,2,30.95,0.0
OI00075930,O0043263,P0014,1,844.03,0.0
OI00075934,O0043267,P0126,2,184.27,0.0
OI00075935,O0043268,P0031,1,1324.84,0.0
OI00075936,O0043268,P0091,1,172.59,0.0
OI00075937,O0043268,P0048,1,55.31,0.0
OI00075953,O0043278,P0039,2,530.34,0.0
OI00075954,O0043278,P0070,1,53.42,0.0
OI00075955,O0043278,P0054,2,56.73,0.2
OI00075964,O0043283,P0147,1,77.55,0.1
OI00075971,O0043289,P0130,1,30.33,0.1
OI00075972,O0043289,P0155,1,48.1,0.0
OI00075973,O0043289,P0166,1,32.86,0.0
OI00075974,O0043289,P0093,1,84.38,0.0
OI00075978,O0043292,P0139,2,24.53,0.0
OI00075979,O0043292,P0099,1,243.46,0.0
OI00075987,O0043297,P0120,1,330.32,0.1
OI00075988,O0043297,P0158,1,67.71,0.0
OI00075989,O0043297,P0014,1,787.91,0.0
OI00075992,O0043300,P0070,2,54.0,0.1
OI00075999,O0043305,P0004,1,1023.6,0.0
OI00076026,O0043318,P0142,1,12.89,0.0
OI00076027,O0043318,P0067,1,287.7,0.0
OI00076056,O0043333,P0084,1,625.3,0.0
OI00076057,O0043333,P0093,1,84.58,0.0
OI00076058,O0043333,P0007,1,2069.2,0.0
OI00076059,O0043333,P0059,1,50.3,0.05
OI00076065,O0043337,P0029,1,545.16,0.0
OI00076070,O0043340,P0062,2,57.73,0.0
OI00076071,O0043340,P0151,1,19.31,0.0
OI00076113,O0043361,P0056,1,131.6,0.0
OI00076114,O0043361,P0042,2,118.99,0.0
OI00076115,O0043361,P0057,1,134.08,0.0
OI00076144,O0043377,P0112,1,39.64,0.0
OI00076145,O0043378,P0045,1,420.87,0.0
OI00076156,O0043383,P0031,1,1336.36,0.0
OI00076157,O0043383,P0122,1,389.53,0.0
OI00076165,O0043389,P0009,1,1238.84,0.0
OI00076166,O0043389,P0164,2,40.01,0.0
OI00076167,O0043389,P0099,1,224.36,0.0
OI00076177,O0043397,P0043,1,297.08,0.1
OI00076178,O0043397,P0075,1,54.99,0.0
OI00076179,O0043397,P0088,1,303.14,0.0
OI00076199,O0043409,P0069,1,100.34,0.0
OI00076207,O0043415,P0106,1,123.7,0.1
OI00076233,O0043427,P0136,1,85.32,0.15
OI00076234,O0043427,P0028,1,1222.69,0.0
OI00076235,O0043427,P0064,1,133.81,0.1
OI00076244,O0043433,P0084,1,621.64,0.0
OI00076245,O0043433,P0041,2,238.17,0.05
OI00076266,O0043443,P0063,1,58.9,0.0
OI00076269,O0043446,P0006,1,2155.06,0.0
OI00076280,O0043451,P0003,1,1157.07,0.05
OI00076288,O0043455,P0070,1,52.53,0.0
OI00076289,O0043455,P0147,1,79.82,0.0
OI00076290,O0043455,P0042,1,113.58,0.0
OI00076291,O0043455,P0148,1,15.21,0.0
OI00076326,O0043475,P0178,1,11.34,0.0
OI00076327,O0043475,P0041,3,238.86,0.0
OI00076335,O0043480,P0140,2,16.11,0.1
OI00076336,O0043480,P0003,1,1183.31,0.0
OI00076346,O0043486,P0034,1,531.16,0.05
OI00076378,O0043507,P0105,1,128.77,0.0
OI00076379,O0043507,P0133,1,9.86,0.0
OI00076386,O0043511,P0120,1,341.32,0.0
OI00076399,O0043519,P0178,1,11.12,0.05
OI00076416,O0043531,P0145,1,168.07,0.0
OI00076423,O0043537,P0080,1,241.52,0.0
OI00076424,O0043537,P0073,1,99.99,0.0
OI00076425,O0043537,P0173,1,44.78,0.0
OI00076444,O0043548,P0006,1,2221.96,0.15
OI00076453,O0043553,P0090,1,202.28,0.0
OI00076454,O0043553,P0127,1,161.85,0.0
OI00076455,O0043553,P0017,1,1598.71,0.0
OI00076461,O0043557,P0173,1,45.27,0.0
OI00076464,O0043559,P0056,2,133.38,0.0
OI00076465,O0043559,P0050,1,92.55,0.0
OI00076466,O0043559,P0162,2,18.59,0.0
OI00076485,O0043567,P0082,1,370.9,0.1
OI00076486,O0043567,P0177,1,23.13,0.0
OI00076503,O0043574,P0096,1,85.1,0.0
OI00076504,O0043574,P0126,1,183.53,0.0
OI00076528,O0043586,P0045,1,418.5,0.0
OI00076561,O0043606,P0056,1,130.68,0.0
OI00076562,O0043606,P0096,1,85.33,0.0
OI00076563,O0043606,P0129,1,303.14,0.0
OI00076564,O0043606,P0168,1,60.79,0.0
OI00076568,O0043608,P0070,1,52.26,0.0
OI00076574,O0043611,P0068,1,143.42,0.0
OI00076583,O0043616,P0025,1,422.62,0.0
OI00076584,O0043617,P0121,1,143.08,0.05
OI00076592,O0043621,P0174,1,18.45,0.1
OI00076593,O0043621,P0145,1,163.83,0.1
OI00076594,O0043621,P0017,2,1644.56,0.0
OI00076600,O0043625,P0106,1,129.44,0.1
OI00076601,O0043625,P0090,1,199.48,0.0
OI00076633,O0043639,P0076,2,125.2,0.0
OI00076634,O0043639,P0056,1,130.22,0.0
OI00076635,O0043640,P0044,1,124.71,0.0
OI00076636,O0043640,P0176,1,138.18,0.0
OI00076637,O0043640,P0119,1,32.3,0.0
OI00076661,O0043652,P0172,1,22.46,0.1
OI00076666,O0043655,P0075,1,54.3,0.05
OI00076667,O0043656,P0031,1,1322.0,0.0
OI00076668,O0043656,P0047,1,138.3,0.0
OI00076669,O0043656,P0074,1,249.31,0.0
OI00076687,O0043670,P0166,1,32.56,0.0
OI00076691,O0043673,P0030,1,828.62,0.0
OI00076694,O0043676,P0049,1,324.75,0.0
OI00076695,O0043676,P0171,3,38.65,0.0
OI00076715,O0043686,P0100,1,61.34,0.0
OI00076718,O0043688,P0174,1,18.48,0.0
OI00076719,O0043688,P0029,1,545.86,0.1
OI00076720,O0043688,P0140,1,15.8,0.0
OI00076722,O0043690,P0016,1,933.3,0.05
OI00076723,O0043690,P0071,1,112.28,0.05
OI00076725,O0043692,P0032,3,894.16,0.0
OI00076745,O0043705,P0059,1,51.13,0.0
OI00076746,O0043705,P0128,1,69.84,0.15
OI00076774,O0043719,P0097,1,143.02,0.0
OI00076782,O0043723,P0012,1,1536.47,0.15
OI00076798,O0043733,P0087,1,473.81,0.0
OI00076799,O0043733,P0118,2,122.42,0.0
OI00076800,O0043733,P0062,1,56.31,0.0
OI00076834,O0043749,P0089,1,359.17,0.0
OI00076850,O0043759,P0093,2,87.13,0.0
OI00076885,O0043779,P0168,1,62.14,0.05
OI00076905,O0043792,P0006,1,2199.56,0.0
OI00076922,O0043804,P0177,2,23.34,0.0
OI00076923,O0043805,P0061,1,386.79,0.0
OI00076934,O0043811,P0075,1,53.89,0.0
OI00076935,O0043811,P0125,2,294.62,0.05
OI00076944,O0043816,P0176,1,136.8,0.05
OI00076947,O0043818,P0113,1,99.14,0.0
OI00076952,O0043821,P0164,1,39.85,0.0
OI00076953,O0043821,P0040,1,990.93,0.0
OI00076959,O0043826,P0061,1,385.64,0.0
OI00076966,O0043831,P0081,1,406.3,0.0
OI00076967,O0043831,P0169,1,184.55,0.1
OI00077010,O0043855,P0120,1,340.68,0.05
OI00077020,O0043860,P0018,1,2008.39,0.0
OI00077021,O0043860,P0081,2,412.67,0.0
OI00077028,O0043865,P0023,1,964.17,0.0
OI00077049,O0043878,P0154,1,58.24,0.0
OI00077050,O0043878,P0124,1,65.71,0.05
OI00077051,O0043878,P0107,2,152.49,0.15
OI00077055,O0043881,P0162,1,19.3,0.0
OI00077061,O0043886,P0117,1,31.37,0.0
OI00077068,O0043891,P0124,1,66.43,0.0
OI00077069,O0043891,P0039,1,524.49,0.25
OI00077070,O0043891,P0136,1,83.22,0.0
OI00077079,O0043896,P0155,1,49.89,0.1
OI00077080,O0043896,P0011,1,1062.71,0.1
OI00077084,O0043900,P0115,1,68.21,0.0
OI00077085,O0043900,P0045,1,414.01,0.05
OI00077086,O0043900,P0094,1,71.87,0.0
OI00077087,O0043901,P0086,1,50.29,0.1
OI00077088,O0043901,P0032,1,890.48,0.0
OI00077089,O0043901,P0167,1,129.13,0.0
OI00077106,O0043913,P0002,1,939.2,0.0
OI00077107,O0043913,P0089,2,363.29,0.0
OI00077114,O0043918,P0158,1,68.34,0.0
OI00077115,O0043918,P0098,1,323.55,0.0
OI00077116,O0043918,P0054,1,57.31,0.15
OI00077135,O0043929,P0097,1,139.41,0.0
OI00077136,O0043929,P0080,1,243.67,0.05
OI00077137,O0043929,P0065,1,308.08,0.0
OI00077138,O0043930,P0096,1,87.18,0.0
OI00077139,O0043930,P0158,1,65.39,0.05
OI00077163,O0043940,P0137,1,26.31,0.0
OI00077164,O0043940,P0086,1,48.98,0.1
OI00077167,O0043943,P0113,1,100.5,0.0
OI00077193,O0043958,P0154,1,55.22,0.0
OI00077194,O0043958,P0023,2,957.8,0.05
OI00077195,O0043958,P0014,1,834.34,0.0
OI00077196,O0043958,P0162,1,19.11,0.0
OI00077201,O0043960,P0105,1,133.87,0.1
OI00077202,O0043960,P0079,2,173.05,0.1
OI00077203,O0043960,P0052,1,40.54,0.0
OI00077204,O0043961,P0144,1,14.06,0.15
OI00077215,O0043966,P0151,1,18.98,0.25
OI00077216,O0043966,P0145,1,169.64,0.0
OI00077217,O0043966,P0051,2,57.34,0.0
OI00077218,O0043967,P0101,1,127.63,0.0
OI00077227,O0043974,P0140,1,15.73,0.05
OI00077233,O0043977,P0069,1,98.74,0.1
OI00077234,O0043977,P0172,1,22.36,0.1
OI00077249,O0043985,P0049,1,335.17,0.0
OI00077250,O0043985,P0176,1,137.73,0.0
OI00077251,O0043985,P0005,1,1323.22,0.0
OI00077280,O0044001,P0118,1,130.58,0.0
OI00077282,O0044003,P0122,1,391.69,0.05
OI00077283,O0044003,P0160,1,23.11,0.0
OI00077284,O0044003,P0007,1,2078.48,0.0
OI00077285,O0044003,P0086,1,51.17,0.0
OI00077287,O0044005,P0083,1,719.99,0.0
OI00077294,O0044008,P0071,1,114.37,0.0
OI00077318,O0044019,P0128,1,70.27,0.0
OI00077336,O0044029,P0067,1,279.52,0.1
OI00077337,O0044029,P0053,1,358.74,0.0
OI00077338,O0044029,P0114,1,28.78,0.2
OI00077339,O0044029,P0045,1,412.65,0.0
OI00077342,O0044031,P0163,1,18.15,0.0
OI00077343,O0044031,P0109,2,166.37,0.0
OI00077344,O0044031,P0016,1,948.27,0.0
OI00077376,O0044048,P0082,1,377.59,0.05
OI00077377,O0044048,P0037,1,539.04,0.0
OI00077395,O0044059,P0005,1,1301.83,0.05
OI00077398,O0044061,P0083,1,725.65,0.05
OI00077399,O0044061,P0165,1,41.66,0.25
OI00077400,O0044061,P0008,1,1165.43,0.0
OI00077401,O0044062,P0046,1,326.31,0.0
OI00077402,O0044062,P0088,1,304.14,0.0
OI00077422,O0044073,P0143,2,112.37,0.0
OI00077423,O0044073,P0013,1,1067.37,0.0
OI00077447,O0044088,P0146,1,51.12,0.0
OI00077449,O0044090,P0151,1,19.54,0.0
OI00077459,O0044096,P0128,1,73.82,0.0
OI00077499,O0044122,P0171,1,37.93,0.1
OI00077500,O0044122,P0150,1,11.47,0.0
OI00077509,O0044128,P0174,1,18.5,0.0
OI00077513,O0044131,P0007,1,1959.27,0.0
OI00077514,O0044131,P0009,1,1284.17,0.0
OI00077519,O0044136,P0031,1,1344.47,0.0
OI00077533,O0044143,P0105,1,129.71,0.0
OI00077534,O0044143,P0168,1,61.25,0.15
OI00077535,O0044143,P0072,1,167.49,0.0
OI00077544,O0044150,P0112,1,40.59,0.0
OI00077545,O0044150,P0177,3,23.07,0.0
OI00077546,O0044150,P0044,2,122.2,0.0
OI00077551,O0044153,P0109,1,167.55,0.0
OI00077552,O0044153,P0136,1,83.51,0.0
OI00077565,O0044161,P0056,2,126.58,0.0
OI00077571,O0044165,P0137,1,25.77,0.0
OI00077572,O0044165,P0083,1,717.05,0.1
OI00077573,O0044166,P0162,1,19.58,0.05
OI00077574,O0044167,P0043,1,291.85,0.0
OI00077579,O0044171,P0041,1,230.17,0.1
OI00077580,O0044171,P0161,1,63.89,0.0
OI00077586,O0044174,P0154,1,58.75,0.0
OI00077603,O0044183,P0085,1,483.71,0.0
OI00077618,O0044192,P0070,1,52.63,0.1
OI00077619,O0044193,P0108,1,40.62,0.15
OI00077620,O0044193,P0105,1,131.29,0.1
OI00077625,O0044198,P0150,1,11.4,0.15
OI00077629,O0044200,P0089,1,352.43,0.0
OI00077630,O0044200,P0028,1,1214.05,0.0
OI00077643,O0044208,P0118,1,128.87,0.1
OI00077652,O0044213,P0095,2,283.0,0.0
OI00077653,O0044214,P0093,1,87.66,0.0
OI00077654,O0044214,P0068,3,140.52,0.0
OI00077655,O0044214,P0174,2,18.02,0.0
OI00077684,O0044228,P0109,1,168.66,0.0
OI00077692,O0044232,P0015,1,1431.12,0.0
OI00077700,O0044238,P0016,1,938.14,0.1
OI00077701,O0044239,P0062,1,56.34,0.1
OI00077711,O0044245,P0159,1,177.51,0.1
OI00077712,O0044245,P0005,1,1334.62,0.15
OI00077713,O0044245,P0141,1,24.24,0.0
OI00077714,O0044245,P0039,1,535.01,0.0
OI00077723,O0044251,P0096,1,85.8,0.0
OI00077748,O0044265,P0038,1,475.74,0.0
OI00077749,O0044266,P0060,1,136.51,0.0
OI00077750,O0044266,P0085,2,500.99,0.15
OI00077761,O0044274,P0032,1,887.71,0.1
OI00077814,O0044304,P0136,1,82.38,0.1
OI00077824,O0044309,P0180,1,50.96,0.0
OI00077825,O0044309,P0146,3,52.05,0.0
OI00077826,O0044310,P0003,2,1248.58,0.0
OI00077827,O0044310,P0118,1,129.96,0.15
OI00077828,O0044310,P0143,1,112.91,0.2
OI00077844,O0044320,P0094,1,75.3,0.2
OI00077847,O0044322,P0007,1,2037.43,0.15
OI00077848,O0044322,P0180,1,53.26,0.0
OI00077854,O0044327,P0156,1,92.85,0.0
OI00077857,O0044329,P0028,1,1203.95,0.0
OI00077858,O0044329,P0169,2,183.29,0.0
OI00077877,O0044343,P0092,1,183.69,0.05
OI00077878,O0044343,P0038,1,491.47,0.0
OI00077891,O0044351,P0111,1,283.65,0.0
OI00077898,O0044355,P0134,2,130.05,0.0
OI00077947,O0044384,P0081,1,403.35,0.2
OI00077948,O0044384,P0179,1,82.03,0.0
OI00077953,O0044388,P0025,3,422.61,0.0
OI00077962,O0044392,P0114,1,29.53,0.15
OI00078002,O0044412,P0097,1,141.66,0.05
OI00078003,O0044412,P0115,1,66.92,0.0
OI00078006,O0044415,P0128,2,70.58,0.0
OI00078007,O0044415,P0141,1,23.52,0.0
OI00078037,O0044433,P0037,1,557.74,0.0
OI00078038,O0044433,P0158,1,66.64,0.0
OI00078048,O0044438,P0066,1,275.49,0.0
OI00078049,O0044438,P0098,3,319.71,0.15
OI00078070,O0044449,P0092,1,198.7,0.05
OI00078071,O0044449,P0124,1,67.89,0.0
OI00078072,O0044449,P0100,1,61.02,0.0
OI00078083,O0044456,P0018,1,1989.65,0.1
OI00078084,O0044456,P0052,1,39.22,0.0
OI00078117,O0044477,P0159,1,176.86,0.0
OI00078120,O0044480,P0148,1,15.11,0.0
OI00078121,O0044480,P0124,1,63.53,0.0
OI00078136,O0044488,P0084,1,612.35,0.0
OI00078137,O0044488,P0173,1,44.37,0.0
OI00078144,O0044494,P0177,1,23.62,0.15
OI00078145,O0044494,P0091,1,170.54,0.0
OI00078146,O0044494,P0026,1,1179.27,0.0
OI00078147,O0044495,P0158,1,65.96,0.0
OI00078148,O0044495,P0167,1,125.63,0.1
OI00078149,O0044495,P0025,1,417.4,0.0
OI00078151,O0044497,P0133,1,9.67,0.05
OI00078154,O0044500,P0048,1,55.55,0.05
OI00078155,O0044500,P0110,1,74.61,0.0
OI00078161,O0044503,P0012,1,1491.44,0.15
OI00078216,O0044534,P0088,1,300.85,0.0
OI00078219,O0044537,P0045,2,410.93,0.05
OI00078221,O0044539,P0172,1,22.12,0.1
OI00078226,O0044542,P0163,1,18.12,0.0
OI00078229,O0044545,P0180,2,51.64,0.0
OI00078230,O0044545,P0141,1,23.7,0.05
OI00078249,O0044554,P0163,1,17.94,0.0
OI00078278,O0044577,P0020,1,562.34,0.0
OI00078300,O0044593,P0056,2,128.13,0.0
OI00078301,O0044593,P0074,1,253.91,0.0
OI00078302,O0044594,P0117,1,29.79,0.0
OI00078303,O0044594,P0155,1,51.22,0.0
OI00078304,O0044594,P0070,1,54.43,0.0
OI00078321,O0044604,P0177,1,22.85,0.1
OI00078322,O0044605,P0050,1,96.14,0.0
OI00078329,O0044609,P0106,1,132.64,0.0
OI00078382,O0044640,P0081,2,404.34,0.0
OI00078383,O0044640,P0050,1,91.25,0.15
OI00078391,O0044644,P0043,1,291.57,0.0
OI00078399,O0044650,P0159,1,179.21,0.0
OI00078466,O0044688,P0055,1,321.46,0.0
OI00078475,O0044694,P0093,1,84.25,0.0
OI00078518,O0044721,P0134,1,130.36,0.0
OI00078519,O0044721,P0132,1,28.77,0.25
OI00078520,O0044721,P0083,1,734.31,0.0
OI00078532,O0044728,P0172,1,21.88,0.0
OI00078533,O0044728,P0166,1,33.47,0.1
OI00078553,O0044738,P0092,1,198.23,0.05
OI00078562,O0044744,P0165,1,40.01,0.2
OI00078563,O0044744,P0069,1,100.26,0.0
OI00078573,O0044750,P0028,1,1176.01,0.0
OI00078574,O0044750,P0049,1,347.09,0.0
OI00078575,O0044750,P0086,1,48.94,0.0
OI00078585,O0044757,P0087,2,494.76,0.0
OI00078593,O0044762,P0023,1,991.42,0.0
OI00078594,O0044762,P0179,1,81.48,0.0
OI00078595,O0044763,P0100,1,62.84,0.0
OI00078596,O0044764,P0059,1,49.43,0.0
OI00078602,O0044768,P0175,1,12.0,0.05
OI00078603,O0044768,P0063,1,58.18,0.0
OI00078620,O0044778,P0078,1,133.71,0.05
OI00078629,O0044787,P0132,2,27.98,0.1
OI00078644,O0044796,P0008,1,1141.81,0.0
OI00078645,O0044796,P0178,1,11.27,0.0
OI00078670,O0044809,P0092,1,201.92,0.0
OI00078671,O0044809,P0034,1,543.69,0.0
OI00078672,O0044809,P0060,1,137.57,0.0
OI00078673,O0044809,P0031,1,1344.57,0.0
OI00078716,O0044835,P0009,2,1291.53,0.0
OI00078736,O0044849,P0015,1,1464.49,0.0
OI00078737,O0044849,P0161,2,61.05,0.0
OI00078738,O0044849,P0024,1,512.73,0.2
OI00078783,O0044876,P0143,1,110.43,0.0
OI00078787,O0044879,P0025,1,427.59,0.0
OI00078798,O0044886,P0128,1,70.44,0.0
OI00078799,O0044886,P0010,1,898.7,0.0
OI00078820,O0044898,P0106,1,129.8,0.0
OI00078833,O0044906,P0024,2,498.21,0.0
OI00078837,O0044910,P0132,1,29.15,0.0
OI00078839,O0044912,P0007,1,2027.25,0.0
OI00078842,O0044915,P0010,1,902.37,0.0
OI00078843,O0044915,P0105,2,126.16,0.0
OI00078858,O0044924,P0055,1,327.45,0.15
OI00078859,O0044924,P0009,1,1283.45,0.0
OI00078860,O0044924,P0111,1,285.08,0.25
OI00078910,O0044951,P0133,1,10.28,0.05
OI00078923,O0044958,P0082,1,375.17,0.0
OI00078924,O0044959,P0022,1,883.35,0.0
OI00078925,O0044959,P0109,1,166.39,0.0
OI00078931,O0044962,P0022,1,877.98,0.0
OI00078932,O0044962,P0081,1,412.86,0.0
OI00078933,O0044962,P0159,2,175.01,0.0
OI00078938,O0044965,P0074,1,260.71,0.0
OI00078957,O0044977,P0078,2,138.03,0.0
OI00078958,O0044977,P0072,1,176.33,0.0
OI00078963,O0044981,P0165,1,40.32,0.1
OI00078964,O0044981,P0130,1,30.16,0.0
OI00078965,O0044981,P0104,1,29.82,0.0
OI00078966,O0044982,P0116,1,69.31,0.15
OI00078967,O0044982,P0031,1,1314.26,0.0
OI00078977,O0044987,P0172,1,22.56,0.0
OI00078978,O0044987,P0142,1,12.57,0.1
OI00078987,O0044993,P0109,1,164.28,0.0
OI00078988,O0044994,P0063,1,60.58,0.0
OI00078989,O0044994,P0101,2,126.18,0.15
OI00078990,O0044995,P0100,2,61.13,0.0
OI00078991,O0044995,P0177,1,23.55,0.0
OI00079014,O0045006,P0001,1,1697.27,0.05
OI00079018,O0045009,P0179,1,81.05,0.0
OI00079029,O0045016,P0178,1,11.34,0.0
OI00079044,O0045027,P0151,1,19.4,0.0
OI00079062,O0045038,P0076,1,124.55,0.0
OI00079068,O0045041,P0013,1,1099.79,0.0
OI00079094,O0045057,P0081,1,400.79,0.25
OI00079095,O0045057,P0002,2,926.12,0.1
OI00079096,O0045057,P0023,1,993.65,0.0
OI00079098,O0045059,P0120,1,330.89,0.0
OI00079099,O0045059,P0172,1,22.8,0.05
OI00079100,O0045059,P0180,1,50.06,0.1
OI00079110,O0045065,P0074,1,252.53,0.1
OI00079111,O0045065,P0061,1,384.32,0.0
OI00079112,O0045065,P0006,1,2275.99,0.0
OI00079123,O0045072,P0080,1,237.56,0.0
OI00079124,O0045073,P0105,1,133.92,0.05
OI00079125,O0045073,P0058,1,148.18,0.0
OI00079126,O0045074,P0104,1,28.72,0.0
OI00079139,O0045082,P0179,1,81.2,0.15
OI00079140,O0045082,P0058,1,145.89,0.0
OI00079150,O0045089,P0030,1,825.67,0.0
OI00079176,O0045108,P0119,2,32.87,0.0
OI00079177,O0045108,P0047,1,140.84,0.15
OI00079178,O0045108,P0128,1,73.82,0.15
OI00079179,O0045109,P0174,1,18.07,0.0
OI00079188,O0045115,P0053,1,353.89,0.0
OI00079189,O0045115,P0130,1,29.39,0.0
OI00079203,O0045123,P0117,1,31.83,0.0
OI00079261,O0045157,P0169,1,182.55,0.0
OI00079262,O0045157,P0052,1,39.88,0.0
OI00079273,O0045164,P0085,1,506.54,0.0
OI00079276,O0045166,P0036,3,732.53,0.0
OI00079277,O0045166,P0096,1,86.19,0.0
OI00079278,O0045166,P0001,1,1728.66,0.0
OI00079306,O0045184,P0109,1,169.74,0.0
OI00079311,O0045187,P0051,2,55.68,0.0
OI00079315,O0045190,P0003,2,1210.57,0.0
OI00079316,O0045190,P0135,1,179.71,0.0
OI00079317,O0045190,P0096,2,84.32,0.0
OI00079339,O0045204,P0154,1,57.62,0.05
OI00079354,O0045212,P0143,1,111.92,0.15
OI00079374,O0045223,P0075,2,56.28,0.0
OI00079375,O0045223,P0136,1,83.65,0.0
OI00079405,O0045242,P0129,1,300.49,0.0
OI00079451,O0045269,P0168,1,64.27,0.0
OI00079452,O0045269,P0112,1,39.2,0.0
OI00079453,O0045269,P0008,2,1192.33,0.0
OI00079461,O0045275,P0180,1,50.74,0.0
OI00079462,O0045275,P0056,1,131.78,0.05
OI00079476,O0045284,P0036,1,726.55,0.0
OI00079477,O0045284,P0074,1,255.92,0.0
OI00079478,O0045284,P0089,1,341.01,0.0
OI00079479,O0045285,P0064,1,127.37,0.0
OI00079480,O0045285,P0141,1,23.71,0.0
OI00079512,O0045302,P0109,1,167.97,0.0
OI00079513,O0045302,P0072,1,170.43,0.0
OI00079514,O0045303,P0087,1,494.37,0.05
OI00079594,O0045345,P0099,2,237.11,0.15
OI00079661,O0045380,P0071,1,116.82,0.0
OI00079662,O0045380,P0115,1,69.49,0.0
OI00079678,O0045390,P0053,1,347.33,0.0
OI00079679,O0045390,P0115,1,65.98,0.0
OI00079680,O0045390,P0006,1,2159.05,0.0
OI00079683,O0045392,P0045,1,410.46,0.1
OI00079684,O0045393,P0038,1,494.78,0.0
OI00079694,O0045398,P0076,1,123.09,0.05
OI00079695,O0045398,P0155,1,49.55,0.0
OI00079702,O0045404,P0080,1,236.14,0.0
OI00079706,O0045407,P0166,2,33.55,0.0
OI00079712,O0045412,P0093,1,83.29,0.0
OI00079716,O0045414,P0062,1,55.77,0.0
OI00079717,O0045414,P0077,1,412.78,0.0
OI00079718,O0045415,P0082,2,380.96,0.1
OI00079719,O0045415,P0071,1,117.97,0.0
OI00079733,O0045422,P0101,1,125.95,0.0
OI00079736,O0045425,P0136,1,86.78,0.2
OI00079737,O0045425,P0046,1,329.09,0.1
OI00079738,O0045425,P0096,1,87.15,0.0
OI00079739,O0045425,P0170,1,9.4,0.05
OI00079740,O0045426,P0112,1,40.45,0.0
OI00079741,O0045426,P0165,2,41.66,0.0
OI00079742,O0045427,P0044,1,128.87,0.1
OI00079743,O0045427,P0036,1,713.62,0.0
OI00079744,O0045427,P0040,3,992.84,0.0
OI00079745,O0045427,P0163,2,18.15,0.05
OI00079752,O0045432,P0152,1,15.01,0.0
OI00079753,O0045432,P0041,1,236.72,0.1
OI00079783,O0045451,P0148,3,15.55,0.0
OI00079790,O0045456,P0033,1,1370.55,0.0
OI00079793,O0045459,P0093,1,83.01,0.15
OI00079794,O0045459,P0143,1,112.59,0.15
OI00079810,O0045470,P0157,1,123.15,0.15
OI00079820,O0045477,P0009,1,1282.76,0.0
OI00079821,O0045477,P0100,1,62.56,0.0
OI00079822,O0045477,P0033,1,1296.36,0.0
OI00079831,O0045483,P0144,1,13.54,0.0
OI00079832,O0045483,P0037,1,518.47,0.0
OI00079836,O0045485,P0044,1,121.87,0.0
OI00079837,O0045485,P0097,1,145.8,0.15
OI00079838,O0045485,P0057,1,131.27,0.05
OI00079839,O0045486,P0115,1,69.56,0.0
OI00079840,O0045486,P0010,1,910.28,0.0
OI00079858,O0045498,P0064,1,130.54,0.0
OI00079862,O0045501,P0125,1,297.53,0.05
OI00079863,O0045501,P0066,1,267.52,0.25
OI00079864,O0045501,P0056,2,127.94,0.05
OI00079882,O0045514,P0082,1,368.32,0.0
OI00079883,O0045514,P0179,1,80.04,0.1
OI00079909,O0045527,P0098,1,317.73,0.0
OI00079925,O0045539,P0106,1,129.7,0.0
OI00079941,O0045551,P0026,1,1143.81,0.0
OI00079952,O0045558,P0064,1,128.25,0.05
OI00079953,O0045558,P0038,1,474.87,0.1
OI00079961,O0045562,P0034,1,527.12,0.0
OI00079962,O0045562,P0171,2,37.85,0.0
OI00079963,O0045563,P0085,1,487.7,0.2
OI00079964,O0045563,P0006,1,2160.63,0.0
OI00079998,O0045585,P0137,1,25.5,0.0
OI00079999,O0045585,P0120,1,319.79,0.0
OI00080000,O0045585,P0158,1,67.21,0.2
OI00080018,O0045596,P0014,1,835.27,0.0
OI00080019,O0045596,P0152,1,15.34,0.1
OI00080023,O0045598,P0124,1,66.36,0.0
OI00080045,O0045612,P0158,1,67.6,0.1
OI00080047,O0045614,P0094,1,72.91,0.1
OI00080048,O0045614,P0123,1,48.61,0.0
OI00080049,O0045614,P0044,1,128.21,0.0
OI00080051,O0045616,P0104,1,29.18,0.0
OI00080052,O0045616,P0095,1,282.02,0.0
OI00080053,O0045616,P0068,1,143.31,0.0
OI00080062,O0045622,P0128,1,69.63,0.0
OI00080064,O0045624,P0045,1,405.68,0.05
OI00080085,O0045640,P0029,2,521.12,0.0
OI00080086,O0045640,P0143,1,112.79,0.0
OI00080087,O0045640,P0035,1,1071.91,0.0
OI00080088,O0045640,P0002,1,892.62,0.05
OI00080101,O0045647,P0037,3,543.95,0.0
OI00080106,O0045651,P0178,1,10.81,0.05
OI00080118,O0045658,P0009,1,1283.83,0.0
OI00080119,O0045658,P0051,1,57.05,0.05
OI00080120,O0045658,P0117,1,30.6,0.0
OI00080157,O0045678,P0095,2,295.05,0.0
OI00080158,O0045678,P0093,1,84.97,0.0
OI00080159,O0045678,P0143,1,110.23,0.0
OI00080168,O0045684,P0016,1,909.83,0.0
OI00080169,O0045684,P0001,1,1727.03,0.0
OI00080252,O0045729,P0040,1,1014.09,0.0
OI00080253,O0045729,P0066,1,267.27,0.0
OI00080293,O0045750,P0103,3,83.59,0.1
OI00080294,O0045750,P0148,1,15.41,0.0
OI00080295,O0045751,P0176,2,137.5,0.0
OI00080296,O0045751,P0037,1,557.11,0.15
OI00080299,O0045754,P0165,1,40.14,0.0
OI00080308,O0045761,P0002,1,969.06,0.0
OI00080309,O0045761,P0039,1,519.82,0.1
OI00080317,O0045767,P0126,1,184.63,0.0
OI00080318,O0045767,P0047,1,141.75,0.0
OI00080319,O0045767,P0095,1,282.33,0.0
OI00080349,O0045784,P0122,1,388.95,0.0
OI00080373,O0045799,P0044,1,123.92,0.0
OI00080393,O0045812,P0160,1,23.86,0.0
OI00080394,O0045813,P0125,1,296.09,0.2
OI00080396,O0045815,P0084,1,618.24,0.0
OI00080397,O0045815,P0163,1,17.72,0.1
OI00080400,O0045818,P0121,1,142.53,0.1
OI00080401,O0045818,P0145,1,169.13,0.15
OI00080407,O0045822,P0099,1,230.09,0.1
OI00080408,O0045822,P0141,1,23.54,0.0
OI00080419,O0045828,P0009,1,1271.08,0.0
OI00080420,O0045828,P0059,1,48.02,0.0
OI00080421,O0045828,P0150,1,11.18,0.0
OI00080445,O0045840,P0110,2,74.12,0.15
OI00080446,O0045840,P0062,1,57.01,0.0
OI00080450,O0045842,P0131,1,49.04,0.0
OI00080453,O0045844,P0074,1,264.76,0.0
OI00080454,O0045844,P0143,2,112.19,0.0
OI00080455,O0045844,P0002,2,928.13,0.25
OI00080456,O0045845,P0129,1,299.34,0.0
OI00080464,O0045849,P0032,1,886.1,0.0
OI00080473,O0045853,P0119,1,32.29,0.0
OI00080474,O0045853,P0030,1,882.67,0.0
OI00080475,O0045853,P0001,1,1662.04,0.0
OI00080530,O0045888,P0178,1,11.01,0.05
OI00080532,O0045890,P0029,1,530.52,0.0
OI00080570,O0045907,P0042,2,120.18,0.0
OI00080575,O0045911,P0090,1,201.63,0.0
OI00080581,O0045916,P0109,2,169.44,0.0
OI00080582,O0045916,P0074,1,260.33,0.15
OI00080586,O0045919,P0126,1,187.54,0.0
OI00080587,O0045919,P0155,1,50.79,0.1
OI00080600,O0045928,P0108,1,41.11,0.15
OI00080630,O0045945,P0076,1,121.87,0.0
OI00080631,O0045945,P0161,1,62.52,0.0
OI00080636,O0045950,P0077,1,404.34,0.05
OI00080637,O0045950,P0015,1,1428.81,0.1
OI00080650,O0045959,P0035,1,1080.06,0.0
OI00080651,O0045959,P0140,1,15.27,0.1
OI00080652,O0045959,P0066,1,274.54,0.0
OI00080663,O0045964,P0077,2,407.25,0.05
OI00080664,O0045964,P0126,2,189.41,0.2
OI00080665,O0045965,P0141,1,24.01,0.0
OI00080678,O0045974,P0038,1,480.26,0.0
OI00080679,O0045974,P0175,1,11.72,0.0
OI00080719,O0045995,P0051,1,55.73,0.0
OI00080720,O0045995,P0011,1,1073.66,0.0
OI00080721,O0045995,P0071,1,113.98,0.05
OI00080738,O0046005,P0152,1,15.59,0.05
OI00080739,O0046006,P0145,1,169.71,0.0
OI00080740,O0046007,P0054,1,56.11,0.05
OI00080741,O0046007,P0064,1,130.22,0.0
OI00080742,O0046007,P0144,1,13.89,0.0
OI00080746,O0046010,P0079,1,176.6,0.0
OI00080747,O0046010,P0067,1,291.59,0.2
OI00080748,O0046010,P0094,1,75.95,0.0
OI00080756,O0046014,P0173,1,46.3,0.0
OI00080776,O0046028,P0124,2,65.98,0.0
OI00080777,O0046028,P0071,1,115.59,0.05
OI00080801,O0046043,P0159,1,179.14,0.05
OI00080821,O0046053,P0130,1,30.23,0.0
OI00080831,O0046060,P0137,1,26.52,0.0
OI00080832,O0046060,P0020,1,553.63,0.0
OI00080837,O0046064,P0113,2,101.5,0.1
OI00080840,O0046066,P0139,1,24.07,0.1
OI00080841,O0046066,P0103,1,86.04,0.0
OI00080842,O0046066,P0046,1,341.58,0.0
OI00080868,O0046082,P0005,2,1362.82,0.05
OI00080880,O0046090,P0041,1,233.82,0.0
OI00080885,O0046093,P0026,1,1168.23,0.0
OI00080886,O0046093,P0155,2,49.98,0.0
OI00080898,O0046100,P0051,1,56.97,0.0
OI00080914,O0046109,P0144,1,13.5,0.0
OI00080929,O0046121,P0012,1,1518.17,0.0
OI00080930,O0046121,P0081,2,397.58,0.0
OI00080931,O0046121,P0159,1,181.31,0.05
OI00080933,O0046123,P0105,1,127.29,0.0
OI00080934,O0046123,P0138,1,35.43,0.0
OI00080935,O0046123,P0146,1,51.27,0.0
OI00080943,O0046129,P0050,1,92.78,0.0
OI00080944,O0046129,P0087,1,513.23,0.1
OI00080945,O0046129,P0052,1,39.46,0.0
OI00080953,O0046133,P0137,1,25.8,0.0
OI00080954,O0046133,P0071,1,111.38,0.2
OI00080955,O0046134,P0066,1,278.76,0.0
OI00080956,O0046135,P0122,1,384.71,0.05
OI00080957,O0046136,P0034,1,546.65,0.0
OI00080958,O0046136,P0071,1,113.28,0.0
OI00080959,O0046137,P0179,1,81.39,0.0
OI00080960,O0046138,P0018,1,1963.35,0.0
OI00080993,O0046160,P0072,1,172.71,0.05
OI00081000,O0046164,P0083,1,727.5,0.05
OI00081001,O0046165,P0149,2,17.71,0.0
OI00081002,O0046165,P0113,1,98.76,0.0
OI00081032,O0046182,P0061,1,372.2,0.1
OI00081033,O0046182,P0167,1,126.14,0.15
OI00081034,O0046182,P0150,1,11.27,0.0
OI00081044,O0046187,P0014,2,846.3,0.15
OI00081055,O0046194,P0038,1,483.17,0.0
OI00081056,O0046194,P0169,1,184.58,0.0
OI00081063,O0046199,P0066,1,273.53,0.0
OI00081064,O0046199,P0014,1,827.01,0.0
OI00081065,O0046199,P0091,1,167.83,0.0
OI00081066,O0046199,P0132,1,28.96,0.0
OI00081067,O0046200,P0158,2,68.53,0.0
OI00081068,O0046200,P0089,1,361.75,0.0
OI00081069,O0046201,P0049,1,340.45,0.0
OI00081070,O0046201,P0179,1,83.13,0.25
OI00081073,O0046203,P0004,1,1018.23,0.1
OI00081074,O0046203,P0137,2,27.26,0.0
OI00081077,O0046206,P0012,1,1458.59,0.1
OI00081078,O0046206,P0029,2,527.02,0.05
OI00081079,O0046206,P0060,1,135.56,0.0
OI00081080,O0046206,P0058,1,144.53,0.0
OI00081092,O0046212,P0108,2,42.12,0.0
OI00081093,O0046212,P0117,1,30.8,0.1
OI00081119,O0046229,P0106,1,131.53,0.0
OI00081120,O0046229,P0094,1,73.63,0.05
OI00081121,O0046229,P0012,1,1528.11,0.05
OI00081150,O0046245,P0148,1,14.89,0.25
OI00081151,O0046246,P0094,2,74.78,0.0
OI00081152,O0046246,P0173,1,44.33,0.05
OI00081163,O0046253,P0021,1,641.79,0.0
OI00081164,O0046253,P0140,1,16.01,0.0
OI00081166,O0046255,P0139,1,24.63,0.0
OI00081167,O0046255,P0144,1,13.72,0.0
OI00081182,O0046264,P0147,1,77.09,0.1
OI00081183,O0046264,P0035,2,1077.85,0.0
OI00081204,O0046274,P0053,1,358.89,0.0
OI00081205,O0046275,P0129,1,295.4,0.1
OI00081206,O0046275,P0170,2,9.44,0.05
OI00081207,O0046276,P0072,1,175.28,0.0
OI00081208,O0046276,P0086,2,49.94,0.0
OI00081212,O0046278,P0086,1,50.09,0.0
OI00081213,O0046278,P0172,2,22.48,0.0
OI00081214,O0046278,P0041,1,228.81,0.0
OI00081220,O0046282,P0079,3,177.95,0.0
OI00081235,O0046291,P0179,1,80.86,0.0
OI00081236,O0046291,P0101,1,126.36,0.0
OI00081252,O0046301,P0166,1,33.06,0.0
OI00081265,O0046308,P0085,1,487.84,0.0
OI00081266,O0046309,P0127,2,163.56,0.15
OI00081270,O0046311,P0150,1,11.39,0.0
OI00081271,O0046311,P0096,2,85.39,0.15
OI00081272,O0046311,P0174,1,18.13,0.1
OI00081273,O0046311,P0114,1,29.08,0.1
OI00081279,O0046314,P0086,1,49.02,0.0
OI00081306,O0046330,P0058,1,149.44,0.0
OI00081307,O0046330,P0003,2,1218.43,0.0
OI00081308,O0046331,P0159,1,178.41,0.0
OI00081328,O0046344,P0078,1,138.1,0.0
OI00081329,O0046344,P0111,1,288.09,0.05
OI00081345,O0046354,P0076,1,120.95,0.0
OI00081346,O0046354,P0179,1,79.41,0.0
OI00081347,O0046354,P0098,2,310.42,0.15
OI00081368,O0046364,P0171,1,37.35,0.0
OI00081378,O0046370,P0080,3,233.78,0.0
OI00081379,O0046370,P0028,1,1286.34,0.0
OI00081380,O0046370,P0037,1,538.28,0.0
OI00081409,O0046387,P0139,1,24.07,0.0
OI00081410,O0046387,P0041,1,240.61,0.0
OI00081411,O0046387,P0027,2,913.1,0.0
OI00081429,O0046397,P0099,1,233.42,0.0
OI00081431,O0046399,P0107,1,154.97,0.1
OI00081432,O0046399,P0149,1,17.74,0.1
OI00081433,O0046400,P0141,1,23.68,0.0
OI00081438,O0046403,P0180,1,52.29,0.15
OI00081449,O0046411,P0020,1,541.3,0.0
OI00081458,O0046417,P0062,3,57.98,0.0
OI00081472,O0046426,P0139,1,24.24,0.0
OI00081473,O0046426,P0046,1,321.72,0.0
OI00081474,O0046426,P0060,1,135.67,0.0
OI00081475,O0046426,P0119,1,31.76,0.0
OI00081520,O0046452,P0157,2,119.86,0.0
OI00081521,O0046452,P0003,1,1243.48,0.05
OI00081522,O0046452,P0078,1,132.83,0.05
OI00081538,O0046464,P0080,1,242.04,0.1
OI00081541,O0046467,P0097,2,145.78,0.0
OI00081570,O0046485,P0091,1,167.96,0.2
OI00081586,O0046493,P0051,2,54.52,0.05
OI00081602,O0046504,P0085,2,488.37,0.05
OI00081603,O0046504,P0098,3,321.7,0.15
OI00081629,O0046521,P0129,1,293.73,0.05
OI00081630,O0046521,P0033,1,1349.05,0.1
OI00081643,O0046530,P0096,1,86.3,0.0
OI00081644,O0046530,P0090,1,205.71,0.2
OI00081645,O0046530,P0127,1,161.09,0.1
OI00081646,O0046530,P0151,2,19.53,0.0
OI00081678,O0046548,P0094,1,72.67,0.15
OI00081679,O0046548,P0130,1,29.71,0.0
OI00081680,O0046548,P0104,1,29.11,0.2
OI00081699,O0046558,P0042,1,117.52,0.0
OI00081721,O0046572,P0102,1,51.63,0.15
OI00081731,O0046577,P0109,1,171.67,0.05
OI00081732,O0046577,P0157,2,118.43,0.0
OI00081733,O0046577,P0164,1,39.62,0.0
OI00081746,O0046586,P0158,1,68.05,0.0
OI00081747,O0046586,P0180,1,52.87,0.0
OI00081748,O0046586,P0098,1,309.27,0.0
OI00081752,O0046588,P0144,1,13.38,0.05
OI00081760,O0046592,P0173,1,44.83,0.0
OI00081761,O0046592,P0166,1,33.82,0.0
OI00081779,O0046606,P0118,1,127.5,0.0
OI00081785,O0046610,P0152,1,14.66,0.1
OI00081786,O0046610,P0058,1,151.0,0.15
OI00081787,O0046610,P0045,1,399.31,0.0
OI00081788,O0046611,P0038,1,478.48,0.05
OI00081789,O0046611,P0004,1,1029.08,0.0
OI00081824,O0046633,P0135,1,181.7,0.0
OI00081825,O0046633,P0111,1,293.05,0.0
OI00081837,O0046640,P0037,1,518.82,0.1
OI00081844,O0046644,P0039,1,527.37,0.0
OI00081845,O0046644,P0144,1,14.15,0.15
OI00081856,O0046652,P0047,1,139.19,0.0
OI00081866,O0046657,P0169,1,184.42,0.05
OI00081867,O0046657,P0115,1,67.94,0.0
OI00081868,O0046657,P0162,1,19.5,0.0
OI00081869,O0046658,P0169,1,185.25,0.1
OI00081870,O0046658,P0015,1,1452.61,0.0
OI00081871,O0046658,P0172,1,21.58,0.0
OI00081872,O0046658,P0037,1,529.3,0.05
OI00081889,O0046668,P0029,1,518.75,0.0
OI00081910,O0046679,P0059,1,49.7,0.0
OI00081911,O0046679,P0119,1,32.83,0.0
OI00081923,O0046685,P0105,1,134.44,0.0
OI00081952,O0046700,P0095,1,285.02,0.2
OI00081954,O0046702,P0077,1,421.96,0.1
OI00081955,O0046702,P0085,2,493.31,0.0
OI00081957,O0046704,P0002,1,928.52,0.0
OI00081965,O0046709,P0033,1,1347.79,0.05
OI00081970,O0046713,P0099,1,226.27,0.0
OI00081971,O0046713,P0032,2,882.87,0.0
OI00081977,O0046717,P0022,1,859.16,0.25
OI00081991,O0046726,P0165,1,41.84,0.0
OI00081992,O0046726,P0042,1,119.15,0.0
OI00082002,O0046732,P0121,1,149.47,0.0
OI00082044,O0046755,P0057,1,131.39,0.0
OI00082045,O0046755,P0167,1,125.41,0.0
OI00082055,O0046760,P0128,1,70.1,0.1
OI00082056,O0046760,P0061,1,383.44,0.0
OI00082057,O0046760,P0110,1,71.91,0.0
OI00082063,O0046763,P0092,1,186.88,0.0
OI00082064,O0046764,P0139,1,24.32,0.15
OI00082069,O0046767,P0107,2,154.93,0.1
OI00082070,O0046767,P0027,1,932.38,0.0
OI00082102,O0046784,P0079,1,170.67,0.0
OI00082103,O0046784,P0119,1,33.24,0.0
OI00082104,O0046784,P0008,2,1161.69,0.25
OI00082105,O0046784,P0114,2,30.15,0.0
OI00082109,O0046787,P0062,1,58.35,0.0
OI00082110,O0046787,P0014,1,801.28,0.05
OI00082111,O0046787,P0007,1,2038.65,0.0
OI00082112,O0046788,P0113,1,97.81,0.0
OI00082113,O0046788,P0111,1,288.53,0.05
OI00082117,O0046791,P0127,1,161.89,0.05
OI00082118,O0046792,P0036,1,721.15,0.0
OI00082119,O0046792,P0107,1,155.91,0.0
OI00082120,O0046792,P0159,1,176.69,0.2
OI00082130,O0046798,P0073,1,94.62,0.0
OI00082139,O0046804,P0125,1,291.55,0.0
OI00082140,O0046804,P0077,1,409.75,0.05
OI00082141,O0046804,P0147,1,77.61,0.1
OI00082148,O0046807,P0082,2,375.92,0.05
OI00082149,O0046808,P0094,1,73.16,0.0
OI00082150,O0046808,P0026,1,1134.26,0.15
OI00082161,O0046815,P0102,1,51.74,0.0
OI00082163,O0046817,P0134,1,133.94,0.0
OI00082165,O0046819,P0052,1,40.26,0.0
OI00082176,O0046825,P0097,1,136.57,0.1
OI00082223,O0046854,P0091,1,169.74,0.0
OI00082224,O0046854,P0043,1,280.03,0.2
OI00082227,O0046856,P0056,1,129.62,0.0
OI00082228,O0046856,P0054,1,57.73,0.0
OI00082229,O0046856,P0088,1,298.44,0.0
OI00082230,O0046856,P0127,1,158.66,0.0
OI00082253,O0046868,P0064,1,129.73,0.0
OI00082254,O0046868,P0109,1,169.42,0.1
OI00082256,O0046870,P0134,1,129.39,0.0
OI00082257,O0046870,P0073,1,97.73,0.0
OI00082261,O0046873,P0150,1,11.21,0.05
OI00082273,O0046880,P0171,1,38.52,0.0
OI00082279,O0046884,P0023,2,979.38,0.0
OI00082280,O0046884,P0055,1,327.08,0.0
OI00082281,O0046885,P0089,1,348.77,0.0
OI00082299,O0046898,P0141,1,23.37,0.0
OI00082302,O0046900,P0129,1,305.08,0.0
OI00082384,O0046948,P0175,1,11.99,0.0
OI00082385,O0046948,P0008,1,1123.98,0.0
OI00082391,O0046952,P0058,1,143.31,0.0
OI00082392,O0046952,P0069,1,97.25,0.0
OI00082406,O0046961,P0180,1,52.18,0.0
OI00082407,O0046961,P0111,1,293.47,0.0
OI00082424,O0046972,P0146,1,53.19,0.05
OI00082425,O0046972,P0090,1,195.21,0.1
OI00082451,O0046986,P0006,1,2190.11,0.05
OI00082462,O0046994,P0094,1,73.85,0.0
OI00082491,O0047012,P0041,1,229.86,0.0
OI00082492,O0047012,P0140,1,15.71,0.0
OI00082499,O0047016,P0009,1,1300.02,0.15
OI00082500,O0047016,P0002,2,898.57,0.0
OI00082501,O0047016,P0158,1,65.81,0.15
OI00082502,O0047016,P0140,1,15.51,0.0
OI00082519,O0047025,P0034,2,555.4,0.1
OI00082560,O0047046,P0059,1,48.81,0.1
OI00082561,O0047046,P0004,1,1000.95,0.0
OI00082562,O0047047,P0010,1,890.79,0.0
OI00082563,O0047047,P0008,2,1170.13,0.0
OI00082575,O0047055,P0122,1,387.87,0.05
OI00082581,O0047059,P0136,1,87.71,0.1
OI00082582,O0047060,P0163,1,18.52,0.05
OI00082583,O0047060,P0092,2,200.08,0.0
OI00082595,O0047068,P0049,1,339.27,0.05
OI00082596,O0047068,P0150,1,11.39,0.0
OI00082602,O0047072,P0023,2,985.5,0.05
OI00082603,O0047072,P0174,1,18.95,0.0
OI00082604,O0047073,P0150,1,11.57,0.0
OI00082605,O0047073,P0018,1,1972.69,0.0
OI00082608,O0047075,P0144,1,13.28,0.0
OI00082622,O0047082,P0001,1,1716.03,0.0
OI00082669,O0047107,P0172,1,22.48,0.1
OI00082692,O0047118,P0095,1,284.83,0.15
OI00082693,O0047118,P0026,1,1130.37,0.0
OI00082694,O0047119,P0128,1,70.67,0.0
OI00082704,O0047124,P0026,2,1169.84,0.0
OI00082705,O0047124,P0033,1,1344.08,0.0
OI00082721,O0047133,P0133,1,9.76,0.05
OI00082722,O0047133,P0040,1,992.49,0.15
OI00082723,O0047133,P0049,1,336.1,0.0
OI00082756,O0047147,P0084,1,623.27,0.0
OI00082757,O0047148,P0030,2,858.95,0.0
OI00082758,O0047149,P0134,1,132.71,0.05
OI00082777,O0047160,P0139,1,24.7,0.0
OI00082791,O0047171,P0159,1,180.95,0.0
OI00082792,O0047171,P0024,1,488.81,0.0
OI00082799,O0047175,P0102,1,52.38,0.0
OI00082800,O0047175,P0180,1,51.82,0.25
OI00082801,O0047175,P0043,2,295.78,0.0
OI00082847,O0047201,P0024,1,513.08,0.15
OI00082848,O0047201,P0075,1,52.54,0.0
OI00082856,O0047207,P0141,1,23.92,0.0
OI00082866,O0047212,P0117,1,30.96,0.0
OI00082869,O0047214,P0075,1,54.45,0.0
OI00082870,O0047214,P0080,1,238.17,0.0
OI00082872,O0047216,P0026,1,1116.45,0.0
OI00082882,O0047223,P0178,1,11.13,0.0
OI00082883,O0047223,P0120,2,331.78,0.1
OI00082884,O0047224,P0117,1,30.5,0.0
OI00082893,O0047229,P0070,1,53.17,0.0
OI00082895,O0047231,P0057,1,135.0,0.0
OI00082902,O0047235,P0135,1,185.36,0.0
OI00082903,O0047235,P0076,1,117.81,0.0
OI00082904,O0047235,P0093,1,84.1,0.0
OI00082905,O0047235,P0127,1,164.05,0.05
OI00082914,O0047240,P0142,1,12.0,0.0
OI00082943,O0047257,P0102,1,50.91,0.15
OI00082944,O0047258,P0083,1,729.85,0.0
OI00082945,O0047258,P0120,1,327.43,0.0
OI00082946,O0047258,P0170,1,9.5,0.0
OI00082947,O0047259,P0107,1,153.49,0.0
OI00082956,O0047264,P0151,1,19.07,0.0
OI00082957,O0047264,P0050,1,92.09,0.0
OI00082979,O0047276,P0017,1,1621.84,0.0
OI00083000,O0047289,P0071,1,114.07,0.0
OI00083004,O0047291,P0037,1,535.77,0.1
OI00083005,O0047292,P0031,1,1390.17,0.0
OI00083006,O0047292,P0038,1,496.81,0.0
OI00083051,O0047319,P0167,1,126.14,0.0
OI00083054,O0047321,P0072,1,175.77,0.0
OI00083056,O0047323,P0085,2,505.5,0.0
OI00083108,O0047351,P0137,1,25.84,0.0
OI00083135,O0047366,P0017,1,1591.81,0.0
OI00083136,O0047366,P0069,1,96.48,0.0
OI00083137,O0047366,P0113,1,105.08,0.0
OI00083170,O0047383,P0086,1,49.88,0.0
OI00083171,O0047384,P0044,1,125.62,0.0
OI00083172,O0047384,P0098,1,328.14,0.25
OI00083173,O0047384,P0076,1,122.63,0.05
OI00083181,O0047388,P0177,1,23.5,0.1
OI00083184,O0047391,P0065,1,320.62,0.0
OI00083192,O0047395,P0126,1,181.26,0.0
OI00083193,O0047395,P0114,1,29.94,0.05
OI00083234,O0047416,P0164,1,39.11,0.0
OI00083258,O0047430,P0075,1,52.53,0.0
OI00083269,O0047436,P0099,1,235.65,0.1
OI00083308,O0047456,P0003,1,1222.6,0.05
OI00083312,O0047459,P0158,1,66.31,0.0
OI00083313,O0047459,P0118,1,126.31,0.0
OI00083324,O0047466,P0149,3,17.91,0.0
OI00083352,O0047483,P0003,1,1221.71,0.0
OI00083353,O0047483,P0105,1,135.02,0.0
OI00083354,O0047483,P0147,1,76.31,0.0
OI00083360,O0047486,P0153,2,44.62,0.0
OI00083364,O0047490,P0105,1,127.54,0.1
OI00083401,O0047512,P0067,1,286.62,0.05
OI00083402,O0047512,P0170,1,9.31,0.0
OI00083410,O0047516,P0147,1,75.82,0.0
OI00083411,O0047516,P0014,1,818.44,0.0
OI00083412,O0047516,P0072,1,170.91,0.1
OI00083423,O0047522,P0062,1,58.07,0.0
OI00083424,O0047522,P0105,1,131.45,0.0
OI00083432,O0047528,P0040,1,1007.48,0.1
OI00083438,O0047531,P0007,1,2076.2,0.15
OI00083441,O0047533,P0094,2,72.21,0.0
OI00083442,O0047533,P0071,2,111.21,0.1
OI00083504,O0047571,P0165,1,39.45,0.0
OI00083508,O0047573,P0176,2,136.36,0.0
OI00083522,O0047581,P0021,1,655.71,0.0
OI00083523,O0047581,P0146,1,53.47,0.0
OI00083538,O0047592,P0045,1,402.93,0.0
OI00083541,O0047595,P0009,1,1199.09,0.15
OI00083542,O0047596,P0072,1,175.73,0.0
OI00083543,O0047596,P0060,1,134.51,0.0
OI00083559,O0047606,P0055,1,324.24,0.0
OI00083564,O0047610,P0089,1,336.74,0.0
OI00083576,O0047616,P0095,1,289.22,0.0
OI00083577,O0047616,P0104,2,31.4,0.05
OI00083588,O0047622,P0153,1,45.17,0.0
OI00083602,O0047629,P0146,1,51.85,0.1
OI00083603,O0047629,P0051,1,54.67,0.15
OI00083619,O0047638,P0161,1,63.44,0.0
OI00083620,O0047638,P0083,1,728.58,0.0
OI00083621,O0047638,P0087,1,493.98,0.0
OI00083642,O0047652,P0177,2,22.92,0.05
OI00083645,O0047655,P0061,1,377.46,0.1
OI00083662,O0047665,P0159,2,185.16,0.0
OI00083663,O0047665,P0021,1,645.13,0.0
OI00083664,O0047665,P0038,1,459.63,0.0
OI00083665,O0047665,P0171,1,39.01,0.0
OI00083669,O0047667,P0028,1,1241.14,0.05
OI00083670,O0047667,P0058,1,148.7,0.0
OI00083671,O0047667,P0174,1,18.15,0.2
OI00083672,O0047668,P0054,1,56.17,0.0
OI00083678,O0047672,P0014,1,806.83,0.0
OI00083686,O0047677,P0108,1,41.32,0.0
OI00083733,O0047706,P0151,2,19.57,0.05
OI00083735,O0047708,P0016,1,931.29,0.05
OI00083747,O0047715,P0051,1,55.5,0.0
OI00083748,O0047715,P0073,1,96.23,0.0
OI00083749,O0047715,P0078,1,132.94,0.0
OI00083750,O0047715,P0046,1,321.04,0.0
OI00083767,O0047726,P0126,1,186.39,0.0
OI00083768,O0047726,P0174,1,18.74,0.0
OI00083771,O0047729,P0025,1,433.36,0.0
OI00083772,O0047729,P0049,1,353.57,0.0
OI00083773,O0047729,P0058,1,146.09,0.1
OI00083774,O0047730,P0042,1,119.96,0.0
OI00083775,O0047730,P0136,1,86.34,0.15
OI00083815,O0047753,P0172,1,22.17,0.0
OI00083816,O0047753,P0167,2,127.05,0.0
OI00083826,O0047760,P0043,1,289.47,0.0
OI00083827,O0047761,P0001,2,1731.4,0.05
OI00083828,O0047761,P0016,1,918.22,0.0
OI00083871,O0047784,P0128,1,70.68,0.0
OI00083872,O0047784,P0063,1,60.19,0.0
OI00083902,O0047803,P0114,1,29.15,0.25
OI00083910,O0047808,P0078,1,133.48,0.1
OI00083911,O0047808,P0045,1,411.07,0.0
OI00083921,O0047815,P0064,1,127.44,0.05
OI00083956,O0047835,P0049,1,348.89,0.0
OI00083960,O0047839,P0118,1,127.97,0.0
OI00083961,O0047839,P0022,1,869.0,0.0
OI00083978,O0047848,P0133,1,9.99,0.0
OI00083979,O0047848,P0130,2,30.66,0.0
OI00083992,O0047853,P0041,2,240.71,0.0
OI00084017,O0047865,P0158,1,69.81,0.0
OI00084026,O0047871,P0157,1,117.15,0.0
OI00084033,O0047875,P0089,1,351.32,0.0
OI00084034,O0047875,P0095,2,284.84,0.05
OI00084035,O0047875,P0138,1,34.29,0.0
OI00084036,O0047876,P0123,1,48.59,0.0
OI00084037,O0047876,P0057,1,134.13,0.0
OI00084070,O0047896,P0180,1,52.39,0.2
OI00084071,O0047896,P0112,1,39.28,0.0
OI00084075,O0047898,P0103,1,85.68,0.0
OI00084084,O0047904,P0175,1,11.94,0.0
OI00084085,O0047904,P0117,1,30.58,0.0
OI00084086,O0047904,P0072,2,172.35,0.05
OI00084108,O0047915,P0161,1,63.79,0.0
OI00084121,O0047921,P0100,1,61.81,0.0
OI00084131,O0047929,P0010,2,897.97,0.0
OI00084137,O0047934,P0009,1,1300.97,0.2
OI00084138,O0047934,P0131,3,50.91,0.0
OI00084144,O0047939,P0051,1,56.34,0.0
OI00084147,O0047941,P0050,1,93.5,0.0
OI00084148,O0047941,P0161,1,63.86,0.0
OI00084155,O0047946,P0177,1,23.36,0.0
OI00084156,O0047946,P0055,1,332.26,0.1
OI00084162,O0047949,P0003,1,1253.58,0.25
OI00084167,O0047953,P0116,1,69.06,0.0
OI00084168,O0047953,P0151,1,19.11,0.0
OI00084169,O0047953,P0087,1,492.39,0.0
OI00084176,O0047959,P0066,1,273.68,0.0
OI00084177,O0047959,P0063,1,61.9,0.0
OI00084178,O0047960,P0106,1,128.01,0.0
OI00084192,O0047970,P0063,1,58.35,0.1
OI00084208,O0047977,P0020,1,553.65,0.0
OI00084209,O0047977,P0025,1,413.08,0.0
OI00084215,O0047981,P0121,1,147.72,0.0
OI00084234,O0047990,P0123,1,49.11,0.0
OI00084235,O0047990,P0168,1,63.13,0.0
OI00084239,O0047994,P0113,1,100.95,0.1
OI00084248,O0048001,P0062,1,57.79,0.1
OI00084257,O0048005,P0071,3,114.91,0.0
OI00084290,O0048023,P0071,1,112.1,0.0
OI00084300,O0048028,P0001,1,1636.91,0.0
OI00084304,O0048030,P0019,1,394.39,0.0
OI00084305,O0048030,P0133,1,10.16,0.0
OI00084306,O0048030,P0159,1,182.17,0.1
OI00084319,O0048039,P0111,1,291.59,0.0
OI00084343,O0048053,P0128,1,69.57,0.0
OI00084344,O0048053,P0077,1,411.86,0.0
OI00084364,O0048064,P0031,1,1310.97,0.0
OI00084365,O0048064,P0018,2,1998.75,0.0
OI00084366,O0048064,P0020,1,556.61,0.1
OI00084369,O0048066,P0065,1,319.41,0.05
OI00084370,O0048066,P0110,1,74.22,0.1
OI00084371,O0048066,P0092,1,194.49,0.15
OI00084372,O0048067,P0052,1,40.33,0.0
OI00084373,O0048067,P0094,1,72.37,0.0
OI00084386,O0048075,P0050,1,89.59,0.0
OI00084387,O0048075,P0148,1,15.14,0.05
OI00084390,O0048078,P0043,1,287.69,0.1
OI00084400,O0048084,P0012,1,1505.76,0.0
OI00084401,O0048084,P0080,1,229.76,0.0
OI00084404,O0048086,P0027,1,916.07,0.0
OI00084419,O0048097,P0056,1,128.44,0.2
OI00084420,O0048097,P0107,1,154.24,0.0
OI00084421,O0048098,P0133,2,10.08,0.0
OI00084422,O0048098,P0153,1,45.24,0.0
OI00084423,O0048098,P0063,1,58.17,0.0
OI00084424,O0048098,P0109,1,168.04,0.15
OI00084426,O0048100,P0074,1,250.9,0.0
OI00084459,O0048121,P0038,1,464.08,0.0
OI00084460,O0048121,P0148,1,15.05,0.0
OI00084461,O0048121,P0060,1,137.25,0.0
OI00084471,O0048127,P0087,1,508.25,0.0
OI00084472,O0048127,P0154,1,57.27,0.05
OI00084474,O0048129,P0054,1,57.49,0.0
OI00084507,O0048153,P0061,1,373.2,0.0
OI00084516,O0048160,P0136,1,85.18,0.0
OI00084517,O0048160,P0022,1,885.74,0.05
OI00084518,O0048160,P0174,1,18.79,0.0
OI00084519,O0048161,P0076,1,124.7,0.0
OI00084548,O0048177,P0016,1,930.68,0.0
OI00084559,O0048184,P0033,1,1376.06,0.1
OI00084560,O0048184,P0108,1,41.17,0.0
OI00084561,O0048184,P0142,2,12.59,0.0
OI00084573,O0048191,P0061,1,382.2,0.0
OI00084574,O0048191,P0087,1,483.77,0.0
OI00084592,O0048202,P0133,2,9.8,0.15
OI00084593,O0048202,P0119,1,33.35,0.0
OI00084595,O0048204,P0131,1,51.12,0.0
OI00084596,O0048205,P0060,1,132.6,0.15
OI00084597,O0048205,P0124,1,64.67,0.1
OI00084598,O0048205,P0171,1,37.14,0.0
OI00084617,O0048216,P0089,1,361.61,0.0
OI00084618,O0048216,P0053,1,360.41,0.15
OI00084619,O0048216,P0114,1,28.92,0.0
OI00084636,O0048227,P0059,2,49.48,0.0
OI00084637,O0048227,P0083,1,748.12,0.0
OI00084638,O0048228,P0156,2,86.75,0.1
OI00084639,O0048228,P0077,1,404.37,0.0
OI00084644,O0048231,P0014,1,826.46,0.0
OI00084653,O0048235,P0143,1,111.05,0.2
OI00084662,O0048240,P0043,1,289.0,0.0
OI00084663,O0048240,P0056,1,132.17,0.0
OI00084665,O0048242,P0021,1,655.85,0.0
OI00084672,O0048247,P0046,1,333.33,0.1
OI00084673,O0048247,P0064,1,128.37,0.0
OI00084674,O0048248,P0023,1,988.93,0.0
OI00084678,O0048250,P0025,1,412.0,0.0
OI00084687,O0048257,P0178,1,10.77,0.1
OI00084697,O0048263,P0162,1,19.86,0.0
OI00084698,O0048263,P0106,1,128.04,0.0
OI00084706,O0048268,P0136,2,84.86,0.0
OI00084724,O0048279,P0017,1,1636.43,0.0
OI00084725,O0048279,P0107,1,163.07,0.05
OI00084740,O0048287,P0091,1,168.68,0.0
OI00084759,O0048298,P0065,1,322.28,0.0
OI00084771,O0048305,P0049,1,335.57,0.0
OI00084774,O0048308,P0171,1,38.14,0.0
OI00084780,O0048312,P0121,1,144.19,0.05
OI00084781,O0048312,P0170,1,9.43,0.15
OI00084782,O0048312,P0165,2,39.99,0.0
OI00084797,O0048323,P0175,1,11.96,0.0
OI00084798,O0048323,P0100,1,60.51,0.0
OI00084802,O0048326,P0109,2,169.1,0.1
OI00084809,O0048331,P0126,1,187.22,0.05
OI00084810,O0048331,P0156,2,88.31,0.15
OI00084811,O0048331,P0150,2,11.75,0.0
OI00084829,O0048342,P0150,2,11.43,0.0
OI00084830,O0048342,P0027,1,905.54,0.0
OI00084839,O0048346,P0173,2,44.55,0.0
OI00084871,O0048366,P0069,1,97.21,0.0
OI00084872,O0048366,P0137,1,26.0,0.0
OI00084877,O0048369,P0137,1,25.43,0.0
OI00084878,O0048369,P0042,1,120.44,0.1
OI00084879,O0048369,P0158,1,67.86,0.05
OI00084888,O0048377,P0168,1,61.86,0.0
OI00084889,O0048377,P0072,1,175.9,0.0
OI00084890,O0048377,P0137,1,25.88,0.0
OI00084899,O0048382,P0162,3,19.1,0.05
OI00084900,O0048382,P0156,1,92.42,0.0
OI00084901,O0048383,P0159,1,174.98,0.0
OI00084902,O0048383,P0077,1,409.22,0.1
OI00084903,O0048383,P0010,1,886.06,0.0
OI00084904,O0048383,P0039,1,523.59,0.0
OI00084935,O0048405,P0057,1,133.42,0.05
OI00084955,O0048416,P0112,1,40.57,0.0
OI00084956,O0048416,P0078,1,133.79,0.0
OI00084967,O0048423,P0093,1,84.14,0.15
OI00084968,O0048423,P0044,1,123.13,0.0
OI00084998,O0048437,P0110,1,74.67,0.0
OI00085000,O0048439,P0136,1,83.28,0.0
OI00085001,O0048439,P0109,1,165.57,0.0
OI00085068,O0048481,P0137,3,26.02,0.0
OI00085071,O0048484,P0172,1,22.14,0.0
OI00085074,O0048486,P0041,1,237.05,0.0
OI00085075,O0048487,P0167,1,127.17,0.05
OI00085086,O0048493,P0001,2,1737.76,0.15
OI00085115,O0048511,P0174,1,18.54,0.1
OI00085116,O0048511,P0043,1,289.56,0.25
OI00085117,O0048511,P0080,1,241.63,0.1
OI00085118,O0048512,P0037,1,525.93,0.1
OI00085142,O0048523,P0121,1,144.04,0.2
OI00085143,O0048523,P0061,1,378.44,0.0
OI00085170,O0048543,P0167,1,129.03,0.1
OI00085171,O0048543,P0117,1,31.05,0.0
OI00085172,O0048543,P0026,1,1191.59,0.25
OI00085191,O0048552,P0168,1,63.58,0.0
OI00085201,O0048558,P0089,2,349.75,0.25
OI00085202,O0048558,P0072,2,170.34,0.0
OI00085206,O0048560,P0152,1,15.03,0.0
OI00085211,O0048563,P0108,1,41.83,0.25
OI00085212,O0048563,P0018,1,1944.59,0.25
OI00085213,O0048563,P0082,1,383.38,0.0
OI00085217,O0048566,P0014,1,816.96,0.05
OI00085218,O0048567,P0107,2,154.03,0.0
OI00085219,O0048567,P0033,1,1321.03,0.25
OI00085220,O0048568,P0066,1,277.12,0.05
OI00085221,O0048568,P0038,1,470.33,0.0
OI00085227,O0048573,P0145,1,161.77,0.05
OI00085231,O0048576,P0078,1,135.6,0.0
OI00085240,O0048581,P0166,1,33.04,0.25
OI00085246,O0048585,P0121,1,145.34,0.0
OI00085247,O0048585,P0068,1,139.45,0.0
OI00085260,O0048592,P0178,1,11.04,0.0
OI00085261,O0048592,P0025,1,414.66,0.0
OI00085262,O0048592,P0066,1,264.43,0.25
OI00085263,O0048592,P0159,1,176.04,0.0
OI00085277,O0048601,P0062,1,57.03,0.25
OI00085278,O0048601,P0090,1,207.73,0.25
OI00085295,O0048612,P0124,1,63.61,0.15
OI00085319,O0048624,P0004,1,995.27,0.25
OI00085322,O0048626,P0122,1,394.54,0.0
OI00085323,O0048626,P0053,1,362.49,0.1
OI00085324,O0048626,P0061,1,374.85,0.0
OI00085325,O0048626,P0167,1,123.87,0.15
OI00085354,O0048644,P0178,1,10.93,0.05
OI00085363,O0048651,P0021,1,656.93,0.25
OI00085372,O0048657,P0151,1,19.56,0.25
OI00085378,O0048661,P0103,1,88.12,0.0
OI00085379,O0048661,P0023,1,1011.15,0.25
OI00085403,O0048674,P0150,1,11.15,0.0
OI00085404,O0048674,P0047,1,136.84,0.05
OI00085414,O0048678,P0106,2,131.96,0.0
OI00085415,O0048678,P0018,1,1940.75,0.1
OI00085422,O0048681,P0061,1,387.06,0.0
OI00085423,O0048681,P0142,1,12.83,0.0
OI00085428,O0048685,P0174,2,18.82,0.0
OI00085429,O0048685,P0154,1,55.11,0.25
OI00085443,O0048694,P0039,2,512.64,0.05
OI00085444,O0048694,P0021,2,668.47,0.0
OI00085460,O0048703,P0053,1,350.36,0.0
OI00085483,O0048716,P0039,2,511.09,0.25
OI00085496,O0048723,P0061,1,382.92,0.0
OI00085497,O0048723,P0097,1,142.56,0.05
OI00085498,O0048724,P0060,1,134.44,0.0
OI00085499,O0048725,P0040,1,1006.33,0.05
OI00085500,O0048726,P0133,1,10.08,0.25
OI00085511,O0048734,P0007,1,2040.27,0.0
OI00085512,O0048734,P0051,1,55.14,0.0
OI00085521,O0048741,P0044,1,120.98,0.0
OI00085537,O0048748,P0020,1,567.09,0.0
OI00085538,O0048748,P0103,1,85.2,0.1
OI00085539,O0048748,P0082,1,379.81,0.0
OI00085541,O0048750,P0115,1,69.0,0.0
OI00085542,O0048750,P0152,2,14.56,0.15
OI00085543,O0048750,P0007,1,2062.41,0.1
OI00085547,O0048753,P0050,1,93.23,0.25
OI00085548,O0048753,P0109,1,166.54,0.0
OI00085575,O0048769,P0096,1,87.28,0.0
OI00085576,O0048769,P0054,1,57.15,0.25
OI00085577,O0048769,P0136,1,82.01,0.0
OI00085578,O0048769,P0053,1,356.22,0.25
OI00085585,O0048775,P0113,1,101.48,0.0
OI00085609,O0048788,P0043,1,297.37,0.2
OI00085610,O0048788,P0126,1,187.51,0.25
OI00085622,O0048795,P0030,2,851.73,0.05
OI00085647,O0048809,P0073,1,96.19,0.0
OI00085680,O0048827,P0101,1,129.69,0.25
OI00085681,O0048827,P0065,2,323.97,0.25
OI00085692,O0048835,P0063,1,59.41,0.0
OI00085693,O0048835,P0126,1,181.77,0.0
OI00085696,O0048838,P0039,1,506.25,0.0
OI00085697,O0048838,P0054,2,57.73,0.25
OI00085715,O0048850,P0171,1,37.87,0.0
OI00085716,O0048850,P0158,3,66.79,0.25
OI00085717,O0048850,P0112,1,40.83,0.0
OI00085718,O0048850,P0031,1,1322.07,0.25
OI00085747,O0048871,P0022,1,876.96,0.25
OI00085748,O0048871,P0151,1,19.13,0.1
OI00085749,O0048872,P0100,1,63.6,0.0
OI00085764,O0048880,P0036,1,723.69,0.25
OI00085765,O0048880,P0075,1,53.61,0.05
OI00085776,O0048887,P0168,3,63.7,0.25
OI00085777,O0048887,P0070,1,53.84,0.0
OI00085784,O0048891,P0068,1,138.79,0.1
OI00085787,O0048893,P0164,1,39.23,0.1
OI00085793,O0048897,P0004,2,1007.94,0.0
OI00085794,O0048897,P0050,1,89.25,0.05
OI00085812,O0048906,P0058,1,146.54,0.05
OI00085813,O0048906,P0136,2,84.97,0.25
OI00085816,O0048909,P0168,1,62.86,0.0
OI00085826,O0048914,P0128,1,71.24,0.0
OI00085827,O0048914,P0019,2,404.04,0.15
OI00085828,O0048915,P0180,2,50.9,0.25
OI00085829,O0048915,P0094,1,74.8,0.1
OI00085830,O0048915,P0025,1,416.08,0.0
OI00085831,O0048915,P0062,1,57.3,0.25
OI00085839,O0048921,P0031,1,1274.5,0.0
OI00085860,O0048936,P0135,1,182.44,0.25
OI00085864,O0048940,P0087,1,483.36,0.05
OI00085874,O0048945,P0100,1,60.28,0.05
OI00085877,O0048948,P0117,1,32.12,0.0
OI00085878,O0048948,P0078,1,136.96,0.25
OI00085879,O0048949,P0153,1,43.82,0.25
OI00085880,O0048950,P0147,1,78.87,0.0
OI00085890,O0048959,P0060,1,132.47,0.25
OI00085902,O0048967,P0127,1,159.6,0.0
OI00085938,O0048985,P0001,2,1723.1,0.25
OI00085966,O0048999,P0102,1,51.23,0.05
OI00086000,O0049018,P0044,1,122.13,0.0
OI00086001,O0049018,P0082,1,373.02,0.25
OI00086002,O0049018,P0125,2,296.22,0.0
OI00086009,O0049024,P0114,1,30.71,0.0
OI00086010,O0049025,P0029,1,523.96,0.25
OI00086011,O0049025,P0062,1,57.33,0.0
OI00086012,O0049025,P0106,1,131.69,0.0
OI00086024,O0049032,P0041,1,236.2,0.0
OI00086025,O0049032,P0029,1,522.97,0.15
OI00086026,O0049033,P0058,1,149.62,0.2
OI00086027,O0049033,P0082,1,381.62,0.25
OI00086028,O0049033,P0121,1,146.66,0.25
OI00086041,O0049039,P0139,1,24.8,0.1
OI00086057,O0049048,P0037,1,539.72,0.0
OI00086058,O0049048,P0104,1,29.04,0.0
OI00086059,O0049048,P0131,1,50.11,0.1
OI00086060,O0049048,P0122,1,390.29,0.1
OI00086061,O0049049,P0033,2,1277.83,0.2
OI00086062,O0049049,P0003,1,1225.97,0.25
OI00086063,O0049049,P0030,1,852.88,0.2
OI00086113,O0049076,P0078,1,133.86,0.0
OI00086114,O0049076,P0022,1,849.28,0.05
OI00086120,O0049079,P0180,1,52.6,0.0
OI00086124,O0049082,P0112,1,39.98,0.0
OI00086125,O0049082,P0091,1,168.93,0.25
OI00086132,O0049086,P0120,1,331.46,0.25
OI00086133,O0049086,P0050,1,93.49,0.2
OI00086134,O0049086,P0041,1,234.81,0.0
OI00086135,O0049087,P0010,1,888.14,0.15
OI00086136,O0049087,P0116,1,68.53,0.0
OI00086140,O0049090,P0135,1,186.19,0.0
OI00086150,O0049095,P0051,1,53.8,0.15
OI00086168,O0049107,P0109,1,170.02,0.05
OI00086169,O0049107,P0003,1,1252.15,0.25
OI00086170,O0049107,P0102,1,51.73,0.05
OI00086180,O0049116,P0008,1,1160.01,0.25
OI00086185,O0049119,P0077,1,415.76,0.25
OI00086186,O0049119,P0130,1,30.66,0.1
OI00086192,O0049123,P0079,1,168.68,0.1
OI00086193,O0049123,P0002,1,931.36,0.0
OI00086211,O0049133,P0112,1,39.5,0.15
OI00086212,O0049133,P0013,1,1053.35,0.0
OI00086242,O0049150,P0140,1,15.67,0.0
OI00086243,O0049150,P0134,1,130.01,0.1
OI00086245,O0049152,P0069,1,98.0,0.0
OI00086248,O0049154,P0161,1,62.31,0.25
OI00086280,O0049167,P0150,1,11.32,0.0
OI00086281,O0049167,P0120,1,339.87,0.0
OI00086295,O0049176,P0124,1,63.0,0.1
OI00086300,O0049179,P0069,1,98.95,0.25
OI00086301,O0049180,P0089,1,350.48,0.25
OI00086302,O0049180,P0113,2,97.74,0.15
OI00086312,O0049185,P0094,2,74.9,0.0
OI00086313,O0049185,P0179,1,81.64,0.0
OI00086314,O0049186,P0134,1,133.12,0.25
OI00086315,O0049186,P0146,1,54.24,0.0
OI00086351,O0049207,P0132,1,28.17,0.0
OI00086352,O0049208,P0122,1,376.43,0.0
OI00086353,O0049208,P0037,1,533.5,0.25
OI00086371,O0049217,P0085,1,484.58,0.2
OI00086372,O0049218,P0111,1,288.09,0.25
OI00086373,O0049218,P0009,1,1306.16,0.05
OI00086391,O0049228,P0039,1,517.95,0.25
OI00086392,O0049228,P0106,1,130.17,0.05
OI00086393,O0049229,P0078,1,133.91,0.25
OI00086408,O0049239,P0090,1,202.69,0.0
OI00086409,O0049239,P0011,1,1059.09,0.0
OI00086410,O0049239,P0112,1,40.14,0.0
OI00086411,O0049240,P0174,1,18.12,0.05
OI00086414,O0049242,P0022,1,885.55,0.25
OI00086422,O0049247,P0119,1,33.49,0.25
OI00086462,O0049272,P0094,1,76.92,0.05
OI00086484,O0049284,P0010,2,876.54,0.0
OI00086485,O0049284,P0172,1,22.24,0.0
OI00086493,O0049287,P0160,1,23.72,0.0
OI00086494,O0049287,P0044,2,125.28,0.0
OI00086506,O0049294,P0117,1,30.68,0.0
OI00086507,O0049294,P0039,1,531.38,0.25
OI00086510,O0049296,P0115,1,67.1,0.25
OI00086511,O0049296,P0011,2,1078.58,0.25
OI00086512,O0049296,P0096,2,90.72,0.1
OI00086513,O0049296,P0002,1,923.22,0.25
OI00086523,O0049300,P0001,1,1653.77,0.25
OI00086531,O0049304,P0163,2,17.97,0.0
OI00086544,O0049312,P0078,1,135.19,0.0
OI00086546,O0049314,P0125,1,298.7,0.0
OI00086547,O0049314,P0066,1,277.52,0.0
OI00086549,O0049316,P0068,1,144.86,0.0
OI00086581,O0049332,P0047,1,141.44,0.25
OI00086582,O0049332,P0162,1,19.19,0.0
OI00086583,O0049332,P0134,1,132.47,0.25
OI00086597,O0049342,P0136,1,82.76,0.15
OI00086598,O0049342,P0125,1,303.73,0.25
OI00086602,O0049345,P0177,1,22.83,0.1
OI00086608,O0049349,P0028,2,1175.09,0.0
OI00086621,O0049358,P0134,1,133.31,0.1
OI00086656,O0049379,P0125,1,288.41,0.25
OI00086657,O0049379,P0059,1,51.22,0.25
OI00086658,O0049380,P0071,1,110.67,0.1
OI00086659,O0049380,P0089,1,363.73,0.0
OI00086660,O0049380,P0153,2,44.26,0.0
OI00086671,O0049386,P0100,2,61.13,0.0
OI00086672,O0049387,P0074,2,258.26,0.0
OI00086688,O0049398,P0052,1,39.75,0.15
OI00086689,O0049398,P0051,1,55.94,0.25
OI00086702,O0049406,P0019,1,406.69,0.25
OI00086732,O0049425,P0042,1,123.88,0.0
OI00086733,O0049426,P0161,1,62.12,0.1
OI00086734,O0049426,P0060,1,141.01,0.0
OI00086735,O0049427,P0053,1,348.81,0.15
OI00086736,O0049428,P0149,3,18.34,0.25
OI00086737,O0049428,P0169,1,188.6,0.25
OI00086745,O0049434,P0017,1,1637.4,0.0
OI00086746,O0049434,P0074,1,255.45,0.0
OI00086779,O0049450,P0168,1,60.87,0.25
OI00086791,O0049458,P0066,1,280.59,0.05
OI00086792,O0049458,P0065,1,318.83,0.0
OI00086796,O0049460,P0101,1,125.06,0.0
OI00086820,O0049475,P0104,1,28.93,0.0
OI00086871,O0049507,P0141,1,23.91,0.1
OI00086874,O0049510,P0082,1,382.66,0.05
OI00086897,O0049524,P0035,1,1089.34,0.0
OI00086898,O0049524,P0103,1,86.19,0.0
OI00086900,O0049526,P0127,1,164.88,0.1
OI00086901,O0049526,P0036,1,728.57,0.1
OI00086910,O0049532,P0099,1,235.68,0.25
OI00086911,O0049532,P0113,1,100.83,0.25
OI00086913,O0049534,P0105,1,131.24,0.0
OI00086916,O0049536,P0176,1,138.54,0.25
OI00086917,O0049536,P0124,2,66.35,0.25
OI00086930,O0049544,P0049,1,340.36,0.2
OI00086931,O0049544,P0108,1,42.17,0.15
OI00086951,O0049557,P0027,2,890.06,0.0
OI00086956,O0049560,P0063,1,59.37,0.05
OI00086966,O0049567,P0026,1,1173.99,0.0
OI00086967,O0049568,P0170,1,9.38,0.1
OI00086968,O0049568,P0038,1,485.38,0.05
OI00086969,O0049568,P0116,1,69.71,0.0
OI00086975,O0049571,P0175,1,11.9,0.25
OI00086992,O0049582,P0137,1,25.93,0.25
OI00087013,O0049595,P0066,1,271.65,0.1
OI00087014,O0049595,P0084,1,646.28,0.1
OI00087062,O0049619,P0043,1,288.85,0.05
OI00087063,O0049619,P0180,1,51.4,0.0
OI00087125,O0049654,P0142,1,12.82,0.1
OI00087134,O0049660,P0113,1,98.44,0.05
OI00087135,O0049660,P0131,1,50.76,0.1
OI00087136,O0049660,P0070,1,54.64,0.05
OI00087137,O0049660,P0133,1,10.02,0.25
OI00087143,O0049666,P0081,1,404.14,0.15
OI00087185,O0049693,P0056,1,130.18,0.25
OI00087193,O0049698,P0088,1,299.76,0.0
OI00087194,O0049698,P0158,1,67.25,0.0
OI00087195,O0049698,P0041,1,231.65,0.25
OI00087196,O0049698,P0067,1,289.16,0.0
OI00087218,O0049709,P0035,1,1086.76,0.25
OI00087219,O0049709,P0095,1,283.98,0.0
OI00087220,O0049709,P0149,2,17.85,0.05
OI00087221,O0049710,P0146,1,53.21,0.0
OI00087226,O0049713,P0170,1,9.46,0.25
OI00087235,O0049719,P0023,1,969.94,0.15
OI00087236,O0049719,P0170,1,9.49,0.0
OI00087237,O0049719,P0171,2,38.8,0.25
OI00087246,O0049724,P0165,2,40.64,0.25
OI00087247,O0049724,P0085,1,510.11,0.1
OI00087274,O0049742,P0019,1,403.55,0.0
OI00087311,O0049761,P0005,1,1340.93,0.05
OI00087322,O0049766,P0169,1,185.96,0.25
OI00087323,O0049766,P0045,1,394.57,0.0
OI00087324,O0049767,P0072,1,174.49,0.0
OI00087325,O0049767,P0146,1,53.8,0.1
OI00087326,O0049767,P0075,2,53.81,0.0
OI00087351,O0049784,P0137,1,25.89,0.0
OI00087356,O0049786,P0009,2,1296.26,0.0
OI00087357,O0049786,P0162,2,19.3,0.2
OI00087399,O0049809,P0064,1,131.77,0.0
OI00087405,O0049813,P0168,1,63.63,0.25
OI00087406,O0049813,P0052,2,38.38,0.25
OI00087436,O0049830,P0032,1,893.57,0.1
OI00087467,O0049849,P0135,1,183.05,0.0
OI00087470,O0049851,P0070,1,53.64,0.0
OI00087471,O0049851,P0055,1,331.87,0.1
OI00087472,O0049851,P0117,1,30.94,0.25
OI00087478,O0049856,P0088,1,301.76,0.0
OI00087504,O0049871,P0022,1,853.55,0.15
OI00087505,O0049871,P0011,1,1045.4,0.0
OI00087506,O0049871,P0162,1,19.59,0.0
OI00087518,O0049877,P0148,1,14.86,0.0
OI00087519,O0049878,P0018,1,1987.64,0.15
OI00087520,O0049878,P0107,1,156.03,0.1
OI00087521,O0049878,P0055,1,333.76,0.15
OI00087532,O0049886,P0098,1,324.57,0.25
OI00087546,O0049894,P0015,1,1474.07,0.1
OI00087547,O0049894,P0053,1,357.81,0.0
OI00087555,O0049899,P0094,1,70.5,0.1
OI00087556,O0049899,P0008,2,1174.76,0.0
OI00087557,O0049899,P0055,1,330.73,0.25
OI00087571,O0049910,P0014,1,831.46,0.25
OI00087573,O0049912,P0007,2,1958.18,0.25
OI00087574,O0049912,P0157,1,118.87,0.1
OI00087607,O0049933,P0107,1,150.46,0.05
OI00087608,O0049933,P0178,1,11.3,0.25
OI00087640,O0049955,P0135,1,182.44,0.0
OI00087658,O0049965,P0170,1,9.48,0.25
OI00087659,O0049966,P0154,2,55.62,0.0
OI00087660,O0049966,P0156,2,89.1,0.0
OI00087661,O0049966,P0011,1,1071.31,0.0
OI00087662,O0049967,P0165,1,40.19,0.25
OI00087670,O0049972,P0098,1,322.54,0.0
OI00087683,O0049980,P0079,1,177.19,0.0
OI00087684,O0049980,P0080,2,243.83,0.0
OI00087685,O0049980,P0095,1,286.94,0.1
OI00087686,O0049980,P0108,1,42.99,0.0
OI00087695,O0049984,P0075,2,53.95,0.25
OI00087696,O0049984,P0169,1,181.7,0.0
OI00087698,O0049986,P0154,2,56.87,0.0
OI00087705,O0049991,P0010,1,906.29,0.25
OI00087706,O0049991,P0170,1,9.32,0.2
OI00087717,O0049999,P0096,1,85.84,0.0
OI00087718,O0049999,P0017,1,1649.41,0.0
OI00087729,O0050005,P0053,1,363.92,0.0
OI00087730,O0050005,P0170,1,9.4,0.05
OI00087745,O0050015,P0178,1,11.06,0.0
OI00087756,O0050023,P0037,2,545.41,0.0
OI00087757,O0050023,P0070,1,55.27,0.0
OI00087766,O0050028,P0001,1,1689.79,0.05
OI00087796,O0050043,P0010,2,892.91,0.0
OI00087797,O0050043,P0027,1,912.64,0.0
OI00087802,O0050046,P0121,1,145.81,0.05
OI00087819,O0050057,P0057,2,130.82,0.0
OI00087828,O0050062,P0019,2,397.76,0.25
OI00087837,O0050066,P0057,3,129.65,0.0
OI00087838,O0050067,P0078,1,135.29,0.0
OI00087839,O0050067,P0059,2,48.61,0.05
OI00087866,O0050081,P0158,1,67.41,0.15
OI00087867,O0050081,P0147,1,77.25,0.0
OI00087868,O0050081,P0062,1,58.11,0.25
OI00087870,O0050083,P0057,1,134.73,0.1
OI00087871,O0050083,P0140,1,15.93,0.25
OI00087872,O0050084,P0173,2,44.91,0.0
OI00087877,O0050088,P0095,1,286.04,0.0
OI00087878,O0050088,P0132,1,28.66,0.0
OI00087879,O0050088,P0105,1,131.26,0.1
OI00087897,O0050099,P0161,1,65.53,0.1
OI00087898,O0050099,P0179,1,81.9,0.25
OI00087946,O0050127,P0137,1,25.74,0.25
OI00087947,O0050128,P0077,1,421.51,0.0
OI00087948,O0050128,P0042,1,122.93,0.05
OI00087951,O0050130,P0055,2,334.78,0.0
OI00087952,O0050130,P0041,1,236.99,0.15
OI00087968,O0050139,P0069,1,97.75,0.0
OI00087969,O0050139,P0057,1,130.37,0.0
OI00087995,O0050154,P0083,1,743.41,0.25
OI00087996,O0050154,P0148,1,14.94,0.0
OI00087997,O0050154,P0144,1,14.08,0.05
OI00088025,O0050170,P0064,1,127.07,0.0
OI00088046,O0050183,P0036,1,708.41,0.25
OI00088063,O0050191,P0124,1,65.03,0.25
OI00088067,O0050194,P0173,1,45.24,0.25
OI00088068,O0050194,P0074,1,254.67,0.25
OI00088072,O0050196,P0007,1,2016.94,0.1
OI00088073,O0050196,P0085,1,510.66,0.1
OI00088076,O0050199,P0018,1,1966.89,0.0
OI00088077,O0050199,P0121,1,148.49,0.05
OI00088090,O0050208,P0164,1,40.26,0.0
OI00088091,O0050208,P0159,1,180.9,0.25
OI00088093,O0050210,P0044,1,124.33,0.2
OI00088103,O0050216,P0124,1,65.4,0.0
OI00088104,O0050216,P0035,1,1067.21,0.2
OI00088113,O0050223,P0015,1,1448.77,0.0
OI00088130,O0050231,P0066,1,274.26,0.25
OI00088131,O0050232,P0180,1,51.03,0.0
OI00088132,O0050232,P0157,1,124.06,0.05
OI00088133,O0050232,P0041,1,243.16,0.25
OI00088141,O0050236,P0158,1,67.49,0.0
OI00088188,O0050262,P0124,1,64.07,0.0
OI00088208,O0050272,P0142,1,12.49,0.25
OI00088209,O0050272,P0085,3,502.38,0.2
OI00088210,O0050272,P0050,1,93.71,0.05
OI00088215,O0050275,P0098,1,313.0,0.05
OI00088225,O0050281,P0122,1,391.12,0.25
OI00088234,O0050285,P0057,1,136.41,0.25
OI00088247,O0050291,P0114,1,29.41,0.15
OI00088248,O0050292,P0096,1,85.59,0.0
OI00088254,O0050296,P0132,1,28.05,0.25
OI00088260,O0050300,P0118,2,128.23,0.15
OI00088279,O0050311,P0151,1,19.58,0.25
OI00088280,O0050311,P0057,1,134.5,0.2
OI00088285,O0050314,P0162,1,19.21,0.25
OI00088286,O0050314,P0025,1,433.83,0.25
OI00088287,O0050314,P0087,1,492.62,0.05
OI00088315,O0050328,P0112,1,39.32,0.0
OI00088316,O0050328,P0049,1,336.06,0.25
OI00088317,O0050328,P0145,1,160.94,0.25
OI00088325,O0050334,P0026,1,1219.18,0.25
OI00088334,O0050341,P0020,1,554.64,0.25
OI00088335,O0050342,P0093,1,83.35,0.0
OI00088336,O0050342,P0045,2,413.17,0.1
OI00088346,O0050349,P0062,1,57.05,0.25
OI00088347,O0050349,P0071,1,115.06,0.0
OI00088355,O0050354,P0091,1,174.32,0.25
OI00088356,O0050354,P0094,1,74.76,0.0
OI00088357,O0050354,P0168,1,63.67,0.05
OI00088359,O0050356,P0179,1,81.65,0.15
OI00088370,O0050364,P0159,1,173.75,0.15
OI00088383,O0050370,P0176,1,134.77,0.25
OI00088386,O0050373,P0006,1,2198.13,0.0
OI00088387,O0050373,P0122,1,379.75,0.0
OI00088396,O0050379,P0106,1,131.27,0.05
OI00088402,O0050383,P0157,1,121.24,0.25
OI00088403,O0050383,P0058,1,145.99,0.15
OI00088412,O0050389,P0010,1,901.24,0.0
OI00088413,O0050389,P0082,1,375.47,0.1
OI00088421,O0050394,P0072,1,182.12,0.0
OI00088429,O0050399,P0111,1,287.36,0.0
OI00088430,O0050399,P0070,1,53.78,0.05
OI00088442,O0050405,P0132,1,28.88,0.0
OI00088451,O0050408,P0135,1,179.62,0.05
OI00088452,O0050408,P0088,1,298.36,0.0
OI00088471,O0050416,P0078,1,130.75,0.1
OI00088496,O0050430,P0093,1,86.65,0.0
OI00088497,O0050430,P0095,1,283.3,0.0
OI00088511,O0050437,P0021,1,651.79,0.25
OI00088514,O0050440,P0171,1,38.72,0.15
OI00088520,O0050443,P0162,2,19.6,0.1
OI00088523,O0050445,P0048,1,55.8,0.25
OI00088524,O0050445,P0078,1,135.08,0.0
OI00088529,O0050450,P0106,1,135.77,0.15
OI00088530,O0050450,P0076,1,128.05,0.0
OI00088532,O0050452,P0159,2,184.2,0.1
OI00088533,O0050452,P0072,1,173.0,0.25
OI00088537,O0050456,P0034,1,549.47,0.25
OI00088538,O0050456,P0069,1,99.68,0.25
OI00088551,O0050466,P0032,2,884.06,0.2
OI00088552,O0050466,P0124,1,63.58,0.05
OI00088553,O0050466,P0119,1,34.76,0.0
OI00088556,O0050468,P0109,3,168.73,0.0
OI00088557,O0050468,P0040,1,977.66,0.0
OI00088558,O0050469,P0175,1,12.01,0.0
OI00088571,O0050478,P0009,1,1287.6,0.15
OI00088572,O0050478,P0097,1,139.84,0.0
OI00088573,O0050478,P0143,1,110.12,0.25
OI00088574,O0050478,P0018,1,1963.04,0.0
OI00088590,O0050487,P0089,1,364.89,0.1
OI00088595,O0050490,P0070,1,55.09,0.25
OI00088660,O0050524,P0062,1,57.52,0.0
OI00088683,O0050537,P0106,1,129.74,0.0
OI00088684,O0050537,P0148,1,15.04,0.25
OI00088686,O0050539,P0108,1,40.63,0.0
OI00088687,O0050539,P0013,1,1074.94,0.0
OI00088694,O0050544,P0146,1,53.36,0.1
OI00088698,O0050547,P0010,1,890.62,0.15
OI00088701,O0050549,P0012,1,1490.78,0.25
OI00088702,O0050550,P0154,1,56.24,0.05
OI00088723,O0050561,P0100,1,60.22,0.1
OI00088724,O0050561,P0093,1,85.8,0.1
OI00088725,O0050562,P0026,1,1166.08,0.1
OI00088732,O0050565,P0036,2,708.97,0.05
OI00088740,O0050571,P0146,1,53.07,0.1
OI00088781,O0050597,P0018,1,1987.34,0.2
OI00088782,O0050597,P0162,1,19.14,0.0
OI00088783,O0050598,P0086,1,50.6,0.25
OI00088785,O0050600,P0087,1,479.47,0.0
OI00088786,O0050600,P0017,1,1650.18,0.0
OI00088795,O0050606,P0124,1,62.62,0.2
OI00088818,O0050619,P0103,1,83.18,0.0
OI00088824,O0050624,P0028,1,1211.73,0.1
OI00088834,O0050628,P0158,2,68.84,0.0
OI00088836,O0050630,P0060,1,138.62,0.25
OI00088858,O0050642,P0034,1,537.73,0.0
OI00088859,O0050642,P0161,1,63.34,0.25
OI00088860,O0050643,P0161,1,63.17,0.0
OI00088861,O0050643,P0121,1,145.32,0.1
OI00088862,O0050643,P0073,1,101.81,0.05
OI00088865,O0050646,P0121,1,146.79,0.25
OI00088866,O0050646,P0066,1,279.4,0.1
OI00088872,O0050650,P0067,1,284.29,0.0
OI00088873,O0050650,P0146,1,52.79,0.0
OI00088874,O0050650,P0059,1,51.15,0.1
OI00088876,O0050652,P0143,1,114.54,0.25
OI00088877,O0050652,P0018,1,1984.68,0.25
OI00088878,O0050652,P0128,1,68.73,0.0
OI00088879,O0050652,P0120,1,340.63,0.05
OI00088881,O0050654,P0089,1,356.3,0.25
OI00088890,O0050660,P0113,1,98.34,0.05
OI00088903,O0050670,P0113,1,98.78,0.25
OI00088904,O0050670,P0141,1,23.86,0.25
OI00088924,O0050679,P0163,1,18.53,0.15
OI00088925,O0050679,P0102,2,54.2,0.25
OI00088929,O0050682,P0170,1,9.47,0.25
OI00088930,O0050682,P0154,1,56.1,0.05
OI00088931,O0050682,P0155,1,50.23,0.0
OI00088955,O0050694,P0177,1,23.03,0.2
OI00088956,O0050694,P0164,1,38.87,0.0
OI00088974,O0050704,P0117,2,30.68,0.0
OI00088978,O0050706,P0052,1,39.08,0.15
OI00089004,O0050722,P0068,1,143.23,0.15
OI00089005,O0050722,P0050,1,90.44,0.2
OI00089006,O0050722,P0001,1,1674.91,0.2
OI00089010,O0050724,P0022,1,903.68,0.0
OI00089016,O0050727,P0025,1,425.26,0.2
OI00089017,O0050727,P0180,1,52.17,0.05
OI00089018,O0050727,P0110,1,74.37,0.0
OI00089019,O0050728,P0080,1,246.54,0.1
OI00089024,O0050731,P0110,1,73.46,0.0
OI00089028,O0050734,P0168,1,62.13,0.0
OI00089041,O0050742,P0068,1,140.22,0.0
OI00089042,O0050742,P0014,1,835.81,0.25
OI00089052,O0050748,P0050,1,93.12,0.0
OI00089053,O0050748,P0097,2,137.91,0.0
OI00089054,O0050749,P0053,1,355.92,0.0
OI00089085,O0050766,P0120,1,331.23,0.2
OI00089089,O0050768,P0106,1,129.88,0.0
OI00089090,O0050768,P0149,2,18.11,0.05
OI00089095,O0050772,P0158,1,68.89,0.0
OI00089096,O0050773,P0107,2,151.86,0.25
OI00089097,O0050773,P0106,1,133.95,0.05
OI00089098,O0050773,P0178,1,11.01,0.25
OI00089107,O0050777,P0037,1,526.17,0.05
OI00089120,O0050784,P0132,2,29.47,0.0
OI00089121,O0050784,P0142,1,12.26,0.25
OI00089122,O0050784,P0114,1,30.21,0.0
OI00089134,O0050791,P0030,1,868.28,0.15
OI00089140,O0050794,P0074,1,259.35,0.0
OI00089159,O0050802,P0046,1,327.25,0.1
OI00089160,O0050803,P0067,1,290.88,0.0
OI00089161,O0050803,P0086,1,48.26,0.25
OI00089162,O0050804,P0128,1,71.21,0.25
OI00089163,O0050804,P0116,1,70.67,0.0
OI00089164,O0050805,P0065,1,307.27,0.0
OI00089165,O0050806,P0113,2,100.97,0.0
OI00089166,O0050806,P0089,1,352.95,0.0
OI00089168,O0050808,P0087,1,497.2,0.25
OI00089180,O0050813,P0160,1,24.42,0.0
OI00089181,O0050814,P0015,2,1484.18,0.0
OI00089182,O0050814,P0135,1,177.72,0.25
OI00089183,O0050814,P0141,1,23.56,0.0
OI00089184,O0050814,P0112,1,41.15,0.05
OI00089203,O0050823,P0005,1,1389.7,0.0
OI00089223,O0050834,P0048,1,55.52,0.25
OI00089241,O0050844,P0106,1,131.9,0.0
OI00089249,O0050851,P0122,2,389.8,0.0
OI00089272,O0050865,P0148,1,15.2,0.25
OI00089273,O0050865,P0021,2,666.79,0.0
OI00089274,O0050865,P0074,1,266.34,0.25
OI00089286,O0050871,P0130,1,29.78,0.0
OI00089287,O0050871,P0114,1,29.11,0.05
OI00089297,O0050876,P0130,1,29.34,0.2
OI00089298,O0050876,P0082,3,382.11,0.25
OI00089307,O0050881,P0165,1,40.23,0.25
OI00089310,O0050883,P0129,2,294.71,0.0
OI00089311,O0050884,P0125,1,297.39,0.0
OI00089313,O0050886,P0012,1,1505.07,0.0
OI00089337,O0050896,P0022,1,888.6,0.05
OI00089338,O0050896,P0104,1,29.45,0.0
OI00089339,O0050896,P0002,1,943.71,0.0
OI00089340,O0050896,P0131,1,49.54,0.05
OI00089351,O0050902,P0009,1,1299.04,0.0
OI00089352,O0050902,P0018,1,2047.04,0.0
OI00089357,O0050906,P0022,1,852.46,0.1
OI00089358,O0050906,P0041,1,234.97,0.0
OI00089359,O0050906,P0153,1,43.26,0.25
OI00089364,O0050910,P0010,1,873.7,0.0
OI00089365,O0050910,P0159,1,178.12,0.2
OI00089366,O0050910,P0145,1,161.33,0.25
OI00089369,O0050912,P0155,1,52.3,0.25
OI00089370,O0050912,P0022,1,860.86,0.0
OI00089374,O0050915,P0146,1,53.19,0.0
OI00089380,O0050920,P0161,1,62.77,0.25
OI00089381,O0050920,P0092,1,197.92,0.05
OI00089382,O0050920,P0105,1,134.61,0.0
OI00089384,O0050922,P0063,1,58.88,0.0
OI00089387,O0050925,P0130,1,29.7,0.05
OI00089397,O0050930,P0062,1,55.05,0.25
OI00089446,O0050959,P0022,2,876.26,0.0
OI00089449,O0050962,P0167,1,124.59,0.25
OI00089450,O0050962,P0038,2,470.84,0.25
OI00089456,O0050965,P0151,1,18.84,0.0
OI00089514,O0050997,P0069,1,98.73,0.0
OI00089515,O0050997,P0071,1,116.05,0.05
OI00089535,O0051008,P0062,1,58.35,0.25
OI00089540,O0051013,P0121,1,144.16,0.1
OI00089541,O0051013,P0102,1,50.75,0.25
OI00089542,O0051013,P0036,1,706.32,0.0
OI00089543,O0051014,P0148,1,15.59,0.25
OI00089544,O0051015,P0058,1,148.77,0.0
OI00089596,O0051041,P0175,1,12.3,0.0
OI00089597,O0051041,P0131,1,50.53,0.05
OI00089610,O0051050,P0114,1,29.05,0.25
OI00089611,O0051050,P0085,1,503.55,0.2
OI00089613,O0051052,P0141,1,24.4,0.0
OI00089614,O0051053,P0147,1,77.47,0.15
OI00089622,O0051058,P0069,1,98.84,0.05
OI00089672,O0051085,P0045,2,405.11,0.25
OI00089673,O0051086,P0020,1,556.43,0.1
OI00089674,O0051086,P0035,1,1040.0,0.25
OI00089677,O0051088,P0151,1,19.28,0.05
OI00089678,O0051089,P0074,1,257.72,0.0
OI00089679,O0051090,P0078,1,132.71,0.0
OI00089680,O0051090,P0025,1,428.06,0.25
OI00089681,O0051090,P0169,1,179.05,0.1
OI00089683,O0051092,P0141,1,23.68,0.0
OI00089684,O0051092,P0119,1,33.62,0.25
OI00089706,O0051106,P0047,1,137.43,0.0
OI00089707,O0051106,P0042,1,119.05,0.0
OI00089723,O0051116,P0074,1,261.15,0.1
OI00089738,O0051126,P0136,1,83.29,0.05
OI00089743,O0051129,P0171,2,36.91,0.25
OI00089744,O0051129,P0159,1,183.06,0.0
OI00089751,O0051133,P0120,1,341.8,0.0
OI00089753,O0051135,P0039,2,530.03,0.25
OI00089762,O0051140,P0034,1,552.92,0.1
OI00089763,O0051140,P0154,1,56.57,0.25
OI00089769,O0051144,P0001,1,1680.28,0.0
OI00089771,O0051146,P0121,1,143.61,0.05
OI00089772,O0051146,P0087,1,477.61,0.0
OI00089787,O0051155,P0072,1,169.23,0.15
OI00089790,O0051157,P0166,1,33.57,0.1
OI00089791,O0051158,P0018,1,1951.76,0.0
OI00089792,O0051158,P0148,1,14.78,0.05
OI00089802,O0051166,P0124,2,62.15,0.0
OI00089803,O0051166,P0128,1,70.43,0.0
OI00089804,O0051166,P0056,1,127.94,0.25
OI00089805,O0051166,P0027,2,889.98,0.25
OI00089815,O0051171,P0163,1,17.97,0.25
OI00089816,O0051171,P0027,1,900.02,0.0
OI00089817,O0051171,P0172,1,21.52,0.0
OI00089831,O0051177,P0106,1,134.63,0.15
OI00089832,O0051177,P0161,1,62.74,0.25
OI00089837,O0051180,P0042,1,118.53,0.1
OI00089838,O0051180,P0139,1,25.14,0.25
OI00089839,O0051180,P0032,1,869.04,0.15
OI00089840,O0051180,P0075,1,54.02,0.25
OI00089850,O0051186,P0130,1,30.69,0.05
OI00089851,O0051186,P0018,1,1984.43,0.0
OI00089852,O0051186,P0118,1,130.93,0.1
OI00089853,O0051187,P0076,1,123.87,0.0
OI00089854,O0051187,P0131,1,50.15,0.05
OI00089917,O0051225,P0145,2,167.28,0.2
OI00089918,O0051225,P0176,1,136.71,0.25
OI00089919,O0051225,P0090,1,202.54,0.0
OI00089923,O0051228,P0091,1,170.49,0.05
OI00089938,O0051240,P0103,1,84.92,0.05
OI00089939,O0051240,P0123,1,47.63,0.15
OI00089940,O0051240,P0010,1,891.63,0.0
OI00089954,O0051247,P0036,1,718.71,0.0
OI00089979,O0051266,P0067,1,279.88,0.0
OI00089980,O0051266,P0083,2,741.97,0.0
OI00089981,O0051267,P0101,2,128.31,0.0
OI00089988,O0051271,P0070,1,54.68,0.15
OI00089989,O0051271,P0072,1,178.54,0.15
OI00089990,O0051271,P0126,1,185.48,0.0
OI00089991,O0051271,P0012,1,1453.44,0.15
OI00090023,O0051290,P0037,1,561.48,0.0
OI00090024,O0051290,P0087,1,491.8,0.0
OI00090035,O0051298,P0084,2,636.26,0.25
OI00090043,O0051304,P0122,1,397.94,0.0
OI00090044,O0051304,P0096,1,84.9,0.1
OI00090048,O0051307,P0036,1,702.29,0.0
OI00090056,O0051312,P0087,1,486.61,0.0
OI00090057,O0051312,P0094,1,75.02,0.0
OI00090087,O0051330,P0037,1,518.51,0.0
OI00090088,O0051331,P0177,1,22.23,0.0
OI00090093,O0051334,P0143,1,114.23,0.0
OI00090094,O0051334,P0050,2,92.47,0.0
OI00090095,O0051335,P0128,1,68.7,0.0
OI00090096,O0051335,P0046,1,332.14,0.25
OI00090098,O0051337,P0118,1,129.97,0.0
OI00090099,O0051337,P0074,1,251.91,0.0
OI00090130,O0051351,P0131,1,48.64,0.0
OI00090143,O0051359,P0072,1,171.37,0.25
OI00090151,O0051366,P0091,1,169.54,0.1
OI00090181,O0051383,P0097,1,145.57,0.15
OI00090182,O0051384,P0125,1,296.73,0.25
OI00090191,O0051389,P0078,1,134.11,0.25
OI00090192,O0051389,P0096,2,86.06,0.25
OI00090193,O0051389,P0025,1,422.63,0.0
OI00090197,O0051392,P0109,2,170.14,0.1
OI00090198,O0051392,P0075,2,54.37,0.0
OI00090210,O0051400,P0002,1,923.92,0.0
OI00090215,O0051404,P0156,1,88.89,0.0
OI00090220,O0051407,P0053,1,350.21,0.1
OI00090221,O0051407,P0013,1,1059.45,0.05
OI00090227,O0051410,P0111,1,281.65,0.0
OI00090232,O0051414,P0118,1,128.17,0.25
OI00090233,O0051414,P0093,1,83.96,0.0
OI00090245,O0051422,P0045,1,407.55,0.0
OI00090246,O0051422,P0086,1,49.75,0.0
OI00090275,O0051444,P0173,2,46.86,0.25
OI00090293,O0051454,P0148,1,14.96,0.25
OI00090310,O0051463,P0096,2,86.64,0.05
OI00090311,O0051463,P0055,2,327.19,0.0
OI00090313,O0051465,P0166,2,33.63,0.15
OI00090314,O0051466,P0112,2,39.58,0.0
OI00090315,O0051466,P0109,1,168.78,0.0
OI00090319,O0051470,P0069,3,97.27,0.05
OI00090320,O0051470,P0153,1,43.05,0.0
OI00090321,O0051470,P0114,1,29.6,0.25
OI00090322,O0051471,P0089,1,360.27,0.25
OI00090323,O0051471,P0136,1,86.24,0.1
OI00090336,O0051478,P0032,1,901.21,0.25
OI00090337,O0051478,P0054,1,56.6,0.1
OI00090342,O0051482,P0031,1,1321.73,0.1
OI00090343,O0051482,P0048,1,54.95,0.0
OI00090344,O0051482,P0076,1,126.5,0.15
OI00090358,O0051492,P0132,1,29.92,0.15
OI00090359,O0051492,P0010,1,887.1,0.25
OI00090360,O0051493,P0103,2,87.29,0.2
OI00090361,O0051493,P0036,1,740.16,0.0
OI00090362,O0051493,P0063,1,59.69,0.25
OI00090374,O0051499,P0161,1,63.22,0.25
OI00090375,O0051499,P0120,1,338.28,0.05
OI00090391,O0051506,P0073,1,99.48,0.05
OI00090392,O0051506,P0069,1,97.31,0.25
OI00090405,O0051514,P0103,1,84.44,0.25
OI00090431,O0051531,P0122,1,380.08,0.25
OI00090445,O0051539,P0030,2,847.87,0.25
OI00090446,O0051539,P0112,2,41.09,0.1
OI00090447,O0051539,P0170,1,9.36,0.2
OI00090448,O0051539,P0108,1,41.69,0.0
OI00090458,O0051545,P0047,1,138.33,0.0
OI00090470,O0051552,P0019,1,405.67,0.25
OI00090471,O0051552,P0136,1,81.91,0.0
OI00090472,O0051553,P0156,1,88.9,0.05
OI00090477,O0051558,P0076,1,119.87,0.1
OI00090478,O0051558,P0089,1,348.47,0.25
OI00090479,O0051558,P0075,1,55.26,0.05
OI00090488,O0051562,P0018,1,1931.19,0.25
OI00090532,O0051588,P0122,1,391.77,0.05
OI00090533,O0051588,P0167,1,126.36,0.1
OI00090534,O0051588,P0139,1,25.19,0.25
OI00090535,O0051589,P0018,1,1956.32,0.25
OI00090545,O0051594,P0064,1,128.39,0.0
OI00090547,O0051596,P0023,1,1002.34,0.1
OI00090589,O0051618,P0131,1,48.8,0.15
OI00090594,O0051623,P0040,1,1014.54,0.0
OI00090595,O0051623,P0009,1,1323.63,0.05
OI00090596,O0051623,P0001,1,1738.01,0.15
OI00090598,O0051625,P0035,1,1104.01,0.0
OI00090599,O0051625,P0164,1,39.32,0.25
OI00090644,O0051651,P0062,1,57.07,0.05
OI00090653,O0051657,P0099,1,240.0,0.0
OI00090654,O0051658,P0075,1,54.02,0.25
OI00090660,O0051661,P0164,1,39.1,0.0
OI00090661,O0051661,P0079,1,171.5,0.0
OI00090669,O0051667,P0165,1,39.9,0.0
OI00090670,O0051667,P0011,1,1058.67,0.25
OI00090685,O0051673,P0062,2,59.07,0.1
OI00090707,O0051685,P0083,1,716.09,0.05
OI00090728,O0051697,P0171,1,38.6,0.25
OI00090731,O0051700,P0142,1,12.44,0.25
OI00090732,O0051700,P0146,1,54.18,0.05
OI00090734,O0051702,P0066,1,283.45,0.15
OI00090760,O0051717,P0001,1,1659.1,0.0
OI00090761,O0051717,P0161,1,61.76,0.0
OI00090762,O0051717,P0096,1,87.73,0.1
OI00090769,O0051721,P0001,1,1637.97,0.0
OI00090770,O0051722,P0120,1,334.98,0.0
OI00090822,O0051754,P0097,1,143.08,0.25
OI00090823,O0051754,P0153,1,44.72,0.0
OI00090836,O0051763,P0139,2,24.72,0.0
OI00090852,O0051771,P0066,1,265.04,0.05
OI00090857,O0051775,P0170,1,9.71,0.25
OI00090858,O0051775,P0106,1,131.48,0.0
OI00090859,O0051775,P0006,1,2229.05,0.25
OI00090871,O0051782,P0120,1,326.91,0.0
OI00090872,O0051782,P0013,1,1119.66,0.25
OI00090893,O0051795,P0126,1,187.72,0.25
OI00090894,O0051795,P0174,1,17.95,0.0
OI00090913,O0051803,P0074,1,256.12,0.0
OI00090919,O0051806,P0144,2,13.72,0.25
OI00090920,O0051807,P0087,1,494.67,0.0
OI00090949,O0051824,P0179,2,84.66,0.25
OI00090951,O0051826,P0062,1,57.59,0.1
OI00090952,O0051826,P0123,2,48.09,0.0
OI00090959,O0051832,P0021,1,619.47,0.25
OI00090962,O0051835,P0066,1,271.13,0.15
OI00090963,O0051835,P0040,1,974.49,0.25
OI00090966,O0051837,P0081,1,408.11,0.0
OI00090967,O0051837,P0037,1,532.1,0.1
OI00090981,O0051847,P0042,1,116.72,0.1
OI00090982,O0051847,P0159,1,184.71,0.25
OI00090983,O0051847,P0073,1,98.21,0.0
OI00090984,O0051847,P0116,1,67.35,0.1
OI00090985,O0051848,P0135,1,181.44,0.2
OI00090986,O0051848,P0023,1,1005.3,0.0
OI00090987,O0051849,P0099,1,225.68,0.25
OI00090988,O0051850,P0058,1,151.99,0.05
OI00091065,O0051895,P0015,1,1424.01,0.25
OI00091066,O0051895,P0122,2,400.02,0.0
OI00091070,O0051897,P0053,1,357.19,0.0
OI00091071,O0051897,P0171,1,38.57,0.0
OI00091073,O0051899,P0132,1,29.62,0.25
OI00091074,O0051899,P0167,1,129.52,0.0
OI00091087,O0051908,P0088,1,304.82,0.0
OI00091094,O0051913,P0085,1,508.71,0.0
OI00091098,O0051915,P0106,1,132.09,0.0
OI00091099,O0051915,P0167,1,123.31,0.25
OI00091103,O0051918,P0087,1,484.55,0.05
OI00091104,O0051918,P0030,1,836.79,0.0
OI00091113,O0051924,P0176,1,137.33,0.0
OI00091114,O0051924,P0051,1,55.96,0.15
OI00091116,O0051926,P0063,2,59.88,0.0
OI00091121,O0051929,P0155,1,48.85,0.0
OI00091122,O0051929,P0117,1,31.52,0.25
OI00091123,O0051929,P0036,1,731.44,0.0
OI00091124,O0051930,P0060,1,135.05,0.15
OI00091125,O0051930,P0072,1,174.8,0.25
OI00091126,O0051930,P0024,1,508.62,0.1
OI00091133,O0051934,P0021,1,653.69,0.0
OI00091134,O0051934,P0160,1,24.28,0.0
OI00091135,O0051934,P0106,1,133.2,0.0
OI00091136,O0051934,P0048,1,54.96,0.0
OI00091163,O0051949,P0045,1,413.16,0.0
OI00091164,O0051949,P0001,1,1769.52,0.0
OI00091173,O0051956,P0016,1,916.39,0.0
OI00091196,O0051971,P0102,1,51.19,0.0
OI00091199,O0051973,P0149,1,18.87,0.25
OI00091200,O0051973,P0039,2,515.59,0.1
OI00091224,O0051986,P0161,1,64.07,0.0
OI00091239,O0051995,P0029,1,521.38,0.05
OI00091247,O0052001,P0149,1,18.03,0.0
OI00091248,O0052001,P0064,1,130.1,0.1
OI00091251,O0052003,P0097,1,139.17,0.1
OI00091277,O0052016,P0140,1,15.42,0.25
OI00091278,O0052016,P0156,1,87.96,0.15
OI00091288,O0052024,P0142,1,12.68,0.0
OI00091289,O0052024,P0110,2,72.39,0.0
OI00091296,O0052029,P0084,1,640.2,0.0
OI00091297,O0052029,P0141,1,23.67,0.05
OI00091298,O0052029,P0032,1,893.08,0.05
OI00091299,O0052030,P0009,1,1271.9,0.0
OI00091304,O0052033,P0117,1,30.65,0.25
OI00091305,O0052033,P0035,2,1065.23,0.0
OI00091306,O0052033,P0145,1,161.97,0.0
OI00091315,O0052039,P0077,1,408.76,0.1
OI00091319,O0052041,P0116,1,70.08,0.25
OI00091320,O0052041,P0071,1,119.42,0.2
OI00091323,O0052043,P0072,1,172.3,0.0
OI00091324,O0052043,P0077,1,422.6,0.0
OI00091325,O0052043,P0094,3,71.73,0.1
OI00091344,O0052056,P0080,1,232.74,0.05
OI00091345,O0052056,P0154,1,57.39,0.0
OI00091367,O0052069,P0068,1,140.74,0.1
OI00091368,O0052069,P0013,1,1103.01,0.15
OI00091369,O0052069,P0052,1,38.77,0.05
OI00091370,O0052069,P0140,1,16.17,0.0
OI00091388,O0052084,P0029,1,521.44,0.25
OI00091396,O0052088,P0055,1,335.21,0.25
OI00091405,O0052094,P0023,1,975.25,0.25
OI00091406,O0052094,P0164,1,39.52,0.0
OI00091410,O0052098,P0107,1,157.11,0.05
OI00091436,O0052113,P0119,1,32.28,0.1
OI00091440,O0052116,P0137,1,26.13,0.05
OI00091448,O0052121,P0097,1,139.52,0.25
OI00091449,O0052121,P0137,1,26.14,0.1
OI00091450,O0052121,P0049,1,333.11,0.1
OI00091457,O0052124,P0156,1,89.1,0.05
OI00091458,O0052124,P0081,1,399.94,0.05
OI00091459,O0052124,P0114,1,29.35,0.0
OI00091472,O0052133,P0044,1,123.39,0.0
OI00091473,O0052133,P0037,1,539.62,0.0
OI00091474,O0052133,P0122,1,385.97,0.0
OI00091479,O0052136,P0069,2,98.32,0.0
OI00091484,O0052140,P0019,1,398.81,0.15
OI00091485,O0052140,P0110,1,74.28,0.0
OI00091486,O0052140,P0035,1,1060.73,0.0
OI00091493,O0052146,P0106,1,125.43,0.0
OI00091494,O0052146,P0078,1,136.77,0.2
OI00091499,O0052150,P0081,1,402.95,0.25
OI00091501,O0052152,P0002,1,948.59,0.25
OI00091502,O0052152,P0112,1,40.55,0.15
OI00091525,O0052164,P0051,1,57.17,0.0
OI00091532,O0052169,P0037,1,551.06,0.25
OI00091541,O0052175,P0091,1,172.82,0.05
OI00091542,O0052175,P0067,1,271.4,0.0
OI00091548,O0052179,P0132,1,29.16,0.25
OI00091549,O0052179,P0063,2,60.71,0.25
OI00091566,O0052189,P0163,2,19.01,0.0
OI00091573,O0052196,P0152,1,14.86,0.0
OI00091577,O0052199,P0092,1,198.13,0.1
OI00091578,O0052199,P0152,2,14.97,0.0
OI00091579,O0052199,P0020,1,554.2,0.0
OI00091580,O0052199,P0167,1,124.38,0.25
OI00091581,O0052200,P0171,1,38.48,0.15
OI00091620,O0052221,P0051,1,56.24,0.25
OI00091621,O0052221,P0167,1,125.79,0.0
OI00091630,O0052226,P0175,1,11.75,0.0
OI00091632,O0052228,P0140,1,15.47,0.25
OI00091633,O0052228,P0172,1,22.14,0.1
OI00091636,O0052230,P0053,1,367.17,0.25
OI00091637,O0052231,P0059,1,49.37,0.25
OI00091638,O0052231,P0118,1,130.43,0.0
OI00091642,O0052234,P0076,1,124.55,0.05
OI00091647,O0052237,P0054,2,57.32,0.0
OI00091648,O0052237,P0049,1,343.06,0.1
OI00091649,O0052238,P0036,2,693.98,0.0
OI00091650,O0052238,P0020,2,552.29,0.25
OI00091657,O0052243,P0050,1,92.61,0.05
OI00091671,O0052250,P0003,1,1203.67,0.25
OI00091672,O0052250,P0118,1,130.58,0.1
OI00091693,O0052265,P0094,1,73.07,0.0
OI00091694,O0052265,P0161,1,62.28,0.0
OI00091719,O0052278,P0168,1,62.37,0.25
OI00091720,O0052278,P0175,1,11.77,0.0
OI00091757,O0052300,P0041,2,225.95,0.25
OI00091758,O0052300,P0079,1,181.85,0.05
OI00091759,O0052300,P0149,1,17.56,0.0
OI00091765,O0052303,P0084,1,621.63,0.0
OI00091768,O0052306,P0018,3,1948.49,0.25
OI00091769,O0052306,P0180,1,51.46,0.2
OI00091770,O0052306,P0021,1,642.17,0.0
OI00091772,O0052308,P0169,1,186.98,0.15
OI00091773,O0052308,P0114,3,28.97,0.0
OI00091817,O0052335,P0111,1,284.26,0.1
OI00091818,O0052335,P0144,1,13.4,0.25
OI00091823,O0052338,P0061,1,389.49,0.1
OI00091824,O0052338,P0101,1,128.0,0.05
OI00091837,O0052345,P0132,1,29.61,0.25
OI00091839,O0052347,P0123,1,49.51,0.25
OI00091840,O0052348,P0085,2,498.54,0.25
OI00091855,O0052358,P0054,1,57.63,0.1
OI00091856,O0052358,P0020,1,538.78,0.25
OI00091857,O0052358,P0051,1,55.9,0.25
OI00091858,O0052358,P0100,1,62.41,0.25
OI00091880,O0052371,P0105,2,130.88,0.25
OI00091881,O0052371,P0030,2,844.88,0.05
OI00091893,O0052379,P0057,1,133.47,0.05
OI00091910,O0052391,P0029,1,546.2,0.0
OI00091925,O0052400,P0111,1,293.77,0.0
OI00091926,O0052400,P0115,2,70.16,0.15
OI00091927,O0052400,P0035,1,1034.01,0.2
OI00091928,O0052400,P0038,1,487.39,0.0
OI00091947,O0052413,P0014,1,840.47,0.15
OI00091948,O0052413,P0117,2,29.93,0.15
OI00091957,O0052419,P0048,1,55.32,0.0
OI00091958,O0052419,P0138,1,34.98,0.0
OI00091959,O0052420,P0050,1,92.86,0.25
OI00091960,O0052420,P0175,1,12.1,0.05
OI00091961,O0052420,P0133,1,9.86,0.0
OI00091988,O0052435,P0087,1,484.83,0.05
OI00091991,O0052438,P0143,1,113.43,0.2
OI00092003,O0052445,P0047,1,137.08,0.0
OI00092004,O0052445,P0073,1,94.93,0.25
OI00092005,O0052445,P0101,1,127.44,0.25
OI00092006,O0052445,P0156,1,88.42,0.1
OI00092019,O0052452,P0024,1,503.38,0.1
OI00092020,O0052452,P0169,2,178.24,0.1
OI00092026,O0052458,P0103,2,84.99,0.25
OI00092052,O0052474,P0090,1,204.14,0.25
OI00092067,O0052482,P0180,1,52.05,0.1
OI00092070,O0052484,P0131,1,49.71,0.25
OI00092080,O0052494,P0063,1,59.17,0.0
OI00092090,O0052500,P0118,1,130.25,0.0
OI00092091,O0052500,P0058,1,151.54,0.1
OI00092097,O0052504,P0028,1,1220.52,0.25
OI00092114,O0052512,P0115,1,70.47,0.0
OI00092127,O0052521,P0136,1,84.85,0.25
OI00092132,O0052524,P0066,1,266.98,0.25
OI00092133,O0052524,P0080,1,247.7,0.1
OI00092134,O0052524,P0052,1,40.75,0.25
OI00092135,O0052525,P0178,1,10.72,0.15
OI00092144,O0052530,P0097,1,136.68,0.0
OI00092145,O0052530,P0072,1,176.56,0.15
OI00092158,O0052538,P0010,1,900.55,0.0
OI00092159,O0052538,P0033,1,1358.1,0.25
OI00092160,O0052538,P0059,1,49.05,0.1
OI00092161,O0052538,P0094,1,74.16,0.0
OI00092185,O0052552,P0179,1,83.25,0.25
OI00092186,O0052552,P0128,1,71.25,0.05
OI00092188,O0052554,P0162,2,19.31,0.05
OI00092203,O0052561,P0091,1,172.48,0.0
OI00092221,O0052569,P0179,1,81.82,0.25
OI00092298,O0052618,P0079,1,170.61,0.0
OI00092299,O0052618,P0029,1,549.15,0.1
OI00092308,O0052623,P0060,1,134.34,0.0
OI00092309,O0052623,P0125,1,296.4,0.25
OI00092310,O0052623,P0033,1,1327.93,0.05
OI00092311,O0052624,P0065,1,310.22,0.1
OI00092312,O0052624,P0005,1,1329.38,0.05
OI00092347,O0052646,P0061,1,381.11,0.0
OI00092348,O0052646,P0161,1,60.75,0.25
OI00092349,O0052646,P0011,1,1072.11,0.25
OI00092356,O0052650,P0114,1,30.83,0.0
OI00092357,O0052651,P0052,1,39.84,0.05
OI00092358,O0052651,P0005,1,1330.8,0.25
OI00092404,O0052680,P0053,1,355.28,0.0
OI00092418,O0052687,P0125,1,293.51,0.25
OI00092419,O0052687,P0176,1,140.32,0.05
OI00092429,O0052695,P0170,1,9.35,0.25
OI00092430,O0052695,P0039,1,529.07,0.05
OI00092447,O0052704,P0054,1,58.11,0.25
OI00092460,O0052713,P0156,1,88.39,0.25
OI00092463,O0052716,P0115,1,68.42,0.0
OI00092467,O0052719,P0016,1,954.67,0.25
OI00092474,O0052723,P0065,1,309.49,0.25
OI00092475,O0052723,P0107,1,154.03,0.0
OI00092480,O0052727,P0145,1,165.07,0.25
OI00092481,O0052727,P0087,2,494.24,0.0
OI00092491,O0052733,P0075,1,53.76,0.0
OI00092492,O0052733,P0155,1,50.65,0.0
OI00092493,O0052733,P0043,2,284.71,0.0
OI00092494,O0052733,P0022,2,879.76,0.1
OI00092510,O0052742,P0064,1,126.09,0.0
OI00092531,O0052752,P0078,1,136.44,0.0
OI00092532,O0052752,P0136,1,84.08,0.25
OI00092533,O0052752,P0165,1,41.15,0.25
OI00092553,O0052764,P0022,1,866.05,0.0
OI00092554,O0052764,P0013,1,1056.34,0.0
OI00092555,O0052764,P0149,1,17.45,0.15
OI00092556,O0052764,P0119,1,32.41,0.1
OI00092557,O0052765,P0080,1,236.47,0.0
OI00092558,O0052765,P0122,1,385.8,0.05
OI00092594,O0052784,P0165,2,40.86,0.25
OI00092600,O0052789,P0179,1,79.75,0.1
OI00092605,O0052792,P0106,1,131.59,0.0
OI00092699,O0052847,P0170,1,9.41,0.0
OI00092700,O0052847,P0142,1,12.24,0.15
OI00092701,O0052847,P0086,1,50.59,0.25
OI00092715,O0052855,P0014,1,841.61,0.0
OI00092716,O0052855,P0094,1,74.93,0.0
OI00092717,O0052855,P0104,1,30.62,0.25
OI00092721,O0052858,P0033,1,1302.42,0.15
OI00092736,O0052864,P0175,1,11.83,0.0
OI00092737,O0052864,P0173,1,44.36,0.1
OI00092738,O0052864,P0111,1,296.72,0.05
OI00092751,O0052869,P0031,1,1354.65,0.0
OI00092752,O0052869,P0132,1,28.72,0.0
OI00092765,O0052877,P0150,1,11.55,0.25
OI00092775,O0052882,P0040,1,1003.64,0.0
OI00092776,O0052882,P0125,1,296.57,0.0
OI00092777,O0052882,P0084,1,613.42,0.0
OI00092778,O0052883,P0131,1,49.59,0.25
OI00092789,O0052890,P0064,1,131.87,0.15
OI00092795,O0052893,P0061,1,380.57,0.0
OI00092796,O0052893,P0049,1,351.39,0.25
OI00092797,O0052894,P0120,2,353.99,0.05
OI00092799,O0052896,P0035,2,1059.67,0.0
OI00092803,O0052899,P0134,2,134.16,0.15
OI00092804,O0052899,P0047,3,141.22,0.0
OI00092825,O0052911,P0100,1,61.86,0.05
OI00092826,O0052911,P0096,1,85.72,0.0
OI00092836,O0052915,P0042,1,121.87,0.2
OI00092864,O0052929,P0012,1,1550.15,0.0
OI00092865,O0052929,P0131,1,48.67,0.25
OI00092866,O0052929,P0058,1,147.28,0.05
OI00092897,O0052948,P0087,1,480.15,0.0
OI00092898,O0052948,P0105,1,132.57,0.1
OI00092899,O0052948,P0009,2,1273.03,0.0
OI00092900,O0052948,P0046,1,331.72,0.25
OI00092922,O0052958,P0101,1,126.63,0.2
OI00092923,O0052958,P0098,1,316.81,0.1
OI00092924,O0052958,P0057,1,135.45,0.05
OI00092925,O0052958,P0100,1,63.08,0.25
OI00092926,O0052959,P0128,1,69.11,0.0
OI00092955,O0052977,P0067,1,290.89,0.0
OI00092967,O0052985,P0003,1,1210.16,0.25
OI00092968,O0052985,P0139,1,24.9,0.05
OI00092969,O0052985,P0053,1,349.84,0.0
OI00092970,O0052985,P0013,2,1079.35,0.1
OI00092974,O0052987,P0075,1,53.91,0.25
OI00092975,O0052987,P0177,1,22.83,0.0
OI00092976,O0052987,P0059,1,51.34,0.2
OI00092988,O0052994,P0126,1,181.02,0.05
OI00092989,O0052994,P0009,1,1266.64,0.0
OI00092995,O0052997,P0151,1,19.36,0.0
OI00092996,O0052997,P0007,1,2076.24,0.0
OI00092997,O0052997,P0055,1,331.39,0.25
OI00092998,O0052998,P0077,1,408.03,0.25
OI00092999,O0052998,P0076,1,126.1,0.0
OI00093000,O0052998,P0093,1,85.49,0.0
OI00093015,O0053007,P0151,1,20.06,0.0
OI00093016,O0053007,P0142,1,12.56,0.25
OI00093023,O0053012,P0062,1,57.2,0.0
OI00093024,O0053012,P0028,1,1217.11,0.0
OI00093027,O0053014,P0016,1,935.61,0.0
OI00093058,O0053032,P0001,2,1707.85,0.0
OI00093059,O0053032,P0169,1,189.33,0.05
OI00093074,O0053041,P0028,1,1238.78,0.05
OI00093075,O0053041,P0057,1,127.73,0.25
OI00093076,O0053041,P0106,1,129.02,0.0
OI00093094,O0053051,P0027,1,907.91,0.1
OI00093095,O0053051,P0033,1,1328.7,0.0
OI00093100,O0053056,P0166,1,33.53,0.1
OI00093101,O0053056,P0089,1,347.09,0.0
OI00093102,O0053056,P0032,1,895.78,0.0
OI00093118,O0053066,P0179,1,80.3,0.0
OI00093130,O0053075,P0138,1,34.71,0.05
OI00093154,O0053087,P0101,1,131.65,0.25
OI00093155,O0053087,P0142,1,12.41,0.0
OI00093171,O0053096,P0083,1,741.8,0.1
OI00093172,O0053096,P0053,1,355.27,0.05
OI00093173,O0053096,P0014,1,841.38,0.25
OI00093174,O0053096,P0062,1,56.77,0.0
OI00093175,O0053097,P0135,2,183.79,0.0
OI00093187,O0053105,P0166,1,33.26,0.25
OI00093188,O0053105,P0106,1,127.56,0.25
OI00093204,O0053114,P0005,1,1374.37,0.05
OI00093205,O0053114,P0158,2,67.31,0.0
OI00093206,O0053114,P0016,2,957.51,0.0
OI00093230,O0053130,P0105,1,125.23,0.0
OI00093231,O0053130,P0082,1,381.51,0.0
OI00093232,O0053130,P0080,1,246.12,0.25
OI00093233,O0053130,P0134,1,131.46,0.0
OI00093245,O0053136,P0128,1,69.79,0.15
OI00093259,O0053143,P0094,1,71.16,0.0
OI00093260,O0053143,P0110,1,73.73,0.15
OI00093261,O0053143,P0115,1,68.82,0.0
OI00093268,O0053148,P0052,1,39.23,0.0
OI00093269,O0053148,P0150,1,11.43,0.25
OI00093270,O0053149,P0025,1,430.74,0.0
OI00093271,O0053149,P0012,1,1508.0,0.0
OI00093272,O0053149,P0015,1,1459.93,0.25
OI00093274,O0053151,P0047,1,139.5,0.1
OI00093275,O0053151,P0174,1,17.94,0.25
OI00093298,O0053166,P0052,1,39.9,0.25
OI00093299,O0053166,P0153,1,43.42,0.1
OI00093300,O0053166,P0002,1,939.97,0.0
OI00093301,O0053166,P0016,1,939.39,0.25
OI00093344,O0053188,P0147,1,77.63,0.0
OI00093351,O0053193,P0136,1,85.24,0.0
OI00093352,O0053193,P0076,1,118.92,0.25
OI00093353,O0053193,P0160,1,24.45,0.25
OI00093354,O0053193,P0041,1,229.42,0.0
OI00093355,O0053194,P0148,1,15.31,0.15
OI00093357,O0053196,P0129,1,294.99,0.25
OI00093358,O0053196,P0134,1,129.89,0.0
OI00093359,O0053196,P0076,1,123.36,0.25
OI00093360,O0053196,P0145,1,166.22,0.0
OI00093365,O0053200,P0059,1,49.04,0.0
OI00093366,O0053200,P0067,1,290.89,0.1
OI00093392,O0053213,P0122,1,384.1,0.0
OI00093393,O0053213,P0124,1,65.38,0.1
OI00093400,O0053217,P0032,1,889.67,0.25
OI00093416,O0053226,P0129,1,306.26,0.1
OI00093417,O0053226,P0074,1,255.58,0.25
OI00093439,O0053238,P0033,1,1309.28,0.25
OI00093440,O0053238,P0178,3,11.08,0.0
OI00093460,O0053250,P0012,1,1523.15,0.0
OI00093461,O0053250,P0157,1,121.58,0.25
OI00093481,O0053262,P0127,1,167.5,0.0
OI00093482,O0053262,P0045,1,419.5,0.25
OI00093487,O0053265,P0116,1,69.44,0.1
OI00093488,O0053265,P0118,1,127.57,0.0
OI00093508,O0053278,P0066,1,264.38,0.05
OI00093509,O0053278,P0024,1,519.04,0.0
OI00093510,O0053278,P0076,1,122.65,0.0
OI00093511,O0053278,P0093,1,86.32,0.0
OI00093518,O0053281,P0165,1,39.79,0.25
OI00093519,O0053281,P0062,1,58.49,0.05
OI00093531,O0053290,P0065,1,317.26,0.25
OI00093532,O0053290,P0047,1,131.66,0.1
OI00093568,O0053310,P0157,1,119.78,0.25
OI00093572,O0053312,P0066,1,267.77,0.0
OI00093573,O0053313,P0048,1,57.1,0.05
OI00093574,O0053313,P0004,2,1010.53,0.0
OI00093575,O0053313,P0101,1,124.4,0.0
OI00093596,O0053326,P0004,1,990.84,0.25
OI00093630,O0053344,P0005,1,1341.73,0.25
OI00093636,O0053349,P0104,1,30.01,0.0
OI00093642,O0053354,P0010,1,900.84,0.15
OI00093645,O0053356,P0111,1,287.8,0.15
OI00093651,O0053361,P0138,1,35.22,0.15
OI00093655,O0053363,P0053,1,356.47,0.1
OI00093660,O0053367,P0119,1,32.97,0.0
OI00093661,O0053367,P0073,1,95.2,0.0
OI00093690,O0053385,P0025,1,427.05,0.0
OI00093694,O0053388,P0056,1,128.38,0.25
OI00093695,O0053388,P0080,1,238.01,0.0
OI00093711,O0053396,P0022,1,853.59,0.25
OI00093712,O0053396,P0047,2,135.4,0.0
OI00093722,O0053403,P0027,1,896.75,0.0
OI00093723,O0053403,P0110,1,75.44,0.0
OI00093724,O0053403,P0030,1,871.64,0.25
OI00093725,O0053404,P0131,1,51.48,0.25
OI00093726,O0053404,P0038,1,490.69,0.25
OI00093727,O0053404,P0027,1,910.6,0.05
OI00093729,O0053406,P0075,1,52.63,0.0
OI00093730,O0053407,P0087,1,490.18,0.25
OI00093740,O0053413,P0136,1,83.93,0.2
OI00093741,O0053413,P0085,2,495.87,0.0
OI00093745,O0053415,P0173,1,45.0,0.25
OI00093746,O0053415,P0136,1,84.09,0.25
OI00093747,O0053415,P0123,1,50.36,0.0
OI00093748,O0053415,P0031,1,1311.52,0.0
OI00093749,O0053416,P0180,1,52.33,0.05
OI00093768,O0053426,P0011,1,1041.03,0.0
OI00093780,O0053434,P0172,1,21.93,0.25
OI00093787,O0053439,P0071,2,112.2,0.0
OI00093788,O0053439,P0028,1,1233.55,0.0
OI00093835,O0053468,P0118,2,123.43,0.25
OI00093836,O0053468,P0083,2,745.07,0.0
OI00093850,O0053476,P0179,1,83.34,0.25
OI00093851,O0053476,P0043,1,280.83,0.1
OI00093852,O0053476,P0110,1,73.27,0.0
OI00093853,O0053476,P0047,1,137.78,0.0
OI00093854,O0053477,P0020,1,552.02,0.0
OI00093855,O0053477,P0099,1,234.14,0.0
OI00093871,O0053485,P0084,1,615.14,0.0
OI00093907,O0053507,P0001,1,1681.85,0.05
OI00093908,O0053507,P0027,1,914.26,0.0
OI00093919,O0053513,P0080,1,244.98,0.1
OI00093941,O0053527,P0142,2,12.81,0.0
OI00093953,O0053535,P0035,1,1063.71,0.0
OI00093954,O0053535,P0105,1,129.1,0.2
OI00093966,O0053542,P0028,1,1193.03,0.25
OI00093967,O0053543,P0110,1,73.58,0.0
OI00093968,O0053543,P0120,1,321.89,0.05
OI00093972,O0053545,P0042,1,118.74,0.1
OI00093978,O0053548,P0083,2,737.72,0.25
OI00093979,O0053548,P0116,2,69.9,0.1
OI00093980,O0053549,P0101,1,128.25,0.0
OI00093987,O0053554,P0059,1,51.21,0.0
OI00093988,O0053555,P0174,1,18.44,0.0
OI00093989,O0053555,P0161,1,64.07,0.0
OI00093990,O0053555,P0101,1,129.23,0.0
OI00094005,O0053565,P0040,1,1002.86,0.05
OI00094006,O0053565,P0120,1,336.52,0.0
OI00094029,O0053578,P0041,1,237.81,0.0
OI00094039,O0053584,P0169,1,178.83,0.05
OI00094079,O0053611,P0163,1,18.42,0.25
OI00094112,O0053626,P0084,1,621.34,0.0
OI00094113,O0053626,P0043,2,294.62,0.0
OI00094117,O0053629,P0034,1,550.83,0.0
OI00094118,O0053629,P0002,1,921.99,0.25
OI00094119,O0053629,P0036,1,725.92,0.25
OI00094167,O0053656,P0032,2,844.59,0.25
OI00094176,O0053663,P0081,1,413.3,0.25
OI00094177,O0053663,P0083,1,721.06,0.25
OI00094192,O0053672,P0129,1,302.71,0.25
OI00094193,O0053672,P0068,2,141.37,0.0
OI00094197,O0053676,P0104,1,29.95,0.0
OI00094198,O0053676,P0007,1,2008.15,0.15
OI00094203,O0053678,P0027,1,916.94,0.0
OI00094204,O0053678,P0171,1,37.73,0.0
OI00094226,O0053690,P0172,1,21.91,0.05
OI00094227,O0053690,P0113,1,99.49,0.15
OI00094235,O0053695,P0130,1,30.51,0.2
OI00094271,O0053714,P0161,2,62.72,0.25
OI00094272,O0053714,P0111,1,299.57,0.05
OI00094273,O0053714,P0146,1,52.47,0.25
OI00094274,O0053714,P0167,1,129.93,0.25
OI00094283,O0053721,P0115,1,67.08,0.0
OI00094292,O0053728,P0059,1,49.22,0.25
OI00094302,O0053734,P0085,2,507.43,0.1
OI00094320,O0053746,P0065,1,304.84,0.15
OI00094322,O0053748,P0059,1,49.32,0.0
OI00094323,O0053748,P0133,1,9.97,0.1
OI00094324,O0053748,P0051,1,55.82,0.25
OI00094330,O0053752,P0025,1,426.07,0.25
OI00094331,O0053753,P0078,2,131.32,0.05
OI00094332,O0053753,P0163,1,18.62,0.25
OI00094339,O0053758,P0061,1,388.22,0.25
OI00094340,O0053758,P0110,1,72.16,0.0
OI00094341,O0053758,P0168,1,62.01,0.05
OI00094348,O0053764,P0086,1,48.92,0.1
OI00094353,O0053768,P0137,1,25.65,0.1
OI00094374,O0053779,P0059,1,50.56,0.0
OI00094375,O0053779,P0025,2,428.21,0.25
OI00094415,O0053803,P0093,1,84.08,0.25
OI00094416,O0053803,P0078,1,134.1,0.0
OI00094417,O0053803,P0142,1,12.86,0.0
OI00094420,O0053806,P0094,1,72.69,0.0
OI00094421,O0053807,P0130,2,30.03,0.1
OI00094448,O0053824,P0156,1,86.2,0.2
OI00094464,O0053833,P0042,1,120.86,0.0
OI00094470,O0053836,P0160,1,24.28,0.0
OI00094471,O0053836,P0085,1,503.55,0.0
OI00094475,O0053838,P0155,1,49.48,0.25
OI00094476,O0053838,P0035,1,1048.77,0.25
OI00094481,O0053840,P0083,1,731.68,0.1
OI00094494,O0053848,P0095,1,280.79,0.25
OI00094495,O0053848,P0108,1,40.36,0.0
OI00094498,O0053851,P0157,2,122.34,0.1
OI00094499,O0053851,P0174,1,17.68,0.2
OI00094509,O0053857,P0144,1,14.24,0.0
OI00094518,O0053862,P0044,1,120.87,0.25
OI00094519,O0053862,P0073,2,97.32,0.0
OI00094522,O0053864,P0139,1,24.18,0.15
OI00094523,O0053864,P0149,1,18.23,0.0
OI00094524,O0053864,P0146,1,51.45,0.25
OI00094534,O0053870,P0063,1,58.68,0.25
OI00094555,O0053882,P0011,1,1072.71,0.1
OI00094556,O0053882,P0131,1,50.38,0.25
OI00094598,O0053905,P0072,3,171.57,0.1
OI00094599,O0053905,P0108,1,41.13,0.25
OI00094603,O0053908,P0010,1,900.64,0.15
OI00094604,O0053908,P0147,1,75.75,0.25
OI00094605,O0053908,P0161,3,63.78,0.25
OI00094612,O0053914,P0171,1,37.58,0.0
OI00094613,O0053914,P0066,1,274.84,0.0
OI00094614,O0053914,P0001,1,1723.01,0.25
OI00094615,O0053914,P0074,2,258.08,0.0
OI00094616,O0053915,P0077,1,417.64,0.25
OI00094617,O0053915,P0116,1,69.32,0.25
OI00094618,O0053915,P0011,1,1046.63,0.0
OI00094651,O0053932,P0104,1,29.27,0.0
OI00094652,O0053932,P0081,2,401.71,0.05
OI00094659,O0053936,P0025,1,424.71,0.0
OI00094660,O0053937,P0128,2,71.53,0.0
OI00094679,O0053948,P0130,1,30.07,0.0
OI00094680,O0053949,P0086,1,50.24,0.05
OI00094681,O0053950,P0119,2,33.43,0.0
OI00094682,O0053950,P0047,1,136.79,0.25
OI00094683,O0053950,P0043,1,295.1,0.05
OI00094684,O0053950,P0171,1,38.07,0.1
OI00094691,O0053953,P0008,1,1173.22,0.0
OI00094706,O0053960,P0180,1,51.0,0.0
OI00094707,O0053960,P0051,1,54.95,0.0
OI00094708,O0053960,P0060,1,136.89,0.25
OI00094732,O0053975,P0056,1,128.56,0.0
OI00094733,O0053975,P0004,1,1013.19,0.2
OI00094734,O0053976,P0083,3,760.54,0.25
OI00094735,O0053976,P0105,1,134.09,0.25
OI00094736,O0053976,P0116,1,68.91,0.15
OI00094739,O0053979,P0013,1,1042.82,0.25
OI00094743,O0053981,P0083,1,717.9,0.0
OI00094748,O0053984,P0051,1,55.26,0.1
OI00094752,O0053988,P0114,2,30.0,0.0
OI00094753,O0053988,P0127,1,164.01,0.15
OI00094767,O0053998,P0094,1,75.01,0.0
OI00094771,O0054001,P0117,2,30.87,0.25
OI00094787,O0054011,P0107,1,153.87,0.1
OI00094788,O0054011,P0009,1,1267.96,0.1
OI00094789,O0054011,P0036,1,715.98,0.25
OI00094793,O0054015,P0111,1,297.81,0.0
OI00094803,O0054024,P0151,1,19.87,0.1
OI00094811,O0054030,P0158,1,67.28,0.0
OI00094812,O0054030,P0019,3,405.27,0.1
OI00094817,O0054034,P0114,1,29.99,0.0
OI00094818,O0054034,P0105,1,129.41,0.25
OI00094822,O0054036,P0012,1,1524.81,0.0
OI00094823,O0054036,P0131,1,49.39,0.0
OI00094832,O0054041,P0079,2,178.28,0.0
OI00094837,O0054044,P0120,1,339.35,0.25
OI00094849,O0054050,P0065,1,318.17,0.0
OI00094850,O0054050,P0155,1,49.91,0.25
OI00094851,O0054050,P0008,1,1161.13,0.25
OI00094852,O0054050,P0146,2,53.2,0.0
OI00094870,O0054061,P0128,1,71.11,0.25
OI00094901,O0054080,P0070,1,53.22,0.25
OI00094902,O0054080,P0042,1,120.22,0.25
OI00094903,O0054080,P0108,1,42.16,0.15
OI00094904,O0054080,P0142,2,12.69,0.1
OI00094927,O0054092,P0068,1,144.46,0.1
OI00094940,O0054098,P0147,1,78.3,0.25
OI00094941,O0054099,P0126,2,188.07,0.15
OI00094960,O0054108,P0088,1,300.72,0.0
OI00094961,O0054108,P0137,2,26.06,0.0
OI00094979,O0054119,P0078,1,134.15,0.25
OI00094980,O0054119,P0117,1,30.53,0.25
OI00094993,O0054125,P0129,1,304.17,0.25
OI00094994,O0054125,P0106,1,128.19,0.25
OI00095019,O0054140,P0120,1,339.0,0.2
OI00095020,O0054140,P0047,1,139.99,0.0
OI00095021,O0054140,P0079,1,171.14,0.0
OI00095032,O0054149,P0154,1,59.33,0.0
OI00095042,O0054156,P0159,1,182.22,0.0
OI00095043,O0054156,P0065,1,320.75,0.0
OI00095044,O0054156,P0028,1,1234.97,0.0
OI00095052,O0054161,P0120,1,336.52,0.25
OI00095078,O0054175,P0113,1,98.98,0.25
OI00095079,O0054175,P0044,1,124.25,0.25
OI00095085,O0054180,P0060,1,134.27,0.0
OI00095086,O0054180,P0064,1,130.97,0.0
OI00095088,O0054182,P0164,1,40.41,0.0
OI00095089,O0054182,P0096,1,86.91,0.25
OI00095090,O0054182,P0168,1,62.24,0.0
OI00095111,O0054193,P0032,1,898.33,0.25
OI00095112,O0054193,P0143,1,107.9,0.0
OI00095122,O0054200,P0034,1,566.65,0.05
OI00095123,O0054200,P0116,2,68.92,0.0
OI00095144,O0054211,P0010,1,869.99,0.0
OI00095145,O0054211,P0080,1,234.92,0.25
OI00095146,O0054211,P0013,2,1050.26,0.05
OI00095164,O0054222,P0171,1,38.41,0.0
OI00095165,O0054222,P0163,3,17.92,0.2
OI00095168,O0054225,P0053,1,348.64,0.25
OI00095173,O0054229,P0166,3,33.74,0.0
OI00095175,O0054231,P0070,2,55.91,0.25
OI00095181,O0054235,P0088,1,299.0,0.0
OI00095182,O0054235,P0114,1,29.2,0.0
OI00095184,O0054237,P0049,1,345.48,0.25
OI00095191,O0054240,P0162,2,18.73,0.1
OI00095208,O0054251,P0066,1,271.1,0.1
OI00095221,O0054261,P0069,1,96.5,0.25
OI00095222,O0054261,P0135,1,181.63,0.1
OI00095226,O0054264,P0100,1,60.88,0.25
OI00095229,O0054266,P0141,1,24.31,0.05
OI00095230,O0054266,P0089,1,349.08,0.0
OI00095248,O0054276,P0104,1,30.33,0.0
OI00095249,O0054276,P0124,1,66.2,0.0
OI00095250,O0054276,P0103,1,84.05,0.25
OI00095263,O0054284,P0023,1,994.5,0.0
OI00095264,O0054284,P0155,1,51.29,0.25
OI00095271,O0054288,P0040,3,997.78,0.1
OI00095283,O0054295,P0013,1,1049.6,0.0
OI00095284,O0054295,P0025,3,434.47,0.0
OI00095293,O0054301,P0009,2,1247.14,0.0
OI00095294,O0054301,P0107,2,152.97,0.25
OI00095300,O0054306,P0153,1,44.65,0.25
OI00095301,O0054306,P0023,1,974.85,0.15
OI00095302,O0054306,P0130,1,30.46,0.1
OI00095319,O0054316,P0083,1,724.9,0.25
OI00095320,O0054316,P0099,1,230.93,0.0
OI00095323,O0054319,P0035,1,1049.57,0.25
OI00095324,O0054320,P0167,1,126.04,0.0
OI00095325,O0054320,P0146,1,51.94,0.1
OI00095326,O0054321,P0004,1,1005.83,0.0
OI00095336,O0054327,P0032,3,871.94,0.0
OI00095337,O0054327,P0017,1,1671.28,0.0
OI00095345,O0054331,P0180,1,51.96,0.2
OI00095346,O0054331,P0008,1,1186.84,0.15
OI00095364,O0054342,P0165,1,40.34,0.0
OI00095377,O0054349,P0087,1,477.9,0.15
OI00095378,O0054349,P0153,1,44.77,0.0
OI00095379,O0054349,P0048,1,57.99,0.0
OI00095410,O0054367,P0011,1,1083.68,0.0
OI00095413,O0054369,P0140,2,15.77,0.0
OI00095414,O0054369,P0172,1,22.08,0.0
OI00095415,O0054369,P0030,1,830.89,0.25
OI00095416,O0054369,P0044,1,122.43,0.0
OI00095417,O0054370,P0165,1,40.27,0.1
OI00095418,O0054370,P0048,1,56.27,0.0
OI00095420,O0054372,P0166,1,33.22,0.0
OI00095421,O0054372,P0100,1,61.63,0.15
OI00095427,O0054375,P0131,1,50.38,0.25
OI00095428,O0054375,P0013,1,1043.11,0.25
OI00095448,O0054388,P0107,1,154.1,0.0
OI00095534,O0054440,P0159,1,179.49,0.0
OI00095535,O0054440,P0006,1,2280.24,0.0
OI00095581,O0054464,P0073,1,96.68,0.0
OI00095592,O0054468,P0089,1,362.89,0.0
OI00095593,O0054469,P0167,1,123.18,0.25
OI00095602,O0054476,P0014,1,813.5,0.1
OI00095603,O0054476,P0106,1,130.99,0.25
OI00095611,O0054481,P0032,1,881.38,0.0
OI00095617,O0054486,P0073,1,97.31,0.05
OI00095618,O0054486,P0102,1,51.29,0.05
OI00095621,O0054488,P0037,2,527.71,0.1
OI00095622,O0054488,P0001,1,1689.76,0.0
OI00095630,O0054492,P0056,1,129.03,0.1
OI00095631,O0054492,P0111,1,281.73,0.0
OI00095638,O0054497,P0149,1,18.12,0.0
OI00095639,O0054497,P0105,1,130.03,0.0
OI00095643,O0054500,P0074,1,264.02,0.0
OI00095646,O0054502,P0175,2,12.18,0.25
OI00095652,O0054508,P0017,1,1594.33,0.0
OI00095667,O0054519,P0042,1,119.73,0.05
OI00095668,O0054519,P0160,2,24.88,0.2
OI00095669,O0054520,P0035,2,1064.38,0.25
OI00095670,O0054520,P0139,1,25.05,0.25
OI00095696,O0054534,P0097,1,142.05,0.0
OI00095698,O0054536,P0106,1,129.16,0.25
OI00095711,O0054543,P0034,1,566.42,0.15
OI00095714,O0054545,P0100,1,62.55,0.0
OI00095715,O0054545,P0159,1,175.62,0.25
OI00095732,O0054555,P0093,1,85.73,0.15
OI00095733,O0054555,P0046,1,328.45,0.25
OI00095746,O0054563,P0093,2,84.79,0.15
OI00095762,O0054572,P0043,1,287.67,0.0
OI00095763,O0054572,P0060,2,137.95,0.0
OI00095764,O0054572,P0136,1,84.84,0.15
OI00095765,O0054572,P0100,1,62.78,0.1
OI00095801,O0054595,P0084,1,638.71,0.25
OI00095816,O0054603,P0088,1,298.63,0.25
OI00095817,O0054603,P0012,1,1499.87,0.1
OI00095818,O0054603,P0046,1,329.71,0.0
OI00095842,O0054614,P0138,1,34.67,0.0
OI00095855,O0054621,P0144,1,14.0,0.25
OI00095856,O0054621,P0056,1,127.3,0.1
OI00095857,O0054622,P0035,1,1034.13,0.1
OI00095858,O0054622,P0106,1,129.12,0.1
OI00095859,O0054622,P0056,1,125.18,0.0
OI00095860,O0054623,P0143,1,110.31,0.0
OI00095863,O0054625,P0127,1,162.33,0.0
OI00095864,O0054625,P0095,1,284.13,0.0
OI00095868,O0054628,P0003,1,1241.0,0.0
OI00095869,O0054628,P0180,1,51.56,0.25
OI00095870,O0054628,P0169,3,186.05,0.05
OI00095871,O0054628,P0045,1,406.84,0.0
OI00095898,O0054643,P0053,1,345.86,0.0
OI00095924,O0054657,P0094,1,71.63,0.1
OI00095925,O0054657,P0065,1,320.75,0.25
OI00095926,O0054657,P0120,1,347.14,0.25
OI00095927,O0054657,P0092,1,190.93,0.25
OI00095935,O0054662,P0048,1,56.45,0.25
OI00095959,O0054680,P0069,1,97.31,0.0
OI00095960,O0054680,P0135,1,184.15,0.0
OI00095961,O0054681,P0166,1,33.61,0.0
OI00095965,O0054684,P0081,1,399.0,0.25
OI00095967,O0054686,P0056,1,126.36,0.1
OI00095968,O0054686,P0085,1,487.28,0.0
OI00095969,O0054686,P0034,1,544.17,0.25
OI00095984,O0054696,P0128,1,72.26,0.05
OI00095985,O0054696,P0132,1,29.16,0.05
OI00095986,O0054696,P0078,1,137.72,0.0
OI00095990,O0054698,P0032,1,881.99,0.25
OI00096013,O0054712,P0055,1,328.5,0.1
OI00096014,O0054712,P0041,1,237.76,0.25
OI00096015,O0054712,P0052,1,39.59,0.05
OI00096069,O0054741,P0124,1,66.05,0.0
OI00096070,O0054742,P0090,1,208.09,0.0
OI00096071,O0054742,P0151,2,19.3,0.0
OI00096084,O0054749,P0023,3,977.88,0.0
OI00096168,O0054796,P0145,1,164.64,0.0
OI00096169,O0054796,P0148,1,15.37,0.25
OI00096173,O0054799,P0081,1,409.7,0.0
OI00096184,O0054807,P0059,1,49.87,0.25
OI00096185,O0054807,P0056,1,125.11,0.1
OI00096201,O0054817,P0109,1,165.98,0.25
OI00096236,O0054836,P0130,2,31.48,0.0
OI00096237,O0054836,P0053,2,363.83,0.0
OI00096238,O0054836,P0018,1,1928.29,0.25
OI00096244,O0054839,P0040,1,1027.86,0.25
OI00096274,O0054857,P0120,2,346.52,0.05
OI00096275,O0054857,P0042,1,122.53,0.25
OI00096276,O0054857,P0045,1,416.1,0.05
OI00096283,O0054863,P0049,1,339.07,0.2
OI00096284,O0054863,P0063,1,60.59,0.25
OI00096285,O0054863,P0040,1,985.98,0.0
OI00096302,O0054871,P0034,1,544.79,0.25
OI00096312,O0054875,P0171,1,36.96,0.0
OI00096313,O0054875,P0021,1,650.61,0.0
OI00096314,O0054875,P0095,3,288.38,0.05
OI00096332,O0054888,P0112,1,39.94,0.05
OI00096347,O0054897,P0001,1,1719.37,0.05
OI00096348,O0054897,P0034,1,527.79,0.25
OI00096349,O0054897,P0016,1,916.65,0.0
OI00096386,O0054918,P0072,1,173.2,0.1
OI00096409,O0054933,P0020,1,536.61,0.05
OI00096410,O0054933,P0122,1,387.67,0.0
OI00096422,O0054941,P0095,1,286.6,0.0
OI00096428,O0054947,P0079,1,173.85,0.0
OI00096429,O0054947,P0140,1,15.87,0.0
OI00096431,O0054949,P0080,1,242.05,0.0
OI00096432,O0054949,P0167,1,124.5,0.25
OI00096475,O0054968,P0145,1,166.01,0.0
OI00096476,O0054968,P0070,1,53.83,0.0
OI00096487,O0054974,P0044,1,123.89,0.15
OI00096489,O0054976,P0109,1,166.33,0.1
OI00096490,O0054976,P0036,2,690.77,0.1
OI00096491,O0054976,P0172,1,22.99,0.0
OI00096492,O0054976,P0108,1,41.53,0.0
OI00096495,O0054978,P0108,1,41.71,0.2
OI00096496,O0054978,P0020,1,541.37,0.0
OI00096497,O0054978,P0122,1,389.98,0.0
OI00096507,O0054985,P0099,2,231.6,0.2
OI00096508,O0054985,P0168,1,61.37,0.0
OI00096509,O0054985,P0091,1,179.34,0.25
OI00096511,O0054987,P0122,2,389.91,0.0
OI00096522,O0054995,P0066,1,267.49,0.05
OI00096540,O0055007,P0066,1,279.32,0.0
OI00096541,O0055007,P0044,1,118.9,0.25
OI00096542,O0055007,P0063,1,59.8,0.05
OI00096546,O0055010,P0178,1,10.81,0.1
OI00096547,O0055010,P0108,1,42.22,0.25
OI00096548,O0055010,P0149,1,18.41,0.0
OI00096560,O0055018,P0060,1,135.83,0.0
OI00096584,O0055029,P0140,1,16.2,0.25
OI00096585,O0055030,P0033,1,1355.68,0.0
OI00096589,O0055033,P0165,1,38.8,0.0
OI00096590,O0055033,P0019,1,394.07,0.0
OI00096591,O0055034,P0128,1,70.8,0.0
OI00096595,O0055036,P0065,1,316.86,0.0
OI00096631,O0055056,P0100,1,61.49,0.2
OI00096632,O0055056,P0139,1,24.78,0.1
OI00096653,O0055070,P0148,1,15.04,0.0
OI00096654,O0055070,P0015,1,1421.38,0.0
OI00096674,O0055081,P0085,1,512.63,0.0
OI00096675,O0055081,P0162,1,19.08,0.25
OI00096676,O0055081,P0009,1,1314.94,0.0
OI00096682,O0055085,P0072,1,173.64,0.25
OI00096683,O0055085,P0143,1,112.98,0.0
OI00096696,O0055093,P0045,2,403.32,0.25
OI00096697,O0055093,P0090,1,205.28,0.25
OI00096701,O0055096,P0102,1,51.64,0.0
OI00096759,O0055132,P0107,1,152.65,0.0
OI00096766,O0055138,P0049,1,340.6,0.0
OI00096767,O0055138,P0140,1,15.89,0.25
OI00096768,O0055138,P0176,1,134.56,0.0
OI00096769,O0055138,P0031,1,1315.21,0.0
OI00096773,O0055140,P0107,1,156.24,0.0
OI00096774,O0055140,P0114,1,29.99,0.25
OI00096802,O0055158,P0105,2,131.96,0.1
OI00096803,O0055158,P0096,2,85.96,0.1
OI00096813,O0055163,P0092,1,196.56,0.1
OI00096825,O0055170,P0179,1,83.95,0.1
OI00096827,O0055172,P0169,1,180.65,0.0
OI00096828,O0055172,P0098,1,327.08,0.1
OI00096831,O0055174,P0088,2,310.38,0.0
OI00096878,O0055202,P0002,1,939.88,0.1
OI00096907,O0055218,P0112,2,39.77,0.0
OI00096908,O0055218,P0156,1,90.87,0.25
OI00096938,O0055233,P0167,1,121.34,0.05
OI00096939,O0055233,P0098,1,318.34,0.25
OI00096956,O0055242,P0035,1,1056.49,0.25
OI00096958,O0055244,P0165,1,42.19,0.0
OI00096980,O0055254,P0135,1,180.6,0.0
OI00096981,O0055254,P0122,1,390.97,0.0
OI00096994,O0055263,P0025,3,422.42,0.15
OI00097003,O0055270,P0048,1,55.86,0.25
OI00097004,O0055270,P0129,2,307.63,0.25
OI00097013,O0055277,P0107,1,155.18,0.1
OI00097014,O0055277,P0133,1,10.04,0.0
OI00097015,O0055277,P0147,1,75.49,0.0
OI00097030,O0055285,P0138,1,34.5,0.05
OI00097039,O0055290,P0047,1,135.79,0.25
OI00097040,O0055290,P0153,1,43.7,0.0
OI00097041,O0055290,P0110,1,70.31,0.25
OI00097048,O0055294,P0102,2,51.16,0.0
OI00097052,O0055297,P0086,1,49.71,0.0
OI00097053,O0055297,P0148,1,14.94,0.0
OI00097054,O0055297,P0108,1,42.08,0.05
OI00097081,O0055313,P0108,1,41.11,0.0
OI00097117,O0055335,P0159,1,179.36,0.25
OI00097118,O0055335,P0104,1,30.1,0.1
OI00097146,O0055350,P0030,1,842.05,0.25
OI00097156,O0055357,P0065,1,321.25,0.25
OI00097213,O0055390,P0054,2,55.76,0.25
OI00097225,O0055399,P0080,1,236.58,0.15
OI00097226,O0055399,P0113,1,102.91,0.25
OI00097234,O0055403,P0056,1,127.14,0.0
OI00097235,O0055404,P0075,1,53.76,0.0
OI00097236,O0055404,P0108,1,40.14,0.25
OI00097237,O0055404,P0168,1,62.23,0.1
OI00097240,O0055406,P0047,1,141.25,0.0
OI00097260,O0055417,P0062,2,58.38,0.1
OI00097266,O0055421,P0114,1,30.08,0.0
OI00097267,O0055421,P0138,1,35.18,0.0
OI00097268,O0055421,P0116,1,69.6,0.15
OI00097269,O0055422,P0082,1,380.63,0.0
OI00097270,O0055422,P0099,1,233.71,0.05
OI00097271,O0055422,P0117,2,30.65,0.05
OI00097273,O0055424,P0135,1,183.17,0.05
OI00097322,O0055453,P0163,1,17.98,0.0
OI00097333,O0055461,P0058,1,152.47,0.05
OI00097363,O0055478,P0145,1,165.25,0.0
OI00097364,O0055478,P0011,2,1059.13,0.0
OI00097379,O0055486,P0051,1,54.96,0.0
OI00097400,O0055499,P0067,1,280.04,0.25
OI00097402,O0055501,P0102,1,50.92,0.05
OI00097403,O0055501,P0082,1,378.91,0.1
OI00097420,O0055509,P0119,2,32.63,0.0
OI00097436,O0055518,P0009,1,1294.0,0.25
OI00097451,O0055524,P0110,1,75.19,0.25
OI00097452,O0055524,P0142,2,12.54,0.25
OI00097453,O0055524,P0134,1,134.53,0.1
OI00097469,O0055534,P0062,1,54.37,0.0
OI00097470,O0055534,P0153,1,43.48,0.0
OI00097476,O0055537,P0145,1,162.54,0.0
OI00097486,O0055544,P0133,1,9.89,0.0
OI00097502,O0055552,P0008,1,1208.6,0.1
OI00097503,O0055552,P0089,1,356.48,0.0
OI00097517,O0055562,P0148,1,14.84,0.0
OI00097523,O0055568,P0043,1,298.48,0.05
OI00097524,O0055568,P0079,2,174.08,0.1
OI00097525,O0055568,P0136,1,83.51,0.0
OI00097526,O0055568,P0072,1,170.7,0.25
OI00097534,O0055573,P0126,1,181.58,0.0
OI00097544,O0055578,P0152,2,15.36,0.2
OI00097545,O0055578,P0074,1,255.73,0.0
OI00097552,O0055582,P0108,1,43.14,0.0
OI00097557,O0055585,P0021,2,638.77,0.0
OI00097558,O0055585,P0098,1,310.38,0.0
OI00097587,O0055603,P0010,1,877.87,0.05
OI00097588,O0055603,P0069,2,98.01,0.05
OI00097592,O0055606,P0102,1,52.08,0.25
OI00097593,O0055606,P0180,1,51.75,0.25
OI00097606,O0055615,P0064,1,127.25,0.0
OI00097607,O0055616,P0038,1,483.55,0.25
OI00097608,O0055616,P0158,1,68.12,0.1
OI00097609,O0055617,P0147,1,74.05,0.05
OI00097613,O0055620,P0049,1,341.08,0.25
OI00097634,O0055635,P0112,1,38.48,0.15
OI00097635,O0055636,P0122,1,393.94,0.0
OI00097639,O0055638,P0149,1,18.09,0.0
OI00097642,O0055641,P0079,1,175.76,0.25
OI00097643,O0055641,P0134,1,126.69,0.0
OI00097644,O0055641,P0087,1,491.1,0.0
OI00097646,O0055643,P0142,1,12.57,0.0
OI00097647,O0055643,P0033,1,1300.98,0.0
OI00097648,O0055643,P0098,1,327.63,0.25
OI00097652,O0055646,P0031,2,1316.5,0.25
OI00097658,O0055650,P0002,1,946.44,0.0
OI00097659,O0055650,P0106,1,130.98,0.25
OI00097670,O0055657,P0055,2,324.51,0.1
OI00097671,O0055657,P0112,1,39.78,0.0
OI00097672,O0055657,P0036,1,713.34,0.0
OI00097678,O0055661,P0082,1,376.8,0.0
OI00097683,O0055664,P0097,1,141.92,0.25
OI00097684,O0055664,P0022,1,831.22,0.0
OI00097685,O0055665,P0071,1,114.26,0.0
OI00097686,O0055665,P0090,1,203.86,0.0
OI00097687,O0055665,P0138,1,35.18,0.05
OI00097688,O0055665,P0017,1,1660.91,0.1
OI00097707,O0055677,P0058,1,141.97,0.0
OI00097708,O0055677,P0038,1,475.2,0.0
OI00097769,O0055716,P0044,1,121.93,0.0
OI00097770,O0055717,P0153,1,42.6,0.0
OI00097771,O0055717,P0061,1,374.85,0.2
OI00097776,O0055721,P0148,1,15.37,0.0
OI00097777,O0055721,P0123,1,49.15,0.05
OI00097778,O0055721,P0155,1,51.03,0.0
OI00097786,O0055727,P0126,1,194.43,0.25
OI00097787,O0055727,P0046,1,338.52,0.1
OI00097788,O0055727,P0149,1,18.56,0.0
OI00097789,O0055727,P0157,1,119.09,0.25
OI00097823,O0055749,P0044,1,123.22,0.0
OI00097826,O0055751,P0038,1,479.56,0.0
OI00097827,O0055751,P0168,2,62.2,0.25
OI00097847,O0055761,P0132,1,29.59,0.25
OI00097848,O0055761,P0019,1,409.61,0.0
OI00097849,O0055761,P0098,1,324.95,0.0
OI00097868,O0055770,P0102,1,52.16,0.25
OI00097870,O0055772,P0009,1,1241.92,0.25
OI00097904,O0055788,P0030,1,871.83,0.0
OI00097905,O0055789,P0054,1,56.49,0.0
OI00097906,O0055789,P0173,2,45.62,0.0
OI00097907,O0055789,P0132,1,29.05,0.25
OI00097908,O0055789,P0157,1,120.82,0.1
OI00097909,O0055790,P0085,1,491.38,0.1
OI00097910,O0055790,P0078,1,131.96,0.25
OI00097911,O0055790,P0032,2,892.51,0.05
OI00097929,O0055800,P0153,1,43.4,0.25
OI00097946,O0055811,P0134,1,127.79,0.0
OI00097950,O0055813,P0074,1,262.93,0.0
OI00097951,O0055813,P0158,1,66.98,0.25
OI00097956,O0055817,P0126,1,186.14,0.0
OI00097965,O0055825,P0107,1,155.38,0.25
OI00097966,O0055825,P0085,1,488.97,0.25
OI00097974,O0055831,P0044,1,125.52,0.25
OI00097984,O0055836,P0005,1,1304.02,0.25
OI00098103,O0055904,P0059,1,50.22,0.05
OI00098104,O0055904,P0032,1,854.25,0.0
OI00098106,O0055906,P0148,1,15.16,0.1
OI00098111,O0055909,P0119,1,31.61,0.05
OI00098112,O0055909,P0101,1,124.64,0.15
OI00098131,O0055920,P0024,1,509.84,0.0
OI00098188,O0055956,P0034,1,551.3,0.15
OI00098189,O0055957,P0069,1,99.32,0.25
OI00098190,O0055957,P0174,3,18.27,0.15
OI00098191,O0055957,P0071,1,116.39,0.1
OI00098216,O0055971,P0035,1,1064.93,0.0
OI00098223,O0055977,P0177,1,23.44,0.0
OI00098229,O0055981,P0039,1,521.77,0.05
OI00098247,O0055988,P0060,1,137.45,0.0
OI00098248,O0055989,P0006,1,2234.96,0.1
OI00098252,O0055992,P0007,1,2037.36,0.15
OI00098253,O0055992,P0166,1,34.71,0.0
OI00098254,O0055992,P0172,2,22.64,0.25
OI00098258,O0055995,P0122,1,387.31,0.1
OI00098291,O0056016,P0146,1,52.88,0.25
OI00098292,O0056017,P0071,1,114.1,0.0
OI00098302,O0056022,P0067,1,279.11,0.1
OI00098312,O0056029,P0048,1,55.14,0.05
OI00098323,O0056037,P0126,1,193.75,0.1
OI00098345,O0056050,P0046,1,340.06,0.25
OI00098346,O0056050,P0169,2,182.57,0.0
OI00098347,O0056050,P0147,1,78.38,0.1
OI00098348,O0056050,P0039,1,528.71,0.25
OI00098363,O0056063,P0049,1,335.08,0.25
OI00098376,O0056072,P0024,1,512.56,0.25
OI00098421,O0056100,P0020,1,550.8,0.25
OI00098422,O0056100,P0180,2,53.37,0.05
OI00098434,O0056108,P0101,1,127.41,0.0
OI00098449,O0056116,P0147,1,78.42,0.25
OI00098450,O0056116,P0089,1,348.55,0.2
OI00098451,O0056116,P0030,1,902.32,0.0
OI00098452,O0056116,P0121,1,148.85,0.05
OI00098471,O0056126,P0084,1,648.67,0.0
OI00098476,O0056129,P0085,1,498.0,0.0
OI00098484,O0056134,P0131,1,49.42,0.0
OI00098485,O0056134,P0046,1,324.26,0.25
OI00098493,O0056139,P0073,1,95.89,0.0
OI00098500,O0056143,P0097,1,141.81,0.15
OI00098506,O0056146,P0140,1,15.27,0.15
OI00098514,O0056152,P0136,1,85.5,0.05
OI00098525,O0056160,P0128,1,69.46,0.05
OI00098532,O0056164,P0176,1,135.37,0.25
OI00098533,O0056165,P0175,1,12.25,0.25
OI00098555,O0056175,P0142,1,12.79,0.25
OI00098560,O0056177,P0132,1,29.0,0.15
OI00098561,O0056177,P0013,1,1064.66,0.25
OI00098580,O0056187,P0139,1,24.31,0.0
OI00098581,O0056188,P0179,1,84.99,0.25
OI00098582,O0056188,P0161,1,63.33,0.05
OI00098592,O0056194,P0146,1,52.08,0.0
OI00098593,O0056194,P0086,1,50.88,0.15
OI00098615,O0056209,P0069,1,96.49,0.15
OI00098616,O0056209,P0062,1,56.79,0.0
OI00098617,O0056209,P0023,1,986.11,0.0
OI00098623,O0056213,P0011,1,1111.07,0.0
OI00098624,O0056213,P0071,1,114.78,0.0
OI00098626,O0056215,P0046,1,326.66,0.25
OI00098643,O0056227,P0102,2,53.05,0.0
OI00098644,O0056227,P0107,1,156.54,0.25
OI00098645,O0056227,P0077,1,412.35,0.0
OI00098649,O0056230,P0055,1,326.84,0.0
OI00098650,O0056231,P0095,1,292.93,0.25
OI00098659,O0056237,P0063,1,59.63,0.25
OI00098660,O0056237,P0007,2,2006.38,0.25
OI00098697,O0056258,P0163,1,18.48,0.0
OI00098715,O0056270,P0137,1,25.64,0.0
OI00098716,O0056270,P0116,1,70.65,0.25
OI00098717,O0056271,P0131,1,50.51,0.0
OI00098740,O0056285,P0158,1,66.2,0.0
OI00098744,O0056288,P0145,1,162.86,0.05
OI00098747,O0056290,P0012,1,1513.77,0.1
OI00098750,O0056292,P0074,1,255.19,0.0
OI00098769,O0056306,P0069,1,102.06,0.05
OI00098770,O0056306,P0062,1,56.65,0.0
OI00098771,O0056306,P0071,1,115.2,0.0
OI00098794,O0056319,P0083,1,735.12,0.25
OI00098799,O0056322,P0164,1,40.17,0.0
OI00098803,O0056325,P0176,3,134.84,0.2
OI00098804,O0056325,P0179,1,82.56,0.1
OI00098805,O0056326,P0156,1,86.49,0.0
OI00098806,O0056326,P0141,1,24.05,0.0
OI00098813,O0056331,P0023,1,1005.76,0.0
OI00098829,O0056342,P0129,1,307.22,0.1
OI00098830,O0056342,P0081,1,416.89,0.25
OI00098842,O0056350,P0011,1,1076.8,0.15
OI00098843,O0056350,P0169,2,194.04,0.25
OI00098845,O0056352,P0156,1,87.67,0.25
OI00098846,O0056352,P0095,1,285.08,0.0
OI00098874,O0056369,P0061,1,386.96,0.25
OI00098875,O0056369,P0018,1,1968.13,0.0
OI00098876,O0056369,P0020,1,547.78,0.25
OI00098896,O0056380,P0115,1,68.59,0.1
OI00098906,O0056387,P0090,2,205.84,0.0
OI00098907,O0056387,P0035,1,1054.6,0.0
OI00098912,O0056390,P0075,1,54.53,0.1
OI00098917,O0056393,P0011,1,1100.08,0.0
OI00098918,O0056393,P0129,1,294.38,0.0
OI00098936,O0056401,P0105,1,130.47,0.0
OI00098946,O0056406,P0029,1,532.48,0.25
OI00098948,O0056408,P0031,1,1327.86,0.25
OI00098949,O0056409,P0146,1,51.19,0.0
OI00098956,O0056413,P0018,1,1925.85,0.15
OI00098957,O0056413,P0076,1,121.45,0.15
OI00098958,O0056413,P0178,1,10.99,0.0
OI00098962,O0056416,P0165,1,41.21,0.2
OI00098970,O0056421,P0095,1,289.93,0.0
OI00098971,O0056421,P0155,1,51.44,0.1
OI00098977,O0056424,P0113,1,96.94,0.0
OI00099003,O0056438,P0177,1,22.45,0.25
OI00099020,O0056449,P0016,1,900.39,0.0
OI00099021,O0056449,P0083,1,764.41,0.0
OI00099028,O0056455,P0060,2,137.35,0.0
OI00099042,O0056464,P0034,1,540.18,0.0
OI00099049,O0056467,P0165,1,40.18,0.05
OI00099055,O0056470,P0066,1,266.15,0.0
OI00099056,O0056470,P0174,1,18.66,0.0
OI00099067,O0056476,P0099,1,232.67,0.15
OI00099068,O0056476,P0119,1,32.93,0.0
OI00099069,O0056476,P0039,1,526.38,0.15
OI00099081,O0056486,P0070,1,54.16,0.0
OI00099088,O0056490,P0179,1,81.84,0.1
OI00099089,O0056490,P0124,1,62.89,0.1
OI00099090,O0056490,P0037,2,538.58,0.0
OI00099091,O0056491,P0158,1,65.16,0.0
OI00099092,O0056491,P0027,1,912.87,0.0
OI00099093,O0056492,P0093,1,85.47,0.2
OI00099094,O0056492,P0104,1,29.34,0.0
OI00099111,O0056502,P0037,1,525.07,0.0
OI00099112,O0056503,P0046,2,333.26,0.0
OI00099113,O0056503,P0081,1,398.44,0.0
OI00099128,O0056512,P0041,1,228.49,0.0
OI00099129,O0056512,P0144,1,13.81,0.0
OI00099155,O0056529,P0004,1,985.36,0.0
OI00099178,O0056543,P0031,1,1336.59,0.0
OI00099185,O0056546,P0075,1,54.5,0.0
OI00099191,O0056551,P0138,1,35.35,0.0
OI00099197,O0056555,P0058,1,145.99,0.0
OI00099200,O0056557,P0177,1,23.14,0.0
OI00099203,O0056560,P0141,1,23.3,0.1
OI00099208,O0056563,P0146,1,52.43,0.05
OI00099209,O0056563,P0117,1,31.01,0.0
OI00099210,O0056563,P0108,2,41.59,0.15
OI00099219,O0056567,P0115,1,69.56,0.05
OI00099220,O0056567,P0159,1,183.52,0.0
OI00099229,O0056572,P0174,1,18.54,0.15
OI00099239,O0056578,P0106,1,129.81,0.0
OI00099240,O0056578,P0036,1,720.49,0.0
OI00099265,O0056595,P0154,1,57.19,0.0
OI00099283,O0056606,P0026,1,1191.99,0.0
OI00099284,O0056606,P0170,1,9.6,0.1
OI00099308,O0056621,P0067,2,288.0,0.0
OI00099309,O0056621,P0095,1,288.33,0.15
OI00099321,O0056632,P0048,1,55.79,0.0
OI00099323,O0056634,P0025,1,426.65,0.15
OI00099324,O0056634,P0152,1,14.98,0.0
OI00099344,O0056646,P0060,1,133.81,0.0
OI00099346,O0056648,P0159,1,177.71,0.0
OI00099348,O0056650,P0006,1,2159.53,0.0
OI00099349,O0056651,P0152,1,14.93,0.0
OI00099361,O0056657,P0042,3,116.91,0.0
OI00099366,O0056660,P0052,3,39.86,0.15
OI00099367,O0056660,P0069,1,97.57,0.0
OI00099370,O0056663,P0009,1,1275.28,0.15
OI00099371,O0056663,P0115,1,68.47,0.0
OI00099374,O0056666,P0127,1,162.14,0.0
OI00099375,O0056666,P0084,1,631.18,0.1
OI00099376,O0056666,P0110,1,74.16,0.0
OI00099388,O0056672,P0042,1,119.0,0.0
OI00099391,O0056674,P0158,1,66.15,0.0
OI00099392,O0056674,P0042,2,119.04,0.05
OI00099426,O0056691,P0035,1,1064.34,0.0
OI00099434,O0056696,P0126,1,183.58,0.0
OI00099460,O0056712,P0152,1,14.67,0.0
OI00099468,O0056718,P0001,1,1737.15,0.05
OI00099481,O0056727,P0170,2,9.38,0.0
OI00099482,O0056727,P0029,1,529.5,0.1
OI00099490,O0056731,P0055,1,337.26,0.0
OI00099494,O0056734,P0052,1,39.38,0.1
OI00099495,O0056735,P0114,1,29.86,0.0
OI00099496,O0056735,P0043,1,296.36,0.0
OI00099497,O0056735,P0168,1,62.17,0.0
OI00099510,O0056744,P0092,1,191.26,0.1
OI00099511,O0056744,P0085,1,493.98,0.0
OI00099512,O0056744,P0082,1,366.2,0.0
OI00099516,O0056746,P0144,1,13.53,0.0
OI00099517,O0056746,P0161,1,64.12,0.0
OI00099518,O0056746,P0054,1,57.2,0.0
OI00099536,O0056756,P0150,2,11.5,0.0
OI00099537,O0056756,P0017,1,1634.33,0.0
OI00099538,O0056756,P0001,1,1719.08,0.0
OI00099572,O0056777,P0081,1,411.12,0.0
OI00099603,O0056793,P0077,1,411.45,0.1
OI00099609,O0056797,P0059,1,50.11,0.0
OI00099612,O0056799,P0120,1,335.44,0.0
OI00099620,O0056803,P0018,1,1968.77,0.0
OI00099621,O0056803,P0159,1,178.81,0.0
OI00099622,O0056804,P0101,1,124.41,0.0
OI00099634,O0056812,P0015,1,1428.78,0.0
OI00099655,O0056824,P0081,1,409.88,0.0
OI00099659,O0056828,P0160,1,23.88,0.0
OI00099660,O0056828,P0167,2,124.02,0.0
OI00099661,O0056828,P0033,1,1363.39,0.0
OI00099671,O0056835,P0001,1,1689.46,0.15
OI00099672,O0056835,P0177,1,22.13,0.0
OI00099673,O0056836,P0034,1,550.35,0.0
OI00099674,O0056836,P0107,1,158.85,0.0
OI00099684,O0056841,P0125,1,296.32,0.0
OI00099719,O0056861,P0111,1,292.92,0.0
OI00099720,O0056861,P0080,1,236.39,0.0
OI00099738,O0056869,P0105,1,127.0,0.0
OI00099749,O0056877,P0048,1,55.33,0.0
OI00099758,O0056881,P0092,1,191.7,0.0
OI00099759,O0056881,P0074,1,259.53,0.0
OI00099767,O0056886,P0087,1,506.31,0.0
OI00099768,O0056886,P0167,1,125.36,0.0
OI00099769,O0056886,P0059,1,50.51,0.0
OI00099778,O0056891,P0148,2,14.83,0.0
OI00099781,O0056894,P0125,1,299.9,0.0
OI00099784,O0056896,P0010,1,898.94,0.1
OI00099785,O0056896,P0106,1,128.54,0.0
OI00099786,O0056896,P0039,1,528.87,0.15
OI00099791,O0056899,P0005,1,1352.35,0.0
OI00099811,O0056910,P0032,1,900.19,0.0
OI00099812,O0056910,P0088,1,303.31,0.0
OI00099813,O0056910,P0126,1,183.75,0.1
OI00099817,O0056913,P0164,1,38.79,0.0
OI00099818,O0056913,P0091,2,170.74,0.0
OI00099819,O0056913,P0061,1,388.1,0.15
OI00099820,O0056913,P0109,1,171.0,0.0
OI00099835,O0056922,P0114,1,29.38,0.0
OI00099851,O0056932,P0067,1,278.31,0.05
OI00099852,O0056933,P0141,2,23.55,0.1
OI00099853,O0056933,P0150,1,11.27,0.0
OI00099854,O0056933,P0002,1,911.82,0.0
OI00099890,O0056954,P0002,1,929.67,0.05
OI00099903,O0056961,P0037,1,527.66,0.0
OI00099904,O0056961,P0033,1,1355.84,0.0
OI00099940,O0056980,P0102,1,50.88,0.0
OI00099951,O0056987,P0067,2,286.19,0.0
OI00099952,O0056987,P0158,1,67.6,0.05
OI00099955,O0056990,P0045,1,410.41,0.05
OI00099956,O0056990,P0035,1,1070.4,0.0
OI00099978,O0057006,P0072,1,176.78,0.0
OI00099990,O0057012,P0074,2,255.72,0.0
OI00099991,O0057013,P0032,1,863.2,0.0
OI00099992,O0057013,P0028,1,1220.35,0.1
OI00100000,O0057020,P0120,1,338.4,0.0
OI00100005,O0057023,P0109,1,165.46,0.0
OI00100006,O0057024,P0159,1,180.23,0.05
OI00100011,O0057029,P0026,1,1138.26,0.05
OI00100012,O0057029,P0119,1,32.1,0.1
OI00100013,O0057029,P0131,1,50.15,0.0
OI00100014,O0057029,P0003,1,1203.21,0.0
OI00100017,O0057032,P0148,1,14.48,0.1
OI00100028,O0057038,P0025,1,413.83,0.05
OI00100032,O0057040,P0028,1,1235.08,0.0
OI00100033,O0057041,P0144,1,13.87,0.0
OI00100053,O0057054,P0103,1,86.45,0.2
OI00100054,O0057054,P0100,1,59.73,0.0
OI00100075,O0057064,P0138,1,35.68,0.0
OI00100076,O0057064,P0110,1,74.46,0.0
OI00100077,O0057064,P0044,1,120.51,0.1
OI00100111,O0057081,P0022,1,875.29,0.0
OI00100112,O0057081,P0114,1,30.4,0.0
OI00100122,O0057086,P0159,1,182.56,0.1
OI00100123,O0057086,P0072,1,174.72,0.05
OI00100129,O0057091,P0062,1,57.77,0.0
OI00100130,O0057091,P0080,2,232.97,0.0
OI00100131,O0057091,P0129,1,300.62,0.05
OI00100134,O0057093,P0034,3,558.5,0.0
OI00100145,O0057098,P0113,1,98.78,0.05
OI00100146,O0057098,P0012,1,1466.52,0.0
OI00100196,O0057130,P0062,2,55.6,0.1
OI00100245,O0057157,P0180,1,51.78,0.0
OI00100246,O0057157,P0050,3,92.57,0.2
OI00100247,O0057157,P0026,1,1201.68,0.0
OI00100252,O0057160,P0004,1,1007.95,0.0
OI00100253,O0057160,P0091,1,167.29,0.0
OI00100260,O0057164,P0073,1,97.75,0.05
OI00100274,O0057172,P0149,1,17.98,0.0
OI00100308,O0057188,P0114,1,29.22,0.0
OI00100309,O0057188,P0037,1,549.25,0.0
OI00100314,O0057191,P0123,1,50.3,0.0
OI00100315,O0057191,P0119,1,32.64,0.05
OI00100322,O0057195,P0170,1,9.39,0.0
OI00100354,O0057214,P0109,1,175.39,0.0
OI00100355,O0057214,P0151,1,18.8,0.05
OI00100356,O0057214,P0159,2,177.89,0.0
OI00100357,O0057215,P0045,1,413.91,0.2
OI00100358,O0057215,P0180,1,50.35,0.0
OI00100359,O0057215,P0114,1,29.98,0.1
OI00100363,O0057218,P0142,2,12.46,0.0
OI00100385,O0057230,P0144,1,13.28,0.05
OI00100386,O0057230,P0010,2,919.83,0.0
OI00100387,O0057231,P0023,1,998.24,0.0
OI00100388,O0057231,P0070,1,53.5,0.0
OI00100400,O0057241,P0050,1,91.9,0.0
OI00100401,O0057241,P0096,1,87.76,0.1
OI00100415,O0057250,P0068,1,143.28,0.15
OI00100416,O0057250,P0056,1,129.14,0.0
OI00100417,O0057250,P0141,1,23.8,0.0
OI00100429,O0057255,P0164,1,39.64,0.0
OI00100430,O0057255,P0120,1,329.65,0.1
OI00100441,O0057262,P0155,1,50.81,0.0
OI00100456,O0057271,P0180,1,52.06,0.1
OI00100470,O0057280,P0051,1,54.43,0.05
OI00100471,O0057280,P0016,2,928.45,0.25
OI00100472,O0057281,P0018,1,1946.24,0.0
OI00100473,O0057281,P0115,1,67.96,0.1
OI00100474,O0057281,P0143,1,111.09,0.0
OI00100475,O0057282,P0125,1,295.58,0.0
OI00100476,O0057283,P0029,1,541.83,0.15
OI00100482,O0057287,P0088,1,303.76,0.0
OI00100489,O0057292,P0105,1,129.61,0.0
OI00100490,O0057292,P0055,1,334.36,0.1
OI00100491,O0057293,P0124,1,64.29,0.0
OI00100492,O0057293,P0131,1,50.65,0.1
OI00100493,O0057293,P0161,1,62.85,0.0
OI00100503,O0057298,P0136,1,84.98,0.0
OI00100506,O0057301,P0138,1,35.22,0.1
OI00100507,O0057301,P0010,1,869.27,0.1
OI00100508,O0057302,P0144,1,13.45,0.0
OI00100510,O0057304,P0149,2,17.4,0.0
OI00100516,O0057307,P0092,1,200.55,0.0
OI00100517,O0057307,P0124,2,64.29,0.0
OI00100521,O0057310,P0016,1,950.64,0.0
OI00100522,O0057310,P0132,1,29.89,0.0
OI00100523,O0057311,P0048,1,55.19,0.0
OI00100536,O0057317,P0085,1,496.83,0.0
OI00100544,O0057323,P0049,1,342.22,0.2
OI00100545,O0057323,P0174,1,18.56,0.0
OI00100546,O0057323,P0147,1,77.28,0.25
OI00100564,O0057333,P0090,1,201.53,0.1
OI00100565,O0057333,P0009,1,1304.52,0.0
OI00100599,O0057352,P0143,1,110.5,0.05
OI00100600,O0057352,P0052,1,40.17,0.0
OI00100607,O0057356,P0048,1,54.97,0.0
OI00100621,O0057365,P0014,1,831.96,0.05
OI00100664,O0057392,P0083,1,725.16,0.1
OI00100667,O0057395,P0083,1,730.71,0.1
OI00100668,O0057395,P0079,1,175.09,0.0
OI00100669,O0057395,P0109,1,172.2,0.0
OI00100674,O0057398,P0136,1,85.29,0.0
OI00100679,O0057401,P0138,1,35.53,0.0
OI00100703,O0057414,P0021,2,648.0,0.0
OI00100718,O0057422,P0091,1,174.43,0.1
OI00100719,O0057422,P0141,1,23.03,0.0
OI00100731,O0057430,P0005,1,1343.63,0.15
OI00100732,O0057430,P0079,1,177.92,0.0
OI00100735,O0057432,P0162,1,19.87,0.1
OI00100767,O0057452,P0031,1,1367.58,0.0
OI00100768,O0057452,P0018,1,1931.68,0.05
OI00100785,O0057461,P0047,1,138.3,0.1
OI00100789,O0057463,P0078,2,130.68,0.25
OI00100790,O0057463,P0138,1,34.75,0.0
OI00100806,O0057472,P0036,1,723.61,0.15
OI00100807,O0057472,P0041,3,230.19,0.05
OI00100815,O0057477,P0145,1,164.11,0.25
OI00100816,O0057477,P0124,2,65.56,0.0
OI00100817,O0057477,P0152,1,14.96,0.1
OI00100818,O0057478,P0122,1,389.75,0.0
OI00100834,O0057486,P0024,1,519.9,0.05
OI00100835,O0057486,P0165,2,40.65,0.0
OI00100836,O0057486,P0140,1,15.76,0.0
OI00100847,O0057492,P0158,2,66.03,0.15
OI00100848,O0057492,P0088,1,308.86,0.0
OI00100853,O0057495,P0083,1,720.39,0.0
OI00100854,O0057496,P0005,1,1319.82,0.0
OI00100855,O0057496,P0103,1,85.02,0.1
OI00100856,O0057496,P0068,1,139.08,0.05
OI00100858,O0057498,P0039,2,529.63,0.0
OI00100868,O0057503,P0167,1,127.98,0.0
OI00100869,O0057503,P0119,2,32.23,0.0
OI00100870,O0057503,P0092,1,199.46,0.15
OI00100877,O0057506,P0020,1,544.96,0.0
OI00100905,O0057523,P0107,1,151.39,0.15
OI00100906,O0057523,P0040,1,1039.71,0.1
OI00100907,O0057523,P0004,1,1006.4,0.05
OI00100978,O0057559,P0099,1,235.12,0.0
OI00100979,O0057559,P0135,1,185.37,0.15
OI00100993,O0057569,P0059,2,50.52,0.0
OI00100994,O0057569,P0056,3,127.69,0.0
OI00100995,O0057569,P0140,1,15.76,0.05
OI00101021,O0057584,P0158,1,65.76,0.0
OI00101022,O0057584,P0113,1,98.75,0.0
OI00101023,O0057584,P0144,1,13.56,0.0
OI00101035,O0057590,P0125,1,299.37,0.0
OI00101036,O0057590,P0077,1,419.0,0.0
OI00101058,O0057602,P0105,1,130.11,0.1
OI00101059,O0057602,P0145,1,162.73,0.0
OI00101060,O0057602,P0019,2,408.03,0.0
OI00101088,O0057618,P0018,1,1984.5,0.0
OI00101089,O0057618,P0133,1,9.84,0.1
OI00101090,O0057618,P0089,2,362.45,0.0
OI00101091,O0057619,P0116,1,69.71,0.0
OI00101092,O0057619,P0094,1,73.12,0.0
OI00101093,O0057620,P0068,1,140.84,0.0
OI00101094,O0057620,P0034,1,558.56,0.0
OI00101095,O0057621,P0023,1,998.29,0.0
OI00101096,O0057621,P0012,1,1502.08,0.05
OI00101097,O0057621,P0059,1,50.42,0.0
OI00101098,O0057621,P0081,1,417.77,0.0
OI00101102,O0057624,P0084,1,614.46,0.0
OI00101103,O0057625,P0047,1,137.65,0.0
OI00101108,O0057629,P0108,1,41.27,0.05
OI00101128,O0057641,P0088,1,298.13,0.0
OI00101129,O0057641,P0002,1,944.2,0.1
OI00101131,O0057643,P0037,1,559.01,0.15
OI00101171,O0057667,P0119,1,33.01,0.1
OI00101178,O0057671,P0177,1,22.2,0.05
OI00101184,O0057676,P0122,2,378.66,0.05
OI00101196,O0057684,P0023,1,947.0,0.1
OI00101214,O0057693,P0061,2,379.96,0.0
OI00101215,O0057693,P0064,1,130.48,0.05
OI00101216,O0057693,P0099,2,230.34,0.0
OI00101238,O0057704,P0074,1,262.46,0.0
OI00101239,O0057704,P0041,1,229.89,0.0
OI00101244,O0057707,P0128,2,69.53,0.0
OI00101263,O0057716,P0098,1,326.15,0.1
OI00101265,O0057718,P0101,2,124.98,0.0
OI00101266,O0057718,P0002,1,966.07,0.0
OI00101272,O0057721,P0118,1,128.18,0.0
OI00101273,O0057721,P0038,1,482.72,0.0
OI00101304,O0057739,P0016,1,930.17,0.0
OI00101306,O0057741,P0127,1,166.09,0.0
OI00101359,O0057771,P0060,1,138.26,0.1
OI00101361,O0057773,P0054,2,55.96,0.0
OI00101362,O0057773,P0041,1,233.69,0.1
OI00101370,O0057778,P0008,1,1197.96,0.0
OI00101371,O0057778,P0162,1,19.45,0.05
OI00101372,O0057778,P0128,1,69.89,0.0
OI00101384,O0057785,P0168,1,61.76,0.0
OI00101386,O0057787,P0144,1,13.93,0.15
OI00101435,O0057816,P0030,1,851.47,0.0
OI00101442,O0057821,P0074,1,253.42,0.0
OI00101443,O0057821,P0111,1,292.27,0.05
OI00101444,O0057822,P0070,1,54.51,0.0
OI00101465,O0057834,P0152,1,14.75,0.0
OI00101466,O0057834,P0041,1,234.02,0.0
OI00101475,O0057838,P0147,1,78.02,0.0
OI00101476,O0057838,P0110,1,73.57,0.0
OI00101477,O0057838,P0124,1,63.93,0.0
OI00101478,O0057838,P0066,1,271.03,0.0
OI00101498,O0057851,P0084,1,639.84,0.05
OI00101524,O0057867,P0179,3,80.02,0.0
OI00101532,O0057873,P0059,1,49.69,0.1
OI00101534,O0057875,P0066,1,267.8,0.0
OI00101538,O0057878,P0027,1,893.83,0.0
OI00101539,O0057878,P0174,1,18.47,0.15
OI00101558,O0057890,P0007,1,1986.0,0.15
OI00101559,O0057890,P0111,1,289.47,0.0
OI00101574,O0057899,P0121,1,147.56,0.0
OI00101604,O0057914,P0075,1,53.9,0.0
OI00101605,O0057914,P0094,1,73.55,0.0
OI00101606,O0057914,P0040,2,996.52,0.0
OI00101618,O0057921,P0117,3,29.89,0.2
OI00101622,O0057924,P0053,1,347.96,0.05
OI00101623,O0057925,P0023,2,980.08,0.05
OI00101639,O0057936,P0147,1,75.86,0.0
OI00101651,O0057943,P0020,1,543.32,0.0
OI00101662,O0057948,P0162,2,19.27,0.0
OI00101663,O0057948,P0157,1,121.21,0.1
OI00101664,O0057948,P0081,1,406.68,0.0
OI00101665,O0057949,P0112,2,39.14,0.0
OI00101668,O0057951,P0036,1,745.82,0.0
OI00101675,O0057955,P0035,2,1061.33,0.0
OI00101676,O0057955,P0070,1,53.96,0.2
OI00101683,O0057959,P0028,1,1224.39,0.05
OI00101684,O0057959,P0107,1,150.95,0.0
OI00101711,O0057975,P0175,1,11.73,0.1
OI00101712,O0057975,P0064,1,131.46,0.0
OI00101713,O0057975,P0019,1,406.4,0.2
OI00101715,O0057977,P0017,1,1618.91,0.0
OI00101716,O0057977,P0120,1,340.1,0.0
OI00101730,O0057984,P0164,1,40.36,0.0
OI00101731,O0057985,P0043,1,293.29,0.0
OI00101732,O0057986,P0088,2,300.98,0.0
OI00101733,O0057986,P0137,1,26.14,0.0
OI00101734,O0057987,P0167,1,122.19,0.2
OI00101735,O0057987,P0118,1,125.61,0.0
OI00101736,O0057987,P0044,1,120.63,0.25
OI00101740,O0057990,P0156,1,87.16,0.1
OI00101741,O0057990,P0145,1,166.25,0.0
OI00101742,O0057990,P0083,1,741.08,0.0
OI00101748,O0057994,P0158,1,65.49,0.15
OI00101753,O0057997,P0168,1,63.61,0.1
OI00101785,O0058013,P0063,1,58.82,0.05
OI00101786,O0058013,P0119,1,32.39,0.05
OI00101788,O0058015,P0137,2,25.71,0.0
OI00101799,O0058021,P0099,1,232.34,0.0
OI00101800,O0058021,P0023,1,1000.8,0.1
OI00101808,O0058024,P0045,1,398.64,0.25
OI00101809,O0058024,P0098,3,331.45,0.0
OI00101827,O0058037,P0028,1,1283.4,0.05
OI00101828,O0058037,P0059,1,49.13,0.0
OI00101829,O0058037,P0121,1,141.53,0.1
OI00101848,O0058046,P0120,1,334.2,0.25
OI00101853,O0058049,P0030,1,866.21,0.1
OI00101854,O0058049,P0088,1,299.82,0.05
OI00101877,O0058065,P0146,1,50.7,0.0
OI00101878,O0058065,P0151,1,20.39,0.0
OI00101880,O0058067,P0141,1,23.61,0.0
OI00101887,O0058071,P0121,1,145.12,0.15
OI00101888,O0058071,P0020,1,555.01,0.0
OI00101900,O0058079,P0073,1,97.0,0.0
OI00101902,O0058081,P0137,1,25.86,0.0
OI00101952,O0058111,P0143,2,111.13,0.1
OI00101953,O0058112,P0130,1,29.98,0.1
OI00101954,O0058112,P0021,2,653.77,0.0
OI00101966,O0058120,P0071,1,115.76,0.1
OI00101967,O0058120,P0180,1,52.57,0.0
OI00101997,O0058138,P0009,1,1291.68,0.0
OI00101998,O0058138,P0148,1,14.94,0.0
OI00101999,O0058139,P0008,1,1164.17,0.0
OI00102000,O0058139,P0094,1,74.12,0.0
OI00102006,O0058144,P0128,1,70.21,0.1
OI00102007,O0058144,P0084,1,639.22,0.0
OI00102008,O0058145,P0099,1,237.1,0.0
OI00102009,O0058145,P0052,1,40.02,0.0
OI00102031,O0058159,P0077,1,412.84,0.0
OI00102032,O0058159,P0082,1,379.39,0.0
OI00102073,O0058183,P0146,1,50.71,0.25
OI00102085,O0058189,P0064,1,131.65,0.2
OI00102090,O0058194,P0158,3,66.92,0.15
OI00102091,O0058195,P0169,1,183.07,0.0
OI00102092,O0058195,P0099,1,236.31,0.0
OI00102119,O0058216,P0176,2,133.89,0.1
OI00102120,O0058216,P0039,3,528.25,0.0
OI00102121,O0058216,P0065,1,322.77,0.0
OI00102122,O0058217,P0059,1,52.33,0.0
OI00102123,O0058218,P0014,1,832.56,0.0
OI00102248,O0058282,P0070,1,55.29,0.0
OI00102249,O0058282,P0148,1,15.43,0.0
OI00102256,O0058285,P0124,1,63.6,0.0
OI00102298,O0058312,P0106,1,131.02,0.25
OI00102299,O0058312,P0002,3,908.44,0.0
OI00102310,O0058319,P0135,1,190.01,0.1
OI00102311,O0058319,P0086,1,50.48,0.0
OI00102362,O0058347,P0047,1,143.75,0.1
OI00102365,O0058349,P0175,2,11.75,0.0
OI00102370,O0058353,P0173,3,44.91,0.0
OI00102371,O0058353,P0147,1,72.82,0.0
OI00102384,O0058362,P0103,1,82.1,0.0
OI00102385,O0058362,P0172,1,22.13,0.0
OI00102386,O0058362,P0105,1,134.08,0.0
OI00102420,O0058381,P0032,1,880.03,0.0
OI00102421,O0058381,P0053,1,353.55,0.0
OI00102422,O0058381,P0173,1,44.55,0.0
OI00102426,O0058383,P0037,1,529.85,0.1
OI00102427,O0058383,P0039,1,538.15,0.0
OI00102428,O0058383,P0105,1,133.49,0.05
OI00102460,O0058401,P0046,1,331.8,0.0
OI00102461,O0058401,P0003,1,1215.86,0.0
OI00102472,O0058406,P0114,2,28.53,0.05
OI00102473,O0058406,P0100,1,62.24,0.0
OI00102474,O0058406,P0029,1,530.67,0.05
OI00102475,O0058407,P0027,1,872.6,0.0
OI00102476,O0058407,P0024,1,505.83,0.1
OI00102488,O0058415,P0056,2,129.8,0.0
OI00102489,O0058415,P0098,1,322.97,0.0
OI00102492,O0058418,P0134,1,133.22,0.0
OI00102511,O0058427,P0012,1,1507.77,0.25
OI00102523,O0058434,P0100,1,61.12,0.0
OI00102540,O0058444,P0003,1,1258.13,0.0
OI00102551,O0058451,P0160,1,23.65,0.0
OI00102560,O0058456,P0074,1,254.37,0.15
OI00102562,O0058458,P0096,1,87.82,0.0
OI00102568,O0058463,P0082,1,380.55,0.0
OI00102569,O0058463,P0151,1,19.58,0.0
OI00102570,O0058463,P0014,1,823.87,0.0
OI00102577,O0058468,P0140,1,16.28,0.0
OI00102578,O0058468,P0101,1,124.25,0.1
OI00102592,O0058476,P0162,1,19.5,0.1
OI00102593,O0058476,P0041,1,236.15,0.0
OI00102613,O0058488,P0134,2,128.14,0.1
OI00102635,O0058501,P0038,1,482.98,0.0
OI00102636,O0058501,P0123,1,49.15,0.0
OI00102637,O0058501,P0111,1,291.27,0.0
OI00102638,O0058501,P0172,2,22.04,0.1
OI00102642,O0058504,P0140,1,15.98,0.1
OI00102643,O0058504,P0068,1,143.53,0.0
OI00102657,O0058514,P0142,2,12.47,0.0
OI00102666,O0058520,P0123,1,48.93,0.0
OI00102668,O0058522,P0105,1,131.22,0.0
OI00102669,O0058522,P0151,1,20.46,0.0
OI00102674,O0058525,P0168,1,62.48,0.15
OI00102679,O0058529,P0063,1,58.27,0.1
OI00102701,O0058542,P0171,1,39.46,0.0
OI00102702,O0058542,P0117,1,31.12,0.0
OI00102720,O0058553,P0077,1,410.08,0.2
OI00102721,O0058553,P0085,1,507.75,0.0
OI00102737,O0058561,P0100,1,62.84,0.0
OI00102738,O0058561,P0075,1,54.16,0.0
OI00102750,O0058568,P0053,1,354.75,0.0
OI00102751,O0058568,P0126,1,187.62,0.0
OI00102752,O0058568,P0161,2,63.7,0.0
OI00102753,O0058568,P0162,1,18.9,0.1
OI00102754,O0058569,P0083,2,728.92,0.0
OI00102755,O0058570,P0132,1,29.13,0.0
OI00102756,O0058570,P0117,1,30.36,0.2
OI00102757,O0058570,P0085,2,489.54,0.0
OI00102758,O0058570,P0026,1,1168.42,0.05
OI00102771,O0058578,P0139,2,24.89,0.0
OI00102772,O0058579,P0160,1,24.51,0.0
OI00102773,O0058579,P0094,1,71.84,0.0
OI00102785,O0058588,P0142,1,12.39,0.0
OI00102795,O0058594,P0070,1,54.99,0.0
OI00102802,O0058598,P0108,1,41.93,0.1
OI00102803,O0058598,P0177,3,23.1,0.0
OI00102804,O0058598,P0178,1,11.03,0.0
OI00102809,O0058601,P0001,1,1744.69,0.0
OI00102813,O0058604,P0128,1,71.08,0.0
OI00102828,O0058611,P0051,1,54.46,0.25
OI00102829,O0058611,P0015,1,1433.73,0.0
OI00102830,O0058611,P0024,1,497.33,0.0
OI00102845,O0058620,P0027,1,883.99,0.0
OI00102855,O0058627,P0095,1,281.45,0.0
OI00102856,O0058627,P0145,1,164.11,0.1
OI00102860,O0058630,P0080,1,239.47,0.0
OI00102863,O0058632,P0163,1,17.58,0.0
OI00102870,O0058637,P0092,1,195.81,0.1
OI00102884,O0058647,P0025,1,424.06,0.0
OI00102885,O0058648,P0014,1,786.36,0.1
OI00102890,O0058650,P0158,2,67.66,0.1
OI00102891,O0058650,P0124,1,67.65,0.15
OI00102917,O0058668,P0030,1,846.08,0.0
OI00102929,O0058675,P0042,1,119.37,0.1
OI00102945,O0058684,P0003,1,1188.71,0.0
OI00102955,O0058689,P0164,1,38.83,0.0
OI00102956,O0058690,P0084,1,625.32,0.05
OI00102977,O0058703,P0136,1,84.02,0.0
OI00102979,O0058705,P0150,1,11.5,0.2
OI00102986,O0058711,P0036,2,719.3,0.0
OI00102996,O0058716,P0167,1,122.54,0.0
OI00103012,O0058725,P0095,1,289.53,0.0
OI00103024,O0058731,P0067,1,284.66,0.0
OI00103025,O0058731,P0036,1,713.78,0.0
OI00103026,O0058731,P0029,1,537.5,0.0
OI00103056,O0058747,P0070,1,53.83,0.0
OI00103090,O0058770,P0065,1,314.69,0.0
OI00103091,O0058770,P0082,1,386.4,0.0
OI00103110,O0058781,P0149,1,17.86,0.25
OI00103112,O0058783,P0175,2,11.86,0.0
OI00103113,O0058783,P0180,1,52.26,0.0
OI00103114,O0058783,P0070,1,54.09,0.0
OI00103137,O0058802,P0029,1,522.08,0.0
OI00103138,O0058802,P0106,1,129.74,0.0
OI00103144,O0058806,P0086,1,50.38,0.0
OI00103145,O0058806,P0071,1,115.63,0.05
OI00103146,O0058806,P0054,1,56.36,0.0
OI00103155,O0058811,P0046,1,329.85,0.25
OI00103156,O0058811,P0146,1,53.58,0.0
OI00103158,O0058813,P0081,2,409.13,0.0
OI00103159,O0058813,P0180,1,51.39,0.0
OI00103163,O0058817,P0098,1,315.46,0.0
OI00103192,O0058834,P0072,1,175.56,0.0
OI00103193,O0058834,P0156,1,87.66,0.0
OI00103194,O0058834,P0029,1,540.09,0.0
OI00103201,O0058838,P0152,1,14.89,0.0
OI00103205,O0058841,P0151,1,19.19,0.0
OI00103209,O0058844,P0086,1,50.28,0.1
OI00103210,O0058844,P0005,1,1349.79,0.0
OI00103211,O0058844,P0157,1,120.64,0.05
OI00103233,O0058863,P0094,1,73.84,0.05
OI00103234,O0058863,P0072,1,166.13,0.0
OI00103240,O0058868,P0088,1,306.6,0.1
OI00103242,O0058870,P0064,1,129.18,0.0
OI00103243,O0058870,P0010,1,907.77,0.0
OI00103252,O0058874,P0025,1,432.12,0.0
OI00103253,O0058874,P0018,1,2014.5,0.0
OI00103270,O0058884,P0059,1,49.25,0.05
OI00103271,O0058884,P0051,1,54.11,0.0
OI00103276,O0058888,P0041,1,227.09,0.1
OI00103277,O0058888,P0043,1,291.04,0.0
OI00103278,O0058888,P0123,1,48.03,0.0
OI00103282,O0058892,P0162,1,19.32,0.0
OI00103318,O0058911,P0076,1,123.21,0.0
OI00103323,O0058914,P0009,1,1300.77,0.0
OI00103330,O0058919,P0130,2,30.73,0.0
OI00103340,O0058923,P0161,2,61.86,0.1
OI00103342,O0058925,P0006,1,2166.59,0.05
OI00103343,O0058925,P0147,2,76.52,0.15
OI00103350,O0058929,P0126,1,185.88,0.0
OI00103351,O0058929,P0135,1,185.25,0.0
OI00103352,O0058929,P0037,1,534.85,0.05
OI00103368,O0058938,P0121,2,146.69,0.0
OI00103369,O0058938,P0046,2,327.98,0.0
OI00103370,O0058938,P0084,1,619.61,0.0
OI00103376,O0058941,P0063,1,58.71,0.0
OI00103389,O0058948,P0115,1,68.31,0.0
OI00103399,O0058953,P0014,2,803.76,0.0
OI00103400,O0058953,P0080,1,234.99,0.0
OI00103403,O0058955,P0126,1,181.91,0.0
OI00103404,O0058955,P0158,1,66.17,0.0
OI00103414,O0058961,P0047,1,133.18,0.05
OI00103419,O0058964,P0098,1,312.86,0.05
OI00103420,O0058964,P0095,2,282.85,0.0
OI00103421,O0058964,P0124,1,63.92,0.0
OI00103430,O0058970,P0088,1,299.7,0.0
OI00103437,O0058975,P0023,1,974.64,0.0
OI00103443,O0058978,P0002,1,924.3,0.15
OI00103447,O0058982,P0139,1,24.59,0.1
OI00103458,O0058988,P0084,1,617.82,0.0
OI00103497,O0059009,P0118,1,130.5,0.05
OI00103533,O0059029,P0160,1,24.91,0.0
OI00103534,O0059029,P0115,1,68.26,0.0
OI00103535,O0059029,P0078,1,134.08,0.0
OI00103536,O0059029,P0065,2,309.23,0.1
OI00103542,O0059032,P0003,1,1190.96,0.05
OI00103543,O0059032,P0101,1,124.22,0.0
OI00103544,O0059032,P0142,1,12.8,0.15
OI00103545,O0059032,P0025,1,433.42,0.0
OI00103577,O0059049,P0121,1,141.66,0.05
OI00103590,O0059061,P0131,1,48.88,0.0
OI00103591,O0059061,P0101,1,125.75,0.0
OI00103603,O0059070,P0178,1,10.91,0.0
OI00103604,O0059070,P0033,1,1316.05,0.0
OI00103605,O0059070,P0050,1,93.96,0.0
OI00103611,O0059073,P0070,1,54.6,0.05
OI00103612,O0059074,P0149,1,18.33,0.0
OI00103640,O0059090,P0076,1,123.34,0.1
OI00103641,O0059090,P0068,1,144.18,0.05
OI00103709,O0059127,P0046,1,323.15,0.0
OI00103710,O0059127,P0171,3,38.11,0.0
OI00103711,O0059127,P0168,1,60.45,0.0
OI00103715,O0059131,P0014,1,843.35,0.0
OI00103716,O0059131,P0148,2,15.44,0.1
OI00103731,O0059141,P0061,1,378.94,0.15
OI00103733,O0059143,P0079,1,169.4,0.0
OI00103734,O0059143,P0063,1,57.35,0.2
OI00103735,O0059143,P0161,1,64.61,0.1
OI00103739,O0059146,P0056,1,126.23,0.0
OI00103740,O0059146,P0058,1,147.24,0.0
OI00103741,O0059146,P0028,1,1264.12,0.0
OI00103742,O0059146,P0151,1,19.15,0.0
OI00103747,O0059150,P0145,1,165.01,0.2
OI00103751,O0059152,P0128,1,69.4,0.0
OI00103752,O0059152,P0127,2,160.21,0.05
OI00103761,O0059158,P0127,1,160.92,0.1
OI00103762,O0059158,P0180,1,53.34,0.0
OI00103763,O0059158,P0154,3,56.85,0.0
OI00103764,O0059158,P0080,1,239.56,0.0
OI00103766,O0059160,P0051,1,56.57,0.0
OI00103767,O0059161,P0056,2,126.54,0.0
OI00103768,O0059162,P0079,1,175.71,0.0
OI00103783,O0059169,P0063,2,60.35,0.0
OI00103802,O0059178,P0028,1,1216.18,0.15
OI00103803,O0059178,P0150,1,11.39,0.1
OI00103807,O0059182,P0075,1,54.64,0.0
OI00103808,O0059182,P0158,2,67.64,0.0
OI00103816,O0059188,P0049,1,337.27,0.0
OI00103817,O0059188,P0098,1,319.49,0.1
OI00103829,O0059194,P0006,1,2151.07,0.15
OI00103839,O0059200,P0043,1,289.03,0.2
OI00103845,O0059203,P0053,1,368.01,0.0
OI00103846,O0059203,P0077,1,405.98,0.1
OI00103847,O0059203,P0147,1,78.97,0.0
OI00103884,O0059222,P0060,1,134.55,0.0
OI00103885,O0059222,P0156,1,88.84,0.15
OI00103886,O0059222,P0039,1,524.31,0.0
OI00103943,O0059254,P0131,1,50.02,0.0
OI00103944,O0059254,P0113,1,97.98,0.0
OI00103945,O0059254,P0076,1,123.86,0.0
OI00103946,O0059254,P0138,1,34.69,0.2
OI00103953,O0059257,P0063,1,59.02,0.1
OI00103954,O0059257,P0021,1,614.8,0.1
OI00104006,O0059281,P0007,2,2053.39,0.0
OI00104014,O0059286,P0165,2,40.32,0.1
OI00104025,O0059293,P0175,2,11.51,0.0
OI00104040,O0059303,P0042,1,117.44,0.0
OI00104041,O0059303,P0093,1,82.96,0.0
OI00104049,O0059309,P0064,1,130.34,0.0
OI00104050,O0059309,P0172,1,22.65,0.05
OI00104060,O0059316,P0086,1,49.94,0.0
OI00104061,O0059316,P0047,1,139.49,0.0
OI00104070,O0059321,P0080,1,231.54,0.1
OI00104071,O0059321,P0125,1,291.12,0.0
OI00104072,O0059321,P0141,1,23.89,0.0
OI00104073,O0059322,P0125,1,293.16,0.0
OI00104094,O0059335,P0017,1,1638.54,0.05
OI00104102,O0059339,P0161,1,62.1,0.05
OI00104103,O0059339,P0122,1,392.3,0.2
OI00104106,O0059341,P0048,1,57.97,0.0
OI00104114,O0059345,P0167,1,127.43,0.0
OI00104115,O0059345,P0017,1,1569.89,0.0
OI00104117,O0059347,P0083,1,727.9,0.0
OI00104118,O0059348,P0120,1,329.33,0.0
OI00104119,O0059348,P0104,1,29.81,0.1
OI00104120,O0059348,P0019,1,410.59,0.05
OI00104131,O0059354,P0177,1,22.89,0.0
OI00104132,O0059354,P0018,1,1926.73,0.0
OI00104144,O0059361,P0003,1,1213.0,0.0
OI00104150,O0059365,P0109,1,171.16,0.0
OI00104151,O0059365,P0078,2,136.34,0.05
OI00104152,O0059365,P0079,1,173.33,0.0
OI00104157,O0059369,P0089,1,351.09,0.0
OI00104158,O0059369,P0151,1,19.06,0.0
OI00104177,O0059381,P0090,1,198.47,0.0
OI00104178,O0059381,P0027,2,893.23,0.0
OI00104179,O0059382,P0022,1,874.84,0.0
OI00104180,O0059382,P0178,1,11.14,0.0
OI00104185,O0059386,P0082,1,377.41,0.0
OI00104186,O0059386,P0053,1,365.11,0.05
OI00104187,O0059386,P0177,1,22.62,0.0
OI00104188,O0059386,P0059,1,50.14,0.05
OI00104193,O0059389,P0158,2,66.09,0.05
OI00104194,O0059389,P0114,2,29.44,0.0
OI00104195,O0059389,P0100,1,64.16,0.0
OI00104199,O0059391,P0056,1,130.43,0.0
OI00104252,O0059422,P0023,1,975.21,0.0
OI00104253,O0059422,P0121,1,144.78,0.0
OI00104282,O0059442,P0104,1,29.01,0.05
OI00104295,O0059450,P0049,1,327.4,0.0
OI00104296,O0059450,P0051,1,55.02,0.0
OI00104297,O0059450,P0036,1,722.64,0.0
OI00104298,O0059451,P0112,1,40.46,0.0
OI00104325,O0059467,P0113,1,98.79,0.15
OI00104326,O0059467,P0128,2,71.29,0.0
OI00104327,O0059467,P0029,1,525.39,0.0
OI00104330,O0059469,P0010,1,886.87,0.0
OI00104331,O0059469,P0137,1,26.62,0.0
OI00104338,O0059474,P0117,1,31.03,0.0
OI00104339,O0059474,P0059,1,52.2,0.0
OI00104352,O0059483,P0100,1,62.54,0.0
OI00104356,O0059486,P0112,1,39.78,0.0
OI00104377,O0059496,P0022,1,887.8,0.05
OI00104386,O0059503,P0144,1,13.82,0.1
OI00104387,O0059503,P0073,1,97.64,0.05
OI00104392,O0059507,P0143,1,110.88,0.0
OI00104396,O0059509,P0139,1,24.58,0.0
OI00104409,O0059516,P0067,1,287.32,0.0
OI00104417,O0059522,P0050,2,91.54,0.05
OI00104422,O0059525,P0016,1,925.38,0.0
OI00104446,O0059542,P0130,1,30.04,0.0
OI00104447,O0059542,P0059,2,51.1,0.0
OI00104448,O0059542,P0081,1,421.4,0.0
OI00104459,O0059550,P0067,1,282.9,0.0
OI00104462,O0059552,P0104,1,29.79,0.0
OI00104463,O0059552,P0117,1,30.66,0.0
OI00104480,O0059560,P0055,1,335.38,0.0
OI00104485,O0059563,P0167,1,127.08,0.05
OI00104486,O0059563,P0031,2,1371.2,0.0
OI00104487,O0059563,P0082,1,373.45,0.0
OI00104491,O0059566,P0150,1,11.69,0.1
OI00104516,O0059582,P0083,1,716.26,0.0
OI00104517,O0059582,P0180,1,52.7,0.0
OI00104529,O0059589,P0140,1,15.6,0.0
OI00104530,O0059589,P0165,1,40.03,0.0
OI00104539,O0059594,P0124,1,64.82,0.0
OI00104540,O0059594,P0096,1,88.47,0.2
OI00104550,O0059600,P0146,1,52.76,0.0
OI00104553,O0059602,P0098,1,325.91,0.15
OI00104554,O0059602,P0168,1,62.94,0.1
OI00104555,O0059602,P0011,1,1084.87,0.0
OI00104565,O0059609,P0146,1,54.42,0.0
OI00104566,O0059609,P0065,1,330.63,0.0
OI00104567,O0059609,P0074,1,247.83,0.0
OI00104597,O0059627,P0106,1,128.26,0.1
OI00104634,O0059648,P0052,2,38.88,0.1
OI00104635,O0059648,P0044,1,122.36,0.0
OI00104639,O0059652,P0162,1,18.95,0.0
OI00104649,O0059658,P0054,1,56.47,0.0
OI00104650,O0059658,P0031,1,1325.0,0.0
OI00104728,O0059698,P0017,1,1649.81,0.0
OI00104733,O0059701,P0175,2,12.09,0.1
OI00104734,O0059702,P0081,2,401.41,0.05
OI00104741,O0059707,P0027,1,891.12,0.0
OI00104750,O0059712,P0111,1,283.07,0.0
OI00104751,O0059712,P0150,3,11.34,0.0
OI00104752,O0059712,P0006,1,2126.92,0.0
OI00104753,O0059712,P0048,2,54.32,0.0
OI00104755,O0059714,P0083,1,732.4,0.0
OI00104809,O0059743,P0016,1,943.65,0.0
OI00104811,O0059745,P0152,1,14.86,0.1
OI00104813,O0059747,P0014,2,838.09,0.0
OI00104814,O0059747,P0126,1,186.15,0.0
OI00104815,O0059747,P0156,1,90.52,0.0
OI00104820,O0059751,P0094,1,74.81,0.0
OI00104823,O0059753,P0133,1,9.94,0.0
OI00104832,O0059758,P0139,3,24.71,0.0
OI00104833,O0059759,P0108,2,41.37,0.0
OI00104834,O0059759,P0067,1,284.44,0.0
OI00104839,O0059762,P0112,1,40.47,0.0
OI00104855,O0059771,P0115,1,66.29,0.15
OI00104856,O0059771,P0088,1,297.38,0.0
OI00104857,O0059771,P0179,1,84.01,0.0
OI00104858,O0059771,P0108,1,41.03,0.0
OI00104866,O0059777,P0079,1,171.12,0.0
OI00104925,O0059812,P0068,1,145.06,0.0
OI00104926,O0059812,P0161,1,62.03,0.0
OI00104930,O0059814,P0086,1,51.72,0.0
OI00104931,O0059814,P0091,1,166.43,0.0
OI00104932,O0059814,P0120,1,341.16,0.0
OI00104933,O0059814,P0090,2,198.31,0.05
OI00104956,O0059826,P0140,1,15.48,0.0
OI00104957,O0059826,P0145,1,161.2,0.0
OI00104970,O0059836,P0174,1,17.83,0.1
OI00104971,O0059836,P0063,3,58.37,0.0
OI00104972,O0059836,P0125,1,306.69,0.0
OI00104973,O0059837,P0146,1,52.18,0.0
OI00104977,O0059840,P0164,1,38.69,0.0
OI00104978,O0059840,P0033,1,1325.08,0.0
OI00104986,O0059845,P0027,1,885.28,0.0
OI00105012,O0059861,P0162,1,19.94,0.1
OI00105013,O0059861,P0108,1,40.81,0.05
OI00105019,O0059864,P0041,1,238.47,0.0
OI00105046,O0059882,P0174,1,18.46,0.0
OI00105047,O0059882,P0164,1,38.83,0.0
OI00105048,O0059883,P0092,1,192.18,0.0
OI00105049,O0059883,P0023,1,1015.25,0.0
OI00105065,O0059891,P0168,2,64.05,0.0
OI00105072,O0059895,P0010,1,864.11,0.0
OI00105073,O0059895,P0069,1,100.62,0.0
OI00105074,O0059895,P0141,1,23.95,0.05
OI00105088,O0059903,P0010,1,922.32,0.0
OI00105089,O0059903,P0025,1,437.96,0.0
OI00105090,O0059904,P0034,2,556.33,0.0
OI00105138,O0059929,P0066,1,261.96,0.0
OI00105147,O0059935,P0155,1,51.48,0.0
OI00105148,O0059935,P0023,1,997.42,0.0
OI00105149,O0059935,P0006,1,2158.57,0.05
OI00105164,O0059944,P0031,1,1353.6,0.0
OI00105165,O0059944,P0044,2,121.69,0.0
OI00105167,O0059946,P0130,1,29.93,0.0
OI00105168,O0059946,P0052,1,39.15,0.0
OI00105169,O0059946,P0138,1,34.45,0.0
OI00105186,O0059957,P0146,1,50.42,0.0
OI00105187,O0059957,P0077,2,419.22,0.1
OI00105188,O0059957,P0107,1,155.95,0.0
OI00105206,O0059970,P0088,1,309.12,0.0
OI00105207,O0059970,P0081,1,406.04,0.0
OI00105208,O0059970,P0003,1,1236.85,0.05
OI00105214,O0059974,P0024,1,498.29,0.0
OI00105215,O0059974,P0115,1,65.89,0.0
OI00105221,O0059978,P0090,1,200.55,0.0
OI00105229,O0059984,P0052,1,38.21,0.0
OI00105230,O0059984,P0039,1,523.87,0.0
OI00105235,O0059987,P0106,2,131.94,0.0
OI00105236,O0059987,P0057,1,130.55,0.15
OI00105249,O0059996,P0074,1,263.23,0.0
OI00105250,O0059996,P0055,3,334.6,0.1
OI00105255,O0059999,P0058,1,149.23,0.0
OI00105265,O0060004,P0123,1,48.87,0.05
OI00105266,O0060004,P0134,1,136.14,0.0
OI00105267,O0060004,P0020,2,565.99,0.25
OI00105278,O0060012,P0141,1,22.91,0.0
OI00105279,O0060013,P0094,1,74.99,0.0
OI00105280,O0060013,P0090,1,202.74,0.0
OI00105298,O0060025,P0176,1,139.48,0.1
OI00105299,O0060025,P0047,1,139.55,0.0
OI00105313,O0060036,P0166,1,33.18,0.0
OI00105334,O0060049,P0154,1,57.41,0.05
OI00105335,O0060049,P0116,1,70.44,0.0
OI00105339,O0060052,P0053,1,366.04,0.15
OI00105340,O0060052,P0148,1,15.2,0.0
OI00105352,O0060058,P0108,1,41.1,0.0
OI00105353,O0060058,P0090,1,201.02,0.1
OI00105354,O0060058,P0141,2,23.85,0.0
OI00105360,O0060061,P0097,1,138.81,0.0
OI00105368,O0060066,P0088,2,312.4,0.0
OI00105414,O0060088,P0045,2,419.82,0.05
OI00105432,O0060101,P0041,1,230.37,0.0
OI00105438,O0060105,P0034,1,545.11,0.0
OI00105439,O0060105,P0099,1,231.8,0.1
OI00105482,O0060127,P0124,1,64.62,0.0
OI00105483,O0060127,P0030,1,858.65,0.0
OI00105487,O0060130,P0079,1,174.7,0.0
OI00105488,O0060130,P0169,1,181.8,0.0
OI00105491,O0060133,P0160,1,24.03,0.0
OI00105497,O0060138,P0067,2,280.5,0.0
OI00105498,O0060138,P0025,2,423.88,0.1
OI00105501,O0060140,P0157,1,119.03,0.05
OI00105502,O0060140,P0175,2,11.75,0.0
OI00105579,O0060176,P0107,1,153.88,0.1
OI00105580,O0060176,P0176,2,135.96,0.2
OI00105586,O0060180,P0113,2,99.27,0.0
OI00105613,O0060195,P0131,1,50.98,0.1
OI00105678,O0060238,P0166,1,33.38,0.1
OI00105679,O0060238,P0055,1,326.79,0.0
OI00105684,O0060242,P0144,1,13.82,0.0
OI00105690,O0060245,P0057,1,133.4,0.1
OI00105691,O0060245,P0139,1,23.78,0.0
OI00105692,O0060245,P0111,1,288.91,0.15
OI00105704,O0060252,P0164,1,39.2,0.0
OI00105705,O0060252,P0156,1,90.79,0.0
OI00105712,O0060257,P0042,1,117.31,0.0
OI00105713,O0060257,P0141,1,23.7,0.0
OI00105714,O0060257,P0015,1,1417.69,0.0
OI00105717,O0060260,P0074,1,263.8,0.0
OI00105718,O0060260,P0133,1,10.12,0.0
OI00105719,O0060260,P0055,1,336.05,0.0
OI00105735,O0060271,P0020,1,560.53,0.1
OI00105736,O0060271,P0162,1,19.21,0.2
OI00105764,O0060289,P0180,1,51.12,0.05
OI00105765,O0060289,P0038,1,463.78,0.0
OI00105766,O0060290,P0028,1,1237.06,0.0
OI00105767,O0060290,P0077,1,407.83,0.1
OI00105796,O0060309,P0055,1,325.67,0.0
OI00105797,O0060309,P0007,1,2025.96,0.0
OI00105798,O0060310,P0107,1,154.01,0.0
OI00105799,O0060310,P0103,1,86.14,0.0
OI00105802,O0060313,P0060,1,135.82,0.0
OI00105805,O0060315,P0103,1,84.2,0.0
OI00105806,O0060315,P0131,1,49.59,0.0
OI00105811,O0060319,P0014,1,843.92,0.0
OI00105812,O0060319,P0065,1,323.43,0.1
OI00105813,O0060320,P0100,2,62.06,0.1
OI00105814,O0060320,P0107,1,154.74,0.1
OI00105815,O0060320,P0016,1,921.28,0.1
OI00105816,O0060320,P0135,1,176.71,0.0
OI00105825,O0060327,P0023,1,988.88,0.0
OI00105826,O0060327,P0128,1,72.16,0.15
OI00105845,O0060336,P0099,1,239.83,0.05
OI00105846,O0060336,P0086,1,50.89,0.0
OI00105847,O0060336,P0059,1,51.93,0.0
OI00105853,O0060339,P0115,1,68.78,0.1
OI00105857,O0060341,P0020,1,546.84,0.0
OI00105858,O0060341,P0061,1,378.76,0.0
OI00105859,O0060341,P0027,1,915.05,0.0
OI00105887,O0060355,P0033,1,1360.99,0.15
OI00105894,O0060361,P0061,1,377.87,0.0
OI00105895,O0060361,P0171,1,38.97,0.05
OI00105896,O0060362,P0139,1,24.66,0.0
OI00105897,O0060362,P0093,1,85.82,0.0
OI00105898,O0060363,P0021,1,652.8,0.05
OI00105932,O0060380,P0171,1,36.52,0.0
OI00105937,O0060384,P0072,1,174.21,0.0
OI00105938,O0060384,P0099,1,233.89,0.0
OI00105957,O0060394,P0100,1,61.86,0.0
OI00105972,O0060404,P0057,2,134.44,0.0
OI00105973,O0060404,P0031,1,1331.11,0.15
OI00105974,O0060404,P0084,1,644.14,0.15
OI00105975,O0060405,P0025,1,425.93,0.05
OI00105986,O0060410,P0140,1,15.62,0.0
OI00105987,O0060410,P0171,1,38.14,0.0
OI00105996,O0060416,P0052,1,39.01,0.1
OI00105997,O0060416,P0091,1,167.81,0.0
OI00105998,O0060417,P0034,1,546.84,0.0
OI00106005,O0060423,P0046,1,327.73,0.1
OI00106021,O0060434,P0119,1,33.06,0.0
OI00106028,O0060438,P0070,1,54.26,0.05
OI00106029,O0060438,P0165,1,40.58,0.0
OI00106030,O0060438,P0179,1,81.1,0.05
OI00106031,O0060439,P0096,1,86.57,0.0
OI00106032,O0060439,P0065,1,321.5,0.1
OI00106050,O0060449,P0169,1,188.41,0.0
OI00106051,O0060449,P0115,1,68.94,0.0
OI00106055,O0060452,P0140,1,15.41,0.0
OI00106075,O0060464,P0169,1,184.01,0.1
OI00106076,O0060465,P0020,2,538.97,0.05
OI00106083,O0060469,P0129,1,299.36,0.0
OI00106084,O0060469,P0044,1,122.15,0.0
OI00106096,O0060475,P0177,1,22.26,0.0
OI00106097,O0060475,P0141,1,24.13,0.0
OI00106114,O0060486,P0164,1,39.66,0.0
OI00106141,O0060503,P0104,1,29.96,0.0
OI00106156,O0060511,P0010,1,891.83,0.0
OI00106164,O0060516,P0112,1,38.62,0.0
OI00106199,O0060537,P0107,1,157.6,0.0
OI00106200,O0060537,P0074,2,253.64,0.0
OI00106262,O0060573,P0168,2,61.9,0.0
OI00106264,O0060575,P0074,1,256.73,0.0
OI00106265,O0060575,P0165,2,39.99,0.0
OI00106281,O0060585,P0115,1,68.25,0.0
OI00106282,O0060585,P0010,1,907.58,0.0
OI00106283,O0060585,P0136,1,82.48,0.0
OI00106298,O0060594,P0091,1,167.16,0.1
OI00106299,O0060594,P0154,1,56.01,0.0
OI00106300,O0060595,P0173,3,44.44,0.0
OI00106301,O0060595,P0176,2,138.5,0.0
OI00106302,O0060596,P0155,1,50.42,0.0
OI00106315,O0060607,P0065,2,316.84,0.0
OI00106316,O0060607,P0045,1,405.47,0.0
OI00106317,O0060607,P0070,1,55.09,0.1
OI00106321,O0060610,P0107,1,153.61,0.0
OI00106329,O0060617,P0050,1,92.68,0.0
OI00106332,O0060619,P0151,1,19.59,0.0
OI00106345,O0060626,P0083,2,738.92,0.15
OI00106350,O0060630,P0172,1,21.78,0.2
OI00106363,O0060637,P0055,1,327.42,0.0
OI00106409,O0060664,P0165,1,40.25,0.0
OI00106410,O0060664,P0005,1,1364.84,0.0
OI00106414,O0060667,P0072,1,177.99,0.0
OI00106430,O0060677,P0110,1,73.7,0.0
OI00106435,O0060680,P0046,1,334.68,0.0
OI00106442,O0060685,P0057,1,130.21,0.1
OI00106500,O0060720,P0161,1,61.38,0.15
OI00106525,O0060735,P0040,1,1025.17,0.0
OI00106526,O0060735,P0157,1,126.52,0.0
OI00106537,O0060743,P0155,1,49.08,0.05
OI00106538,O0060743,P0173,1,45.36,0.0
OI00106546,O0060747,P0078,3,133.59,0.05
OI00106576,O0060763,P0038,1,470.51,0.0
OI00106577,O0060763,P0066,1,272.47,0.0
OI00106578,O0060764,P0058,1,148.56,0.0
OI00106605,O0060778,P0149,1,17.79,0.0
OI00106606,O0060778,P0022,1,905.79,0.05
OI00106607,O0060778,P0075,1,54.16,0.0
OI00106609,O0060780,P0146,1,51.24,0.0
OI00106610,O0060780,P0174,1,18.02,0.0
OI00106611,O0060781,P0114,2,28.02,0.0
OI00106612,O0060781,P0167,1,129.3,0.0
OI00106619,O0060786,P0089,1,370.97,0.0
OI00106637,O0060795,P0110,3,72.87,0.1
OI00106647,O0060802,P0136,1,83.89,0.0
OI00106648,O0060802,P0073,2,99.36,0.1
OI00106649,O0060802,P0147,1,76.97,0.2
OI00106667,O0060815,P0144,1,13.75,0.0
OI00106699,O0060834,P0006,1,2311.78,0.0
OI00106700,O0060834,P0178,1,10.9,0.0
OI00106701,O0060835,P0170,1,9.31,0.0
OI00106711,O0060841,P0007,1,1962.38,0.0
OI00106712,O0060841,P0124,1,64.25,0.0
OI00106730,O0060850,P0127,1,167.06,0.0
OI00106731,O0060850,P0089,1,359.37,0.0
OI00106758,O0060863,P0176,1,140.55,0.0
OI00106759,O0060864,P0039,1,529.66,0.0
OI00106761,O0060866,P0096,1,87.51,0.0
OI00106762,O0060866,P0151,1,19.18,0.0
OI00106763,O0060866,P0103,2,84.26,0.1
OI00106768,O0060869,P0031,2,1311.7,0.0
OI00106769,O0060869,P0124,2,64.69,0.0
OI00106780,O0060877,P0117,1,31.11,0.1
OI00106782,O0060879,P0058,1,152.12,0.0
OI00106783,O0060879,P0165,1,40.65,0.15
OI00106784,O0060879,P0135,1,186.53,0.0
OI00106793,O0060886,P0119,2,31.99,0.0
OI00106794,O0060886,P0050,1,92.25,0.0
OI00106795,O0060886,P0028,1,1232.93,0.0
OI00106796,O0060887,P0095,1,289.74,0.1
OI00106810,O0060897,P0176,2,134.83,0.1
OI00106811,O0060897,P0127,1,165.03,0.0
OI00106819,O0060902,P0072,1,171.78,0.0
OI00106820,O0060902,P0094,1,71.19,0.15
OI00106835,O0060910,P0032,1,867.98,0.0
OI00106836,O0060911,P0071,1,113.87,0.0
OI00106837,O0060911,P0056,1,127.59,0.0
OI00106838,O0060911,P0047,1,143.19,0.0
OI00106849,O0060917,P0033,1,1328.39,0.05
OI00106850,O0060917,P0159,1,181.33,0.15
OI00106876,O0060933,P0131,1,51.1,0.0
OI00106877,O0060933,P0083,1,734.79,0.15
OI00106895,O0060943,P0028,1,1209.48,0.0
OI00106896,O0060943,P0167,1,128.08,0.0
OI00106923,O0060957,P0027,1,918.46,0.0
OI00106964,O0060980,P0057,1,132.57,0.0
OI00106966,O0060982,P0088,1,302.0,0.0
OI00107005,O0061005,P0039,1,520.49,0.0
OI00107006,O0061005,P0173,1,44.83,0.0
OI00107040,O0061028,P0070,1,54.91,0.0
OI00107041,O0061028,P0169,1,189.7,0.0
OI00107058,O0061038,P0007,1,1999.34,0.0
OI00107061,O0061041,P0090,1,204.82,0.25
OI00107073,O0061049,P0047,1,133.65,0.1
OI00107086,O0061055,P0052,1,38.7,0.15
OI00107090,O0061058,P0030,1,871.91,0.05
OI00107091,O0061058,P0022,1,879.89,0.1
OI00107111,O0061070,P0109,1,168.68,0.0
OI00107112,O0061070,P0063,1,59.65,0.0
OI00107113,O0061071,P0128,1,71.48,0.0
OI00107114,O0061071,P0098,1,309.17,0.0
OI00107120,O0061074,P0147,1,78.39,0.0
OI00107125,O0061077,P0106,1,127.56,0.0
OI00107126,O0061077,P0107,1,152.06,0.1
OI00107127,O0061077,P0083,1,731.12,0.0
OI00107128,O0061078,P0132,1,29.61,0.2
OI00107129,O0061078,P0151,1,19.21,0.0
OI00107137,O0061082,P0152,1,15.64,0.0
OI00107159,O0061096,P0115,1,68.73,0.0
OI00107160,O0061096,P0040,3,993.87,0.0
OI00107161,O0061096,P0113,1,99.82,0.15
OI00107162,O0061096,P0079,1,174.74,0.0
OI00107198,O0061115,P0069,1,97.96,0.0
OI00107199,O0061115,P0026,1,1169.02,0.0
OI00107223,O0061129,P0089,3,357.55,0.0
OI00107224,O0061129,P0063,1,60.2,0.0
OI00107225,O0061129,P0161,1,62.78,0.0
OI00107234,O0061136,P0023,1,983.68,0.0
OI00107235,O0061136,P0002,2,927.12,0.0
OI00107236,O0061137,P0085,1,491.43,0.0
OI00107249,O0061145,P0068,1,145.03,0.0
OI00107250,O0061145,P0164,1,38.9,0.0
OI00107251,O0061145,P0096,1,86.72,0.0
OI00107287,O0061168,P0125,1,296.26,0.0
OI00107310,O0061180,P0070,2,52.79,0.25
OI00107311,O0061180,P0055,1,331.91,0.0
OI00107312,O0061180,P0086,1,51.42,0.25
OI00107313,O0061180,P0050,1,94.3,0.0
OI00107317,O0061183,P0024,1,490.71,0.0
OI00107318,O0061183,P0027,1,931.84,0.0
OI00107321,O0061185,P0055,1,336.77,0.1
OI00107350,O0061199,P0118,1,126.8,0.0
OI00107357,O0061203,P0156,1,86.64,0.0
OI00107358,O0061203,P0160,2,24.45,0.2
OI00107362,O0061206,P0072,1,173.84,0.05
OI00107363,O0061206,P0073,1,93.45,0.1
OI00107375,O0061212,P0033,1,1353.65,0.0
OI00107376,O0061212,P0047,1,135.95,0.2
OI00107377,O0061212,P0106,2,129.66,0.0
OI00107388,O0061220,P0063,1,59.14,0.0
OI00107389,O0061220,P0163,1,18.46,0.0
OI00107392,O0061223,P0056,1,128.57,0.1
OI00107393,O0061223,P0143,1,109.92,0.05
OI00107401,O0061227,P0168,2,63.59,0.0
OI00107402,O0061227,P0023,1,977.54,0.0
OI00107403,O0061228,P0067,1,286.47,0.0
OI00107409,O0061232,P0110,2,74.06,0.0
OI00107410,O0061232,P0135,1,181.94,0.0
OI00107428,O0061242,P0026,1,1150.57,0.0
OI00107429,O0061242,P0139,1,24.48,0.0
OI00107430,O0061242,P0135,1,181.69,0.05
OI00107431,O0061242,P0028,1,1175.37,0.0
OI00107438,O0061246,P0123,1,48.0,0.0
OI00107439,O0061246,P0177,1,23.42,0.0
OI00107469,O0061262,P0054,2,57.4,0.0
OI00107470,O0061262,P0037,1,527.15,0.05
OI00107489,O0061276,P0112,1,39.17,0.0
OI00107507,O0061286,P0006,1,2176.85,0.0
OI00107508,O0061286,P0176,1,135.59,0.1
OI00107512,O0061288,P0060,1,133.09,0.0
OI00107513,O0061289,P0115,1,69.51,0.0
OI00107514,O0061289,P0116,1,69.84,0.15
OI00107515,O0061289,P0097,1,143.52,0.1
OI00107524,O0061295,P0126,1,188.2,0.0
OI00107525,O0061296,P0156,1,89.75,0.0
OI00107553,O0061313,P0043,1,288.93,0.0
OI00107556,O0061316,P0112,1,41.28,0.05
OI00107557,O0061317,P0101,1,126.36,0.0
OI00107558,O0061317,P0009,1,1272.08,0.0
OI00107559,O0061317,P0051,1,58.19,0.0
OI00107573,O0061325,P0043,1,286.81,0.0
OI00107574,O0061325,P0063,1,59.51,0.0
OI00107583,O0061329,P0156,1,89.39,0.0
OI00107589,O0061332,P0152,1,14.98,0.0
OI00107590,O0061332,P0096,1,88.01,0.0
OI00107591,O0061332,P0101,1,123.6,0.0
OI00107599,O0061338,P0039,1,517.27,0.0
OI00107607,O0061344,P0002,1,940.43,0.1
OI00107608,O0061344,P0130,1,30.7,0.05
OI00107609,O0061345,P0131,1,51.27,0.0
OI00107614,O0061349,P0123,1,49.65,0.1
OI00107654,O0061371,P0149,1,18.09,0.0
OI00107655,O0061372,P0032,1,865.4,0.0
OI00107656,O0061372,P0139,1,24.94,0.0
OI00107677,O0061382,P0149,1,18.33,0.0
OI00107678,O0061382,P0004,1,999.45,0.15
OI00107679,O0061383,P0097,2,137.58,0.0
OI00107680,O0061383,P0168,1,61.99,0.0
OI00107681,O0061383,P0172,1,22.5,0.0
OI00107682,O0061383,P0074,3,253.04,0.0
OI00107695,O0061390,P0070,2,55.03,0.0
OI00107696,O0061390,P0167,1,128.62,0.0
OI00107697,O0061390,P0159,1,183.85,0.0
OI00107701,O0061393,P0018,1,1945.31,0.05
OI00107702,O0061393,P0107,1,154.47,0.05
OI00107726,O0061411,P0164,1,40.15,0.1
OI00107727,O0061411,P0029,1,538.7,0.1
OI00107734,O0061415,P0123,1,50.19,0.05
OI00107745,O0061420,P0161,1,62.43,0.0
OI00107746,O0061420,P0137,1,26.38,0.05
OI00107747,O0061421,P0166,1,32.65,0.0
OI00107748,O0061421,P0029,2,523.52,0.0
OI00107768,O0061433,P0095,1,287.04,0.0
OI00107769,O0061433,P0061,1,383.6,0.0
OI00107776,O0061436,P0162,1,19.62,0.0
OI00107777,O0061436,P0048,1,57.05,0.0
OI00107778,O0061436,P0050,1,93.46,0.1
OI00107781,O0061438,P0154,1,56.94,0.0
OI00107782,O0061438,P0019,1,399.0,0.0
OI00107783,O0061438,P0002,1,935.8,0.15
OI00107784,O0061439,P0137,1,26.34,0.1
OI00107788,O0061443,P0102,1,52.61,0.0
OI00107789,O0061443,P0120,1,337.39,0.0
OI00107790,O0061443,P0107,1,160.99,0.0
OI00107809,O0061451,P0018,1,1946.66,0.0
OI00107815,O0061456,P0092,1,195.3,0.1
OI00107859,O0061484,P0080,1,237.8,0.0
OI00107866,O0061488,P0090,1,204.43,0.05
OI00107875,O0061492,P0062,1,57.26,0.05
OI00107876,O0061493,P0145,1,167.15,0.0
OI00107877,O0061493,P0020,2,556.99,0.0
OI00107878,O0061493,P0153,1,43.75,0.0
OI00107895,O0061502,P0094,1,74.54,0.0
OI00107901,O0061507,P0117,1,31.04,0.0
OI00107902,O0061507,P0047,1,139.05,0.0
OI00107909,O0061511,P0137,1,25.55,0.0
OI00107913,O0061514,P0176,1,137.89,0.1
OI00107917,O0061517,P0171,1,39.22,0.0
OI00107920,O0061519,P0118,1,127.4,0.15
OI00107921,O0061519,P0139,1,24.31,0.0
OI00107930,O0061526,P0003,1,1230.76,0.15
OI00107947,O0061537,P0084,1,624.14,0.0
OI00107948,O0061537,P0009,1,1293.2,0.0
OI00107949,O0061538,P0128,1,73.12,0.05
OI00107950,O0061539,P0118,1,126.38,0.15
OI00107951,O0061539,P0180,1,53.49,0.0
OI00107955,O0061542,P0109,1,168.86,0.0
OI00107956,O0061542,P0168,1,62.63,0.0
OI00107957,O0061542,P0035,1,1076.79,0.05
OI00107981,O0061556,P0098,1,328.19,0.15
OI00107982,O0061556,P0173,1,45.1,0.0
OI00107983,O0061557,P0141,2,23.46,0.0
OI00107987,O0061560,P0066,2,275.61,0.0
OI00107988,O0061560,P0163,1,18.26,0.0
OI00107989,O0061560,P0027,1,910.55,0.1
OI00108019,O0061575,P0121,1,145.37,0.05
OI00108020,O0061575,P0049,1,332.09,0.0
OI00108047,O0061589,P0133,1,10.06,0.05
OI00108048,O0061589,P0074,1,257.73,0.05
OI00108049,O0061589,P0090,1,200.84,0.0
OI00108050,O0061589,P0055,1,336.92,0.0
OI00108055,O0061593,P0041,2,237.4,0.1
OI00108056,O0061593,P0002,1,965.07,0.0
OI00108063,O0061597,P0173,1,46.32,0.05
OI00108064,O0061597,P0148,1,15.08,0.15
OI00108073,O0061603,P0105,1,130.23,0.1
OI00108091,O0061611,P0036,1,694.97,0.0
OI00108092,O0061611,P0041,1,235.04,0.0
OI00108095,O0061613,P0147,1,75.63,0.0
OI00108096,O0061613,P0108,1,41.79,0.0
OI00108102,O0061618,P0013,1,1051.87,0.0
OI00108105,O0061620,P0120,1,333.55,0.0
OI00108106,O0061620,P0167,2,125.57,0.1
OI00108127,O0061632,P0073,1,97.1,0.0
OI00108128,O0061632,P0172,1,21.91,0.0
OI00108142,O0061641,P0180,2,51.42,0.2
OI00108143,O0061641,P0042,1,118.4,0.0
OI00108146,O0061644,P0048,1,56.53,0.1
OI00108151,O0061647,P0073,1,98.74,0.0
OI00108152,O0061647,P0112,1,40.9,0.0
OI00108156,O0061650,P0137,1,26.36,0.0
OI00108157,O0061650,P0036,1,701.47,0.1
OI00108158,O0061650,P0124,1,65.42,0.1
OI00108159,O0061650,P0013,1,1043.87,0.0
OI00108164,O0061655,P0060,2,140.32,0.0
OI00108165,O0061656,P0046,1,329.39,0.0
OI00108166,O0061657,P0104,1,28.9,0.0
OI00108176,O0061663,P0170,1,9.4,0.0
OI00108177,O0061663,P0005,1,1314.67,0.0
OI00108178,O0061664,P0107,2,157.32,0.0
OI00108179,O0061664,P0065,1,319.21,0.05
OI00108180,O0061664,P0084,1,626.14,0.0
OI00108181,O0061664,P0015,2,1420.41,0.0
OI00108246,O0061698,P0092,1,191.24,0.1
OI00108247,O0061698,P0026,1,1155.59,0.0
OI00108322,O0061744,P0079,1,169.51,0.0
OI00108325,O0061747,P0174,1,18.23,0.1
OI00108329,O0061750,P0029,1,508.58,0.0
OI00108337,O0061756,P0048,1,55.51,0.0
OI00108338,O0061756,P0069,1,97.52,0.0
OI00108356,O0061770,P0174,1,17.9,0.0
OI00108357,O0061770,P0024,1,498.4,0.0
OI00108358,O0061771,P0134,1,131.97,0.15
OI00108359,O0061771,P0164,1,38.84,0.1
OI00108370,O0061780,P0172,1,22.26,0.0
OI00108371,O0061780,P0026,1,1186.43,0.0
OI00108372,O0061780,P0122,2,389.39,0.0
OI00108377,O0061784,P0044,1,116.48,0.0
OI00108397,O0061796,P0029,1,535.13,0.25
OI00108398,O0061796,P0164,1,40.05,0.0
OI00108420,O0061808,P0118,2,129.75,0.2
OI00108437,O0061821,P0039,1,524.08,0.0
OI00108438,O0061821,P0044,1,123.79,0.0
OI00108443,O0061825,P0103,1,84.32,0.15
OI00108444,O0061826,P0086,1,49.0,0.0
OI00108445,O0061826,P0136,1,84.43,0.0
OI00108451,O0061831,P0142,1,12.69,0.0
OI00108452,O0061832,P0061,1,388.54,0.0
OI00108453,O0061832,P0095,1,277.5,0.0
OI00108491,O0061854,P0171,1,38.2,0.0
OI00108492,O0061855,P0099,1,241.33,0.0
OI00108493,O0061855,P0014,1,817.69,0.0
OI00108494,O0061856,P0060,2,133.81,0.0
OI00108495,O0061856,P0172,1,22.42,0.0
OI00108515,O0061869,P0091,1,172.11,0.05
OI00108530,O0061878,P0062,1,56.66,0.1
OI00108547,O0061887,P0100,1,63.6,0.0
OI00108552,O0061890,P0143,1,113.22,0.15
OI00108558,O0061895,P0057,1,133.54,0.0
OI00108568,O0061902,P0092,1,204.03,0.0
OI00108586,O0061911,P0003,1,1192.81,0.0
OI00108587,O0061911,P0090,1,201.59,0.0
OI00108625,O0061931,P0033,1,1337.85,0.0
OI00108626,O0061931,P0067,2,294.74,0.0
OI00108634,O0061937,P0050,1,92.67,0.1
OI00108635,O0061937,P0059,1,50.06,0.1
OI00108636,O0061937,P0174,1,18.16,0.0
OI00108637,O0061937,P0085,1,492.78,0.0
OI00108640,O0061939,P0151,1,19.35,0.0
OI00108641,O0061939,P0033,1,1327.95,0.0
OI00108642,O0061939,P0152,1,14.9,0.0
OI00108643,O0061940,P0086,1,51.42,0.0
OI00108644,O0061940,P0041,1,235.31,0.0
OI00108645,O0061940,P0089,1,349.45,0.0
OI00108649,O0061943,P0124,1,66.83,0.0
OI00108662,O0061953,P0028,2,1217.57,0.0
OI00108663,O0061953,P0081,3,405.95,0.05
OI00108670,O0061957,P0116,1,68.6,0.0
OI00108671,O0061958,P0093,1,85.14,0.0
OI00108673,O0061960,P0080,1,239.24,0.0
OI00108674,O0061960,P0017,1,1648.28,0.0
OI00108679,O0061964,P0050,1,90.38,0.0
OI00108690,O0061969,P0154,1,55.53,0.1
OI00108691,O0061969,P0034,1,554.05,0.0
OI00108695,O0061973,P0165,1,40.08,0.05
OI00108697,O0061975,P0050,1,92.36,0.1
OI00108708,O0061981,P0170,1,9.34,0.0
OI00108709,O0061981,P0031,1,1326.74,0.0
OI00108711,O0061983,P0039,1,522.61,0.0
OI00108734,O0061996,P0085,1,502.78,0.0
OI00108739,O0061999,P0133,1,9.92,0.05
OI00108740,O0061999,P0140,1,15.87,0.1
OI00108758,O0062012,P0050,1,93.93,0.0
OI00108759,O0062012,P0011,1,1053.1,0.0
OI00108760,O0062012,P0111,1,283.38,0.0
OI00108777,O0062022,P0152,1,14.8,0.0
OI00108778,O0062022,P0166,2,32.61,0.0
OI00108779,O0062022,P0100,1,60.99,0.0
OI00108780,O0062022,P0105,1,129.48,0.0
OI00108781,O0062023,P0003,1,1200.93,0.0
OI00108782,O0062023,P0177,1,22.5,0.0
OI00108783,O0062023,P0178,1,11.11,0.0
OI00108802,O0062034,P0097,2,136.21,0.0
OI00108820,O0062043,P0109,1,164.98,0.0
OI00108833,O0062050,P0118,1,125.71,0.0
OI00108837,O0062053,P0072,1,173.21,0.1
OI00108838,O0062053,P0067,1,279.84,0.25
OI00108839,O0062053,P0082,1,375.72,0.0
OI00108842,O0062055,P0094,1,73.03,0.0
OI00108843,O0062055,P0098,1,310.76,0.0
OI00108849,O0062060,P0168,1,63.92,0.0
OI00108850,O0062061,P0134,1,131.54,0.0
OI00108855,O0062065,P0011,2,1103.82,0.0
OI00108856,O0062065,P0033,1,1316.11,0.0
OI00108857,O0062065,P0161,1,62.42,0.0
OI00108858,O0062066,P0050,2,92.01,0.0
OI00108859,O0062066,P0162,1,19.29,0.1
OI00108860,O0062066,P0096,2,85.73,0.05
OI00108861,O0062066,P0136,1,85.37,0.15
OI00108883,O0062077,P0044,1,123.99,0.0
OI00108893,O0062084,P0137,1,25.97,0.0
OI00108894,O0062084,P0011,1,1087.19,0.0
OI00108895,O0062085,P0106,1,128.83,0.0
OI00108896,O0062085,P0038,1,458.28,0.0
OI00108897,O0062085,P0158,1,66.96,0.0
OI00108903,O0062089,P0071,1,114.1,0.0
OI00108910,O0062094,P0107,1,146.94,0.0
OI00108911,O0062094,P0177,1,22.6,0.0
OI00108912,O0062094,P0006,1,2133.84,0.0
OI00108947,O0062115,P0168,2,63.3,0.1
OI00108950,O0062117,P0150,1,11.08,0.15
OI00108952,O0062119,P0089,1,369.1,0.15
OI00108954,O0062121,P0069,1,94.81,0.1
OI00108955,O0062121,P0138,2,35.38,0.0
OI00108956,O0062121,P0062,2,56.94,0.0
OI00108966,O0062126,P0036,1,709.41,0.0
OI00108967,O0062126,P0136,1,88.94,0.0
OI00108968,O0062126,P0025,1,430.88,0.1
OI00108969,O0062126,P0160,1,24.21,0.0
OI00108982,O0062135,P0176,1,134.47,0.0
OI00108983,O0062135,P0070,1,55.83,0.05
OI00108984,O0062136,P0171,1,39.21,0.0
OI00108985,O0062136,P0178,2,11.26,0.0
OI00109003,O0062146,P0132,1,28.79,0.0
OI00109004,O0062146,P0057,1,131.32,0.0
OI00109032,O0062163,P0113,1,99.68,0.0
OI00109038,O0062167,P0091,2,163.58,0.0
OI00109039,O0062167,P0107,1,154.52,0.0
OI00109088,O0062197,P0060,1,137.96,0.0
OI00109101,O0062206,P0149,1,18.19,0.1
OI00109102,O0062206,P0150,1,11.34,0.0
OI00109103,O0062206,P0107,1,154.94,0.0
OI00109104,O0062206,P0167,1,128.33,0.2
OI00109120,O0062214,P0048,1,55.56,0.0
OI00109126,O0062217,P0162,2,19.1,0.0
OI00109151,O0062232,P0078,1,134.74,0.1
OI00109152,O0062232,P0141,1,23.68,0.05
OI00109153,O0062232,P0153,1,42.45,0.0
OI00109238,O0062288,P0087,1,486.8,0.0
OI00109239,O0062288,P0170,1,9.15,0.0
OI00109245,O0062291,P0071,1,113.44,0.0
OI00109246,O0062291,P0038,1,484.15,0.0
OI00109247,O0062291,P0125,1,299.57,0.0
OI00109257,O0062298,P0141,1,23.45,0.0
OI00109258,O0062298,P0005,1,1361.83,0.0
OI00109263,O0062301,P0168,1,65.41,0.05
OI00109264,O0062301,P0152,2,14.83,0.0
OI00109265,O0062301,P0094,1,70.51,0.15
OI00109266,O0062301,P0177,1,23.27,0.0
OI00109280,O0062310,P0078,1,137.91,0.0
OI00109283,O0062313,P0080,1,241.39,0.0
OI00109288,O0062317,P0113,1,102.74,0.0
OI00109289,O0062317,P0020,1,546.01,0.15
OI00109290,O0062318,P0008,2,1139.28,0.15
OI00109291,O0062318,P0117,1,30.95,0.0
OI00109292,O0062319,P0150,1,11.11,0.2
OI00109303,O0062326,P0147,1,77.29,0.0
OI00109360,O0062358,P0129,1,303.42,0.15
OI00109375,O0062368,P0021,1,654.3,0.0
OI00109376,O0062368,P0173,1,45.06,0.0
OI00109381,O0062371,P0112,1,40.49,0.0
OI00109413,O0062390,P0111,1,284.89,0.0
OI00109414,O0062390,P0081,2,406.59,0.0
OI00109415,O0062390,P0069,1,96.97,0.1
OI00109425,O0062394,P0176,2,136.43,0.0
OI00109426,O0062394,P0096,1,86.92,0.0
OI00109446,O0062406,P0150,1,11.58,0.0
OI00109447,O0062406,P0162,1,19.24,0.15
OI00109452,O0062410,P0085,2,497.55,0.0
OI00109479,O0062424,P0060,1,140.45,0.0
OI00109483,O0062427,P0166,1,32.83,0.0
OI00109484,O0062427,P0042,2,122.0,0.05
OI00109485,O0062428,P0130,1,30.72,0.0
OI00109498,O0062435,P0044,1,121.89,0.05
OI00109513,O0062446,P0134,2,132.06,0.0
OI00109514,O0062446,P0105,1,128.4,0.15
OI00109528,O0062455,P0036,1,721.27,0.15
OI00109529,O0062455,P0180,2,53.52,0.05
OI00109530,O0062455,P0104,1,30.79,0.0
OI00109531,O0062455,P0040,1,1034.03,0.0
OI00109532,O0062456,P0148,1,15.13,0.0
OI00109542,O0062462,P0044,1,120.99,0.0
OI00109551,O0062467,P0125,1,296.84,0.15
OI00109552,O0062467,P0123,1,47.56,0.0
OI00109553,O0062467,P0111,1,275.93,0.0
OI00109554,O0062467,P0038,2,457.42,0.05
OI00109558,O0062469,P0095,1,290.72,0.0
OI00109569,O0062478,P0143,1,112.02,0.0
OI00109570,O0062478,P0036,1,705.53,0.0
OI00109571,O0062478,P0026,1,1204.25,0.0
OI00109597,O0062493,P0116,2,69.59,0.0
OI00109607,O0062500,P0125,1,299.61,0.1
OI00109619,O0062507,P0069,1,99.64,0.1
OI00109620,O0062507,P0108,2,41.94,0.0
OI00109627,O0062512,P0036,1,693.12,0.0
OI00109632,O0062515,P0157,1,124.71,0.0
OI00109633,O0062515,P0088,1,297.2,0.1
OI00109666,O0062533,P0075,2,53.76,0.0
OI00109667,O0062533,P0152,1,15.12,0.1
OI00109668,O0062533,P0097,1,142.97,0.0
OI00109669,O0062533,P0021,1,640.47,0.15
OI00109698,O0062548,P0158,1,66.94,0.05
OI00109699,O0062548,P0102,1,52.85,0.1
OI00109712,O0062554,P0113,1,101.0,0.05
OI00109721,O0062560,P0093,1,86.02,0.0
OI00109723,O0062562,P0175,1,12.02,0.0
OI00109725,O0062564,P0027,1,889.24,0.1
OI00109730,O0062568,P0060,1,135.97,0.0
OI00109731,O0062568,P0160,1,23.16,0.0
OI00109732,O0062569,P0079,2,179.83,0.1
OI00109733,O0062569,P0046,1,334.21,0.0
OI00109739,O0062574,P0041,1,229.34,0.0
OI00109765,O0062590,P0172,1,22.05,0.1
OI00109766,O0062590,P0088,1,296.51,0.15
OI00109767,O0062590,P0065,1,317.83,0.0
OI00109780,O0062597,P0110,1,73.84,0.0
OI00109789,O0062601,P0020,1,531.86,0.0
OI00109847,O0062637,P0140,1,15.92,0.15
OI00109878,O0062652,P0062,1,57.19,0.0
OI00109879,O0062652,P0071,1,114.55,0.0
OI00109891,O0062660,P0115,2,69.76,0.05
OI00109893,O0062662,P0130,2,29.1,0.0
OI00109894,O0062662,P0166,1,32.95,0.0
OI00109907,O0062669,P0068,1,145.59,0.1
OI00109908,O0062669,P0085,2,503.53,0.0
OI00109928,O0062681,P0018,3,1978.47,0.1
OI00109952,O0062693,P0057,1,130.85,0.0
OI00109979,O0062707,P0175,3,12.05,0.2
OI00109980,O0062707,P0097,1,140.81,0.0
OI00109981,O0062707,P0118,1,122.45,0.0
OI00109982,O0062707,P0155,1,50.74,0.0
OI00109991,O0062712,P0173,1,45.48,0.0
OI00109997,O0062715,P0063,1,60.94,0.1
OI00109999,O0062717,P0106,1,133.42,0.15
OI00110018,O0062726,P0106,1,131.89,0.0
OI00110026,O0062731,P0113,2,97.87,0.0
OI00110027,O0062732,P0142,1,12.49,0.0
OI00110028,O0062732,P0153,1,43.72,0.0
OI00110031,O0062734,P0029,1,521.64,0.05
OI00110032,O0062734,P0155,1,50.05,0.0
OI00110033,O0062735,P0044,1,124.7,0.0
OI00110034,O0062735,P0093,1,84.17,0.0
OI00110035,O0062735,P0122,1,387.98,0.0
OI00110038,O0062737,P0059,2,50.36,0.0
OI00110049,O0062742,P0011,1,1112.55,0.0
OI00110050,O0062742,P0031,1,1310.43,0.05
OI00110063,O0062748,P0115,1,69.36,0.05
OI00110064,O0062748,P0171,1,37.53,0.0
OI00110073,O0062756,P0160,1,24.79,0.25
OI00110077,O0062759,P0084,2,631.8,0.0
OI00110082,O0062763,P0092,1,190.85,0.0
OI00110083,O0062763,P0160,1,24.18,0.0
OI00110084,O0062763,P0027,1,878.43,0.0
OI00110092,O0062769,P0124,2,63.57,0.0
OI00110093,O0062769,P0102,1,50.71,0.0
OI00110094,O0062769,P0094,1,72.03,0.1
OI00110107,O0062774,P0010,1,906.02,0.1
OI00110108,O0062774,P0165,1,40.51,0.0
OI00110140,O0062794,P0127,1,168.26,0.15
OI00110145,O0062798,P0066,1,265.12,0.1
OI00110152,O0062802,P0172,2,22.02,0.0
OI00110153,O0062802,P0117,1,31.03,0.0
OI00110161,O0062807,P0100,2,61.8,0.0
OI00110162,O0062808,P0023,1,988.76,0.0
OI00110164,O0062810,P0121,1,146.31,0.0
OI00110165,O0062810,P0043,1,292.94,0.05
OI00110172,O0062814,P0084,1,639.08,0.05
OI00110173,O0062814,P0171,2,37.63,0.0
OI00110174,O0062814,P0011,1,1032.71,0.0
OI00110183,O0062820,P0045,1,415.81,0.0
OI00110184,O0062820,P0139,1,24.36,0.0
OI00110212,O0062835,P0128,1,71.54,0.0
OI00110213,O0062835,P0053,1,357.39,0.0
OI00110215,O0062837,P0078,1,134.84,0.0
OI00110216,O0062837,P0073,2,94.41,0.0
OI00110217,O0062838,P0077,1,409.48,0.0
OI00110250,O0062856,P0019,2,413.77,0.2
OI00110251,O0062856,P0017,1,1633.77,0.0
OI00110256,O0062861,P0105,2,132.35,0.0
OI00110282,O0062876,P0062,1,56.8,0.0
OI00110317,O0062893,P0157,1,121.28,0.0
OI00110336,O0062903,P0038,1,477.38,0.05
OI00110337,O0062904,P0039,1,517.09,0.0
OI00110338,O0062904,P0105,1,129.51,0.0
OI00110345,O0062909,P0038,1,486.28,0.15
OI00110346,O0062909,P0119,1,32.6,0.05
OI00110366,O0062922,P0027,1,921.86,0.1
OI00110367,O0062922,P0086,1,49.02,0.1
OI00110381,O0062929,P0160,1,24.01,0.05
OI00110382,O0062929,P0060,1,135.3,0.0
OI00110383,O0062929,P0037,1,547.94,0.0
OI00110389,O0062934,P0052,1,39.53,0.0
OI00110402,O0062945,P0067,1,288.71,0.0
OI00110405,O0062947,P0084,2,633.98,0.0
OI00110410,O0062950,P0111,1,296.61,0.0
OI00110420,O0062955,P0139,1,24.39,0.0
OI00110421,O0062955,P0024,1,508.47,0.0
OI00110426,O0062958,P0169,1,183.92,0.05
OI00110432,O0062961,P0075,1,52.62,0.0
OI00110433,O0062961,P0100,2,61.43,0.05
OI00110446,O0062969,P0060,1,131.08,0.0
OI00110447,O0062969,P0137,1,26.58,0.15
OI00110465,O0062978,P0144,2,14.22,0.0
OI00110466,O0062978,P0089,1,353.26,0.0
OI00110497,O0062996,P0019,3,410.23,0.0
OI00110498,O0062996,P0017,1,1616.22,0.0
OI00110507,O0063000,P0156,1,89.02,0.0
OI00110508,O0063000,P0086,1,48.33,0.0
OI00110509,O0063000,P0062,1,57.23,0.15
OI00110542,O0063018,P0122,1,384.4,0.0
OI00110543,O0063018,P0148,1,14.81,0.0
OI00110556,O0063025,P0025,1,428.94,0.0
OI00110557,O0063025,P0088,1,288.85,0.0
OI00110563,O0063029,P0047,1,136.65,0.0
OI00110564,O0063029,P0106,1,130.93,0.0
OI00110565,O0063030,P0155,1,51.26,0.1
OI00110566,O0063030,P0168,1,62.66,0.0
OI00110577,O0063036,P0116,1,69.99,0.0
OI00110578,O0063036,P0080,1,235.52,0.0
OI00110582,O0063038,P0134,1,133.38,0.2
OI00110589,O0063044,P0106,2,129.21,0.0
OI00110623,O0063067,P0174,1,18.36,0.1
OI00110624,O0063067,P0070,1,54.57,0.0
OI00110625,O0063068,P0073,1,93.97,0.0
OI00110630,O0063071,P0171,1,37.78,0.0
OI00110631,O0063071,P0083,1,731.4,0.0
OI00110647,O0063079,P0107,1,156.99,0.0
OI00110648,O0063079,P0157,1,120.88,0.2
OI00110650,O0063081,P0057,1,132.7,0.0
OI00110665,O0063089,P0055,1,330.97,0.0
OI00110666,O0063089,P0115,2,67.65,0.0
OI00110670,O0063091,P0106,1,128.16,0.25
OI00110671,O0063091,P0108,2,41.64,0.1
OI00110676,O0063095,P0050,1,92.1,0.0
OI00110677,O0063095,P0043,1,302.24,0.0
OI00110710,O0063115,P0133,1,9.87,0.0
OI00110711,O0063115,P0097,1,144.13,0.15
OI00110728,O0063126,P0125,1,292.11,0.0
OI00110729,O0063126,P0175,1,12.03,0.05
OI00110733,O0063128,P0065,1,312.91,0.0
OI00110755,O0063140,P0071,1,115.47,0.0
OI00110756,O0063140,P0114,1,29.69,0.25
OI00110820,O0063175,P0120,2,337.14,0.0
OI00110836,O0063187,P0165,1,40.36,0.0
OI00110840,O0063190,P0069,3,96.42,0.15
OI00110848,O0063195,P0074,1,255.94,0.15
OI00110849,O0063196,P0015,1,1477.03,0.0
OI00110853,O0063199,P0090,1,200.61,0.0
OI00110854,O0063199,P0127,1,161.59,0.0
OI00110869,O0063209,P0065,1,317.4,0.0
OI00110870,O0063209,P0051,2,55.05,0.0
OI00110871,O0063210,P0105,2,130.7,0.0
OI00110872,O0063210,P0024,1,513.84,0.0
OI00110889,O0063224,P0062,2,57.06,0.1
OI00110890,O0063224,P0100,1,62.58,0.0
OI00110891,O0063224,P0114,1,30.11,0.05
OI00110910,O0063237,P0082,3,389.15,0.0
OI00110911,O0063237,P0177,1,23.13,0.1
OI00110926,O0063247,P0004,1,990.77,0.1
OI00110927,O0063247,P0169,1,186.3,0.0
OI00110936,O0063253,P0024,1,494.65,0.0
OI00110937,O0063253,P0047,2,135.72,0.0
OI00110939,O0063255,P0074,1,258.37,0.0
OI00110953,O0063262,P0002,1,941.28,0.1
OI00110954,O0063262,P0093,1,87.03,0.15
OI00110961,O0063267,P0041,1,233.96,0.0
OI00110962,O0063267,P0118,1,130.09,0.1
OI00110990,O0063279,P0037,3,550.91,0.0
OI00110992,O0063281,P0120,1,338.69,0.25
OI00110994,O0063283,P0168,1,62.29,0.0
OI00111011,O0063293,P0156,1,89.35,0.05
OI00111028,O0063307,P0180,1,54.07,0.0
OI00111031,O0063310,P0122,1,379.95,0.0
OI00111038,O0063315,P0177,1,22.49,0.1
OI00111049,O0063321,P0097,2,139.02,0.0
OI00111050,O0063321,P0174,1,18.54,0.0
OI00111061,O0063327,P0069,2,97.48,0.0
OI00111062,O0063327,P0105,1,130.47,0.05
OI00111073,O0063334,P0145,1,165.89,0.05
OI00111074,O0063335,P0122,1,388.5,0.05
OI00111075,O0063336,P0164,2,38.78,0.0
OI00111076,O0063336,P0009,1,1295.06,0.0
OI00111082,O0063340,P0078,1,133.77,0.0
OI00111083,O0063340,P0120,1,322.36,0.1
OI00111094,O0063346,P0107,2,156.43,0.0
OI00111095,O0063346,P0121,1,149.08,0.0
OI00111127,O0063366,P0044,1,124.6,0.0
OI00111128,O0063366,P0042,1,122.28,0.0
OI00111129,O0063366,P0060,1,135.56,0.0
OI00111133,O0063370,P0177,1,23.25,0.05
OI00111134,O0063370,P0158,2,66.67,0.0
OI00111157,O0063384,P0178,2,11.2,0.0
OI00111158,O0063385,P0134,3,130.06,0.0
OI00111159,O0063385,P0116,1,70.71,0.0
OI00111160,O0063385,P0137,1,25.45,0.0
OI00111170,O0063391,P0091,2,168.22,0.0
OI00111182,O0063398,P0110,2,75.66,0.0
OI00111186,O0063400,P0149,1,17.78,0.15
OI00111187,O0063400,P0030,1,844.91,0.1
OI00111188,O0063400,P0024,1,489.63,0.0
OI00111189,O0063400,P0147,2,77.07,0.1
OI00111191,O0063402,P0009,2,1266.03,0.0
OI00111196,O0063404,P0095,2,284.18,0.0
OI00111198,O0063406,P0013,2,1079.82,0.0
OI00111203,O0063410,P0063,1,57.93,0.0
OI00111204,O0063410,P0044,1,119.45,0.15
OI00111205,O0063411,P0102,1,50.86,0.0
OI00111206,O0063411,P0134,2,124.78,0.0
OI00111211,O0063414,P0045,1,409.48,0.1
OI00111212,O0063414,P0110,1,72.44,0.0
OI00111213,O0063414,P0018,1,1956.46,0.1
OI00111230,O0063424,P0156,1,87.8,0.25
OI00111231,O0063424,P0043,1,287.75,0.0
OI00111235,O0063427,P0140,1,15.89,0.05
OI00111247,O0063432,P0164,1,39.26,0.0
OI00111265,O0063441,P0133,2,10.37,0.0
OI00111267,O0063443,P0134,1,132.25,0.25
OI00111268,O0063443,P0164,1,40.27,0.0
OI00111271,O0063445,P0082,1,374.99,0.0
OI00111279,O0063450,P0044,1,123.46,0.0
OI00111284,O0063455,P0052,1,38.1,0.0
OI00111285,O0063455,P0063,1,61.64,0.0
OI00111297,O0063465,P0013,1,1109.88,0.0
OI00111324,O0063480,P0178,1,11.24,0.0
OI00111325,O0063480,P0163,1,18.03,0.0
OI00111329,O0063482,P0125,1,298.09,0.0
OI00111347,O0063492,P0151,1,19.41,0.0
OI00111348,O0063492,P0043,1,289.95,0.0
OI00111349,O0063492,P0163,1,18.39,0.05
OI00111354,O0063495,P0152,1,15.01,0.1
OI00111356,O0063497,P0099,1,228.21,0.0
OI00111357,O0063498,P0086,1,49.04,0.0
OI00111399,O0063518,P0003,1,1225.07,0.0
OI00111400,O0063518,P0179,1,83.57,0.2
OI00111402,O0063520,P0100,1,60.74,0.2
OI00111403,O0063520,P0130,1,30.32,0.0
OI00111404,O0063521,P0036,1,710.11,0.0
OI00111405,O0063521,P0013,1,1091.48,0.0
OI00111406,O0063521,P0167,1,125.31,0.0
OI00111428,O0063534,P0105,1,129.59,0.0
OI00111437,O0063540,P0156,1,85.27,0.0
OI00111438,O0063540,P0088,1,300.47,0.0
OI00111440,O0063542,P0076,1,123.36,0.0
OI00111441,O0063542,P0097,1,140.11,0.0
OI00111454,O0063548,P0014,1,817.68,0.1
OI00111478,O0063562,P0026,1,1153.82,0.0
OI00111479,O0063562,P0099,2,237.21,0.0
OI00111506,O0063578,P0014,1,804.7,0.05
OI00111507,O0063578,P0088,1,302.24,0.0
OI00111510,O0063580,P0002,1,951.25,0.0
OI00111518,O0063585,P0148,2,15.18,0.0
OI00111524,O0063588,P0135,1,187.5,0.0
OI00111525,O0063588,P0176,1,135.69,0.0
OI00111528,O0063590,P0061,1,382.52,0.0
OI00111533,O0063592,P0036,1,731.94,0.0
OI00111534,O0063592,P0088,1,302.25,0.0
OI00111535,O0063592,P0004,1,1020.18,0.0
OI00111536,O0063593,P0097,1,138.14,0.0
OI00111558,O0063605,P0141,1,23.54,0.0
OI00111559,O0063605,P0075,2,53.19,0.0
OI00111560,O0063605,P0035,1,1093.48,0.1
OI00111563,O0063607,P0077,1,406.18,0.0
OI00111575,O0063614,P0120,1,326.49,0.25
OI00111576,O0063614,P0015,1,1462.0,0.0
OI00111592,O0063622,P0179,1,83.16,0.05
OI00111594,O0063624,P0169,1,184.84,0.0
OI00111595,O0063624,P0034,1,564.01,0.05
OI00111596,O0063625,P0084,1,639.05,0.0
OI00111615,O0063635,P0042,1,120.6,0.05
OI00111616,O0063635,P0011,1,1072.68,0.0
OI00111635,O0063646,P0125,1,293.2,0.0
OI00111636,O0063646,P0172,1,22.88,0.0
OI00111648,O0063652,P0108,1,41.24,0.1
OI00111649,O0063652,P0178,3,11.0,0.1
OI00111670,O0063665,P0130,1,30.39,0.0
OI00111671,O0063665,P0055,3,326.98,0.0
OI00111672,O0063665,P0027,1,913.85,0.0
OI00111698,O0063678,P0044,1,123.61,0.0
OI00111699,O0063679,P0117,1,31.15,0.15
OI00111700,O0063679,P0026,1,1134.68,0.05
OI00111703,O0063681,P0057,1,132.67,0.15
OI00111704,O0063682,P0176,1,137.08,0.0
OI00111710,O0063687,P0043,1,300.39,0.0
OI00111711,O0063687,P0001,1,1694.78,0.1
OI00111712,O0063688,P0159,1,179.54,0.0
OI00111714,O0063690,P0044,1,121.68,0.15
OI00111715,O0063690,P0097,1,138.19,0.0
OI00111716,O0063690,P0068,1,142.22,0.0
OI00111717,O0063690,P0104,1,29.31,0.0
OI00111724,O0063693,P0030,3,875.61,0.0
OI00111725,O0063694,P0081,2,397.49,0.0
OI00111726,O0063694,P0107,2,154.33,0.1
OI00111727,O0063694,P0024,3,520.6,0.15
OI00111731,O0063696,P0103,2,86.1,0.05
OI00111732,O0063696,P0097,1,144.46,0.05
OI00111733,O0063696,P0107,1,156.59,0.0
OI00111737,O0063698,P0120,1,329.13,0.1
OI00111751,O0063707,P0173,1,44.93,0.0
OI00111768,O0063716,P0116,1,68.12,0.0
OI00111769,O0063716,P0104,1,30.03,0.0
OI00111802,O0063736,P0091,1,169.54,0.0
OI00111803,O0063736,P0056,1,131.81,0.05
OI00111804,O0063736,P0166,1,32.89,0.0
OI00111805,O0063736,P0128,1,71.03,0.1
OI00111819,O0063744,P0079,1,167.73,0.0
OI00111820,O0063744,P0169,1,186.36,0.0
OI00111821,O0063744,P0153,1,43.15,0.0
OI00111835,O0063753,P0075,1,53.17,0.2
OI00111836,O0063753,P0117,1,30.63,0.0
OI00111877,O0063776,P0017,1,1602.9,0.0
OI00111883,O0063779,P0069,1,97.82,0.0
OI00111884,O0063779,P0166,1,32.89,0.0
OI00111890,O0063784,P0101,1,129.83,0.0
OI00111894,O0063787,P0144,1,13.39,0.0
OI00111900,O0063790,P0109,1,169.5,0.0
OI00111902,O0063792,P0149,1,17.96,0.0
OI00111903,O0063792,P0125,1,293.03,0.0
OI00111904,O0063792,P0159,1,177.24,0.25
OI00111905,O0063792,P0034,3,529.95,0.0
OI00111983,O0063836,P0013,1,1059.03,0.0
OI00111984,O0063836,P0165,1,40.4,0.0
OI00111985,O0063836,P0124,2,68.72,0.0
OI00112026,O0063860,P0086,1,48.71,0.05
OI00112027,O0063860,P0042,1,118.83,0.0
OI00112045,O0063872,P0039,1,521.49,0.0
OI00112048,O0063875,P0051,1,55.56,0.1
OI00112049,O0063875,P0047,1,135.74,0.0
OI00112050,O0063875,P0060,1,136.46,0.0
OI00112076,O0063890,P0081,1,403.67,0.0
OI00112077,O0063890,P0123,1,49.45,0.05
OI00112088,O0063898,P0008,1,1160.47,0.0
OI00112089,O0063898,P0028,1,1208.27,0.0
OI00112095,O0063902,P0043,1,296.78,0.0
OI00112096,O0063902,P0092,1,192.57,0.0
OI00112124,O0063915,P0037,1,537.58,0.0
OI00112125,O0063915,P0078,1,134.8,0.0
OI00112126,O0063916,P0120,1,331.59,0.1
OI00112149,O0063930,P0113,1,98.83,0.0
OI00112150,O0063930,P0137,1,26.43,0.0
OI00112167,O0063939,P0067,2,293.71,0.0
OI00112168,O0063939,P0005,1,1324.29,0.0
OI00112169,O0063939,P0010,1,869.22,0.0
OI00112182,O0063948,P0134,1,134.36,0.0
OI00112211,O0063962,P0176,1,138.64,0.0
OI00112212,O0063962,P0096,1,86.02,0.0
OI00112213,O0063962,P0097,1,142.16,0.1
OI00112229,O0063970,P0097,1,135.46,0.05
OI00112244,O0063979,P0040,1,976.77,0.0
OI00112245,O0063979,P0168,1,61.67,0.0
OI00112246,O0063979,P0108,1,40.88,0.0
OI00112247,O0063979,P0055,1,328.55,0.0
OI00112267,O0063993,P0078,1,134.4,0.0
OI00112268,O0063993,P0073,1,98.87,0.0
OI00112269,O0063993,P0045,2,417.2,0.0
OI00112271,O0063995,P0128,1,69.31,0.0
OI00112272,O0063996,P0015,1,1402.73,0.1
OI00112273,O0063996,P0088,2,305.95,0.0
OI00112274,O0063997,P0081,1,412.06,0.0
OI00112301,O0064014,P0126,1,183.05,0.2
OI00112305,O0064017,P0066,1,257.64,0.0
OI00112317,O0064025,P0050,1,91.22,0.0
OI00112324,O0064029,P0110,1,73.34,0.0
OI00112346,O0064043,P0156,1,87.43,0.0
OI00112347,O0064043,P0018,1,1969.28,0.0
OI00112348,O0064043,P0051,1,55.6,0.0
OI00112357,O0064050,P0101,1,127.64,0.0
OI00112358,O0064050,P0080,1,242.57,0.0
OI00112359,O0064050,P0159,1,181.14,0.0
OI00112368,O0064055,P0142,1,12.74,0.0
OI00112375,O0064059,P0049,1,349.46,0.0
OI00112380,O0064064,P0061,1,376.35,0.0
OI00112399,O0064078,P0004,1,989.33,0.0
OI00112402,O0064080,P0123,1,49.26,0.0
OI00112403,O0064080,P0170,1,9.51,0.15
OI00112404,O0064080,P0059,1,49.66,0.0
OI00112408,O0064083,P0030,1,863.73,0.0
OI00112409,O0064083,P0031,1,1360.03,0.0
OI00112424,O0064091,P0029,1,532.59,0.0
OI00112450,O0064107,P0097,1,139.03,0.1
OI00112451,O0064107,P0016,1,911.2,0.0
OI00112485,O0064124,P0064,1,129.9,0.1
OI00112486,O0064124,P0172,1,21.89,0.0
OI00112493,O0064128,P0081,3,400.0,0.15
OI00112494,O0064128,P0046,1,326.23,0.1
OI00112495,O0064128,P0092,1,195.41,0.0
OI00112499,O0064131,P0171,1,39.19,0.05
OI00112544,O0064154,P0095,1,282.9,0.0
OI00112545,O0064154,P0079,1,178.95,0.1
OI00112550,O0064156,P0078,1,136.81,0.15
OI00112551,O0064156,P0086,1,49.97,0.0
OI00112552,O0064156,P0072,1,171.45,0.0
OI00112565,O0064163,P0089,1,355.64,0.0
OI00112566,O0064164,P0117,1,30.15,0.0
OI00112580,O0064174,P0156,1,85.32,0.0
OI00112581,O0064174,P0015,1,1443.69,0.05
OI00112585,O0064178,P0147,1,76.69,0.0
OI00112595,O0064186,P0043,2,288.07,0.0
OI00112598,O0064188,P0091,1,173.91,0.0
OI00112641,O0064214,P0106,1,131.03,0.0
OI00112648,O0064218,P0120,1,338.61,0.05
OI00112654,O0064222,P0170,1,9.54,0.0
OI00112677,O0064234,P0159,1,182.43,0.0
OI00112678,O0064234,P0104,1,28.9,0.0
OI00112685,O0064240,P0115,1,69.17,0.0
OI00112699,O0064247,P0072,1,172.4,0.0
OI00112700,O0064247,P0073,1,98.81,0.0
OI00112713,O0064254,P0045,1,408.39,0.0
OI00112714,O0064254,P0021,1,667.53,0.0
OI00112715,O0064254,P0071,1,114.3,0.05
OI00112723,O0064257,P0174,1,18.5,0.0
OI00112724,O0064257,P0128,1,70.63,0.0
OI00112756,O0064275,P0100,1,59.53,0.0
OI00112757,O0064275,P0077,1,416.93,0.0
OI00112771,O0064284,P0048,1,56.81,0.0
OI00112772,O0064285,P0008,1,1162.85,0.0
OI00112773,O0064285,P0011,3,1049.58,0.05
OI00112776,O0064288,P0104,1,30.23,0.0
OI00112777,O0064288,P0037,1,538.89,0.0
OI00112788,O0064295,P0137,1,27.18,0.2
OI00112797,O0064300,P0045,1,415.88,0.0
OI00112798,O0064300,P0022,1,863.02,0.2
OI00112799,O0064301,P0177,1,23.5,0.0
OI00112803,O0064303,P0134,1,131.57,0.0
OI00112804,O0064303,P0024,1,517.11,0.25
OI00112805,O0064303,P0009,1,1299.83,0.15
OI00112808,O0064305,P0099,1,225.97,0.0
OI00112815,O0064310,P0009,1,1284.35,0.1
OI00112816,O0064310,P0124,1,64.55,0.0
OI00112817,O0064311,P0129,1,294.39,0.0
OI00112824,O0064316,P0060,1,134.87,0.0
OI00112843,O0064327,P0178,1,10.72,0.0
OI00112844,O0064327,P0169,1,184.01,0.0
OI00112851,O0064333,P0100,2,62.93,0.0
OI00112871,O0064347,P0097,1,140.08,0.0
OI00112913,O0064371,P0097,1,142.99,0.05
OI00112914,O0064371,P0055,1,334.5,0.0
OI00112915,O0064371,P0175,1,11.88,0.0
OI00112918,O0064373,P0041,1,232.75,0.0
OI00112919,O0064373,P0032,3,913.97,0.0
OI00112920,O0064373,P0033,1,1333.7,0.0
OI00112925,O0064378,P0144,1,13.52,0.0
OI00112926,O0064379,P0015,1,1454.31,0.05
OI00112939,O0064387,P0139,1,25.0,0.1
OI00112950,O0064394,P0111,1,293.46,0.0
OI00112951,O0064394,P0006,1,2123.54,0.0
OI00112952,O0064395,P0116,1,68.35,0.1
OI00112975,O0064409,P0093,1,86.3,0.0
OI00112976,O0064409,P0110,1,74.73,0.0
OI00112977,O0064409,P0163,1,17.66,0.1
OI00112978,O0064409,P0030,1,857.14,0.0
OI00112990,O0064416,P0054,1,55.21,0.25
OI00112991,O0064416,P0087,1,488.66,0.0
OI00112992,O0064416,P0156,1,91.03,0.0
OI00112993,O0064416,P0093,1,86.19,0.0
OI00113007,O0064426,P0030,1,891.77,0.0
OI00113008,O0064426,P0148,1,14.78,0.0
OI00113061,O0064458,P0160,2,24.12,0.05
OI00113065,O0064460,P0010,1,876.36,0.0
OI00113071,O0064464,P0047,2,135.6,0.0
OI00113072,O0064464,P0144,1,14.07,0.0
OI00113083,O0064471,P0106,1,128.77,0.0
OI00113084,O0064471,P0128,1,70.97,0.0
OI00113085,O0064471,P0074,1,253.9,0.1
OI00113086,O0064471,P0050,1,91.43,0.0
OI00113112,O0064488,P0150,1,11.6,0.2
OI00113115,O0064490,P0009,1,1291.52,0.15
OI00113117,O0064492,P0120,1,333.73,0.0
OI00113121,O0064494,P0063,1,58.6,0.0
OI00113130,O0064499,P0137,1,26.86,0.0
OI00113131,O0064499,P0100,1,62.47,0.0
OI00113189,O0064534,P0147,1,78.82,0.1
OI00113190,O0064534,P0029,1,528.21,0.0
OI00113191,O0064534,P0044,1,124.28,0.0
OI00113210,O0064548,P0050,2,96.95,0.0
OI00113213,O0064550,P0100,2,61.35,0.0
OI00113229,O0064560,P0013,1,1100.31,0.0
OI00113230,O0064560,P0151,1,19.68,0.0
OI00113231,O0064560,P0109,1,165.68,0.1
OI00113247,O0064572,P0150,1,11.34,0.05
OI00113248,O0064572,P0080,2,237.82,0.0
OI00113249,O0064572,P0157,1,121.3,0.0
OI00113251,O0064574,P0177,1,22.65,0.0
OI00113252,O0064574,P0115,1,69.54,0.1
OI00113267,O0064583,P0134,1,134.48,0.0
OI00113268,O0064583,P0157,1,122.63,0.2
OI00113269,O0064584,P0106,2,128.46,0.0
OI00113276,O0064588,P0020,2,538.82,0.0
OI00113289,O0064596,P0033,1,1332.54,0.1
OI00113290,O0064596,P0061,1,379.26,0.0
OI00113291,O0064596,P0125,1,298.43,0.0
OI00113304,O0064602,P0108,1,41.86,0.0
OI00113307,O0064605,P0040,1,993.67,0.2
OI00113308,O0064605,P0088,1,304.47,0.0
OI00113309,O0064605,P0171,1,36.93,0.0
OI00113310,O0064606,P0175,1,12.05,0.0
OI00113313,O0064609,P0149,1,18.23,0.0
OI00113372,O0064644,P0024,1,512.93,0.0
OI00113382,O0064651,P0168,1,61.93,0.0
OI00113425,O0064672,P0066,1,266.56,0.1
OI00113426,O0064672,P0047,1,137.78,0.1
OI00113427,O0064672,P0134,1,132.28,0.0
OI00113438,O0064677,P0049,1,338.12,0.0
OI00113448,O0064685,P0171,1,38.78,0.0
OI00113449,O0064685,P0038,1,480.31,0.0
OI00113454,O0064689,P0141,1,23.95,0.0
OI00113455,O0064689,P0040,1,977.31,0.0
OI00113456,O0064690,P0049,1,330.85,0.0
OI00113457,O0064690,P0039,1,522.48,0.1
OI00113458,O0064690,P0101,2,126.12,0.0
OI00113489,O0064711,P0176,1,137.01,0.0
OI00113490,O0064711,P0041,1,227.69,0.1
OI00113494,O0064714,P0158,1,67.74,0.0
OI00113500,O0064717,P0095,1,281.88,0.2
OI00113501,O0064717,P0003,1,1228.52,0.0
OI00113502,O0064717,P0175,1,11.99,0.1
OI00113527,O0064731,P0008,2,1158.83,0.0
OI00113528,O0064731,P0087,1,486.46,0.0
OI00113529,O0064731,P0053,3,352.58,0.0
OI00113530,O0064732,P0162,1,18.55,0.15
OI00113569,O0064754,P0106,1,128.91,0.05
OI00113570,O0064754,P0056,1,128.97,0.1
OI00113572,O0064756,P0061,1,388.64,0.05
OI00113585,O0064764,P0097,1,138.9,0.1
OI00113586,O0064764,P0052,1,40.26,0.0
OI00113587,O0064764,P0103,1,85.66,0.0
OI00113588,O0064765,P0013,1,1081.57,0.0
OI00113594,O0064770,P0116,1,69.39,0.0
OI00113597,O0064772,P0125,1,296.75,0.0
OI00113628,O0064788,P0128,1,68.37,0.0
OI00113629,O0064788,P0115,1,69.79,0.0
OI00113630,O0064788,P0010,1,883.73,0.0
OI00113698,O0064827,P0119,1,33.19,0.0
OI00113703,O0064832,P0021,1,653.56,0.0
OI00113704,O0064832,P0044,1,126.39,0.1
OI00113725,O0064844,P0136,2,86.49,0.0
OI00113726,O0064844,P0026,2,1158.68,0.0
OI00113733,O0064848,P0010,1,895.91,0.0
OI00113734,O0064848,P0087,1,477.57,0.0
OI00113746,O0064853,P0095,1,282.85,0.1
OI00113756,O0064859,P0018,2,1990.05,0.0
OI00113757,O0064859,P0178,1,11.24,0.0
OI00113758,O0064859,P0106,1,127.98,0.0
OI00113759,O0064859,P0180,1,52.99,0.0
OI00113780,O0064869,P0021,1,636.05,0.2
OI00113781,O0064870,P0028,1,1264.58,0.0
OI00113804,O0064882,P0054,1,57.77,0.0
OI00113805,O0064882,P0097,1,137.56,0.0
OI00113806,O0064882,P0175,2,11.87,0.2
OI00113822,O0064891,P0097,1,140.65,0.0
OI00113831,O0064897,P0027,2,903.25,0.0
OI00113832,O0064897,P0077,1,406.71,0.2
OI00113833,O0064898,P0168,1,61.93,0.0
OI00113834,O0064898,P0044,1,118.08,0.0
OI00113841,O0064903,P0042,2,117.86,0.0
OI00113842,O0064903,P0104,1,29.94,0.0
OI00113843,O0064904,P0008,1,1173.14,0.0
OI00113847,O0064907,P0027,1,897.38,0.0
OI00113856,O0064913,P0084,1,651.6,0.0
OI00113871,O0064919,P0001,1,1729.39,0.0
OI00113872,O0064919,P0096,1,86.81,0.0
OI00113880,O0064923,P0009,1,1310.07,0.0
OI00113881,O0064923,P0165,1,40.52,0.0
OI00113903,O0064938,P0030,1,861.8,0.0
OI00113904,O0064938,P0157,1,123.34,0.05
OI00113908,O0064941,P0064,1,130.78,0.0
OI00113909,O0064941,P0106,1,129.58,0.0
OI00113912,O0064943,P0047,1,138.48,0.15
OI00113913,O0064944,P0004,2,985.72,0.0
OI00113914,O0064944,P0128,1,68.58,0.15
OI00113915,O0064944,P0103,1,83.43,0.1
OI00113916,O0064944,P0044,2,120.98,0.0
OI00113950,O0064966,P0100,1,60.32,0.15
OI00113951,O0064966,P0127,1,164.6,0.0
OI00113953,O0064968,P0050,1,91.44,0.0
OI00113954,O0064968,P0156,1,85.21,0.0
OI00113964,O0064974,P0070,1,54.15,0.0
OI00113970,O0064979,P0002,1,913.73,0.0
OI00113971,O0064979,P0091,1,162.58,0.0
OI00114000,O0064998,P0086,1,49.59,0.0
OI00114006,O0065002,P0085,1,512.63,0.0
OI00114008,O0065004,P0170,1,9.52,0.1
OI00114009,O0065004,P0076,1,125.08,0.0
OI00114013,O0065006,P0128,1,71.56,0.0
OI00114018,O0065010,P0051,1,56.56,0.05
OI00114019,O0065010,P0013,1,1074.15,0.0
OI00114020,O0065011,P0136,1,84.85,0.0
OI00114021,O0065012,P0140,1,15.74,0.1
OI00114036,O0065022,P0144,1,13.28,0.0
OI00114037,O0065022,P0097,1,142.5,0.0
OI00114038,O0065022,P0103,1,85.58,0.0
OI00114040,O0065024,P0030,1,876.46,0.0
OI00114041,O0065024,P0107,1,152.66,0.0
OI00114044,O0065026,P0097,3,140.91,0.0
OI00114045,O0065026,P0048,1,56.34,0.15
OI00114046,O0065027,P0131,1,51.37,0.05
OI00114047,O0065027,P0038,1,476.85,0.1
OI00114048,O0065027,P0063,1,59.9,0.1
OI00114054,O0065031,P0033,1,1364.3,0.1
OI00114055,O0065031,P0118,1,122.76,0.0
OI00114069,O0065041,P0007,1,2014.04,0.1
OI00114070,O0065041,P0109,1,171.9,0.1
OI00114072,O0065043,P0174,1,18.19,0.05
OI00114073,O0065043,P0103,1,86.0,0.1
OI00114074,O0065043,P0066,1,277.34,0.0
OI00114075,O0065043,P0022,1,886.6,0.1
OI00114079,O0065046,P0140,1,15.43,0.2
OI00114086,O0065051,P0050,1,91.47,0.05
OI00114087,O0065052,P0116,1,70.91,0.0
OI00114103,O0065063,P0090,1,208.67,0.0
OI00114107,O0065066,P0081,1,400.13,0.1
OI00114122,O0065075,P0098,1,320.53,0.0
OI00114123,O0065075,P0090,1,201.86,0.0
OI00114126,O0065078,P0143,2,112.22,0.05
OI00114129,O0065081,P0056,1,125.36,0.0
OI00114164,O0065101,P0035,1,1074.82,0.0
OI00114165,O0065101,P0144,1,13.73,0.05
OI00114166,O0065102,P0069,1,97.82,0.0
OI00114191,O0065117,P0171,1,37.76,0.0
OI00114200,O0065122,P0002,1,938.32,0.0
OI00114230,O0065139,P0085,1,484.27,0.0
OI00114231,O0065139,P0124,1,66.07,0.0
OI00114253,O0065152,P0115,1,70.7,0.0
OI00114254,O0065152,P0133,1,9.99,0.1
OI00114262,O0065159,P0089,1,354.6,0.05
OI00114263,O0065159,P0175,1,12.27,0.15
OI00114264,O0065159,P0062,1,56.22,0.0
OI00114265,O0065159,P0177,1,23.21,0.0
OI00114266,O0065160,P0057,2,131.78,0.0
OI00114267,O0065160,P0020,2,542.56,0.0
OI00114268,O0065160,P0087,2,480.04,0.0
OI00114269,O0065161,P0107,1,153.38,0.0
OI00114286,O0065173,P0074,1,258.99,0.0
OI00114288,O0065175,P0111,1,285.8,0.0
OI00114289,O0065175,P0012,1,1542.89,0.0
OI00114306,O0065182,P0083,1,721.96,0.0
OI00114307,O0065182,P0062,1,57.89,0.0
OI00114320,O0065192,P0043,1,288.49,0.05
OI00114321,O0065192,P0042,1,117.18,0.0
OI00114322,O0065192,P0035,1,1045.16,0.0
OI00114323,O0065193,P0068,1,142.28,0.0
OI00114324,O0065193,P0130,1,29.45,0.0
OI00114342,O0065201,P0166,1,33.6,0.05
OI00114343,O0065201,P0127,1,161.12,0.0
OI00114374,O0065219,P0089,1,353.84,0.0
OI00114387,O0065227,P0032,1,855.09,0.0
OI00114393,O0065230,P0074,1,265.2,0.0
OI00114414,O0065243,P0111,1,301.08,0.0
OI00114415,O0065243,P0107,1,156.55,0.0
OI00114418,O0065245,P0111,1,294.55,0.15
OI00114419,O0065245,P0103,1,84.57,0.0
OI00114420,O0065245,P0044,1,123.12,0.0
OI00114425,O0065248,P0112,1,40.44,0.2
OI00114427,O0065250,P0070,1,54.58,0.0
OI00114428,O0065250,P0166,1,32.84,0.0
OI00114429,O0065251,P0057,1,134.02,0.0
OI00114430,O0065251,P0081,2,395.48,0.0
OI00114450,O0065261,P0060,2,133.08,0.15
OI00114451,O0065261,P0041,1,224.59,0.0
OI00114464,O0065269,P0115,1,67.47,0.05
OI00114465,O0065269,P0079,1,172.59,0.0
OI00114466,O0065269,P0119,2,33.3,0.05
OI00114476,O0065277,P0007,1,1969.32,0.0
OI00114477,O0065277,P0122,1,385.82,0.05
OI00114478,O0065278,P0171,2,37.66,0.0
OI00114479,O0065278,P0036,1,713.2,0.0
OI00114480,O0065278,P0176,1,135.98,0.0
OI00114481,O0065279,P0005,1,1313.09,0.1
OI00114482,O0065279,P0125,1,296.75,0.0
OI00114483,O0065279,P0100,1,61.67,0.0
OI00114484,O0065280,P0074,1,259.42,0.0
OI00114485,O0065280,P0171,2,38.65,0.0
OI00114505,O0065291,P0134,1,133.73,0.0
OI00114519,O0065299,P0037,2,534.55,0.0
OI00114520,O0065299,P0105,1,130.59,0.0
OI00114522,O0065301,P0004,1,1000.31,0.2
OI00114523,O0065301,P0148,1,14.9,0.0
OI00114549,O0065313,P0015,1,1473.45,0.05
OI00114550,O0065314,P0052,1,40.39,0.0
OI00114556,O0065319,P0167,1,127.38,0.05
OI00114557,O0065319,P0064,1,127.71,0.0
OI00114559,O0065321,P0107,1,157.25,0.2
OI00114561,O0065323,P0145,1,159.17,0.2
OI00114562,O0065323,P0107,1,155.03,0.0
OI00114563,O0065323,P0159,1,180.94,0.0
OI00114564,O0065323,P0113,1,99.63,0.1
OI00114577,O0065331,P0037,1,532.71,0.15
OI00114578,O0065331,P0003,1,1239.15,0.0
OI00114579,O0065331,P0076,1,121.46,0.1
OI00114600,O0065344,P0031,1,1309.53,0.15
OI00114603,O0065346,P0151,1,19.58,0.0
OI00114604,O0065346,P0115,1,67.52,0.05
OI00114613,O0065351,P0096,1,84.18,0.1
OI00114614,O0065351,P0029,1,534.93,0.0
OI00114615,O0065351,P0035,1,1076.04,0.0
OI00114616,O0065352,P0063,1,60.59,0.0
OI00114617,O0065352,P0144,1,13.38,0.0
OI00114618,O0065352,P0133,1,9.8,0.2
OI00114619,O0065352,P0047,2,131.62,0.0
OI00114635,O0065360,P0171,1,38.4,0.0
OI00114649,O0065367,P0019,1,405.3,0.0
OI00114650,O0065367,P0094,1,73.36,0.0
OI00114672,O0065380,P0166,1,33.21,0.0
OI00114673,O0065380,P0013,1,1062.33,0.05
OI00114681,O0065385,P0035,1,1065.56,0.0
OI00114690,O0065390,P0006,1,2221.66,0.15
OI00114696,O0065395,P0170,1,9.78,0.0
OI00114697,O0065395,P0091,2,168.83,0.0
OI00114723,O0065409,P0145,1,166.44,0.0
OI00114728,O0065413,P0096,2,86.51,0.0
OI00114729,O0065413,P0048,1,55.4,0.05
OI00114732,O0065415,P0010,1,874.23,0.0
OI00114745,O0065422,P0068,1,144.53,0.0
OI00114746,O0065422,P0176,2,134.26,0.1
OI00114750,O0065425,P0052,2,39.73,0.05
OI00114751,O0065425,P0091,1,166.95,0.0
OI00114767,O0065435,P0108,1,41.64,0.0
OI00114768,O0065435,P0067,1,283.67,0.0
OI00114783,O0065444,P0113,1,101.87,0.0
OI00114784,O0065444,P0021,1,670.81,0.0
OI00114785,O0065444,P0105,1,130.99,0.0
OI00114802,O0065454,P0036,1,709.97,0.1
OI00114830,O0065469,P0035,1,1006.19,0.0
OI00114831,O0065469,P0142,1,12.54,0.05
OI00114853,O0065481,P0173,1,44.57,0.0
OI00114873,O0065492,P0149,1,17.9,0.0
OI00114874,O0065492,P0179,2,81.58,0.0
OI00114875,O0065492,P0029,1,506.28,0.0
OI00114886,O0065498,P0069,1,96.7,0.0
OI00114887,O0065498,P0077,1,429.19,0.0
OI00114892,O0065501,P0092,1,197.59,0.1
OI00114893,O0065501,P0146,1,53.68,0.05
OI00114894,O0065502,P0092,1,197.58,0.0
OI00114895,O0065502,P0138,1,35.84,0.15
OI00114896,O0065502,P0070,1,53.8,0.0
OI00114917,O0065515,P0011,2,1046.06,0.0
OI00114918,O0065515,P0112,1,39.88,0.0
OI00114927,O0065521,P0050,1,89.32,0.0
OI00114928,O0065521,P0019,1,405.77,0.0
OI00114929,O0065521,P0089,1,352.79,0.0
OI00114930,O0065521,P0128,2,69.18,0.05
OI00114931,O0065522,P0165,1,40.84,0.05
OI00114932,O0065522,P0153,1,42.32,0.0
OI00114933,O0065523,P0025,1,425.43,0.0
OI00114934,O0065523,P0137,1,26.22,0.0
OI00114935,O0065524,P0080,1,241.4,0.2
OI00114936,O0065524,P0174,3,18.38,0.0
OI00114937,O0065524,P0058,1,146.65,0.0
OI00114938,O0065525,P0067,1,288.97,0.0
OI00114945,O0065529,P0028,1,1229.07,0.0
OI00114961,O0065540,P0124,1,65.61,0.0
OI00114962,O0065540,P0086,1,49.36,0.0
OI00114968,O0065545,P0145,1,169.54,0.1
OI00114981,O0065553,P0064,2,128.7,0.05
OI00114990,O0065559,P0011,1,1042.6,0.05
OI00114991,O0065559,P0038,1,466.15,0.0
OI00114992,O0065559,P0121,1,145.18,0.0
OI00115011,O0065570,P0071,2,114.55,0.0
OI00115049,O0065588,P0113,1,100.8,0.0
OI00115050,O0065588,P0066,1,273.63,0.0
OI00115057,O0065592,P0133,1,9.87,0.0
OI00115058,O0065593,P0136,1,84.2,0.0
OI00115077,O0065603,P0136,1,87.27,0.05
OI00115107,O0065622,P0133,1,10.09,0.0
OI00115108,O0065623,P0107,3,153.39,0.0
OI00115111,O0065626,P0022,1,867.83,0.2
OI00115127,O0065633,P0166,1,33.74,0.15
OI00115131,O0065635,P0101,1,128.24,0.0
OI00115147,O0065644,P0180,2,50.12,0.05
OI00115148,O0065645,P0098,1,324.09,0.0
OI00115149,O0065645,P0121,1,148.55,0.0
OI00115156,O0065649,P0114,1,29.41,0.25
OI00115157,O0065649,P0170,2,9.16,0.0
OI00115198,O0065672,P0050,1,93.15,0.0
OI00115199,O0065672,P0141,1,24.64,0.0
OI00115222,O0065685,P0024,1,495.09,0.0
OI00115223,O0065685,P0180,2,52.96,0.0
OI00115225,O0065687,P0094,1,74.78,0.0
OI00115226,O0065687,P0129,1,302.4,0.0
OI00115227,O0065687,P0110,2,73.92,0.0
OI00115232,O0065689,P0128,1,70.87,0.0
OI00115233,O0065689,P0130,1,30.35,0.0
OI00115234,O0065689,P0164,1,38.57,0.25
OI00115247,O0065697,P0176,1,136.51,0.15
OI00115258,O0065704,P0085,1,491.9,0.0
OI00115259,O0065704,P0106,1,130.59,0.2
OI00115260,O0065704,P0145,1,161.72,0.0
OI00115261,O0065704,P0141,1,24.06,0.0
OI00115264,O0065707,P0040,1,979.87,0.0
OI00115276,O0065716,P0171,1,37.68,0.0
OI00115287,O0065721,P0168,1,62.93,0.05
OI00115289,O0065723,P0123,1,50.1,0.0
OI00115290,O0065723,P0025,1,415.11,0.0
OI00115291,O0065723,P0096,1,88.05,0.0
OI00115313,O0065734,P0112,1,39.14,0.0
OI00115326,O0065743,P0049,1,325.91,0.0
OI00115344,O0065754,P0046,1,323.24,0.0
OI00115347,O0065756,P0060,1,135.38,0.0
OI00115348,O0065756,P0046,1,337.57,0.0
OI00115365,O0065764,P0076,1,123.38,0.05
OI00115366,O0065764,P0141,1,24.05,0.0
OI00115375,O0065768,P0023,1,992.51,0.0
OI00115376,O0065768,P0049,2,346.92,0.0
OI00115380,O0065771,P0042,2,122.54,0.1
OI00115386,O0065774,P0134,1,130.56,0.0
OI00115389,O0065776,P0031,3,1291.99,0.15
OI00115390,O0065776,P0108,1,42.18,0.0
OI00115395,O0065779,P0167,1,129.89,0.0
OI00115396,O0065779,P0047,2,138.8,0.0
OI00115404,O0065785,P0074,1,259.17,0.1
OI00115405,O0065785,P0066,1,265.75,0.0
OI00115409,O0065787,P0112,1,39.65,0.0
OI00115431,O0065800,P0065,1,310.75,0.0
OI00115432,O0065800,P0054,1,57.31,0.0
OI00115496,O0065834,P0152,1,15.02,0.05
OI00115497,O0065834,P0107,1,156.5,0.0
OI00115515,O0065846,P0052,1,39.23,0.15
OI00115516,O0065846,P0042,1,119.1,0.1
OI00115525,O0065853,P0096,1,85.62,0.0
OI00115526,O0065853,P0102,1,50.13,0.0
OI00115527,O0065853,P0152,1,15.07,0.0
OI00115535,O0065859,P0152,1,15.68,0.0
OI00115550,O0065869,P0076,2,118.37,0.0
OI00115557,O0065873,P0097,2,140.24,0.0
OI00115558,O0065873,P0014,1,820.9,0.05
OI00115559,O0065873,P0172,1,21.52,0.15
OI00115565,O0065877,P0042,1,121.28,0.2
OI00115588,O0065891,P0117,1,30.82,0.0
OI00115602,O0065898,P0138,1,35.3,0.0
OI00115603,O0065898,P0173,1,45.49,0.0
OI00115604,O0065898,P0003,1,1204.67,0.0
OI00115610,O0065903,P0160,1,24.13,0.05
OI00115611,O0065903,P0061,1,377.71,0.15
OI00115612,O0065903,P0121,1,145.08,0.0
OI00115613,O0065903,P0109,1,165.3,0.0
OI00115620,O0065908,P0042,1,120.45,0.1
OI00115621,O0065908,P0176,1,135.38,0.15
OI00115622,O0065908,P0135,1,185.1,0.1
OI00115634,O0065916,P0110,1,73.19,0.2
OI00115635,O0065917,P0159,2,178.77,0.0
OI00115636,O0065917,P0170,1,9.66,0.0
OI00115637,O0065917,P0063,1,59.3,0.0
OI00115638,O0065917,P0085,1,488.02,0.0
OI00115639,O0065918,P0135,1,180.69,0.0
OI00115640,O0065918,P0065,1,328.06,0.05
OI00115641,O0065918,P0152,1,15.18,0.05
OI00115642,O0065919,P0096,1,84.88,0.05
OI00115643,O0065919,P0106,1,129.0,0.0
OI00115649,O0065924,P0108,1,40.3,0.0
OI00115658,O0065929,P0073,1,94.49,0.1
OI00115659,O0065929,P0044,3,125.11,0.1
OI00115679,O0065944,P0110,1,73.67,0.0
OI00115680,O0065944,P0174,1,17.82,0.0
OI00115695,O0065955,P0071,1,113.8,0.0
OI00115696,O0065955,P0015,1,1425.77,0.0
OI00115697,O0065955,P0149,1,17.73,0.0
OI00115719,O0065967,P0119,1,32.96,0.0
OI00115720,O0065968,P0104,1,28.98,0.0
OI00115722,O0065970,P0134,1,135.88,0.0
OI00115723,O0065970,P0107,1,149.84,0.0
OI00115724,O0065970,P0051,3,55.69,0.0
OI00115731,O0065976,P0105,1,131.8,0.0
OI00115732,O0065976,P0133,1,9.75,0.0
OI00115746,O0065982,P0094,1,73.07,0.0
OI00115747,O0065982,P0006,1,2189.17,0.15
OI00115751,O0065984,P0082,1,377.8,0.0
OI00115752,O0065984,P0064,1,130.35,0.05
OI00115755,O0065986,P0080,1,235.55,0.0
OI00115779,O0065999,P0072,2,168.75,0.05
OI00115780,O0065999,P0147,1,76.08,0.2
OI00115781,O0065999,P0088,1,298.19,0.05
OI00115797,O0066007,P0154,1,56.37,0.0
OI00115798,O0066007,P0134,1,125.7,0.0
OI00115799,O0066007,P0129,1,297.8,0.1
OI00115807,O0066013,P0032,1,868.78,0.0
OI00115814,O0066018,P0146,1,51.67,0.0
OI00115823,O0066023,P0066,3,266.54,0.05
OI00115824,O0066023,P0005,1,1358.37,0.1
OI00115827,O0066026,P0024,1,512.86,0.05
OI00115828,O0066026,P0045,1,410.56,0.1
OI00115829,O0066027,P0154,3,56.4,0.0
OI00115830,O0066027,P0128,1,70.99,0.25
OI00115835,O0066029,P0062,1,56.65,0.15
OI00115836,O0066029,P0158,1,66.32,0.0
OI00115858,O0066041,P0060,1,135.33,0.0
OI00115859,O0066041,P0103,1,85.45,0.0
OI00115874,O0066048,P0023,1,986.63,0.0
OI00115875,O0066048,P0027,1,888.92,0.05
OI00115883,O0066053,P0046,2,324.7,0.0
OI00115884,O0066053,P0087,2,495.11,0.0
OI00115887,O0066055,P0107,1,155.98,0.0
OI00115924,O0066079,P0168,1,62.44,0.0
OI00115932,O0066083,P0023,1,1029.62,0.0
OI00115933,O0066083,P0109,1,166.4,0.0
OI00115947,O0066089,P0087,1,485.02,0.0
OI00115950,O0066091,P0148,3,14.69,0.0
OI00115956,O0066094,P0091,1,172.08,0.1
OI00115963,O0066097,P0081,1,389.63,0.2
OI00115964,O0066097,P0045,1,398.24,0.2
OI00115965,O0066097,P0084,1,634.49,0.05
OI00115998,O0066120,P0162,1,19.18,0.0
OI00115999,O0066120,P0035,1,1029.27,0.0
OI00116005,O0066123,P0059,1,50.16,0.0
OI00116006,O0066123,P0029,2,514.27,0.0
OI00116007,O0066123,P0120,1,333.68,0.2
OI00116017,O0066130,P0021,2,637.46,0.0
OI00116025,O0066136,P0060,1,140.85,0.0
OI00116035,O0066142,P0102,1,51.51,0.0
OI00116036,O0066142,P0036,1,718.47,0.0
OI00116037,O0066142,P0066,1,270.76,0.0
OI00116136,O0066198,P0071,1,112.42,0.05
OI00116142,O0066203,P0137,1,26.88,0.0
OI00116153,O0066209,P0049,1,342.73,0.05
OI00116171,O0066221,P0129,1,300.43,0.0
OI00116196,O0066234,P0076,1,123.1,0.0
OI00116201,O0066238,P0002,1,928.28,0.0
OI00116204,O0066240,P0114,1,28.39,0.0
OI00116205,O0066240,P0110,1,74.09,0.0
OI00116235,O0066256,P0129,1,301.25,0.0
OI00116236,O0066256,P0024,1,505.87,0.0
OI00116237,O0066256,P0034,1,552.5,0.15
OI00116254,O0066267,P0178,1,11.21,0.0
OI00116255,O0066268,P0056,1,128.72,0.0
OI00116278,O0066285,P0127,1,159.14,0.0
OI00116295,O0066293,P0129,1,292.63,0.1
OI00116296,O0066293,P0041,1,236.62,0.0
OI00116297,O0066293,P0027,3,917.22,0.0
OI00116309,O0066300,P0001,2,1700.75,0.05
OI00116314,O0066304,P0082,1,373.01,0.1
OI00116315,O0066304,P0139,1,24.95,0.0
OI00116316,O0066304,P0109,3,169.74,0.0
OI00116321,O0066307,P0058,1,152.29,0.0
OI00116323,O0066309,P0097,1,138.51,0.0
OI00116324,O0066309,P0126,1,184.22,0.0
OI00116328,O0066312,P0079,1,177.57,0.0
OI00116374,O0066339,P0139,1,23.08,0.0
OI00116375,O0066340,P0167,1,123.84,0.0
OI00116376,O0066340,P0173,1,44.61,0.0
OI00116389,O0066348,P0014,1,836.52,0.0
OI00116390,O0066348,P0177,1,23.41,0.0
OI00116403,O0066356,P0126,1,186.83,0.05
OI00116404,O0066356,P0062,1,57.88,0.15
OI00116439,O0066378,P0050,1,93.85,0.0
OI00116449,O0066385,P0125,2,293.06,0.15
OI00116456,O0066389,P0045,1,402.09,0.0
OI00116457,O0066389,P0080,1,242.17,0.0
OI00116477,O0066402,P0129,2,310.73,0.0
OI00116478,O0066402,P0009,1,1286.37,0.0
OI00116480,O0066404,P0147,1,76.09,0.0
OI00116484,O0066407,P0088,2,296.95,0.1
OI00116485,O0066407,P0154,2,57.24,0.0
OI00116493,O0066411,P0107,1,157.48,0.0
OI00116502,O0066418,P0078,1,131.82,0.0
OI00116521,O0066432,P0031,1,1336.82,0.0
OI00116551,O0066449,P0069,2,100.16,0.0
OI00116552,O0066449,P0153,1,45.32,0.0
OI00116553,O0066450,P0062,1,57.93,0.0
OI00116554,O0066450,P0091,2,167.56,0.0
OI00116555,O0066450,P0162,1,19.49,0.0
OI00116558,O0066452,P0136,1,87.32,0.0
OI00116559,O0066453,P0091,1,166.56,0.0
OI00116562,O0066456,P0038,1,488.78,0.0
OI00116563,O0066456,P0050,1,93.54,0.05
OI00116564,O0066456,P0087,1,471.39,0.1
OI00116604,O0066478,P0116,1,69.6,0.05
OI00116605,O0066478,P0037,1,523.97,0.0
OI00116606,O0066478,P0123,2,50.43,0.0
OI00116607,O0066478,P0125,2,282.27,0.0
OI00116615,O0066483,P0111,1,282.35,0.25
OI00116616,O0066483,P0144,1,13.51,0.0
OI00116617,O0066483,P0028,1,1267.93,0.0
OI00116636,O0066494,P0028,1,1243.24,0.0
OI00116637,O0066494,P0068,1,144.35,0.1
OI00116638,O0066494,P0103,1,84.91,0.25
OI00116639,O0066494,P0127,1,161.1,0.0
OI00116653,O0066502,P0069,1,96.67,0.05
OI00116692,O0066522,P0089,1,360.31,0.0
OI00116695,O0066525,P0033,1,1315.68,0.0
OI00116696,O0066525,P0157,3,120.58,0.0
OI00116697,O0066525,P0039,1,521.34,0.0
OI00116713,O0066535,P0082,1,389.14,0.0
OI00116714,O0066535,P0177,1,22.47,0.0
OI00116715,O0066535,P0030,3,825.17,0.0
OI00116736,O0066546,P0049,1,336.68,0.0
OI00116737,O0066546,P0009,1,1278.85,0.0
OI00116742,O0066549,P0127,2,157.11,0.0
OI00116743,O0066549,P0112,1,39.59,0.0
OI00116756,O0066555,P0097,1,134.94,0.15
OI00116757,O0066555,P0055,1,331.75,0.1
OI00116758,O0066556,P0179,1,82.84,0.0
OI00116767,O0066562,P0164,1,39.62,0.0
OI00116768,O0066562,P0047,1,141.92,0.0
OI00116790,O0066575,P0095,1,278.82,0.05
OI00116808,O0066588,P0177,1,22.34,0.15
OI00116869,O0066622,P0116,1,69.35,0.0
OI00116870,O0066623,P0175,2,12.17,0.0
OI00116875,O0066625,P0051,1,58.12,0.0
OI00116888,O0066632,P0150,1,11.17,0.15
OI00116889,O0066632,P0030,1,839.96,0.0
OI00116890,O0066632,P0004,1,1018.09,0.0
OI00116896,O0066636,P0068,2,142.07,0.0
OI00116903,O0066641,P0028,1,1181.27,0.1
OI00116904,O0066641,P0047,1,141.44,0.0
OI00116916,O0066648,P0031,1,1363.91,0.0
OI00116925,O0066654,P0083,1,719.66,0.0
OI00116926,O0066654,P0158,1,68.92,0.05
OI00116954,O0066674,P0110,2,72.78,0.0
OI00116960,O0066677,P0124,1,65.4,0.1
OI00116961,O0066677,P0154,1,56.5,0.2
OI00116979,O0066686,P0130,2,30.67,0.0
OI00116980,O0066686,P0127,1,161.34,0.25
OI00116996,O0066696,P0111,1,285.43,0.0
OI00116997,O0066697,P0049,1,341.2,0.0
OI00116998,O0066697,P0118,2,129.49,0.05
OI00117000,O0066699,P0052,1,39.48,0.2
OI00117001,O0066699,P0008,1,1146.39,0.0
OI00117004,O0066701,P0021,1,644.08,0.0
OI00117005,O0066701,P0126,1,188.8,0.0
OI00117006,O0066701,P0163,1,18.45,0.0
OI00117007,O0066701,P0108,1,41.45,0.15
OI00117033,O0066716,P0065,1,312.44,0.15
OI00117036,O0066718,P0095,1,288.85,0.0
OI00117037,O0066718,P0123,1,48.18,0.0
OI00117053,O0066726,P0015,1,1454.01,0.0
OI00117086,O0066742,P0139,2,24.32,0.0
OI00117087,O0066742,P0152,1,14.95,0.0
OI00117092,O0066745,P0120,1,341.7,0.0
OI00117093,O0066745,P0087,1,492.35,0.0
OI00117098,O0066748,P0005,1,1339.16,0.0
OI00117099,O0066748,P0062,1,54.54,0.0
OI00117100,O0066748,P0142,1,12.28,0.0
OI00117178,O0066791,P0036,1,725.34,0.1
OI00117179,O0066791,P0115,1,66.58,0.1
OI00117192,O0066797,P0058,1,149.9,0.0
OI00117197,O0066800,P0057,1,135.54,0.0
OI00117198,O0066800,P0092,1,194.17,0.0
OI00117199,O0066801,P0090,1,201.1,0.0
OI00117200,O0066801,P0082,1,376.8,0.0
OI00117213,O0066809,P0104,1,30.48,0.0
OI00117214,O0066809,P0006,1,2188.07,0.1
OI00117215,O0066809,P0176,1,140.58,0.25
OI00117227,O0066816,P0135,1,186.66,0.0
OI00117242,O0066824,P0021,1,641.49,0.0
OI00117243,O0066824,P0110,1,72.81,0.15
OI00117247,O0066827,P0039,1,511.76,0.15
OI00117248,O0066827,P0170,1,9.12,0.0
OI00117249,O0066827,P0117,1,31.61,0.0
OI00117262,O0066835,P0137,1,26.11,0.0
OI00117263,O0066835,P0118,1,126.9,0.05
OI00117264,O0066835,P0024,2,512.81,0.0
OI00117273,O0066841,P0038,1,483.3,0.15
OI00117274,O0066842,P0030,1,851.42,0.1
OI00117287,O0066852,P0038,1,481.13,0.0
OI00117289,O0066854,P0110,1,71.19,0.0
OI00117302,O0066861,P0046,1,336.61,0.0
OI00117303,O0066861,P0035,1,1060.29,0.0
OI00117304,O0066861,P0071,1,117.03,0.0
OI00117305,O0066862,P0096,1,86.11,0.0
OI00117312,O0066867,P0084,2,649.06,0.0
OI00117313,O0066867,P0020,1,543.53,0.0
OI00117314,O0066867,P0061,1,372.38,0.0
OI00117327,O0066876,P0139,1,23.88,0.0
OI00117328,O0066876,P0123,1,48.91,0.0
OI00117373,O0066905,P0103,1,86.01,0.15
OI00117374,O0066905,P0155,1,49.59,0.05
OI00117380,O0066909,P0105,1,131.38,0.0
OI00117390,O0066915,P0125,1,296.49,0.0
OI00117392,O0066917,P0075,1,54.17,0.0
OI00117430,O0066941,P0154,1,54.96,0.1
OI00117433,O0066943,P0013,1,1078.5,0.0
OI00117434,O0066943,P0135,1,183.16,0.0
OI00117450,O0066952,P0161,1,61.06,0.1
OI00117451,O0066952,P0178,1,10.87,0.1
OI00117454,O0066955,P0045,1,397.91,0.0
OI00117455,O0066955,P0150,1,11.57,0.0
OI00117469,O0066963,P0090,1,206.27,0.0
OI00117470,O0066963,P0011,1,1059.79,0.0
OI00117471,O0066964,P0103,1,84.86,0.1
OI00117476,O0066968,P0075,2,54.56,0.0
OI00117477,O0066968,P0079,1,176.39,0.0
OI00117480,O0066971,P0077,1,409.88,0.25
OI00117481,O0066971,P0009,1,1269.67,0.0
OI00117483,O0066973,P0097,1,140.75,0.0
OI00117487,O0066976,P0116,3,68.33,0.15
OI00117488,O0066976,P0085,1,487.4,0.0
OI00117504,O0066984,P0077,1,411.7,0.0
OI00117534,O0067001,P0075,2,54.7,0.0
OI00117535,O0067001,P0002,1,911.48,0.0
OI00117536,O0067001,P0093,2,83.1,0.1
OI00117555,O0067011,P0102,1,49.76,0.0
OI00117558,O0067013,P0105,1,130.48,0.0
OI00117570,O0067022,P0108,1,40.96,0.0
OI00117571,O0067022,P0144,1,13.78,0.0
OI00117572,O0067022,P0107,1,154.26,0.0
OI00117579,O0067026,P0001,1,1685.35,0.0
OI00117580,O0067026,P0160,1,23.1,0.1
OI00117585,O0067030,P0069,1,97.09,0.0
OI00117586,O0067030,P0109,1,167.15,0.0
OI00117620,O0067048,P0061,1,390.54,0.15
OI00117626,O0067051,P0088,1,297.12,0.1
OI00117627,O0067051,P0060,1,135.47,0.0
OI00117629,O0067053,P0077,1,415.33,0.0
OI00117630,O0067053,P0026,2,1179.7,0.0
OI00117631,O0067053,P0043,1,295.0,0.0
OI00117632,O0067053,P0114,1,30.19,0.15
OI00117637,O0067056,P0055,1,332.63,0.1
OI00117642,O0067059,P0077,1,417.22,0.0
OI00117680,O0067080,P0102,1,51.81,0.0
OI00117713,O0067101,P0154,1,58.9,0.0
OI00117714,O0067101,P0091,2,171.0,0.0
OI00117719,O0067104,P0088,2,311.49,0.0
OI00117735,O0067116,P0051,1,56.44,0.0
OI00117744,O0067121,P0104,1,29.48,0.0
OI00117745,O0067121,P0033,1,1347.08,0.0
OI00117751,O0067126,P0067,1,292.7,0.1
OI00117805,O0067161,P0139,1,24.55,0.0
OI00117809,O0067163,P0114,1,29.78,0.1
OI00117819,O0067169,P0070,1,53.53,0.15
OI00117823,O0067172,P0073,1,97.14,0.1
OI00117824,O0067172,P0148,2,15.51,0.1
OI00117844,O0067184,P0160,2,24.11,0.2
OI00117845,O0067184,P0094,1,73.47,0.0
OI00117846,O0067185,P0127,1,158.72,0.0
OI00117847,O0067185,P0109,1,171.96,0.0
OI00117848,O0067186,P0011,1,1074.76,0.0
OI00117849,O0067186,P0056,1,131.19,0.0
OI00117850,O0067186,P0100,2,63.35,0.05
OI00117854,O0067189,P0064,2,126.04,0.05
OI00117855,O0067189,P0061,1,382.58,0.0
OI00117856,O0067189,P0070,1,52.83,0.0
OI00117890,O0067208,P0118,1,125.36,0.0
OI00117896,O0067213,P0160,2,24.71,0.0
OI00117897,O0067213,P0147,2,77.76,0.0
OI00117898,O0067213,P0142,1,12.27,0.1
OI00117899,O0067214,P0165,1,40.63,0.0
OI00117903,O0067217,P0082,1,382.48,0.0
OI00117904,O0067217,P0139,2,24.67,0.0
OI00117906,O0067219,P0119,1,33.16,0.15
OI00117907,O0067219,P0019,1,399.92,0.0
OI00117930,O0067234,P0018,1,1985.98,0.1
OI00117935,O0067236,P0039,1,523.14,0.05
OI00117936,O0067236,P0082,1,376.43,0.0
OI00117937,O0067236,P0011,1,1072.85,0.0
OI00117941,O0067239,P0049,2,344.39,0.1
OI00117942,O0067239,P0021,1,648.43,0.0
OI00117943,O0067239,P0178,1,11.21,0.1
OI00117944,O0067240,P0032,1,887.45,0.0
OI00117945,O0067240,P0156,1,89.24,0.0
OI00117996,O0067265,P0018,1,1919.06,0.0
OI00117997,O0067265,P0082,1,376.65,0.0
OI00117998,O0067265,P0063,1,59.0,0.0
OI00118008,O0067270,P0131,1,49.61,0.05
OI00118019,O0067276,P0007,1,1990.49,0.05
OI00118020,O0067276,P0042,2,119.63,0.0
OI00118021,O0067276,P0029,1,522.69,0.0
OI00118027,O0067279,P0103,1,84.84,0.0
OI00118028,O0067280,P0172,1,22.35,0.15
OI00118043,O0067290,P0034,1,557.63,0.0
OI00118064,O0067302,P0040,1,964.85,0.0
OI00118065,O0067302,P0046,1,328.88,0.1
OI00118072,O0067306,P0001,2,1689.25,0.2
OI00118080,O0067309,P0125,3,292.36,0.0
OI00118110,O0067328,P0148,1,15.19,0.15
OI00118111,O0067328,P0177,1,23.1,0.0
OI00118113,O0067330,P0139,1,23.98,0.15
OI00118143,O0067351,P0153,1,42.19,0.0
OI00118162,O0067361,P0031,1,1359.02,0.0
OI00118166,O0067365,P0143,1,109.28,0.0
OI00118167,O0067365,P0068,2,142.92,0.1
OI00118172,O0067367,P0035,2,1036.23,0.0
OI00118197,O0067386,P0018,1,2008.29,0.0
OI00118237,O0067412,P0155,1,49.46,0.2
OI00118238,O0067412,P0148,1,14.93,0.1
OI00118239,O0067412,P0075,1,53.72,0.0
OI00118254,O0067424,P0057,1,134.66,0.0
OI00118255,O0067424,P0054,1,56.95,0.0
OI00118265,O0067431,P0096,1,85.91,0.1
OI00118266,O0067431,P0056,1,127.66,0.0
OI00118274,O0067437,P0001,1,1746.65,0.0
OI00118275,O0067437,P0156,2,85.68,0.0
OI00118276,O0067437,P0007,1,2028.53,0.0
OI00118283,O0067442,P0116,1,70.61,0.0
OI00118287,O0067445,P0124,1,64.99,0.15
OI00118288,O0067445,P0001,1,1679.76,0.0
OI00118320,O0067463,P0055,1,343.3,0.0
OI00118321,O0067463,P0163,2,17.97,0.0
OI00118322,O0067463,P0069,1,100.6,0.0
OI00118323,O0067464,P0057,1,132.94,0.05
OI00118324,O0067464,P0025,1,422.21,0.0
OI00118329,O0067467,P0145,1,161.51,0.0
OI00118330,O0067467,P0046,1,329.31,0.0
OI00118338,O0067471,P0137,1,26.25,0.15
OI00118341,O0067473,P0011,1,1106.6,0.05
OI00118342,O0067473,P0143,1,110.71,0.0
OI00118347,O0067478,P0142,1,12.37,0.15
OI00118348,O0067478,P0140,1,15.29,0.0
OI00118358,O0067484,P0026,1,1157.2,0.1
OI00118359,O0067484,P0001,1,1731.48,0.1
OI00118363,O0067487,P0091,3,168.48,0.0
OI00118385,O0067498,P0091,1,167.22,0.0
OI00118386,O0067498,P0024,1,527.58,0.15
OI00118407,O0067509,P0105,1,134.81,0.0
OI00118408,O0067509,P0008,2,1155.92,0.0
OI00118419,O0067515,P0001,1,1735.12,0.1
OI00118420,O0067515,P0178,1,11.11,0.0
OI00118421,O0067515,P0041,1,232.76,0.0
OI00118449,O0067531,P0043,1,292.62,0.0
OI00118450,O0067531,P0003,1,1213.24,0.2
OI00118462,O0067537,P0035,1,1013.22,0.0
OI00118497,O0067560,P0044,2,120.5,0.0
OI00118498,O0067561,P0151,1,19.54,0.0
OI00118499,O0067561,P0019,1,414.76,0.0
OI00118503,O0067564,P0035,2,1082.27,0.05
OI00118504,O0067564,P0038,1,483.51,0.0
OI00118518,O0067572,P0157,1,122.34,0.05
OI00118519,O0067572,P0075,2,53.92,0.0
OI00118520,O0067572,P0012,1,1488.44,0.0
OI00118526,O0067576,P0091,1,171.2,0.0
OI00118527,O0067576,P0040,1,1015.27,0.0
OI00118546,O0067584,P0148,1,15.03,0.05
OI00118547,O0067584,P0095,1,288.41,0.0
OI00118548,O0067584,P0154,1,58.59,0.0
OI00118557,O0067591,P0137,1,25.72,0.15
OI00118578,O0067606,P0128,1,70.23,0.05
OI00118579,O0067606,P0070,1,54.5,0.0
OI00118607,O0067621,P0031,2,1348.04,0.0
OI00118631,O0067634,P0094,1,72.78,0.05
OI00118641,O0067639,P0129,1,304.32,0.0
OI00118642,O0067639,P0124,1,64.15,0.1
OI00118678,O0067664,P0103,1,85.99,0.0
OI00118679,O0067664,P0095,1,289.08,0.0
OI00118685,O0067669,P0025,3,416.79,0.0
OI00118686,O0067669,P0107,1,154.7,0.0
OI00118697,O0067675,P0058,1,151.77,0.05
OI00118717,O0067684,P0098,1,316.92,0.0
OI00118718,O0067684,P0091,1,166.38,0.0
OI00118723,O0067689,P0053,1,349.65,0.1
OI00118724,O0067689,P0109,1,171.61,0.05
OI00118751,O0067702,P0026,1,1166.8,0.0
OI00118762,O0067708,P0054,1,56.14,0.0
OI00118763,O0067708,P0041,1,228.18,0.05
OI00118791,O0067728,P0052,2,39.57,0.1
OI00118792,O0067728,P0026,1,1146.7,0.0
OI00118822,O0067749,P0120,1,333.65,0.15
OI00118823,O0067749,P0072,1,176.29,0.0
OI00118824,O0067749,P0174,1,18.41,0.0
OI00118825,O0067749,P0126,1,191.22,0.0
OI00118829,O0067752,P0019,1,410.23,0.1
OI00118830,O0067752,P0117,1,30.26,0.0
OI00118831,O0067753,P0129,2,300.48,0.0
OI00118859,O0067767,P0135,1,175.56,0.0
OI00118877,O0067778,P0052,1,40.01,0.0
OI00118878,O0067779,P0145,1,167.05,0.0
OI00118879,O0067779,P0113,2,101.05,0.1
OI00118886,O0067784,P0114,1,29.26,0.15
OI00118887,O0067784,P0128,2,71.49,0.0
OI00118888,O0067784,P0075,1,55.18,0.0
OI00118889,O0067784,P0018,1,1974.88,0.2
OI00118893,O0067786,P0088,1,303.46,0.0
OI00118894,O0067786,P0137,1,25.66,0.0
OI00118895,O0067786,P0022,1,803.9,0.15
OI00118896,O0067786,P0063,1,58.56,0.15
OI00118910,O0067795,P0170,1,9.29,0.15
OI00118919,O0067801,P0005,1,1339.41,0.0
OI00118920,O0067801,P0072,1,174.91,0.0
OI00118921,O0067801,P0050,2,92.17,0.0
OI00118922,O0067802,P0088,1,299.06,0.0
OI00118923,O0067802,P0165,1,41.2,0.0
OI00118924,O0067802,P0066,1,276.18,0.15
OI00118946,O0067814,P0142,1,12.57,0.0
OI00118956,O0067820,P0002,2,923.3,0.0
OI00118978,O0067833,P0022,1,893.18,0.0
OI00118995,O0067842,P0127,1,160.79,0.0
OI00119010,O0067850,P0147,1,77.15,0.0
OI00119011,O0067850,P0042,1,119.7,0.0
OI00119053,O0067870,P0046,1,333.16,0.15
OI00119054,O0067870,P0033,1,1365.58,0.0
OI00119055,O0067870,P0129,1,305.5,0.0
OI00119064,O0067874,P0151,1,19.29,0.0
OI00119065,O0067874,P0157,1,118.19,0.0
OI00119072,O0067877,P0100,1,62.7,0.0
OI00119073,O0067877,P0039,1,522.06,0.15
OI00119085,O0067884,P0042,1,120.13,0.0
OI00119086,O0067884,P0091,1,170.04,0.0
OI00119093,O0067888,P0024,1,477.57,0.0
OI00119124,O0067904,P0058,1,147.39,0.0
OI00119125,O0067904,P0051,1,56.78,0.0
OI00119128,O0067906,P0019,1,407.68,0.0
OI00119129,O0067906,P0067,1,286.48,0.0
OI00119130,O0067906,P0102,1,52.05,0.0
OI00119131,O0067906,P0134,1,130.08,0.0
OI00119133,O0067908,P0036,1,724.7,0.0
OI00119140,O0067912,P0081,1,385.68,0.0
OI00119143,O0067915,P0077,1,406.85,0.0
OI00119144,O0067915,P0039,1,545.45,0.1
OI00119156,O0067924,P0088,1,304.82,0.1
OI00119184,O0067940,P0079,1,169.19,0.05
OI00119185,O0067940,P0145,1,161.45,0.0
OI00119186,O0067940,P0067,1,289.98,0.0
OI00119188,O0067942,P0122,1,393.05,0.1
OI00119189,O0067942,P0078,1,134.28,0.1
OI00119193,O0067945,P0046,1,334.18,0.0
OI00119212,O0067958,P0129,1,304.1,0.0
OI00119226,O0067967,P0151,1,19.42,0.05
OI00119227,O0067967,P0092,2,198.6,0.1
OI00119228,O0067967,P0095,1,279.7,0.0
OI00119236,O0067973,P0025,1,402.52,0.1
OI00119244,O0067978,P0078,1,133.75,0.0
OI00119245,O0067978,P0177,1,22.53,0.0
OI00119275,O0067995,P0083,1,750.99,0.0
OI00119277,O0067997,P0130,1,30.75,0.15
OI00119280,O0068000,P0059,1,50.27,0.0
OI00119281,O0068000,P0131,1,49.97,0.0
OI00119314,O0068016,P0112,1,39.83,0.0
OI00119315,O0068016,P0074,1,254.16,0.05
OI00119316,O0068016,P0170,2,9.31,0.0
OI00119340,O0068028,P0130,1,29.76,0.0
OI00119341,O0068028,P0021,1,642.45,0.0
OI00119342,O0068028,P0020,1,556.28,0.0
OI00119347,O0068031,P0156,1,88.82,0.0
OI00119348,O0068031,P0085,1,485.69,0.2
OI00119349,O0068031,P0033,1,1358.91,0.0
OI00119350,O0068031,P0131,1,49.79,0.15
OI00119373,O0068045,P0072,1,170.9,0.1
OI00119381,O0068050,P0080,1,243.11,0.0
OI00119385,O0068053,P0074,1,255.03,0.0
OI00119386,O0068053,P0056,1,129.0,0.0
OI00119397,O0068058,P0035,1,1081.28,0.0
OI00119398,O0068058,P0102,1,50.91,0.0
OI00119405,O0068062,P0052,1,39.46,0.05
OI00119406,O0068062,P0094,1,72.42,0.0
OI00119407,O0068062,P0056,1,128.15,0.15
OI00119421,O0068069,P0155,1,50.53,0.05
OI00119422,O0068069,P0117,1,31.24,0.0
OI00119469,O0068097,P0025,1,425.26,0.0
OI00119470,O0068098,P0112,1,40.45,0.05
OI00119489,O0068109,P0158,2,67.09,0.0
OI00119521,O0068128,P0005,1,1339.7,0.0
OI00119543,O0068141,P0105,1,130.01,0.2
OI00119544,O0068141,P0075,2,54.63,0.0
OI00119545,O0068141,P0005,1,1355.64,0.05
OI00119566,O0068156,P0072,1,170.9,0.0
OI00119567,O0068156,P0049,1,341.07,0.0
OI00119568,O0068156,P0067,1,278.82,0.0
OI00119569,O0068156,P0158,1,67.63,0.05
OI00119593,O0068169,P0148,1,14.95,0.0
OI00119604,O0068176,P0013,1,1068.61,0.0
OI00119605,O0068177,P0054,1,56.82,0.05
OI00119606,O0068177,P0144,1,13.77,0.0
OI00119640,O0068197,P0169,1,186.68,0.0
OI00119646,O0068200,P0049,1,339.17,0.0
OI00119657,O0068207,P0050,1,94.11,0.0
OI00119658,O0068207,P0167,1,124.86,0.15
OI00119664,O0068211,P0150,1,11.28,0.1
OI00119702,O0068233,P0031,2,1332.45,0.0
OI00119706,O0068236,P0052,1,40.16,0.1
OI00119715,O0068243,P0069,1,99.32,0.0
OI00119716,O0068244,P0161,1,63.37,0.0
OI00119717,O0068244,P0170,2,9.71,0.0
OI00119718,O0068245,P0061,1,384.13,0.0
OI00119719,O0068245,P0054,1,56.15,0.25
OI00119745,O0068261,P0152,1,15.31,0.05
OI00119746,O0068261,P0141,1,23.67,0.05
OI00119747,O0068261,P0171,1,38.26,0.0
OI00119748,O0068261,P0030,2,854.24,0.0
OI00119749,O0068262,P0093,2,88.01,0.0
OI00119750,O0068262,P0065,1,324.04,0.25
OI00119761,O0068268,P0103,1,85.78,0.0
OI00119762,O0068268,P0046,1,338.82,0.0
OI00119772,O0068276,P0050,1,91.43,0.05
OI00119773,O0068276,P0081,2,406.23,0.0
OI00119800,O0068294,P0175,1,12.19,0.0
OI00119810,O0068299,P0024,1,505.05,0.05
OI00119811,O0068299,P0058,1,143.78,0.25
OI00119812,O0068300,P0090,2,197.65,0.0
OI00119813,O0068300,P0086,1,49.52,0.0
OI00119814,O0068300,P0173,1,47.31,0.0
OI00119857,O0068324,P0177,1,23.27,0.0
OI00119858,O0068324,P0140,1,15.83,0.0
OI00119882,O0068338,P0175,1,12.17,0.0
OI00119910,O0068353,P0061,2,387.61,0.0
OI00119914,O0068356,P0009,2,1274.24,0.05
OI00119949,O0068371,P0126,1,180.48,0.0
OI00119975,O0068387,P0020,1,542.75,0.0
OI00119978,O0068389,P0163,1,18.03,0.0
OI00119990,O0068398,P0055,2,329.14,0.15
OI00119991,O0068398,P0032,1,888.11,0.0
OI00119995,O0068401,P0161,1,63.99,0.2
OI00119996,O0068402,P0072,1,171.79,0.0
OI00120002,O0068406,P0121,1,141.73,0.05
OI00120008,O0068411,P0091,1,165.59,0.1
OI00120018,O0068419,P0176,1,138.86,0.0
OI00120032,O0068427,P0151,1,19.45,0.0
OI00120041,O0068432,P0049,1,341.01,0.0
OI00120065,O0068447,P0127,1,162.45,0.0
OI00120066,O0068447,P0002,1,939.15,0.0
OI00120067,O0068447,P0034,1,537.79,0.0
OI00120093,O0068462,P0114,1,28.57,0.0
OI00120094,O0068462,P0125,1,293.1,0.1
OI00120095,O0068462,P0044,1,122.94,0.0
OI00120121,O0068476,P0154,1,56.78,0.0
OI00120122,O0068477,P0166,1,33.06,0.0
OI00120135,O0068485,P0118,1,125.97,0.0
OI00120136,O0068485,P0172,1,22.16,0.1
OI00120147,O0068491,P0085,1,488.37,0.0
OI00120148,O0068491,P0011,3,1049.69,0.15
OI00120149,O0068491,P0051,1,55.43,0.15
OI00120150,O0068492,P0085,2,496.95,0.0
OI00120151,O0068492,P0136,1,81.39,0.05
OI00120152,O0068493,P0053,1,367.53,0.0
OI00120153,O0068493,P0055,1,337.33,0.05
OI00120178,O0068509,P0101,1,125.05,0.0
OI00120203,O0068522,P0081,1,412.03,0.0
OI00120204,O0068522,P0070,1,54.78,0.0
OI00120222,O0068531,P0073,1,96.75,0.0
OI00120223,O0068531,P0163,1,18.5,0.1
OI00120224,O0068531,P0097,1,140.03,0.0
OI00120240,O0068541,P0122,1,381.61,0.0
OI00120241,O0068541,P0168,1,62.98,0.0
OI00120247,O0068544,P0167,1,124.95,0.0
OI00120250,O0068547,P0075,1,52.55,0.0
OI00120251,O0068547,P0006,1,2237.19,0.1
OI00120252,O0068547,P0073,1,98.38,0.2
OI00120300,O0068575,P0071,1,111.06,0.0
OI00120307,O0068580,P0163,1,17.76,0.0
OI00120308,O0068580,P0041,1,235.12,0.15
OI00120319,O0068587,P0052,1,39.98,0.0
OI00120333,O0068596,P0171,1,38.63,0.0
OI00120351,O0068604,P0009,1,1296.29,0.0
OI00120352,O0068604,P0176,1,134.48,0.0
OI00120353,O0068604,P0034,1,544.64,0.0
OI00120368,O0068612,P0126,1,189.77,0.0
OI00120369,O0068612,P0158,2,65.16,0.0
OI00120370,O0068612,P0080,1,239.96,0.1
OI00120371,O0068612,P0122,1,382.83,0.0
OI00120372,O0068613,P0043,1,295.69,0.0
OI00120373,O0068613,P0066,1,274.76,0.0
OI00120394,O0068624,P0090,1,202.64,0.0
OI00120398,O0068628,P0131,2,51.41,0.0
OI00120403,O0068632,P0101,1,129.01,0.0
OI00120404,O0068632,P0110,1,75.19,0.0
OI00120405,O0068632,P0043,1,289.58,0.1
OI00120409,O0068635,P0099,1,234.72,0.0
OI00120439,O0068655,P0019,1,395.77,0.0
OI00120440,O0068656,P0130,2,29.79,0.0
OI00120441,O0068656,P0099,1,233.31,0.0
OI00120442,O0068656,P0105,1,128.73,0.1
OI00120443,O0068656,P0126,1,192.39,0.05
OI00120458,O0068664,P0149,1,18.01,0.0
OI00120462,O0068668,P0171,1,37.74,0.0
OI00120469,O0068673,P0020,1,561.84,0.0
OI00120470,O0068673,P0104,1,29.56,0.0
OI00120471,O0068673,P0092,2,202.02,0.0
OI00120499,O0068692,P0012,1,1486.74,0.0
OI00120529,O0068708,P0103,2,85.19,0.0
OI00120530,O0068708,P0135,2,177.63,0.0
OI00120531,O0068709,P0114,1,29.36,0.0
OI00120535,O0068711,P0026,1,1129.13,0.05
OI00120536,O0068711,P0134,1,131.78,0.0
OI00120547,O0068719,P0091,1,172.94,0.15
OI00120561,O0068724,P0162,1,19.33,0.0
OI00120578,O0068736,P0136,1,85.44,0.0
OI00120601,O0068747,P0071,1,118.43,0.15
OI00120602,O0068747,P0107,1,155.27,0.0
OI00120605,O0068750,P0153,1,42.93,0.1
OI00120606,O0068751,P0134,1,131.4,0.0
OI00120607,O0068751,P0038,1,468.3,0.05
OI00120613,O0068755,P0115,1,66.0,0.0
OI00120625,O0068765,P0115,1,66.87,0.0
OI00120626,O0068765,P0093,1,86.97,0.0
OI00120627,O0068765,P0026,1,1184.69,0.1
OI00120643,O0068774,P0135,1,180.97,0.0
OI00120644,O0068774,P0048,1,54.66,0.1
OI00120646,O0068776,P0133,1,10.0,0.0
OI00120661,O0068783,P0057,1,129.65,0.0
OI00120662,O0068783,P0149,1,17.39,0.1
OI00120663,O0068783,P0016,1,938.01,0.0
OI00120669,O0068787,P0052,1,39.08,0.1
OI00120671,O0068789,P0062,1,54.73,0.0
OI00120672,O0068789,P0099,1,232.69,0.25
OI00120675,O0068791,P0050,1,90.73,0.0
OI00120679,O0068794,P0100,1,60.65,0.05
OI00120680,O0068794,P0122,1,389.31,0.2
OI00120681,O0068794,P0112,2,39.31,0.0
OI00120688,O0068797,P0170,1,9.54,0.0
OI00120691,O0068800,P0049,1,327.53,0.0
OI00120699,O0068805,P0033,1,1347.7,0.0
OI00120700,O0068805,P0098,1,324.58,0.2
OI00120711,O0068811,P0060,1,134.34,0.0
OI00120712,O0068812,P0102,2,52.29,0.0
OI00120713,O0068812,P0154,3,55.37,0.1
OI00120726,O0068822,P0049,1,347.73,0.0
OI00120771,O0068845,P0048,1,55.4,0.05
OI00120774,O0068847,P0037,1,528.7,0.0
OI00120779,O0068850,P0166,1,33.32,0.0
OI00120780,O0068850,P0078,1,134.58,0.0
OI00120800,O0068864,P0095,1,286.27,0.0
OI00120818,O0068873,P0043,1,283.08,0.0
OI00120824,O0068877,P0110,1,74.69,0.15
OI00120865,O0068905,P0139,1,25.01,0.0
OI00120868,O0068907,P0085,1,506.23,0.0
OI00120898,O0068920,P0134,1,132.33,0.0
OI00120899,O0068920,P0115,1,68.12,0.0
OI00120908,O0068926,P0141,1,23.98,0.0
OI00120909,O0068927,P0057,1,133.66,0.0
OI00120910,O0068927,P0105,1,129.16,0.0
OI00120963,O0068964,P0069,2,99.84,0.0
OI00120964,O0068964,P0135,1,185.07,0.1
OI00120965,O0068964,P0054,1,58.05,0.0
OI00120966,O0068964,P0170,1,9.63,0.0
OI00120971,O0068966,P0071,2,117.57,0.0
OI00120972,O0068966,P0178,1,11.25,0.1
OI00121023,O0068998,P0003,1,1232.17,0.0
OI00121024,O0068998,P0037,1,530.21,0.0
OI00121025,O0068998,P0052,1,40.81,0.1
OI00121028,O0069000,P0019,1,397.7,0.0
OI00121038,O0069006,P0128,1,70.37,0.0
OI00121039,O0069006,P0085,2,509.77,0.0
OI00121046,O0069010,P0042,2,118.06,0.0
OI00121047,O0069010,P0150,1,11.53,0.0
OI00121054,O0069016,P0179,1,82.86,0.15
OI00121055,O0069016,P0063,1,60.07,0.0
OI00121068,O0069023,P0125,1,294.62,0.0
OI00121069,O0069023,P0106,1,131.81,0.0
OI00121108,O0069044,P0041,1,236.01,0.0
OI00121109,O0069044,P0096,1,84.74,0.0
OI00121130,O0069056,P0088,1,303.86,0.05
OI00121131,O0069057,P0052,1,39.65,0.0
OI00121133,O0069059,P0164,1,39.49,0.0
OI00121134,O0069059,P0073,1,93.84,0.0
OI00121151,O0069067,P0106,1,128.9,0.0
OI00121158,O0069071,P0163,1,18.65,0.05
OI00121159,O0069072,P0001,1,1698.64,0.1
OI00121169,O0069078,P0010,1,882.64,0.0
OI00121170,O0069078,P0135,1,177.23,0.2
OI00121171,O0069078,P0127,3,160.09,0.0
OI00121186,O0069088,P0111,1,291.87,0.0
OI00121187,O0069088,P0150,2,11.03,0.0
OI00121211,O0069101,P0077,1,424.1,0.0
OI00121245,O0069122,P0160,1,24.24,0.0
OI00121246,O0069122,P0055,1,339.09,0.2
OI00121247,O0069122,P0123,1,49.79,0.0
OI00121266,O0069132,P0146,1,53.89,0.05
OI00121267,O0069132,P0117,2,29.72,0.15
OI00121272,O0069136,P0179,1,80.57,0.0
OI00121273,O0069136,P0155,1,51.3,0.05
OI00121274,O0069136,P0092,1,194.19,0.0
OI00121280,O0069140,P0052,1,41.11,0.0
OI00121281,O0069140,P0032,1,848.23,0.0
OI00121297,O0069149,P0009,2,1278.66,0.0
OI00121305,O0069155,P0145,1,165.95,0.0
OI00121338,O0069174,P0010,1,895.81,0.0
OI00121340,O0069176,P0173,2,44.82,0.0
OI00121356,O0069184,P0106,2,127.43,0.0
OI00121357,O0069184,P0104,1,30.15,0.1
OI00121362,O0069186,P0037,1,558.31,0.0
OI00121363,O0069187,P0117,1,30.66,0.0
OI00121364,O0069187,P0082,3,377.44,0.05
OI00121374,O0069191,P0082,1,378.7,0.05
OI00121375,O0069191,P0042,1,122.09,0.2
OI00121383,O0069199,P0069,1,99.2,0.1
OI00121384,O0069199,P0029,1,514.03,0.0
OI00121385,O0069199,P0111,1,285.22,0.15
OI00121392,O0069203,P0147,1,76.76,0.0
OI00121393,O0069203,P0115,1,67.35,0.0
OI00121405,O0069209,P0109,1,172.09,0.05
OI00121407,O0069211,P0073,1,97.05,0.0
OI00121412,O0069214,P0082,2,368.29,0.0
OI00121434,O0069227,P0167,1,125.91,0.1
OI00121435,O0069227,P0073,1,97.93,0.1
OI00121436,O0069228,P0009,1,1300.81,0.2
OI00121437,O0069228,P0136,1,82.64,0.0
OI00121441,O0069231,P0040,1,1015.03,0.0
OI00121442,O0069231,P0057,1,130.75,0.0
OI00121452,O0069239,P0156,2,88.76,0.0
OI00121453,O0069239,P0070,3,53.21,0.0
OI00121454,O0069239,P0163,1,18.14,0.0
OI00121455,O0069240,P0147,1,77.38,0.0
OI00121457,O0069242,P0043,2,286.92,0.0
OI00121458,O0069242,P0179,2,83.19,0.05
OI00121468,O0069249,P0080,1,238.11,0.25
OI00121470,O0069251,P0161,1,63.43,0.0
OI00121471,O0069251,P0118,1,126.69,0.0
OI00121472,O0069251,P0042,1,117.64,0.0
OI00121473,O0069251,P0100,1,62.4,0.1
OI00121475,O0069253,P0070,1,55.53,0.05
OI00121476,O0069253,P0164,1,38.4,0.0
OI00121477,O0069253,P0149,1,18.43,0.0
OI00121479,O0069255,P0118,1,128.61,0.0
OI00121491,O0069264,P0036,1,721.47,0.0
OI00121495,O0069266,P0002,1,922.48,0.25
OI00121497,O0069268,P0112,1,40.86,0.0
OI00121498,O0069268,P0047,1,135.0,0.0
OI00121517,O0069276,P0144,1,13.49,0.1
OI00121518,O0069276,P0001,1,1721.72,0.0
OI00121535,O0069288,P0100,1,59.8,0.0
OI00121549,O0069297,P0011,1,1083.49,0.0
OI00121551,O0069299,P0114,1,29.23,0.05
OI00121552,O0069299,P0127,1,156.31,0.0
OI00121558,O0069303,P0158,1,66.26,0.0
OI00121562,O0069306,P0094,1,72.92,0.0
OI00121572,O0069312,P0065,1,313.33,0.0
OI00121573,O0069312,P0080,1,232.73,0.0
OI00121588,O0069321,P0061,1,373.47,0.0
OI00121620,O0069341,P0022,1,872.9,0.0
OI00121624,O0069344,P0057,1,127.69,0.0
OI00121625,O0069344,P0107,1,152.6,0.1
OI00121638,O0069352,P0013,1,1076.73,0.05
OI00121643,O0069357,P0165,2,39.71,0.0
OI00121673,O0069376,P0068,1,139.88,0.0
OI00121675,O0069378,P0095,1,284.34,0.0
OI00121676,O0069378,P0071,1,114.28,0.0
OI00121702,O0069395,P0175,1,11.73,0.1
OI00121703,O0069395,P0053,1,352.6,0.0
OI00121730,O0069408,P0161,1,62.99,0.0
OI00121748,O0069419,P0084,1,644.27,0.2
OI00121749,O0069419,P0127,2,161.64,0.0
OI00121752,O0069422,P0070,1,54.67,0.0
OI00121753,O0069422,P0066,1,267.63,0.1
OI00121781,O0069437,P0105,1,134.5,0.0
OI00121782,O0069438,P0076,1,122.58,0.05
OI00121783,O0069439,P0070,1,55.14,0.0
OI00121784,O0069439,P0159,1,183.55,0.05
OI00121791,O0069442,P0043,1,285.2,0.0
OI00121792,O0069443,P0123,1,49.95,0.0
OI00121798,O0069449,P0174,3,18.69,0.0
OI00121820,O0069466,P0027,1,927.57,0.1
OI00121829,O0069471,P0180,1,52.78,0.0
OI00121830,O0069472,P0102,1,50.86,0.0
OI00121831,O0069473,P0128,1,69.95,0.0
OI00121838,O0069478,P0129,1,297.38,0.0
OI00121839,O0069478,P0119,1,32.21,0.0
OI00121840,O0069478,P0031,1,1399.34,0.0
OI00121841,O0069478,P0128,1,73.01,0.1
OI00121855,O0069488,P0075,1,52.69,0.0
OI00121856,O0069488,P0158,1,69.26,0.25
OI00121857,O0069488,P0084,1,626.69,0.0
OI00121858,O0069489,P0081,1,414.35,0.05
OI00121859,O0069490,P0110,2,71.72,0.0
OI00121860,O0069490,P0148,1,14.75,0.0
OI00121871,O0069498,P0117,1,31.44,0.0
OI00121872,O0069498,P0024,1,503.11,0.0
OI00121873,O0069498,P0153,1,44.52,0.0
OI00121896,O0069512,P0022,1,880.74,0.0
OI00121897,O0069512,P0106,1,127.69,0.05
OI00121904,O0069516,P0141,1,23.52,0.0
OI00121916,O0069522,P0086,1,50.34,0.0
OI00121917,O0069522,P0017,1,1621.85,0.0
OI00121928,O0069529,P0054,1,60.99,0.0
OI00121943,O0069538,P0176,1,140.81,0.0
OI00121947,O0069541,P0129,1,300.54,0.1
OI00121952,O0069544,P0104,3,29.8,0.0
OI00121962,O0069549,P0150,1,11.13,0.0
OI00121976,O0069557,P0053,1,352.02,0.0
OI00121977,O0069558,P0099,1,233.53,0.0
OI00121985,O0069563,P0101,1,123.26,0.0
OI00121990,O0069567,P0145,1,169.11,0.0
OI00121991,O0069567,P0115,1,67.92,0.0
OI00121999,O0069571,P0078,2,134.11,0.0
OI00122000,O0069571,P0174,2,18.04,0.0
OI00122010,O0069577,P0077,1,422.73,0.0
OI00122035,O0069592,P0149,1,18.11,0.05
OI00122036,O0069592,P0141,1,24.1,0.0
OI00122043,O0069596,P0070,1,54.11,0.0
OI00122110,O0069633,P0124,1,65.54,0.15
OI00122113,O0069635,P0137,1,25.62,0.0
OI00122114,O0069635,P0117,1,30.83,0.0
OI00122119,O0069637,P0027,1,897.6,0.0
OI00122120,O0069637,P0059,1,50.26,0.0
OI00122121,O0069637,P0069,1,97.11,0.0
OI00122122,O0069638,P0165,1,41.63,0.15
OI00122127,O0069643,P0045,1,413.36,0.15
OI00122130,O0069645,P0147,1,80.15,0.0
OI00122131,O0069645,P0170,1,9.39,0.0
OI00122149,O0069656,P0092,1,191.58,0.0
OI00122150,O0069657,P0034,1,546.91,0.0
OI00122152,O0069659,P0005,1,1361.2,0.0
OI00122170,O0069669,P0152,1,15.33,0.0
OI00122171,O0069669,P0115,1,65.35,0.0
OI00122172,O0069669,P0076,1,121.64,0.0
OI00122173,O0069670,P0083,1,720.86,0.1
OI00122174,O0069670,P0149,1,18.04,0.0
OI00122182,O0069675,P0091,1,169.7,0.1
OI00122183,O0069675,P0119,1,32.24,0.1
OI00122184,O0069675,P0044,1,126.31,0.0
OI00122187,O0069677,P0042,2,117.25,0.15
OI00122188,O0069677,P0084,1,641.65,0.0
OI00122189,O0069677,P0106,1,124.92,0.0
OI00122198,O0069682,P0090,1,203.94,0.15
OI00122199,O0069683,P0098,1,320.03,0.0
OI00122200,O0069684,P0015,2,1444.65,0.0
OI00122201,O0069684,P0006,1,2198.25,0.05
OI00122204,O0069686,P0100,1,62.7,0.0
OI00122225,O0069698,P0060,1,134.5,0.0
OI00122226,O0069698,P0147,1,79.49,0.15
OI00122244,O0069709,P0103,1,85.86,0.0
OI00122246,O0069711,P0156,1,92.93,0.15
OI00122269,O0069726,P0041,1,233.52,0.0
OI00122281,O0069732,P0157,1,121.03,0.0
OI00122282,O0069733,P0100,1,61.13,0.1
OI00122295,O0069740,P0130,1,30.95,0.0
OI00122296,O0069741,P0009,1,1262.17,0.0
OI00122297,O0069741,P0102,1,51.42,0.0
OI00122312,O0069750,P0127,1,159.22,0.05
OI00122313,O0069750,P0098,1,321.69,0.0
OI00122314,O0069750,P0037,1,529.04,0.0
OI00122322,O0069755,P0067,1,283.75,0.0
OI00122323,O0069755,P0064,1,131.45,0.15
OI00122324,O0069755,P0106,1,127.98,0.1
OI00122329,O0069759,P0023,1,997.11,0.15
OI00122349,O0069772,P0020,1,556.42,0.0
OI00122350,O0069772,P0065,1,327.55,0.0
OI00122351,O0069772,P0051,1,55.33,0.0
OI00122352,O0069773,P0154,1,58.23,0.0
OI00122353,O0069773,P0005,1,1356.03,0.0
OI00122361,O0069777,P0055,1,316.14,0.0
OI00122362,O0069777,P0067,2,287.12,0.0
OI00122363,O0069777,P0178,1,11.41,0.15
OI00122393,O0069797,P0164,1,40.77,0.1
OI00122423,O0069815,P0059,1,49.46,0.1
OI00122424,O0069815,P0129,1,296.58,0.1
OI00122427,O0069818,P0097,1,143.69,0.0
OI00122428,O0069819,P0088,1,311.73,0.0
OI00122429,O0069819,P0018,1,2001.57,0.0
OI00122430,O0069819,P0017,2,1621.37,0.0
OI00122431,O0069819,P0138,1,34.79,0.15
OI00122446,O0069827,P0167,1,122.64,0.0
OI00122447,O0069827,P0139,1,23.91,0.1
OI00122448,O0069827,P0136,1,82.79,0.0
OI00122449,O0069827,P0066,1,267.49,0.15
OI00122453,O0069829,P0019,1,395.23,0.1
OI00122454,O0069829,P0016,1,929.72,0.0
OI00122457,O0069831,P0083,1,732.8,0.0
OI00122458,O0069831,P0074,2,267.35,0.0
OI00122482,O0069844,P0022,1,858.04,0.0
OI00122483,O0069844,P0117,1,31.1,0.05
OI00122484,O0069844,P0136,1,86.2,0.0
OI00122506,O0069858,P0044,1,122.47,0.2
OI00122511,O0069862,P0004,1,981.35,0.05
OI00122517,O0069866,P0072,1,170.51,0.0
OI00122524,O0069870,P0078,1,135.3,0.0
OI00122525,O0069870,P0145,1,163.7,0.0
OI00122527,O0069872,P0006,1,2121.42,0.05
OI00122540,O0069882,P0158,1,65.81,0.0
OI00122570,O0069897,P0091,1,168.8,0.2
OI00122598,O0069914,P0124,1,64.4,0.1
OI00122599,O0069914,P0110,1,72.65,0.0
OI00122600,O0069914,P0005,1,1318.91,0.0
OI00122602,O0069916,P0008,1,1160.78,0.0
OI00122603,O0069916,P0046,2,326.87,0.1
OI00122605,O0069918,P0169,1,188.82,0.0
OI00122607,O0069920,P0138,1,35.43,0.0
OI00122608,O0069920,P0143,1,111.37,0.2
OI00122622,O0069928,P0024,1,498.41,0.0
OI00122652,O0069946,P0160,1,23.73,0.05
OI00122653,O0069946,P0162,1,19.43,0.1
OI00122685,O0069960,P0132,1,28.53,0.0
OI00122686,O0069960,P0057,1,130.44,0.15
OI00122694,O0069965,P0122,1,381.8,0.0
OI00122704,O0069971,P0143,1,116.64,0.0
OI00122705,O0069971,P0140,2,15.77,0.0
OI00122728,O0069986,P0130,1,31.13,0.15
OI00122729,O0069986,P0109,3,172.48,0.0
OI00122734,O0069989,P0053,1,358.05,0.0
OI00122735,O0069989,P0120,1,332.28,0.0
OI00122736,O0069989,P0063,1,58.88,0.0
OI00122747,O0069996,P0162,1,19.46,0.05
OI00122748,O0069996,P0067,1,272.1,0.0
OI00122749,O0069996,P0161,1,63.63,0.05
OI00122750,O0069997,P0047,1,132.49,0.05
OI00122751,O0069997,P0001,1,1749.96,0.0
OI00122759,O0070001,P0177,1,22.87,0.0
OI00122760,O0070001,P0062,1,55.42,0.0
OI00122761,O0070002,P0035,2,1016.88,0.0
OI00122762,O0070002,P0163,1,18.39,0.0
OI00122769,O0070006,P0005,1,1321.66,0.25
OI00122770,O0070006,P0073,1,96.76,0.0
OI00122778,O0070012,P0088,1,309.08,0.05
OI00122779,O0070012,P0089,1,357.48,0.15
OI00122780,O0070013,P0019,2,412.1,0.15
OI00122781,O0070013,P0133,1,10.02,0.0
OI00122788,O0070018,P0072,1,173.4,0.1
OI00122797,O0070022,P0125,1,291.99,0.2
OI00122804,O0070027,P0158,1,67.11,0.0
OI00122817,O0070032,P0016,1,921.38,0.15
OI00122830,O0070039,P0025,1,417.54,0.0
OI00122831,O0070039,P0081,3,402.14,0.0
OI00122843,O0070048,P0167,1,124.5,0.0
OI00122857,O0070056,P0155,1,50.0,0.0
OI00122860,O0070059,P0082,1,385.42,0.0
OI00122861,O0070059,P0110,1,78.26,0.0
OI00122862,O0070059,P0079,2,173.5,0.0
OI00122868,O0070063,P0154,1,57.51,0.1
OI00122874,O0070068,P0023,1,1003.23,0.2
OI00122889,O0070076,P0008,1,1166.64,0.1
OI00122890,O0070076,P0062,1,55.06,0.0
OI00122898,O0070081,P0061,1,364.12,0.0
OI00122899,O0070081,P0043,1,293.2,0.1
OI00122927,O0070099,P0029,1,517.6,0.0
OI00122928,O0070099,P0160,1,23.56,0.1
OI00122929,O0070099,P0060,1,136.86,0.1
OI00122930,O0070099,P0133,2,10.03,0.1
OI00122945,O0070109,P0056,1,127.8,0.0
OI00122952,O0070114,P0033,1,1333.02,0.0
OI00122953,O0070114,P0080,1,226.44,0.0
OI00122954,O0070114,P0005,1,1362.61,0.1
OI00122955,O0070114,P0150,1,11.32,0.0
OI00122960,O0070116,P0171,1,38.69,0.05
OI00122961,O0070116,P0071,1,114.44,0.0
OI00122962,O0070117,P0153,1,44.54,0.0
OI00122963,O0070117,P0073,1,95.75,0.1
OI00122964,O0070117,P0177,1,23.05,0.1
OI00122979,O0070129,P0081,1,415.0,0.1
OI00122998,O0070139,P0008,1,1187.67,0.0
OI00123000,O0070141,P0071,1,116.47,0.0
OI00123011,O0070147,P0103,1,81.81,0.0
OI00123026,O0070153,P0159,2,175.93,0.1
OI00123027,O0070153,P0038,1,488.45,0.0
OI00123028,O0070153,P0131,1,50.29,0.0
OI00123033,O0070155,P0097,1,140.65,0.0
OI00123048,O0070163,P0073,1,96.5,0.0
OI00123050,O0070165,P0083,1,750.61,0.0
OI00123051,O0070165,P0172,1,22.17,0.0
OI00123086,O0070186,P0105,1,134.42,0.0
OI00123087,O0070186,P0111,1,287.81,0.0
OI00123088,O0070186,P0021,1,655.89,0.0
OI00123089,O0070186,P0172,2,23.14,0.0
OI00123111,O0070197,P0007,1,1922.4,0.05
OI00123112,O0070197,P0094,1,73.5,0.0
OI00123181,O0070235,P0106,1,128.15,0.0
OI00123182,O0070235,P0045,3,404.46,0.0
OI00123183,O0070235,P0122,1,384.05,0.05
OI00123193,O0070243,P0131,1,49.0,0.0
OI00123194,O0070243,P0055,1,337.24,0.0
OI00123195,O0070243,P0070,1,52.8,0.0
OI00123197,O0070245,P0028,1,1218.82,0.0
OI00123198,O0070245,P0103,1,86.31,0.0
OI00123215,O0070255,P0107,1,155.09,0.0
OI00123227,O0070261,P0063,1,59.58,0.0
OI00123228,O0070261,P0061,1,370.64,0.15
OI00123229,O0070261,P0167,1,126.49,0.2
OI00123234,O0070264,P0157,1,121.65,0.0
OI00123235,O0070264,P0102,1,51.02,0.0
OI00123246,O0070272,P0099,1,232.17,0.15
OI00123247,O0070272,P0140,1,15.87,0.0
OI00123248,O0070272,P0091,1,161.93,0.05
OI00123303,O0070302,P0040,2,964.16,0.1
OI00123388,O0070352,P0051,2,55.4,0.15
OI00123398,O0070359,P0147,1,78.08,0.0
OI00123399,O0070359,P0015,1,1480.96,0.0
OI00123400,O0070359,P0024,1,503.87,0.0
OI00123407,O0070364,P0125,1,289.82,0.0
OI00123421,O0070373,P0105,1,132.39,0.15
OI00123422,O0070373,P0143,1,112.08,0.0
OI00123423,O0070373,P0073,1,94.46,0.0
OI00123447,O0070386,P0063,1,57.45,0.0
OI00123448,O0070386,P0047,1,138.14,0.0
OI00123449,O0070386,P0065,1,319.0,0.0
OI00123454,O0070390,P0113,2,98.97,0.0
OI00123455,O0070390,P0085,1,496.36,0.0
OI00123463,O0070395,P0022,1,878.48,0.1
OI00123464,O0070395,P0132,1,29.17,0.1
OI00123465,O0070395,P0179,1,84.73,0.05
OI00123466,O0070395,P0081,1,398.44,0.0
OI00123469,O0070397,P0178,1,10.84,0.1
OI00123480,O0070402,P0107,1,156.2,0.0
OI00123490,O0070408,P0169,1,187.85,0.0
OI00123498,O0070412,P0093,1,85.54,0.15
OI00123499,O0070413,P0170,1,9.57,0.0
OI00123500,O0070413,P0124,1,66.91,0.0
OI00123501,O0070413,P0140,2,15.23,0.0
OI00123507,O0070416,P0134,1,127.89,0.0
OI00123531,O0070430,P0056,3,132.33,0.0
OI00123534,O0070432,P0101,2,126.32,0.0
OI00123589,O0070461,P0034,1,559.33,0.1
OI00123616,O0070478,P0153,1,44.94,0.1
OI00123619,O0070480,P0132,1,28.49,0.15
OI00123620,O0070480,P0031,1,1348.45,0.0
OI00123621,O0070480,P0066,1,268.73,0.1
OI00123626,O0070483,P0066,1,272.03,0.0
OI00123627,O0070483,P0143,1,111.41,0.0
OI00123687,O0070515,P0043,1,295.76,0.05
OI00123688,O0070515,P0047,1,134.9,0.0
OI00123689,O0070515,P0073,1,98.76,0.0
OI00123699,O0070521,P0070,2,54.91,0.15
OI00123700,O0070521,P0072,2,174.05,0.1
OI00123701,O0070521,P0067,1,281.1,0.05
OI00123707,O0070525,P0051,1,55.65,0.05
OI00123752,O0070549,P0029,1,523.4,0.0
OI00123755,O0070552,P0005,1,1318.95,0.1
OI00123756,O0070552,P0097,1,141.56,0.0
OI00123760,O0070556,P0161,1,62.21,0.0
OI00123761,O0070556,P0001,1,1731.98,0.05
OI00123762,O0070556,P0117,1,31.72,0.0
OI00123777,O0070565,P0056,1,126.63,0.0
OI00123778,O0070565,P0101,1,128.75,0.0
OI00123779,O0070565,P0053,1,355.87,0.1
OI00123783,O0070568,P0062,2,56.83,0.0
OI00123784,O0070568,P0020,1,558.96,0.0
OI00123791,O0070573,P0110,1,74.27,0.2
OI00123792,O0070573,P0136,1,87.49,0.0
OI00123801,O0070578,P0055,1,327.63,0.05
OI00123802,O0070578,P0050,1,93.37,0.0
OI00123813,O0070585,P0143,1,109.79,0.0
OI00123814,O0070585,P0175,1,12.0,0.0
OI00123826,O0070592,P0069,2,97.88,0.25
OI00123827,O0070592,P0032,3,880.34,0.1
OI00123828,O0070592,P0035,1,1080.98,0.0
OI00123842,O0070598,P0121,1,146.03,0.2
OI00123847,O0070602,P0087,1,482.87,0.05
OI00123850,O0070604,P0098,1,318.36,0.05
OI00123851,O0070604,P0024,1,509.75,0.05
OI00123853,O0070606,P0071,1,115.33,0.0
OI00123854,O0070606,P0148,1,14.83,0.05
OI00123857,O0070608,P0137,1,25.88,0.05
OI00123858,O0070608,P0124,1,64.29,0.0
OI00123859,O0070608,P0112,1,39.11,0.0
OI00123860,O0070609,P0012,2,1463.43,0.0
OI00123861,O0070609,P0059,2,49.99,0.0
OI00123864,O0070612,P0102,1,51.23,0.0
OI00123872,O0070618,P0145,1,151.98,0.0
OI00123873,O0070618,P0162,1,18.8,0.0
OI00123900,O0070634,P0098,1,324.09,0.05
OI00123919,O0070645,P0157,1,120.31,0.0
OI00123925,O0070649,P0076,1,120.04,0.0
OI00123926,O0070649,P0142,1,12.71,0.0
OI00123927,O0070649,P0173,2,44.23,0.0
OI00123930,O0070652,P0100,2,62.05,0.0
OI00123931,O0070652,P0138,1,35.64,0.05
OI00123932,O0070652,P0098,1,326.3,0.0
OI00123933,O0070652,P0066,1,266.09,0.0
OI00123939,O0070657,P0118,1,122.08,0.0
OI00123940,O0070657,P0086,2,51.15,0.0
OI00123950,O0070661,P0120,1,336.95,0.0
OI00123980,O0070677,P0172,1,22.03,0.0
OI00123985,O0070681,P0101,1,124.29,0.05
OI00123986,O0070681,P0071,1,115.45,0.0
OI00123987,O0070681,P0114,1,29.24,0.0
OI00123988,O0070681,P0175,1,12.12,0.15
OI00123989,O0070682,P0008,1,1205.69,0.0
OI00123990,O0070682,P0068,1,147.35,0.0
OI00124026,O0070705,P0149,1,18.38,0.05
OI00124030,O0070709,P0120,1,329.9,0.0
OI00124031,O0070709,P0004,1,995.38,0.15
OI00124043,O0070717,P0180,1,51.71,0.05
OI00124044,O0070717,P0065,1,323.85,0.05
OI00124057,O0070725,P0114,1,30.25,0.0
OI00124063,O0070730,P0130,1,30.35,0.0
OI00124064,O0070730,P0168,1,63.19,0.0
OI00124065,O0070730,P0152,1,15.21,0.1
OI00124067,O0070732,P0043,1,281.52,0.0
OI00124107,O0070757,P0063,1,60.04,0.1
OI00124108,O0070757,P0048,1,56.0,0.2
OI00124109,O0070757,P0141,1,23.53,0.0
OI00124124,O0070768,P0020,1,539.28,0.0
OI00124125,O0070768,P0071,1,115.1,0.0
OI00124154,O0070787,P0109,1,167.58,0.0
OI00124176,O0070802,P0170,1,9.41,0.05
OI00124177,O0070802,P0115,1,67.76,0.0
OI00124178,O0070802,P0003,1,1182.54,0.0
OI00124179,O0070803,P0080,1,238.74,0.0
OI00124196,O0070816,P0053,1,348.7,0.1
OI00124209,O0070824,P0058,1,148.68,0.1
OI00124210,O0070824,P0069,1,98.74,0.0
OI00124231,O0070833,P0113,2,101.88,0.0
OI00124232,O0070833,P0027,1,911.82,0.0
OI00124233,O0070833,P0100,1,62.83,0.0
OI00124243,O0070838,P0087,1,479.78,0.0
OI00124244,O0070838,P0029,1,533.77,0.05
OI00124253,O0070842,P0074,2,256.37,0.05
OI00124254,O0070842,P0005,1,1349.98,0.0
OI00124280,O0070856,P0081,1,419.26,0.0
OI00124281,O0070856,P0071,1,115.08,0.0
OI00124286,O0070860,P0154,1,57.41,0.0
OI00124287,O0070860,P0102,1,53.33,0.15
OI00124294,O0070863,P0151,1,19.61,0.0
OI00124295,O0070863,P0055,1,321.35,0.1
OI00124296,O0070863,P0082,1,379.18,0.0
OI00124301,O0070867,P0032,1,897.8,0.0
OI00124302,O0070867,P0048,1,55.57,0.05
OI00124303,O0070867,P0101,1,128.99,0.0
OI00124312,O0070872,P0102,1,51.4,0.05
OI00124332,O0070884,P0067,1,287.75,0.0
OI00124333,O0070884,P0001,1,1712.4,0.0
OI00124334,O0070884,P0009,1,1263.27,0.0
OI00124335,O0070884,P0097,1,136.6,0.0
OI00124345,O0070889,P0146,2,53.55,0.0
OI00124360,O0070898,P0045,2,403.25,0.0
OI00124361,O0070898,P0168,2,63.9,0.0
OI00124362,O0070898,P0043,1,281.36,0.05
OI00124363,O0070899,P0109,1,173.82,0.25
OI00124364,O0070899,P0139,1,24.49,0.0
OI00124367,O0070902,P0175,1,12.02,0.1
OI00124402,O0070922,P0085,1,493.48,0.05
OI00124434,O0070938,P0179,3,82.67,0.0
OI00124435,O0070938,P0056,1,130.65,0.0
OI00124436,O0070938,P0130,1,30.29,0.0
OI00124462,O0070953,P0076,1,120.98,0.05
OI00124465,O0070955,P0043,1,291.57,0.1
OI00124466,O0070955,P0129,1,307.71,0.0
OI00124497,O0070973,P0162,1,19.42,0.1
OI00124532,O0070991,P0099,1,228.06,0.0
OI00124533,O0070992,P0135,1,188.97,0.05
OI00124542,O0070998,P0086,1,49.97,0.0
OI00124543,O0070998,P0150,1,11.35,0.0
OI00124553,O0071006,P0162,1,18.89,0.1
OI00124562,O0071011,P0149,1,18.21,0.2
OI00124621,O0071040,P0019,1,391.94,0.0
OI00124665,O0071063,P0111,1,285.46,0.0
OI00124681,O0071074,P0176,1,136.99,0.05
OI00124686,O0071077,P0082,1,386.8,0.0
OI00124692,O0071081,P0027,2,895.62,0.1
OI00124694,O0071083,P0155,1,49.16,0.0
OI00124722,O0071101,P0099,1,233.39,0.0
OI00124723,O0071101,P0049,1,341.97,0.1
OI00124726,O0071103,P0133,1,9.96,0.0
OI00124762,O0071126,P0069,1,98.07,0.05
OI00124763,O0071126,P0022,1,885.72,0.0
OI00124772,O0071131,P0166,1,33.05,0.0
OI00124773,O0071131,P0134,1,131.44,0.0
OI00124805,O0071149,P0131,1,50.86,0.0
OI00124836,O0071168,P0093,1,84.28,0.0
OI00124837,O0071168,P0170,1,9.62,0.0
OI00124843,O0071173,P0075,1,53.85,0.0
OI00124844,O0071173,P0173,1,47.05,0.0
OI00124845,O0071173,P0130,2,29.91,0.0
OI00124846,O0071173,P0111,1,289.56,0.0
OI00124888,O0071196,P0160,1,24.49,0.0
OI00124889,O0071197,P0139,1,23.8,0.0
OI00124898,O0071202,P0069,2,98.36,0.0
OI00124899,O0071202,P0049,1,339.33,0.05
OI00124900,O0071202,P0077,1,408.26,0.0
OI00124903,O0071204,P0084,1,647.39,0.05
OI00124904,O0071204,P0007,1,1976.71,0.0
OI00124911,O0071209,P0104,2,30.32,0.0
OI00124912,O0071209,P0089,1,352.82,0.0
OI00124913,O0071209,P0102,1,50.97,0.05
OI00124918,O0071213,P0021,1,639.94,0.0
OI00124919,O0071213,P0132,1,29.69,0.0
OI00124922,O0071215,P0067,1,282.97,0.0
OI00124923,O0071215,P0161,3,62.14,0.0
OI00124962,O0071239,P0009,1,1283.16,0.0
OI00124963,O0071240,P0139,2,23.67,0.0
OI00124964,O0071240,P0129,1,300.59,0.0
OI00124965,O0071240,P0171,1,37.28,0.0
OI00124975,O0071245,P0152,1,15.24,0.1
OI00125038,O0071283,P0018,1,1902.51,0.15
OI00125039,O0071283,P0100,1,62.92,0.0
OI00125040,O0071283,P0019,1,410.15,0.0
OI00125047,O0071288,P0049,1,350.16,0.0
OI00125053,O0071293,P0069,1,98.57,0.0
OI00125076,O0071304,P0136,1,85.48,0.05
OI00125086,O0071309,P0065,1,315.85,0.0
OI00125092,O0071312,P0124,2,66.35,0.0
OI00125093,O0071312,P0012,1,1590.08,0.0
OI00125094,O0071313,P0147,1,79.32,0.0
OI00125095,O0071313,P0160,1,23.6,0.0
OI00125096,O0071313,P0145,1,162.17,0.0
OI00125130,O0071332,P0042,2,122.43,0.0
OI00125131,O0071332,P0037,1,541.47,0.1
OI00125133,O0071334,P0152,1,15.14,0.1
OI00125188,O0071369,P0136,2,85.47,0.0
OI00125203,O0071378,P0019,1,411.46,0.1
OI00125204,O0071378,P0069,1,97.97,0.0
OI00125228,O0071392,P0126,3,188.37,0.05
OI00125231,O0071395,P0168,2,63.04,0.0
OI00125232,O0071395,P0053,1,351.92,0.0
OI00125239,O0071400,P0061,1,385.25,0.0
OI00125240,O0071400,P0090,1,201.8,0.05
OI00125241,O0071401,P0033,2,1380.36,0.1
OI00125242,O0071401,P0044,1,122.95,0.0
OI00125243,O0071401,P0049,1,341.04,0.05
OI00125244,O0071402,P0080,1,230.48,0.0
OI00125248,O0071404,P0099,1,234.85,0.0
OI00125249,O0071404,P0041,1,238.17,0.15
OI00125260,O0071411,P0082,3,365.19,0.0
OI00125261,O0071412,P0157,1,122.47,0.0
OI00125262,O0071412,P0049,1,338.73,0.0
OI00125276,O0071423,P0001,1,1681.22,0.0
OI00125277,O0071424,P0138,1,35.75,0.0
OI00125285,O0071430,P0002,1,928.17,0.0
OI00125286,O0071430,P0150,1,11.83,0.0
OI00125287,O0071430,P0021,1,636.38,0.1
OI00125312,O0071449,P0022,1,871.47,0.0
OI00125313,O0071449,P0098,3,319.93,0.15
OI00125314,O0071450,P0110,1,74.13,0.0
OI00125325,O0071457,P0099,1,234.24,0.0
OI00125328,O0071460,P0024,1,523.13,0.0
OI00125329,O0071460,P0095,1,283.88,0.0
OI00125334,O0071464,P0014,1,809.92,0.05
OI00125345,O0071470,P0066,1,268.74,0.1
OI00125353,O0071477,P0056,1,125.5,0.15
OI00125354,O0071477,P0175,1,12.27,0.0
OI00125355,O0071477,P0089,1,348.83,0.0
OI00125362,O0071484,P0120,1,335.53,0.0
OI00125363,O0071484,P0075,1,54.72,0.15
OI00125366,O0071486,P0133,1,9.94,0.0
OI00125377,O0071492,P0041,1,228.86,0.0
OI00125392,O0071501,P0052,1,39.83,0.0
OI00125393,O0071501,P0112,1,40.0,0.0
OI00125405,O0071508,P0108,1,40.27,0.0
OI00125406,O0071509,P0013,1,1095.23,0.0
OI00125407,O0071509,P0115,3,69.0,0.25
OI00125408,O0071510,P0139,1,24.59,0.0
OI00125412,O0071513,P0051,1,54.58,0.15
OI00125413,O0071513,P0160,1,24.35,0.0
OI00125425,O0071521,P0146,2,53.08,0.15
OI00125427,O0071523,P0067,1,288.13,0.05
OI00125428,O0071523,P0102,1,52.31,0.1
OI00125445,O0071535,P0101,1,128.76,0.05
OI00125446,O0071535,P0122,1,386.87,0.1
OI00125462,O0071543,P0115,1,67.94,0.0
OI00125463,O0071543,P0127,1,165.23,0.25
OI00125480,O0071551,P0021,1,641.34,0.0
OI00125489,O0071556,P0024,1,504.05,0.0
OI00125495,O0071559,P0100,2,61.32,0.0
OI00125496,O0071559,P0164,2,38.05,0.0
OI00125497,O0071560,P0146,1,51.34,0.15
OI00125525,O0071573,P0162,1,19.15,0.0
OI00125526,O0071573,P0080,1,239.51,0.0
OI00125527,O0071574,P0114,1,29.11,0.05
OI00125568,O0071597,P0131,2,49.69,0.0
OI00125581,O0071604,P0167,1,126.54,0.0
OI00125582,O0071604,P0124,2,65.18,0.05
OI00125583,O0071604,P0136,1,83.59,0.0
OI00125584,O0071604,P0170,1,9.77,0.0
OI00125616,O0071623,P0173,1,45.78,0.0
OI00125641,O0071638,P0095,1,281.58,0.0
OI00125674,O0071655,P0154,1,57.33,0.1
OI00125675,O0071655,P0106,2,132.21,0.1
OI00125676,O0071655,P0145,1,160.5,0.0
OI00125721,O0071682,P0172,1,22.02,0.0
OI00125723,O0071684,P0176,1,139.86,0.05
OI00125724,O0071684,P0121,1,149.76,0.15
OI00125725,O0071684,P0107,1,151.53,0.0
OI00125796,O0071730,P0041,1,234.69,0.0
OI00125799,O0071733,P0047,1,129.44,0.05
OI00125800,O0071733,P0053,1,347.76,0.1
OI00125810,O0071740,P0064,1,127.6,0.05
OI00125819,O0071745,P0128,1,71.72,0.0
OI00125820,O0071745,P0098,1,319.47,0.0
OI00125823,O0071747,P0103,2,83.89,0.15
OI00125824,O0071747,P0166,1,33.95,0.0
OI00125825,O0071747,P0064,1,131.29,0.0
OI00125826,O0071747,P0048,1,56.84,0.0
OI00125827,O0071748,P0066,1,272.05,0.0
OI00125828,O0071748,P0073,1,95.95,0.05
OI00125859,O0071767,P0084,1,641.33,0.0
OI00125863,O0071770,P0129,2,306.94,0.0
OI00125864,O0071770,P0058,1,148.23,0.0
OI00125865,O0071770,P0143,1,111.81,0.15
OI00125866,O0071771,P0161,1,61.98,0.0
OI00125872,O0071775,P0179,1,83.88,0.0
OI00125894,O0071785,P0137,2,27.08,0.0
OI00125895,O0071785,P0122,2,379.28,0.0
OI00125899,O0071788,P0166,1,33.28,0.1
OI00125900,O0071788,P0116,3,67.92,0.0
OI00125923,O0071801,P0068,1,147.79,0.15
OI00125951,O0071817,P0078,1,136.5,0.2
OI00125952,O0071817,P0089,1,347.22,0.0
OI00125953,O0071817,P0069,1,97.82,0.0
OI00125954,O0071817,P0104,2,31.26,0.0
OI00125960,O0071822,P0139,1,24.55,0.1
OI00125961,O0071822,P0124,2,63.63,0.1
OI00125962,O0071822,P0091,2,171.89,0.0
OI00125963,O0071822,P0060,1,134.61,0.2
OI00125986,O0071835,P0046,1,323.96,0.0
OI00126009,O0071849,P0008,1,1208.91,0.0
OI00126026,O0071861,P0077,1,414.58,0.0
OI00126077,O0071889,P0160,1,23.49,0.0
OI00126078,O0071890,P0034,1,548.7,0.0
OI00126079,O0071890,P0174,2,18.95,0.15
OI00126091,O0071898,P0111,1,284.98,0.05
OI00126092,O0071898,P0155,2,50.76,0.05
OI00126103,O0071904,P0108,1,40.28,0.0
OI00126104,O0071904,P0180,1,52.59,0.0
OI00126105,O0071904,P0121,1,144.3,0.0
OI00126113,O0071909,P0043,1,286.9,0.0
OI00126114,O0071909,P0026,1,1187.95,0.0
OI00126115,O0071910,P0134,1,131.24,0.0
OI00126116,O0071910,P0059,1,50.17,0.0
OI00126118,O0071912,P0151,1,19.27,0.0
OI00126165,O0071938,P0148,1,15.04,0.0
OI00126166,O0071938,P0061,1,385.52,0.0
OI00126175,O0071943,P0087,1,472.58,0.0
OI00126191,O0071950,P0126,1,183.09,0.0
OI00126192,O0071951,P0147,1,76.2,0.05
OI00126200,O0071955,P0044,1,122.29,0.0
OI00126212,O0071962,P0059,1,49.1,0.0
OI00126213,O0071962,P0047,1,137.97,0.0
OI00126214,O0071962,P0140,1,15.53,0.0
OI00126215,O0071962,P0021,1,647.24,0.05
OI00126228,O0071970,P0140,1,15.28,0.2
OI00126229,O0071970,P0040,2,1005.29,0.15
OI00126233,O0071972,P0022,1,865.37,0.1
OI00126239,O0071976,P0128,3,69.75,0.1
OI00126240,O0071976,P0134,1,129.78,0.05
OI00126241,O0071976,P0141,2,23.37,0.0
OI00126242,O0071976,P0164,1,39.09,0.0
OI00126261,O0071985,P0135,1,184.45,0.0
OI00126263,O0071987,P0089,1,340.44,0.0
OI00126264,O0071987,P0095,1,285.37,0.0
OI00126278,O0071994,P0175,2,12.31,0.0
OI00126279,O0071994,P0028,1,1213.62,0.0
OI00126280,O0071995,P0145,2,162.01,0.0
OI00126286,O0071999,P0139,3,24.02,0.0
OI00126287,O0071999,P0066,1,268.44,0.0
OI00126324,O0072020,P0059,1,50.95,0.2
OI00126325,O0072020,P0044,1,121.78,0.0
OI00126340,O0072027,P0020,1,542.88,0.0
OI00126341,O0072027,P0127,1,168.57,0.1
OI00126343,O0072029,P0144,1,13.82,0.0
OI00126344,O0072029,P0050,1,91.45,0.25
OI00126345,O0072029,P0122,1,393.03,0.05
OI00126362,O0072037,P0091,1,169.13,0.1
OI00126363,O0072037,P0120,1,337.56,0.0
OI00126364,O0072037,P0052,1,38.8,0.0
OI00126370,O0072041,P0115,1,69.69,0.1
OI00126371,O0072041,P0137,1,26.18,0.0
OI00126377,O0072046,P0035,1,1052.56,0.0
OI00126378,O0072046,P0008,1,1168.78,0.0
OI00126379,O0072046,P0060,1,136.94,0.0
OI00126402,O0072059,P0118,1,128.44,0.0
OI00126403,O0072059,P0011,1,1086.22,0.0
OI00126453,O0072086,P0139,2,24.34,0.0
OI00126460,O0072090,P0085,1,477.81,0.0
OI00126461,O0072090,P0029,2,512.95,0.0
OI00126500,O0072114,P0139,1,24.94,0.05
OI00126506,O0072118,P0066,1,271.94,0.1
OI00126507,O0072118,P0091,1,168.7,0.0
OI00126510,O0072120,P0066,1,278.03,0.0
OI00126537,O0072138,P0030,1,838.9,0.0
OI00126545,O0072143,P0145,1,159.88,0.0
OI00126546,O0072143,P0014,1,852.06,0.0
OI00126556,O0072148,P0100,1,62.02,0.0
OI00126557,O0072148,P0158,1,67.67,0.05
OI00126565,O0072154,P0029,1,516.08,0.0
OI00126566,O0072154,P0005,1,1388.93,0.1
OI00126585,O0072166,P0053,1,355.65,0.15
OI00126586,O0072167,P0083,1,724.82,0.0
OI00126589,O0072169,P0053,1,346.96,0.0
OI00126590,O0072169,P0102,1,51.46,0.0
OI00126600,O0072174,P0068,1,144.29,0.0
OI00126601,O0072175,P0105,1,130.87,0.05
OI00126622,O0072187,P0084,1,651.17,0.05
OI00126623,O0072188,P0049,1,343.74,0.0
OI00126624,O0072188,P0007,1,1955.32,0.0
OI00126649,O0072201,P0117,1,30.55,0.15
OI00126650,O0072201,P0065,1,323.13,0.0
OI00126651,O0072201,P0053,1,350.68,0.0
OI00126680,O0072217,P0004,1,1013.24,0.0
OI00126681,O0072217,P0158,1,69.61,0.0
OI00126683,O0072219,P0174,1,17.44,0.05
OI00126684,O0072219,P0111,1,294.28,0.0
OI00126701,O0072230,P0124,1,64.7,0.2
OI00126702,O0072230,P0006,1,2216.29,0.0
OI00126703,O0072230,P0107,1,156.32,0.0
OI00126704,O0072231,P0158,1,66.54,0.0
OI00126714,O0072236,P0087,1,473.8,0.0
OI00126719,O0072241,P0057,3,135.12,0.0
OI00126720,O0072241,P0023,1,1017.32,0.0
OI00126784,O0072278,P0037,1,527.97,0.0
OI00126785,O0072278,P0102,1,50.77,0.0
OI00126804,O0072289,P0157,1,121.17,0.0
OI00126832,O0072306,P0118,1,128.68,0.0
OI00126845,O0072316,P0082,1,374.79,0.0
OI00126854,O0072321,P0091,1,168.69,0.0
OI00126855,O0072321,P0102,1,51.1,0.0
OI00126868,O0072329,P0171,2,37.77,0.0
OI00126869,O0072329,P0048,1,56.75,0.2
OI00126883,O0072337,P0092,1,196.29,0.0
OI00126911,O0072351,P0093,1,83.23,0.1
OI00126939,O0072370,P0113,1,101.91,0.0
OI00126945,O0072375,P0129,2,301.9,0.0
OI00126991,O0072401,P0076,1,122.77,0.1
OI00126998,O0072407,P0169,1,182.15,0.0
OI00127001,O0072409,P0163,1,18.23,0.0
OI00127002,O0072410,P0097,2,140.52,0.0
OI00127038,O0072432,P0074,1,252.8,0.0
OI00127051,O0072440,P0015,1,1397.59,0.0
OI00127052,O0072440,P0129,1,300.46,0.0
OI00127094,O0072465,P0154,1,55.93,0.0
OI00127095,O0072465,P0026,1,1179.14,0.05
OI00127116,O0072479,P0080,1,239.94,0.0
OI00127136,O0072491,P0168,1,61.64,0.0
OI00127137,O0072491,P0112,1,40.39,0.0
OI00127142,O0072495,P0171,1,37.99,0.25
OI00127143,O0072495,P0148,1,14.9,0.0
OI00127144,O0072496,P0169,1,185.37,0.05
OI00127145,O0072496,P0095,1,284.99,0.0
OI00127147,O0072498,P0132,1,29.08,0.05
OI00127148,O0072499,P0084,1,626.06,0.0
OI00127150,O0072501,P0097,1,136.94,0.0
OI00127151,O0072501,P0175,1,12.02,0.0
OI00127152,O0072501,P0098,1,309.41,0.0
OI00127160,O0072506,P0054,1,56.28,0.0
OI00127165,O0072509,P0078,1,139.37,0.0
OI00127200,O0072525,P0077,1,412.9,0.05
OI00127201,O0072525,P0095,1,288.86,0.0
OI00127202,O0072525,P0045,1,414.24,0.1
OI00127223,O0072536,P0006,2,2244.24,0.0
OI00127224,O0072536,P0079,1,172.26,0.05
OI00127225,O0072536,P0102,1,50.6,0.0
OI00127247,O0072550,P0168,1,63.84,0.1
OI00127248,O0072550,P0167,1,126.7,0.05
OI00127249,O0072550,P0029,2,537.96,0.05
OI00127252,O0072552,P0168,1,61.81,0.15
OI00127253,O0072552,P0122,1,389.34,0.1
OI00127255,O0072554,P0085,1,511.2,0.0
OI00127266,O0072561,P0120,1,331.55,0.0
OI00127267,O0072561,P0042,1,116.41,0.0
OI00127268,O0072561,P0152,1,14.69,0.05
OI00127272,O0072565,P0091,1,170.04,0.0
OI00127273,O0072565,P0088,1,308.67,0.1
OI00127276,O0072567,P0112,1,39.04,0.0
OI00127277,O0072568,P0063,1,58.3,0.0
OI00127285,O0072573,P0175,1,11.87,0.1
OI00127286,O0072573,P0160,1,24.51,0.0
OI00127316,O0072588,P0012,1,1521.33,0.0
OI00127322,O0072591,P0082,1,373.7,0.05
OI00127325,O0072594,P0114,1,28.96,0.0
OI00127326,O0072594,P0013,1,1085.2,0.0
OI00127334,O0072598,P0067,1,277.6,0.0
OI00127337,O0072600,P0123,1,49.82,0.1
OI00127351,O0072609,P0080,1,236.76,0.05
OI00127352,O0072609,P0156,1,88.3,0.15
OI00127355,O0072612,P0141,1,24.39,0.0
OI00127367,O0072620,P0054,1,56.28,0.0
OI00127368,O0072620,P0133,1,9.95,0.0
OI00127369,O0072621,P0152,1,14.67,0.2
OI00127371,O0072623,P0077,1,404.63,0.1
OI00127372,O0072623,P0175,1,11.83,0.0
OI00127373,O0072624,P0080,1,235.86,0.25
OI00127392,O0072633,P0076,3,117.97,0.0
OI00127394,O0072635,P0059,1,50.9,0.0
OI00127420,O0072651,P0081,1,409.06,0.1
OI00127421,O0072651,P0130,1,31.19,0.0
OI00127427,O0072654,P0136,1,85.5,0.0
OI00127428,O0072654,P0152,1,14.88,0.1
OI00127455,O0072672,P0082,1,374.08,0.0
OI00127456,O0072673,P0032,1,880.02,0.0
OI00127462,O0072676,P0044,2,122.53,0.25
OI00127463,O0072676,P0081,1,408.69,0.0
OI00127464,O0072677,P0020,2,549.8,0.0
OI00127477,O0072687,P0012,1,1492.54,0.0
OI00127478,O0072687,P0028,1,1223.67,0.0
OI00127479,O0072687,P0154,1,56.34,0.0
OI00127504,O0072700,P0021,1,626.68,0.0
OI00127505,O0072700,P0101,1,125.25,0.0
OI00127506,O0072700,P0093,1,85.48,0.2
OI00127528,O0072715,P0171,1,38.0,0.05
OI00127540,O0072722,P0083,1,727.33,0.0
OI00127541,O0072722,P0084,1,638.03,0.0
OI00127542,O0072723,P0123,1,50.28,0.1
OI00127543,O0072723,P0034,1,546.3,0.0
OI00127601,O0072758,P0146,1,52.97,0.0
OI00127616,O0072768,P0094,1,74.21,0.0
OI00127617,O0072768,P0077,1,420.52,0.1
OI00127636,O0072775,P0171,1,37.3,0.0
OI00127646,O0072780,P0137,3,25.88,0.05
OI00127647,O0072780,P0087,2,491.17,0.0
OI00127648,O0072780,P0093,2,82.55,0.0
OI00127649,O0072781,P0135,1,183.6,0.05
OI00127677,O0072794,P0016,1,911.33,0.0
OI00127678,O0072794,P0101,1,124.55,0.0
OI00127714,O0072812,P0144,1,13.48,0.0
OI00127715,O0072812,P0148,1,15.39,0.0
OI00127716,O0072812,P0102,1,52.63,0.1
OI00127726,O0072819,P0161,1,63.09,0.15
OI00127727,O0072819,P0163,1,18.47,0.15
OI00127728,O0072819,P0104,1,30.64,0.0
OI00127737,O0072825,P0081,2,406.07,0.0
OI00127738,O0072825,P0047,1,141.73,0.0
OI00127739,O0072825,P0101,1,131.86,0.25
OI00127750,O0072831,P0147,1,78.22,0.15
OI00127762,O0072839,P0064,1,127.49,0.0
OI00127768,O0072844,P0076,1,124.8,0.0
OI00127769,O0072844,P0100,1,61.26,0.1
OI00127785,O0072854,P0173,1,44.65,0.0
OI00127786,O0072854,P0027,2,913.4,0.0
OI00127793,O0072859,P0057,1,129.43,0.0
OI00127794,O0072859,P0118,1,126.53,0.0
OI00127869,O0072895,P0088,1,295.05,0.0
OI00127870,O0072895,P0064,1,128.18,0.0
OI00127888,O0072907,P0139,1,24.78,0.0
OI00127889,O0072907,P0158,2,66.33,0.0
OI00127890,O0072908,P0102,1,52.36,0.05
OI00127891,O0072909,P0084,2,628.12,0.0
OI00127893,O0072911,P0058,1,152.34,0.0
OI00127894,O0072911,P0142,1,12.33,0.05
OI00127904,O0072917,P0143,1,114.42,0.0
OI00127906,O0072919,P0018,2,1970.4,0.1
OI00127921,O0072926,P0119,1,32.23,0.0
OI00127926,O0072929,P0073,1,96.81,0.0
OI00127927,O0072929,P0019,2,405.39,0.0
OI00127933,O0072934,P0163,1,17.57,0.0
OI00127950,O0072942,P0148,1,14.89,0.0
OI00127957,O0072946,P0039,1,534.62,0.0
OI00127963,O0072949,P0036,1,713.7,0.0
OI00127965,O0072951,P0090,1,203.65,0.15
OI00127969,O0072954,P0090,1,196.84,0.0
OI00127970,O0072954,P0040,1,985.03,0.0
OI00127975,O0072958,P0138,2,35.59,0.0
OI00127976,O0072958,P0017,1,1647.85,0.0
OI00127999,O0072969,P0063,2,58.77,0.2
OI00128000,O0072969,P0081,3,416.36,0.0
OI00128002,O0072971,P0032,1,893.96,0.0
OI00128006,O0072973,P0137,1,25.37,0.0
OI00128009,O0072975,P0044,1,123.06,0.0
OI00128022,O0072982,P0023,1,973.41,0.0
OI00128023,O0072982,P0014,1,807.34,0.1
OI00128024,O0072982,P0173,1,44.8,0.0
OI00128032,O0072987,P0068,3,142.37,0.05
OI00128033,O0072987,P0157,1,118.09,0.05
OI00128035,O0072989,P0094,1,73.56,0.0
OI00128063,O0073003,P0154,1,55.71,0.0
OI00128064,O0073003,P0088,1,310.69,0.0
OI00128078,O0073011,P0177,1,23.68,0.0
OI00128079,O0073011,P0065,1,323.64,0.0
OI00128080,O0073011,P0051,1,55.47,0.0
OI00128081,O0073011,P0149,1,18.8,0.0
OI00128089,O0073015,P0040,1,1015.99,0.0
OI00128090,O0073015,P0112,1,38.3,0.0
OI00128091,O0073016,P0158,1,66.24,0.0
OI00128092,O0073016,P0167,1,128.62,0.2
OI00128097,O0073019,P0068,2,142.61,0.0
OI00128131,O0073035,P0052,1,38.8,0.0
OI00128132,O0073035,P0168,3,63.51,0.0
OI00128133,O0073036,P0083,1,739.13,0.0
OI00128134,O0073036,P0107,1,156.34,0.05
OI00128138,O0073038,P0103,1,86.07,0.0
OI00128147,O0073042,P0008,2,1168.37,0.0
OI00128179,O0073061,P0120,1,344.66,0.0
OI00128180,O0073062,P0042,1,122.21,0.2
OI00128181,O0073062,P0080,1,239.18,0.0
OI00128182,O0073062,P0033,2,1312.86,0.1
OI00128183,O0073062,P0020,2,545.12,0.0
OI00128191,O0073067,P0159,1,176.43,0.0
OI00128204,O0073075,P0136,2,84.62,0.0
OI00128205,O0073076,P0026,2,1153.41,0.0
OI00128206,O0073076,P0160,2,24.6,0.0
OI00128231,O0073091,P0147,1,76.16,0.0
OI00128232,O0073091,P0146,1,51.36,0.0
OI00128242,O0073097,P0153,2,44.15,0.05
OI00128243,O0073097,P0169,1,184.15,0.1
OI00128244,O0073098,P0118,2,128.83,0.1
OI00128252,O0073103,P0091,1,166.52,0.0
OI00128253,O0073104,P0013,1,1074.4,0.0
OI00128254,O0073104,P0045,1,406.72,0.2
OI00128255,O0073104,P0108,1,41.33,0.0
OI00128262,O0073108,P0172,1,22.06,0.1
OI00128268,O0073111,P0134,1,134.07,0.0
OI00128283,O0073119,P0063,1,57.6,0.1
OI00128284,O0073120,P0062,1,57.29,0.0
OI00128300,O0073130,P0039,1,509.26,0.0
OI00128301,O0073130,P0150,2,12.02,0.0
OI00128324,O0073141,P0172,1,22.72,0.0
OI00128325,O0073141,P0127,1,159.03,0.05
OI00128330,O0073145,P0151,1,19.17,0.0
OI00128331,O0073145,P0092,1,189.02,0.0
OI00128332,O0073145,P0035,1,1074.77,0.0
OI00128344,O0073152,P0167,1,126.62,0.0
OI00128363,O0073164,P0096,1,85.85,0.1
OI00128364,O0073164,P0107,1,152.37,0.0
OI00128365,O0073164,P0070,1,50.92,0.0
OI00128374,O0073170,P0026,2,1164.33,0.0
OI00128381,O0073174,P0005,1,1341.83,0.05
OI00128382,O0073174,P0152,2,14.69,0.0
OI00128400,O0073182,P0001,1,1708.23,0.1
OI00128401,O0073182,P0006,1,2154.73,0.0
OI00128402,O0073182,P0113,1,99.77,0.0
OI00128409,O0073186,P0089,1,340.61,0.0
OI00128410,O0073186,P0073,1,96.91,0.0
OI00128411,O0073186,P0114,1,29.39,0.0
OI00128418,O0073191,P0177,1,23.39,0.0
OI00128446,O0073208,P0174,1,18.29,0.0
OI00128447,O0073209,P0058,1,152.73,0.2
OI00128448,O0073209,P0129,2,300.96,0.05
OI00128457,O0073214,P0176,1,138.03,0.1
OI00128468,O0073221,P0037,1,538.52,0.0
OI00128469,O0073221,P0105,1,131.96,0.1
OI00128470,O0073222,P0048,1,56.06,0.05
OI00128471,O0073222,P0080,1,244.35,0.0
OI00128472,O0073222,P0087,1,480.73,0.0
OI00128473,O0073223,P0048,2,56.98,0.0
OI00128481,O0073228,P0130,1,29.94,0.0
OI00128482,O0073228,P0156,2,89.86,0.0
OI00128491,O0073234,P0172,2,22.09,0.0
OI00128493,O0073236,P0014,1,817.68,0.0
OI00128494,O0073237,P0161,1,63.09,0.0
OI00128495,O0073237,P0115,1,66.65,0.0
OI00128496,O0073237,P0092,2,193.13,0.0
OI00128548,O0073272,P0141,1,24.0,0.0
OI00128561,O0073280,P0003,1,1227.91,0.25
OI00128589,O0073295,P0061,1,379.55,0.0
OI00128590,O0073295,P0013,1,1057.4,0.0
OI00128595,O0073299,P0028,1,1215.63,0.0
OI00128605,O0073304,P0066,1,268.02,0.0
OI00128615,O0073311,P0086,1,50.57,0.0
OI00128616,O0073311,P0177,1,22.9,0.2
OI00128617,O0073311,P0162,1,19.37,0.15
OI00128618,O0073311,P0136,1,84.42,0.0
OI00128646,O0073329,P0143,1,109.9,0.05
OI00128647,O0073329,P0065,1,324.78,0.0
OI00128648,O0073329,P0135,1,183.67,0.0
OI00128652,O0073333,P0040,1,999.29,0.0
OI00128653,O0073333,P0145,2,162.55,0.0
OI00128668,O0073342,P0022,1,854.88,0.0
OI00128671,O0073344,P0108,1,41.13,0.0
OI00128672,O0073344,P0144,1,13.95,0.0
OI00128683,O0073350,P0011,1,1068.27,0.0
OI00128684,O0073350,P0065,1,317.75,0.0
OI00128692,O0073355,P0086,1,51.58,0.0
OI00128693,O0073355,P0087,1,474.55,0.1
OI00128698,O0073360,P0115,1,68.52,0.0
OI00128699,O0073360,P0039,1,525.63,0.0
OI00128701,O0073362,P0127,1,158.86,0.1
OI00128702,O0073362,P0066,1,266.19,0.0
OI00128703,O0073362,P0168,1,61.86,0.0
OI00128704,O0073362,P0116,1,71.66,0.0
OI00128720,O0073374,P0132,1,29.95,0.0
OI00128721,O0073374,P0166,2,32.99,0.0
OI00128722,O0073374,P0117,1,30.35,0.0
OI00128758,O0073391,P0124,1,64.62,0.0
OI00128785,O0073405,P0003,2,1206.1,0.1
OI00128786,O0073406,P0084,1,614.22,0.0
OI00128787,O0073406,P0055,1,329.79,0.0
OI00128802,O0073414,P0142,1,12.84,0.1
OI00128828,O0073430,P0060,1,139.58,0.0
OI00128829,O0073430,P0169,1,183.99,0.0
OI00128853,O0073444,P0117,2,30.0,0.0
OI00128885,O0073464,P0121,2,144.7,0.1
OI00128896,O0073471,P0040,1,1007.87,0.0
OI00128897,O0073471,P0036,1,711.82,0.0
OI00128902,O0073474,P0137,2,26.91,0.0
OI00128912,O0073481,P0171,1,37.46,0.15
OI00128913,O0073481,P0145,1,163.0,0.0
OI00128915,O0073483,P0024,2,510.21,0.25
OI00128927,O0073490,P0122,1,390.48,0.0
OI00128929,O0073492,P0045,1,404.01,0.0
OI00128953,O0073506,P0120,1,327.25,0.1
OI00128955,O0073508,P0048,1,57.04,0.0
OI00128958,O0073511,P0078,1,134.08,0.0
OI00128972,O0073519,P0119,1,33.09,0.0
OI00128975,O0073521,P0065,2,321.4,0.15
OI00128976,O0073521,P0052,1,40.79,0.15
OI00129002,O0073538,P0065,1,318.84,0.0
OI00129014,O0073545,P0101,2,130.46,0.0
OI00129021,O0073550,P0167,1,125.89,0.0
OI00129047,O0073564,P0102,1,51.72,0.0
OI00129048,O0073564,P0079,1,175.87,0.0
OI00129050,O0073566,P0099,1,237.47,0.1
OI00129060,O0073572,P0089,1,350.67,0.1
OI00129061,O0073572,P0006,3,2137.05,0.0
OI00129062,O0073572,P0139,1,23.99,0.0
OI00129071,O0073577,P0081,2,402.78,0.05
OI00129072,O0073577,P0101,1,124.99,0.0
OI00129097,O0073589,P0065,3,311.8,0.1
OI00129098,O0073589,P0007,1,1979.67,0.1
OI00129101,O0073591,P0178,1,11.02,0.0
OI00129102,O0073591,P0087,1,490.19,0.0
OI00129105,O0073594,P0044,3,129.54,0.0
OI00129106,O0073594,P0133,1,10.29,0.0
OI00129117,O0073599,P0045,1,419.41,0.0
OI00129118,O0073599,P0040,1,1007.45,0.0
OI00129119,O0073599,P0027,1,920.41,0.0
OI00129132,O0073607,P0011,1,1089.35,0.0
OI00129139,O0073611,P0048,1,57.32,0.0
OI00129145,O0073615,P0025,2,425.84,0.0
OI00129158,O0073624,P0082,1,369.37,0.05
OI00129160,O0073626,P0048,1,54.88,0.0
OI00129172,O0073633,P0011,1,1050.88,0.0
OI00129173,O0073633,P0086,1,52.36,0.0
OI00129176,O0073636,P0026,1,1150.97,0.0
OI00129182,O0073639,P0152,1,14.8,0.0
OI00129183,O0073639,P0084,3,619.78,0.1
OI00129184,O0073640,P0038,1,481.56,0.0
OI00129185,O0073640,P0119,1,33.08,0.1
OI00129186,O0073640,P0178,1,11.29,0.05
OI00129187,O0073640,P0091,1,170.67,0.0
OI00129188,O0073641,P0070,2,55.31,0.1
OI00129189,O0073641,P0115,1,68.91,0.0
OI00129207,O0073650,P0100,1,59.38,0.25
OI00129222,O0073659,P0042,2,121.78,0.0
OI00129223,O0073659,P0149,1,17.52,0.0
OI00129224,O0073660,P0053,1,359.34,0.15
OI00129225,O0073660,P0105,2,132.73,0.0
OI00129226,O0073660,P0123,1,48.4,0.0
OI00129227,O0073660,P0121,1,146.77,0.0
OI00129233,O0073664,P0050,1,94.69,0.15
OI00129243,O0073668,P0014,1,820.25,0.0
OI00129244,O0073668,P0053,1,360.11,0.0
OI00129266,O0073678,P0104,1,29.52,0.0
OI00129267,O0073678,P0052,2,39.54,0.05
OI00129287,O0073685,P0149,1,17.8,0.25
OI00129303,O0073694,P0137,1,25.72,0.0
OI00129304,O0073694,P0026,1,1111.46,0.0
OI00129307,O0073697,P0171,1,37.54,0.0
OI00129322,O0073705,P0110,1,73.01,0.1
OI00129323,O0073705,P0114,1,29.37,0.2
OI00129349,O0073724,P0108,1,40.89,0.0
OI00129351,O0073726,P0172,1,22.19,0.0
OI00129352,O0073726,P0041,2,230.82,0.0
OI00129359,O0073731,P0033,1,1327.24,0.05
OI00129399,O0073756,P0115,1,68.13,0.2
OI00129400,O0073756,P0007,1,2029.72,0.0
OI00129403,O0073758,P0056,1,131.38,0.05
OI00129417,O0073769,P0092,2,194.05,0.0
OI00129448,O0073791,P0045,2,416.55,0.0
OI00129449,O0073792,P0095,1,290.08,0.0
OI00129450,O0073792,P0007,1,2000.46,0.05
OI00129451,O0073793,P0038,1,478.7,0.0
OI00129475,O0073808,P0017,1,1670.92,0.0
OI00129481,O0073812,P0157,2,120.63,0.1
OI00129508,O0073828,P0164,1,39.33,0.0
OI00129509,O0073828,P0072,1,164.71,0.05
OI00129510,O0073828,P0147,1,77.38,0.0
OI00129515,O0073832,P0139,1,24.85,0.0
OI00129523,O0073838,P0063,1,58.03,0.0
OI00129524,O0073838,P0028,1,1227.93,0.0
OI00129525,O0073838,P0092,1,191.76,0.1
OI00129538,O0073847,P0159,1,174.82,0.0
OI00129539,O0073847,P0055,1,339.88,0.0
OI00129541,O0073849,P0154,1,56.61,0.0
OI00129569,O0073865,P0168,1,62.91,0.0
OI00129579,O0073871,P0108,2,42.01,0.05
OI00129583,O0073874,P0167,1,129.87,0.0
OI00129599,O0073885,P0102,1,52.44,0.2
OI00129618,O0073894,P0056,3,128.66,0.0
OI00129619,O0073894,P0151,1,19.86,0.1
OI00129625,O0073898,P0006,1,2130.27,0.0
OI00129629,O0073901,P0069,2,99.39,0.0
OI00129630,O0073901,P0045,1,399.6,0.0
OI00129631,O0073901,P0055,1,331.25,0.0
OI00129632,O0073902,P0042,1,120.52,0.2
OI00129640,O0073907,P0180,1,51.0,0.0
OI00129643,O0073910,P0177,2,23.06,0.0
OI00129644,O0073910,P0001,1,1656.1,0.0
OI00129660,O0073920,P0090,1,207.21,0.0
OI00129661,O0073920,P0158,1,67.45,0.0
OI00129664,O0073923,P0092,1,194.74,0.0
OI00129676,O0073930,P0152,1,15.01,0.2
OI00129682,O0073933,P0090,2,199.89,0.0
OI00129683,O0073933,P0122,1,385.14,0.0
OI00129684,O0073933,P0116,1,70.18,0.05
OI00129685,O0073933,P0050,1,91.69,0.0
OI00129720,O0073953,P0084,1,635.09,0.05
OI00129727,O0073958,P0154,1,57.21,0.2
OI00129728,O0073959,P0054,1,58.51,0.1
OI00129729,O0073959,P0061,1,393.44,0.0
OI00129731,O0073961,P0122,1,386.28,0.0
OI00129732,O0073961,P0111,1,286.16,0.0
OI00129733,O0073961,P0044,1,123.86,0.0
OI00129773,O0073983,P0134,1,132.74,0.0
OI00129782,O0073989,P0146,1,51.47,0.25
OI00129783,O0073990,P0139,2,24.57,0.0
OI00129784,O0073991,P0061,1,386.52,0.0
OI00129785,O0073991,P0053,1,357.56,0.1
OI00129786,O0073991,P0064,1,131.83,0.0
OI00129788,O0073993,P0127,2,157.88,0.0
OI00129789,O0073993,P0128,1,68.06,0.0
OI00129843,O0074021,P0180,1,50.71,0.0
OI00129844,O0074021,P0091,1,167.45,0.0
OI00129845,O0074021,P0033,1,1358.47,0.05
OI00129852,O0074026,P0050,1,92.3,0.1
OI00129857,O0074030,P0039,1,528.57,0.0
OI00129884,O0074046,P0133,1,10.39,0.0
OI00129885,O0074046,P0010,1,907.12,0.0
OI00129897,O0074053,P0174,1,18.09,0.0
OI00129904,O0074056,P0086,1,51.08,0.0
OI00129909,O0074059,P0082,1,382.97,0.15
OI00129910,O0074059,P0089,1,352.34,0.1
OI00129923,O0074065,P0060,1,134.15,0.0
OI00129924,O0074065,P0032,1,881.94,0.0
OI00129925,O0074065,P0042,1,121.12,0.0
OI00129940,O0074074,P0114,1,29.17,0.0
OI00129941,O0074074,P0026,1,1172.46,0.1
OI00129960,O0074082,P0115,1,69.8,0.0
OI00129974,O0074091,P0150,1,11.47,0.0
OI00129975,O0074091,P0084,2,623.77,0.1
OI00129976,O0074092,P0151,1,19.57,0.1
OI00129977,O0074092,P0153,1,43.38,0.1
OI00129987,O0074101,P0004,1,979.94,0.2
OI00130013,O0074117,P0117,1,30.99,0.15
OI00130014,O0074117,P0102,1,51.73,0.0
OI00130015,O0074117,P0134,1,136.0,0.0
OI00130040,O0074132,P0104,2,29.66,0.0
OI00130046,O0074136,P0091,1,172.73,0.0
OI00130047,O0074136,P0109,1,174.26,0.0
OI00130048,O0074136,P0045,1,407.03,0.2
OI00130053,O0074139,P0121,1,143.21,0.0
OI00130084,O0074157,P0037,1,536.74,0.0
OI00130101,O0074167,P0079,1,172.3,0.0
OI00130102,O0074167,P0025,1,433.03,0.1
OI00130110,O0074172,P0046,1,320.05,0.1
OI00130111,O0074172,P0057,2,129.0,0.0
OI00130112,O0074172,P0163,1,18.49,0.2
OI00130113,O0074173,P0038,2,484.0,0.05
OI00130114,O0074173,P0151,1,19.2,0.0
OI00130115,O0074173,P0064,1,128.48,0.0
OI00130133,O0074183,P0064,1,130.32,0.0
OI00130134,O0074183,P0027,1,889.77,0.05
OI00130135,O0074183,P0007,1,2035.78,0.0
OI00130148,O0074191,P0105,1,132.0,0.0
OI00130149,O0074191,P0171,1,37.74,0.1
OI00130154,O0074195,P0119,1,31.71,0.0
OI00130155,O0074195,P0166,1,32.68,0.0
OI00130166,O0074202,P0022,1,875.63,0.0
OI00130184,O0074211,P0106,1,128.22,0.0
OI00130196,O0074219,P0104,1,30.46,0.1
OI00130197,O0074219,P0158,1,66.01,0.0
OI00130198,O0074219,P0125,1,291.88,0.0
OI00130211,O0074226,P0172,1,21.45,0.05
OI00130215,O0074228,P0146,1,53.15,0.0
OI00130216,O0074228,P0084,1,636.01,0.0
OI00130217,O0074228,P0098,1,318.63,0.0
OI00130220,O0074231,P0091,2,166.32,0.0
OI00130224,O0074234,P0178,1,10.36,0.0
OI00130225,O0074234,P0107,1,153.6,0.0
OI00130226,O0074234,P0056,1,127.24,0.0
OI00130227,O0074234,P0099,1,237.4,0.1
OI00130232,O0074237,P0085,1,495.92,0.0
OI00130233,O0074237,P0105,2,129.87,0.0
OI00130234,O0074238,P0113,1,98.03,0.15
OI00130239,O0074242,P0084,1,632.23,0.0
OI00130240,O0074243,P0013,1,1043.4,0.0
OI00130241,O0074243,P0105,1,134.64,0.0
OI00130242,O0074243,P0091,1,170.1,0.0
OI00130267,O0074257,P0150,1,11.67,0.1
OI00130268,O0074257,P0162,1,19.16,0.0
OI00130278,O0074263,P0018,1,1970.88,0.05
OI00130297,O0074273,P0006,1,2206.31,0.0
OI00130306,O0074279,P0116,1,69.75,0.05
OI00130314,O0074284,P0010,1,878.68,0.1
OI00130315,O0074284,P0070,1,55.39,0.0
OI00130329,O0074292,P0056,1,127.72,0.0
OI00130330,O0074292,P0143,1,115.25,0.1
OI00130331,O0074292,P0141,1,23.61,0.0
OI00130338,O0074297,P0115,1,67.56,0.15
OI00130339,O0074297,P0092,1,199.04,0.0
OI00130357,O0074305,P0107,1,155.91,0.0
OI00130358,O0074305,P0022,1,863.61,0.0
OI00130364,O0074309,P0039,1,546.55,0.0
OI00130372,O0074314,P0135,2,186.36,0.0
OI00130373,O0074314,P0063,1,58.54,0.0
OI00130389,O0074322,P0147,1,79.44,0.0
OI00130390,O0074322,P0114,1,29.46,0.0
OI00130391,O0074322,P0078,1,135.02,0.0
OI00130401,O0074327,P0079,2,177.91,0.0
OI00130402,O0074327,P0061,1,387.52,0.0
OI00130403,O0074328,P0085,1,499.85,0.0
OI00130404,O0074329,P0162,2,19.19,0.0
OI00130412,O0074336,P0129,1,306.13,0.0
OI00130413,O0074336,P0142,1,12.64,0.0
OI00130421,O0074339,P0010,1,896.4,0.0
OI00130445,O0074355,P0096,1,85.56,0.0
OI00130446,O0074355,P0168,1,64.18,0.1
OI00130447,O0074356,P0077,1,416.67,0.0
OI00130449,O0074358,P0174,1,18.42,0.25
OI00130451,O0074360,P0034,1,553.09,0.0
OI00130452,O0074361,P0044,1,122.19,0.0
OI00130453,O0074361,P0086,1,50.79,0.0
OI00130462,O0074368,P0103,1,81.9,0.0
OI00130480,O0074377,P0013,1,1081.61,0.0
OI00130485,O0074379,P0028,1,1192.7,0.0
OI00130486,O0074379,P0029,1,530.29,0.1
OI00130487,O0074379,P0129,1,296.19,0.05
OI00130512,O0074397,P0114,1,28.82,0.25
OI00130513,O0074397,P0044,1,125.23,0.0
OI00130533,O0074409,P0143,1,111.96,0.0
OI00130534,O0074409,P0051,1,55.6,0.05
OI00130570,O0074429,P0150,1,11.23,0.0
OI00130571,O0074429,P0107,1,152.13,0.0
OI00130573,O0074431,P0025,1,427.38,0.0
OI00130592,O0074440,P0025,1,412.01,0.0
OI00130593,O0074440,P0126,1,187.22,0.0
OI00130594,O0074440,P0037,1,536.42,0.0
OI00130611,O0074448,P0143,1,113.7,0.0
OI00130612,O0074449,P0131,1,49.28,0.0
OI00130613,O0074449,P0068,2,145.39,0.0
OI00130629,O0074460,P0047,1,135.42,0.1
OI00130664,O0074476,P0052,1,38.5,0.2
OI00130665,O0074476,P0088,1,297.99,0.0
OI00130666,O0074476,P0142,1,12.36,0.0
OI00130670,O0074479,P0085,2,507.66,0.0
OI00130671,O0074479,P0078,1,135.17,0.0
OI00130672,O0074479,P0134,1,132.2,0.0
OI00130673,O0074479,P0061,1,388.19,0.25
OI00130681,O0074485,P0105,1,132.17,0.0
OI00130682,O0074485,P0139,1,23.78,0.0
OI00130720,O0074506,P0149,2,17.52,0.05
OI00130721,O0074506,P0142,1,12.65,0.2
OI00130722,O0074506,P0169,1,189.07,0.0
OI00130723,O0074507,P0056,1,129.16,0.1
OI00130724,O0074507,P0114,1,29.19,0.0
OI00130725,O0074507,P0109,2,162.87,0.1
OI00130728,O0074509,P0014,2,824.74,0.05
OI00130729,O0074509,P0072,1,175.39,0.0
OI00130730,O0074510,P0104,1,29.68,0.05
OI00130735,O0074513,P0101,1,129.35,0.05
OI00130736,O0074513,P0131,1,49.81,0.15
OI00130752,O0074527,P0048,2,54.08,0.15
OI00130767,O0074536,P0042,1,118.79,0.1
OI00130780,O0074543,P0106,1,130.09,0.0
OI00130781,O0074543,P0030,1,863.69,0.1
OI00130782,O0074543,P0157,1,117.86,0.0
OI00130788,O0074546,P0068,1,144.13,0.0
OI00130789,O0074546,P0104,1,29.96,0.0
OI00130790,O0074547,P0158,1,63.6,0.0
OI00130821,O0074565,P0096,1,85.65,0.0
OI00130839,O0074576,P0147,2,75.69,0.0
OI00130864,O0074587,P0174,1,17.99,0.0
OI00130865,O0074587,P0157,1,121.49,0.0
OI00130880,O0074596,P0127,1,159.91,0.0
OI00130881,O0074596,P0098,1,319.47,0.0
OI00130882,O0074596,P0035,1,1062.43,0.0
OI00130889,O0074602,P0163,1,18.21,0.0
OI00130890,O0074602,P0170,1,9.43,0.0
OI00130902,O0074612,P0049,1,341.56,0.0
OI00130903,O0074612,P0074,2,257.14,0.0
OI00130904,O0074612,P0110,1,75.68,0.0
OI00130905,O0074612,P0107,1,153.57,0.0
OI00130906,O0074613,P0009,1,1304.39,0.0
OI00130907,O0074613,P0124,1,66.43,0.15
OI00130909,O0074615,P0130,1,29.93,0.05
OI00130916,O0074620,P0176,3,136.23,0.0
OI00130952,O0074637,P0053,1,360.34,0.0
OI00130967,O0074648,P0125,1,296.59,0.05
OI00130983,O0074655,P0112,1,40.75,0.1
OI00131039,O0074684,P0066,1,272.91,0.05
OI00131040,O0074684,P0010,1,861.41,0.0
OI00131043,O0074686,P0159,1,178.18,0.15
OI00131061,O0074696,P0033,3,1306.51,0.1
OI00131063,O0074698,P0166,1,32.79,0.2
OI00131064,O0074698,P0048,1,58.12,0.0
OI00131065,O0074698,P0070,1,53.92,0.0
OI00131084,O0074709,P0006,3,2113.27,0.0
OI00131085,O0074709,P0139,1,24.94,0.0
OI00131086,O0074709,P0046,2,330.22,0.0
OI00131093,O0074713,P0084,1,643.73,0.0
OI00131094,O0074713,P0139,1,24.29,0.0
OI00131099,O0074717,P0053,2,350.62,0.1
OI00131100,O0074717,P0048,1,56.39,0.05
OI00131101,O0074717,P0142,1,12.51,0.1
OI00131102,O0074718,P0127,1,165.58,0.0
OI00131103,O0074718,P0092,1,196.68,0.1
OI00131105,O0074720,P0087,1,486.11,0.0
OI00131111,O0074724,P0129,1,295.66,0.0
OI00131112,O0074724,P0006,1,2098.55,0.0
OI00131135,O0074737,P0040,1,1006.11,0.0
OI00131136,O0074737,P0109,1,174.83,0.0
OI00131137,O0074737,P0121,1,143.25,0.0
OI00131189,O0074766,P0125,2,296.26,0.0
OI00131190,O0074766,P0063,1,60.79,0.0
OI00131211,O0074779,P0058,1,151.18,0.0
OI00131236,O0074790,P0123,1,49.72,0.0
OI00131237,O0074790,P0038,1,488.19,0.15
OI00131238,O0074791,P0101,1,128.63,0.0
OI00131239,O0074791,P0088,1,308.84,0.0
OI00131245,O0074794,P0006,1,2212.29,0.0
OI00131246,O0074794,P0024,1,512.86,0.05
OI00131251,O0074797,P0175,1,12.24,0.25
OI00131269,O0074805,P0045,1,401.98,0.0
OI00131283,O0074814,P0085,1,490.89,0.0
OI00131295,O0074821,P0005,1,1305.98,0.25
OI00131296,O0074821,P0047,1,137.34,0.0
OI00131300,O0074824,P0103,1,83.81,0.0
OI00131301,O0074824,P0156,3,90.17,0.0
OI00131302,O0074825,P0117,2,30.57,0.0
OI00131303,O0074825,P0129,1,304.82,0.0
OI00131308,O0074828,P0055,2,320.94,0.0
OI00131344,O0074845,P0029,1,527.34,0.0
OI00131345,O0074845,P0149,1,18.12,0.0
OI00131346,O0074846,P0113,1,101.21,0.0
OI00131373,O0074862,P0029,1,518.74,0.0
OI00131379,O0074865,P0083,1,729.44,0.0
OI00131404,O0074876,P0075,1,56.49,0.0
OI00131405,O0074876,P0090,1,201.66,0.15
OI00131435,O0074893,P0056,1,127.01,0.0
OI00131443,O0074897,P0061,1,403.15,0.1
OI00131449,O0074901,P0117,1,30.77,0.0
OI00131461,O0074910,P0118,2,127.91,0.0
OI00131462,O0074910,P0016,2,939.03,0.0
OI00131491,O0074930,P0130,1,30.25,0.0
OI00131506,O0074938,P0043,1,282.84,0.15
OI00131515,O0074943,P0099,1,240.63,0.0
OI00131516,O0074943,P0118,1,131.4,0.0
OI00131517,O0074943,P0156,1,86.86,0.0
OI00131533,O0074951,P0047,1,133.51,0.0
OI00131534,O0074951,P0174,1,18.35,0.0
OI00131535,O0074952,P0065,1,309.83,0.15
OI00131536,O0074952,P0117,1,30.64,0.0
OI00131537,O0074953,P0177,1,22.96,0.0
OI00131538,O0074953,P0118,1,127.2,0.0
OI00131544,O0074956,P0099,1,232.94,0.0
OI00131545,O0074956,P0079,1,170.69,0.1
OI00131546,O0074956,P0041,1,235.43,0.0
OI00131552,O0074960,P0132,1,29.43,0.0
OI00131565,O0074969,P0001,1,1713.4,0.0
OI00131571,O0074972,P0109,3,165.68,0.1
OI00131581,O0074978,P0142,1,12.55,0.0
OI00131582,O0074978,P0031,1,1334.74,0.0
OI00131604,O0074990,P0114,2,28.73,0.05
OI00131605,O0074990,P0111,1,287.9,0.1
OI00131606,O0074990,P0083,1,731.73,0.0
OI00131624,O0075000,P0094,1,71.02,0.0
OI00131651,O0075015,P0067,1,274.43,0.0
OI00131652,O0075015,P0099,1,235.05,0.0
OI00131653,O0075016,P0147,1,76.15,0.0
OI00131654,O0075017,P0049,1,340.56,0.0
OI00131655,O0075017,P0056,1,129.78,0.0
OI00131656,O0075017,P0138,2,35.94,0.1
OI00131662,O0075021,P0111,1,288.85,0.0
OI00131663,O0075021,P0074,1,254.68,0.0
OI00131664,O0075021,P0149,1,17.92,0.1
OI00131665,O0075021,P0142,1,12.47,0.1
OI00131666,O0075022,P0152,1,15.05,0.0
OI00131667,O0075022,P0142,1,12.37,0.0
OI00131674,O0075026,P0008,1,1196.56,0.05
OI00131680,O0075029,P0062,1,57.88,0.0
OI00131681,O0075030,P0149,1,17.79,0.0
OI00131696,O0075038,P0051,1,56.04,0.0
OI00131710,O0075045,P0097,1,143.0,0.0
OI00131728,O0075056,P0092,1,192.07,0.0
OI00131729,O0075056,P0156,2,89.11,0.0
OI00131730,O0075056,P0105,1,130.88,0.0
OI00131742,O0075064,P0025,1,421.06,0.1
OI00131743,O0075064,P0055,1,329.56,0.1
OI00131761,O0075073,P0095,1,284.69,0.1
OI00131764,O0075076,P0027,1,893.6,0.0
OI00131823,O0075115,P0087,1,489.54,0.05
OI00131824,O0075115,P0025,1,435.08,0.0
OI00131825,O0075115,P0083,1,723.3,0.0
OI00131826,O0075116,P0146,1,53.2,0.05
OI00131827,O0075116,P0142,1,12.92,0.0
OI00131833,O0075119,P0152,1,14.93,0.0
OI00131834,O0075119,P0095,1,285.62,0.0
OI00131842,O0075124,P0080,1,235.19,0.0
OI00131843,O0075124,P0157,1,115.87,0.0
OI00131844,O0075124,P0087,2,472.42,0.0
OI00131846,O0075126,P0158,1,67.34,0.0
OI00131847,O0075126,P0136,1,86.92,0.0
OI00131851,O0075128,P0093,1,85.26,0.15
OI00131858,O0075134,P0098,3,321.66,0.0
OI00131860,O0075136,P0167,1,123.86,0.15
OI00131875,O0075144,P0098,1,322.77,0.0
OI00131876,O0075144,P0057,1,131.13,0.0
OI00131887,O0075151,P0155,2,49.21,0.0
OI00131888,O0075151,P0142,1,12.45,0.15
OI00131910,O0075163,P0007,1,2104.2,0.0
OI00131911,O0075163,P0048,1,56.32,0.15
OI00131927,O0075172,P0086,1,49.95,0.0
OI00131928,O0075172,P0141,1,23.54,0.0
OI00131929,O0075173,P0137,1,26.79,0.0
OI00131947,O0075185,P0051,1,53.44,0.0
OI00131948,O0075185,P0164,1,39.22,0.1
OI00131951,O0075187,P0179,1,79.38,0.0
OI00131981,O0075205,P0055,1,332.7,0.1
OI00131982,O0075205,P0160,1,24.74,0.1
OI00131983,O0075205,P0024,1,511.62,0.1
OI00131988,O0075207,P0136,1,82.87,0.0
OI00131989,O0075207,P0046,1,338.15,0.0
OI00131996,O0075210,P0032,1,896.51,0.0
OI00131997,O0075210,P0062,1,55.88,0.0
OI00132010,O0075218,P0166,1,33.04,0.0
OI00132011,O0075219,P0109,1,170.52,0.0
OI00132027,O0075227,P0065,3,320.41,0.0
OI00132028,O0075227,P0064,1,127.46,0.15
OI00132035,O0075231,P0152,1,15.21,0.0
OI00132036,O0075231,P0037,1,536.77,0.05
OI00132051,O0075237,P0085,1,501.15,0.0
OI00132052,O0075237,P0010,1,860.78,0.0
OI00132065,O0075245,P0148,1,15.15,0.0
OI00132066,O0075245,P0057,1,135.62,0.0
OI00132067,O0075246,P0112,1,39.68,0.0
OI00132101,O0075265,P0134,1,132.29,0.1
OI00132102,O0075265,P0116,1,68.68,0.0
OI00132104,O0075267,P0068,1,144.79,0.0
OI00132132,O0075280,P0180,1,51.49,0.0
OI00132133,O0075281,P0077,1,415.79,0.05
OI00132139,O0075284,P0091,1,173.2,0.0
OI00132142,O0075287,P0115,1,69.45,0.05
OI00132143,O0075287,P0131,1,50.41,0.0
OI00132149,O0075290,P0085,1,493.73,0.0
OI00132152,O0075292,P0151,1,19.6,0.0
OI00132153,O0075293,P0174,2,17.48,0.0
OI00132154,O0075294,P0177,1,22.8,0.0
OI00132155,O0075295,P0067,1,276.72,0.0
OI00132156,O0075295,P0089,1,366.51,0.05
OI00132157,O0075295,P0154,1,57.17,0.2
OI00132158,O0075296,P0013,1,1063.55,0.0
OI00132159,O0075296,P0106,1,124.17,0.1
OI00132160,O0075296,P0030,1,868.85,0.0
OI00132161,O0075296,P0166,1,33.43,0.0
OI00132190,O0075314,P0030,1,864.94,0.0
OI00132207,O0075323,P0058,1,144.86,0.0
OI00132208,O0075323,P0164,2,39.31,0.05
OI00132229,O0075335,P0103,1,81.89,0.0
OI00132230,O0075335,P0122,1,383.76,0.0
OI00132246,O0075347,P0161,1,61.86,0.0
OI00132247,O0075347,P0160,1,23.12,0.0
OI00132248,O0075347,P0144,1,13.58,0.05
OI00132249,O0075347,P0069,1,98.79,0.0
OI00132257,O0075352,P0158,1,66.26,0.05
OI00132258,O0075352,P0056,1,127.36,0.0
OI00132259,O0075353,P0151,1,19.4,0.0
OI00132263,O0075357,P0034,2,555.72,0.0
OI00132279,O0075367,P0005,1,1335.9,0.0
OI00132280,O0075367,P0036,1,694.43,0.0
OI00132291,O0075373,P0177,1,22.89,0.1
OI00132292,O0075373,P0088,1,300.64,0.0
OI00132293,O0075374,P0102,1,52.86,0.0
OI00132304,O0075381,P0162,1,19.78,0.0
OI00132316,O0075390,P0100,1,62.63,0.0
OI00132317,O0075390,P0104,1,28.79,0.1
OI00132318,O0075390,P0163,2,18.48,0.0
OI00132328,O0075395,P0069,1,98.33,0.0
OI00132329,O0075395,P0165,1,40.71,0.1
OI00132395,O0075433,P0175,1,12.04,0.0
OI00132396,O0075434,P0005,1,1292.96,0.1
OI00132422,O0075448,P0180,1,51.68,0.0
OI00132427,O0075453,P0109,1,167.49,0.0
OI00132428,O0075453,P0063,1,59.72,0.0
OI00132437,O0075460,P0106,2,126.9,0.0
OI00132438,O0075460,P0108,1,40.87,0.0
OI00132439,O0075460,P0093,2,86.97,0.0
OI00132444,O0075463,P0143,1,110.48,0.1
OI00132458,O0075470,P0132,1,29.44,0.0
OI00132483,O0075484,P0036,1,708.79,0.0
OI00132517,O0075502,P0163,1,18.53,0.0
OI00132518,O0075502,P0090,2,197.49,0.0
OI00132519,O0075502,P0030,1,881.44,0.2
OI00132520,O0075502,P0040,1,1012.51,0.0
OI00132533,O0075511,P0076,1,120.41,0.0
OI00132543,O0075516,P0080,1,242.83,0.25
OI00132544,O0075516,P0011,1,1082.04,0.2
OI00132595,O0075546,P0086,2,51.5,0.0
OI00132596,O0075546,P0018,1,1973.03,0.0
OI00132597,O0075546,P0020,1,538.13,0.0
OI00132635,O0075563,P0127,1,162.56,0.0
OI00132636,O0075563,P0162,1,19.14,0.0
OI00132637,O0075563,P0102,1,49.77,0.15
OI00132638,O0075564,P0176,1,138.67,0.0
OI00132639,O0075564,P0074,1,261.59,0.25
OI00132640,O0075564,P0029,1,523.43,0.05
OI00132645,O0075567,P0155,1,49.95,0.0
OI00132705,O0075593,P0057,2,132.65,0.15
OI00132721,O0075605,P0170,1,9.55,0.15
OI00132722,O0075606,P0084,1,633.91,0.0
OI00132739,O0075617,P0028,1,1218.73,0.0
OI00132740,O0075617,P0023,1,1009.12,0.0
OI00132741,O0075617,P0081,1,397.17,0.0
OI00132742,O0075617,P0054,1,57.49,0.15
OI00132746,O0075619,P0032,2,894.35,0.15
OI00132747,O0075619,P0114,1,29.41,0.15
OI00132748,O0075619,P0039,2,510.15,0.0
OI00132755,O0075622,P0090,1,202.41,0.0
OI00132756,O0075622,P0073,1,95.74,0.0
OI00132759,O0075625,P0022,1,878.34,0.0
OI00132768,O0075631,P0099,1,227.79,0.0
OI00132769,O0075631,P0141,1,24.07,0.0
OI00132790,O0075645,P0082,1,379.04,0.0
OI00132791,O0075645,P0076,1,121.23,0.0
OI00132792,O0075646,P0034,1,554.33,0.0
OI00132793,O0075646,P0084,1,626.26,0.0
OI00132794,O0075646,P0123,1,49.86,0.0
OI00132810,O0075654,P0156,1,86.46,0.2
OI00132811,O0075654,P0144,2,13.95,0.0
OI00132812,O0075655,P0080,1,231.78,0.0
OI00132813,O0075655,P0147,1,81.42,0.15
OI00132814,O0075655,P0093,1,80.43,0.1
OI00132820,O0075661,P0152,1,15.17,0.0
OI00132821,O0075661,P0042,1,115.69,0.05
OI00132822,O0075661,P0018,2,1948.71,0.0
OI00132823,O0075662,P0125,1,284.69,0.0
OI00132824,O0075662,P0024,2,508.69,0.0
OI00132839,O0075673,P0052,1,41.12,0.0
OI00132840,O0075673,P0044,1,124.13,0.1
OI00132844,O0075676,P0111,3,282.6,0.0
OI00132845,O0075676,P0112,1,40.94,0.0
OI00132846,O0075676,P0123,1,51.29,0.0
OI00132847,O0075676,P0096,1,86.63,0.0
OI00132848,O0075677,P0169,1,185.48,0.0
OI00132855,O0075682,P0089,1,350.01,0.15
OI00132856,O0075682,P0093,1,83.56,0.1
OI00132859,O0075684,P0118,1,127.38,0.0
OI00132860,O0075684,P0035,1,1088.91,0.0
OI00132888,O0075699,P0023,1,953.34,0.1
OI00132889,O0075700,P0173,1,45.29,0.0
OI00132890,O0075700,P0047,1,138.38,0.0
OI00132893,O0075702,P0006,2,2185.39,0.0
OI00132894,O0075702,P0072,1,170.11,0.0
OI00132906,O0075708,P0040,1,965.89,0.0
OI00132907,O0075708,P0029,1,530.58,0.0
OI00132908,O0075709,P0090,1,197.95,0.0
OI00132928,O0075722,P0127,1,159.08,0.0
OI00132953,O0075738,P0044,1,123.21,0.1
OI00132954,O0075738,P0021,2,645.04,0.1
OI00132960,O0075741,P0104,1,28.94,0.0
OI00132961,O0075741,P0135,1,181.67,0.1
OI00132962,O0075741,P0086,1,50.58,0.0
OI00132987,O0075759,P0128,1,69.16,0.0
OI00132988,O0075760,P0125,1,289.81,0.0
OI00132997,O0075766,P0127,1,158.96,0.1
OI00132998,O0075766,P0023,1,991.92,0.0
OI00133006,O0075772,P0006,1,2163.64,0.0
OI00133007,O0075772,P0025,1,432.53,0.0
OI00133008,O0075773,P0065,1,321.25,0.0
OI00133009,O0075773,P0172,1,21.67,0.0
OI00133010,O0075773,P0113,3,98.51,0.0
OI00133011,O0075773,P0107,1,158.37,0.0
OI00133029,O0075785,P0041,1,233.08,0.05
OI00133040,O0075791,P0106,1,132.79,0.0
OI00133054,O0075801,P0070,1,53.57,0.15
OI00133058,O0075803,P0077,1,425.46,0.0
OI00133062,O0075805,P0048,1,56.47,0.0
OI00133082,O0075816,P0116,1,69.07,0.0
OI00133083,O0075816,P0094,1,75.79,0.0
OI00133089,O0075820,P0091,1,168.67,0.0
OI00133092,O0075823,P0163,1,18.27,0.25
OI00133093,O0075823,P0175,1,12.08,0.0
OI00133103,O0075829,P0106,1,132.64,0.0
OI00133108,O0075833,P0153,1,43.53,0.1
OI00133109,O0075833,P0001,1,1658.65,0.0
OI00133131,O0075845,P0121,1,147.36,0.0
OI00133132,O0075845,P0151,1,19.11,0.0
OI00133149,O0075856,P0064,1,130.9,0.0
OI00133150,O0075856,P0010,1,887.9,0.05
OI00133164,O0075864,P0138,2,35.15,0.0
OI00133167,O0075867,P0179,2,80.99,0.15
OI00133168,O0075867,P0016,1,933.96,0.0
OI00133184,O0075877,P0101,1,125.4,0.0
OI00133199,O0075885,P0148,3,15.29,0.0
OI00133200,O0075885,P0101,1,130.08,0.0
OI00133209,O0075893,P0170,1,9.39,0.0
OI00133210,O0075893,P0048,1,53.66,0.0
OI00133212,O0075895,P0133,1,10.12,0.0
OI00133213,O0075895,P0135,2,186.02,0.0
OI00133214,O0075895,P0160,3,24.96,0.0
OI00133226,O0075903,P0170,1,9.61,0.05
OI00133227,O0075903,P0046,1,330.15,0.0
OI00133244,O0075915,P0007,1,1964.72,0.0
OI00133245,O0075916,P0033,1,1325.68,0.05
OI00133246,O0075916,P0127,1,165.77,0.0
OI00133247,O0075916,P0113,1,101.87,0.1
OI00133263,O0075925,P0001,1,1725.24,0.2
OI00133264,O0075925,P0104,1,29.09,0.1
OI00133265,O0075926,P0084,1,621.43,0.0
OI00133266,O0075926,P0048,1,56.07,0.0
OI00133267,O0075927,P0027,1,908.27,0.0
OI00133268,O0075927,P0115,1,67.39,0.0
OI00133270,O0075929,P0171,1,38.37,0.0
OI00133271,O0075929,P0101,1,122.7,0.15
OI00133272,O0075929,P0100,1,62.05,0.0
OI00133273,O0075929,P0097,1,145.32,0.0
OI00133277,O0075932,P0088,1,296.23,0.0
OI00133278,O0075933,P0088,1,297.43,0.0
OI00133296,O0075943,P0144,2,14.15,0.05
OI00133324,O0075961,P0015,1,1440.2,0.0
OI00133330,O0075966,P0053,1,358.81,0.25
OI00133348,O0075975,P0067,2,287.55,0.0
OI00133349,O0075975,P0114,2,30.03,0.2
OI00133350,O0075975,P0051,1,54.99,0.0
OI00133354,O0075978,P0068,1,142.78,0.05
OI00133355,O0075979,P0072,1,165.6,0.0
OI00133367,O0075985,P0148,1,15.04,0.0
OI00133368,O0075985,P0050,1,91.94,0.0
OI00133370,O0075987,P0083,1,708.06,0.0
OI00133371,O0075987,P0152,1,14.42,0.1
OI00133378,O0075992,P0128,1,70.0,0.0
OI00133379,O0075992,P0158,1,65.54,0.0
OI00133380,O0075992,P0022,1,871.1,0.2
OI00133381,O0075992,P0079,1,171.71,0.1
OI00133384,O0075994,P0122,1,381.23,0.0
OI00133394,O0076000,P0153,1,44.01,0.0
OI00133426,O0076016,P0160,2,25.33,0.0
OI00133427,O0076016,P0097,1,140.17,0.05
OI00133438,O0076026,P0171,1,37.75,0.0
OI00133465,O0076041,P0090,1,202.27,0.0
OI00133466,O0076041,P0136,1,88.42,0.0
OI00133480,O0076051,P0093,2,83.13,0.0
OI00133481,O0076051,P0089,1,356.04,0.0
OI00133492,O0076059,P0109,1,168.73,0.1
OI00133506,O0076067,P0162,1,19.75,0.1
OI00133507,O0076067,P0017,2,1594.92,0.0
OI00133541,O0076087,P0020,1,547.93,0.0
OI00133542,O0076087,P0107,1,154.6,0.0
OI00133573,O0076104,P0143,1,112.14,0.0
OI00133574,O0076104,P0176,1,138.71,0.1
OI00133575,O0076104,P0116,1,67.43,0.0
OI00133576,O0076104,P0106,1,134.02,0.1
OI00133577,O0076105,P0131,1,49.63,0.05
OI00133578,O0076105,P0096,1,89.14,0.0
OI00133579,O0076105,P0124,1,67.06,0.15
OI00133580,O0076105,P0051,1,55.31,0.1
OI00133583,O0076108,P0032,1,881.96,0.1
OI00133584,O0076108,P0171,1,36.79,0.1
OI00133585,O0076109,P0092,2,200.75,0.0
OI00133586,O0076109,P0100,1,63.62,0.1
OI00133587,O0076109,P0078,1,133.96,0.0
OI00133588,O0076109,P0095,1,276.99,0.15
OI00133589,O0076110,P0089,2,342.83,0.2
OI00133590,O0076110,P0146,1,52.01,0.0
OI00133620,O0076130,P0102,1,52.03,0.0
OI00133621,O0076130,P0062,1,55.17,0.0
OI00133649,O0076150,P0017,1,1614.95,0.0
OI00133650,O0076150,P0067,1,288.4,0.15
OI00133653,O0076153,P0179,1,83.36,0.0
OI00133654,O0076153,P0125,1,294.78,0.0
OI00133660,O0076157,P0094,2,74.26,0.05
OI00133661,O0076158,P0084,1,620.87,0.0
OI00133662,O0076158,P0074,1,254.14,0.0
OI00133673,O0076164,P0152,1,14.7,0.0
OI00133679,O0076167,P0090,1,199.75,0.1
OI00133692,O0076175,P0048,1,55.94,0.1
OI00133693,O0076175,P0011,1,1057.2,0.0
OI00133694,O0076176,P0071,1,115.12,0.0
OI00133726,O0076196,P0155,2,49.83,0.05
OI00133727,O0076196,P0156,1,89.54,0.0
OI00133728,O0076196,P0029,1,532.16,0.0
OI00133762,O0076214,P0158,1,67.3,0.0
OI00133772,O0076222,P0164,1,40.3,0.0
OI00133789,O0076233,P0152,1,15.13,0.05
OI00133790,O0076234,P0163,3,18.59,0.0
OI00133791,O0076234,P0133,1,10.07,0.1
OI00133792,O0076235,P0136,1,84.8,0.0
OI00133793,O0076235,P0001,1,1681.27,0.05
OI00133834,O0076259,P0054,2,58.66,0.05
OI00133835,O0076259,P0055,1,335.71,0.0
OI00133836,O0076259,P0177,1,23.13,0.0
OI00133841,O0076263,P0058,1,148.58,0.0
OI00133849,O0076267,P0078,1,133.93,0.0
OI00133850,O0076267,P0149,1,18.15,0.1
OI00133857,O0076274,P0059,1,49.8,0.0
OI00133858,O0076274,P0070,1,54.4,0.0
OI00133882,O0076287,P0086,1,49.25,0.0
OI00133883,O0076287,P0138,1,33.92,0.0
OI00133901,O0076298,P0041,1,235.48,0.0
OI00133902,O0076298,P0090,1,197.54,0.1
OI00133903,O0076298,P0012,1,1466.37,0.0
OI00133906,O0076300,P0146,1,52.61,0.0
OI00133907,O0076300,P0052,2,39.22,0.0
OI00133908,O0076300,P0038,1,467.55,0.0
OI00133916,O0076305,P0170,1,9.63,0.0
OI00133917,O0076305,P0067,1,289.25,0.0
OI00133918,O0076306,P0156,1,88.81,0.0
OI00133921,O0076309,P0108,1,42.5,0.0
OI00133925,O0076311,P0020,1,578.19,0.0
OI00133930,O0076315,P0006,1,2132.41,0.0
OI00133931,O0076315,P0118,1,127.01,0.15
OI00133936,O0076318,P0017,1,1633.09,0.05
OI00133945,O0076323,P0010,1,882.17,0.05
OI00133950,O0076326,P0159,1,175.91,0.15
OI00133951,O0076326,P0100,1,60.63,0.0
OI00133989,O0076345,P0100,1,63.97,0.0
OI00133990,O0076345,P0160,1,24.19,0.0
OI00133995,O0076348,P0114,1,29.69,0.0
OI00133996,O0076349,P0051,1,56.08,0.0
OI00133997,O0076349,P0123,2,48.12,0.0
OI00133998,O0076349,P0066,1,273.85,0.0
OI00134006,O0076355,P0063,1,59.51,0.1
OI00134009,O0076357,P0057,1,131.66,0.0
OI00134011,O0076359,P0146,2,53.28,0.0
OI00134019,O0076363,P0016,1,944.87,0.0
OI00134032,O0076371,P0144,2,13.62,0.0
OI00134033,O0076371,P0074,1,258.32,0.0
OI00134065,O0076393,P0030,2,868.31,0.0
OI00134067,O0076395,P0090,1,203.2,0.0
OI00134130,O0076432,P0073,1,97.0,0.0
OI00134131,O0076432,P0133,1,9.98,0.1
OI00134132,O0076432,P0054,1,57.5,0.15
OI00134144,O0076441,P0093,1,84.67,0.0
OI00134145,O0076441,P0142,1,12.08,0.0
OI00134160,O0076451,P0004,1,982.88,0.0
OI00134161,O0076451,P0110,1,74.55,0.0
OI00134162,O0076451,P0104,1,29.87,0.05
OI00134185,O0076467,P0174,2,17.78,0.0
OI00134186,O0076468,P0124,1,63.97,0.2
OI00134187,O0076468,P0092,1,190.81,0.0
OI00134188,O0076469,P0155,1,50.63,0.0
OI00134189,O0076469,P0176,1,139.28,0.0
OI00134193,O0076472,P0104,1,28.93,0.0
OI00134213,O0076484,P0178,1,11.05,0.0
OI00134214,O0076484,P0099,1,227.83,0.0
OI00134215,O0076484,P0132,1,29.58,0.15
OI00134216,O0076484,P0038,1,483.85,0.2
OI00134221,O0076487,P0055,1,323.16,0.0
OI00134222,O0076487,P0166,1,32.54,0.0
OI00134228,O0076491,P0172,1,21.89,0.2
OI00134237,O0076497,P0026,1,1170.48,0.0
OI00134238,O0076497,P0057,1,134.86,0.0
OI00134272,O0076514,P0160,1,24.26,0.0
OI00134273,O0076514,P0011,3,1068.14,0.1
OI00134274,O0076514,P0148,1,14.76,0.1
OI00134300,O0076530,P0075,1,53.39,0.05
OI00134301,O0076530,P0045,1,414.03,0.1
OI00134310,O0076537,P0116,2,69.3,0.15
OI00134311,O0076537,P0041,1,234.4,0.0
OI00134312,O0076537,P0095,1,285.68,0.0
OI00134321,O0076543,P0076,1,115.65,0.0
OI00134339,O0076552,P0023,1,999.77,0.0
OI00134340,O0076552,P0125,1,294.57,0.0
OI00134344,O0076555,P0099,1,239.29,0.0
OI00134356,O0076561,P0153,1,43.91,0.0
OI00134357,O0076561,P0058,1,146.14,0.0
OI00134358,O0076562,P0161,1,63.4,0.0
OI00134359,O0076562,P0102,1,51.16,0.0
OI00134360,O0076563,P0048,1,53.65,0.25
OI00134361,O0076563,P0010,1,879.12,0.0
OI00134367,O0076566,P0091,1,173.6,0.1
OI00134368,O0076566,P0160,1,24.02,0.15
OI00134374,O0076570,P0166,1,33.14,0.0
OI00134375,O0076570,P0012,1,1475.8,0.0
OI00134383,O0076577,P0172,1,22.21,0.1
OI00134384,O0076578,P0138,1,35.61,0.0
OI00134385,O0076579,P0091,1,168.55,0.0
OI00134387,O0076581,P0147,1,76.66,0.0
OI00134400,O0076588,P0045,1,413.22,0.2
OI00134401,O0076588,P0153,2,42.86,0.1
OI00134402,O0076588,P0109,1,172.23,0.15
OI00134420,O0076600,P0045,1,407.71,0.1
OI00134444,O0076613,P0108,1,41.32,0.0
OI00134445,O0076613,P0120,1,334.39,0.0
OI00134446,O0076614,P0092,1,194.37,0.0
OI00134447,O0076614,P0105,1,131.94,0.0
OI00134448,O0076614,P0126,1,188.42,0.0
OI00134450,O0076616,P0024,2,504.69,0.0
OI00134473,O0076625,P0147,2,77.96,0.0
OI00134474,O0076625,P0163,1,18.23,0.0
OI00134477,O0076627,P0057,2,133.48,0.0
OI00134478,O0076627,P0177,1,22.95,0.0
OI00134479,O0076627,P0174,1,18.19,0.0
OI00134499,O0076639,P0165,1,40.49,0.1
OI00134500,O0076639,P0121,2,141.81,0.0
OI00134501,O0076639,P0059,1,50.4,0.0
OI00134514,O0076647,P0081,1,406.32,0.0
OI00134515,O0076647,P0053,1,362.77,0.0
OI00134519,O0076651,P0101,1,127.96,0.0
OI00134535,O0076659,P0160,1,24.66,0.0
OI00134536,O0076659,P0004,1,1004.63,0.15
OI00134544,O0076664,P0167,1,129.76,0.0
OI00134545,O0076664,P0132,1,28.95,0.05
OI00134549,O0076667,P0079,1,173.12,0.1
OI00134550,O0076667,P0045,1,423.38,0.0
OI00134552,O0076669,P0107,1,157.55,0.0
OI00134559,O0076672,P0083,2,723.07,0.0
OI00134560,O0076672,P0046,1,331.46,0.0
OI00134561,O0076673,P0025,1,425.11,0.0
OI00134562,O0076673,P0072,1,170.71,0.0
OI00134569,O0076677,P0081,1,405.83,0.0
OI00134572,O0076680,P0096,2,85.88,0.0
OI00134599,O0076698,P0046,1,333.46,0.0
OI00134600,O0076698,P0022,1,880.52,0.15
OI00134606,O0076701,P0047,1,136.52,0.25
OI00134607,O0076701,P0079,1,174.15,0.2
OI00134614,O0076706,P0041,1,235.97,0.0
OI00134619,O0076710,P0015,1,1455.08,0.0
OI00134620,O0076710,P0056,2,128.21,0.0
OI00134633,O0076718,P0087,1,480.44,0.0
OI00134672,O0076740,P0033,1,1376.49,0.0
OI00134690,O0076750,P0177,1,22.92,0.0
OI00134691,O0076750,P0030,1,862.8,0.0
OI00134692,O0076751,P0060,1,134.45,0.0
OI00134693,O0076751,P0043,1,288.96,0.0
OI00134698,O0076754,P0116,1,69.27,0.0
OI00134702,O0076756,P0154,2,56.63,0.0
OI00134721,O0076768,P0040,1,965.34,0.0
OI00134722,O0076768,P0161,1,64.07,0.0
OI00134732,O0076773,P0130,1,30.12,0.15
OI00134733,O0076773,P0165,1,41.15,0.1
OI00134755,O0076783,P0005,1,1342.72,0.0
OI00134756,O0076783,P0089,1,356.97,0.0
OI00134757,O0076783,P0068,1,142.22,0.0
OI00134771,O0076791,P0048,1,55.02,0.0
OI00134772,O0076791,P0130,1,30.27,0.15
OI00134773,O0076791,P0069,1,97.51,0.0
OI00134774,O0076791,P0073,1,99.03,0.0
OI00134797,O0076806,P0086,1,50.32,0.0
OI00134799,O0076808,P0095,1,284.4,0.15
OI00134800,O0076808,P0116,1,71.13,0.0
OI00134808,O0076812,P0127,1,161.26,0.0
OI00134809,O0076812,P0162,1,20.0,0.0
OI00134814,O0076815,P0018,1,1977.51,0.0
OI00134815,O0076815,P0092,1,199.9,0.0
OI00134842,O0076833,P0112,1,39.23,0.1
OI00134843,O0076833,P0132,1,28.44,0.1
OI00134850,O0076837,P0057,1,132.44,0.15
OI00134851,O0076837,P0169,1,186.44,0.0
OI00134852,O0076837,P0036,1,726.2,0.0
OI00134868,O0076847,P0173,1,46.09,0.0
OI00134887,O0076860,P0052,1,40.78,0.0
OI00134888,O0076860,P0037,1,521.18,0.0
OI00134892,O0076863,P0103,1,82.77,0.15
OI00134893,O0076863,P0121,1,143.73,0.1
OI00134894,O0076864,P0126,1,187.09,0.1
OI00134902,O0076870,P0027,1,898.47,0.0
OI00134903,O0076870,P0073,3,99.06,0.0
OI00134909,O0076875,P0168,1,61.96,0.0
OI00134910,O0076875,P0055,1,331.72,0.0
OI00134911,O0076875,P0104,1,29.45,0.2
OI00134912,O0076876,P0149,2,18.21,0.0
OI00134923,O0076884,P0085,1,490.35,0.1
OI00134924,O0076885,P0003,1,1226.23,0.0
OI00134955,O0076902,P0103,1,84.46,0.1
OI00134956,O0076902,P0125,1,295.32,0.0
OI00134964,O0076907,P0138,1,35.08,0.05
OI00134965,O0076907,P0038,1,489.13,0.1
OI00134975,O0076913,P0049,1,338.93,0.0
OI00134980,O0076915,P0094,1,72.61,0.0
OI00134981,O0076915,P0003,2,1204.89,0.0
OI00134984,O0076917,P0128,1,70.82,0.0
OI00134985,O0076917,P0127,1,164.23,0.05
OI00134986,O0076917,P0154,2,56.89,0.0
OI00134988,O0076919,P0044,1,122.76,0.0
OI00134989,O0076919,P0052,2,38.7,0.0
OI00134996,O0076923,P0068,1,139.01,0.0
OI00134998,O0076925,P0094,1,74.93,0.0
OI00134999,O0076925,P0033,2,1294.56,0.0
OI00135000,O0076925,P0171,1,36.92,0.1
OI00135010,O0076930,P0074,1,246.05,0.0
OI00135011,O0076930,P0050,2,93.9,0.0
OI00135036,O0076943,P0098,1,326.61,0.0
OI00135048,O0076950,P0079,1,173.49,0.15
OI00135076,O0076966,P0161,3,64.28,0.0
OI00135077,O0076966,P0099,1,240.05,0.05
OI00135083,O0076970,P0150,1,11.52,0.0
OI00135084,O0076970,P0071,1,113.48,0.1
OI00135091,O0076974,P0126,2,187.92,0.15
OI00135092,O0076974,P0115,2,69.42,0.25
OI00135093,O0076974,P0171,1,38.21,0.0
OI00135094,O0076974,P0067,1,273.75,0.05
OI00135096,O0076976,P0146,1,51.15,0.0
OI00135097,O0076976,P0161,1,63.26,0.05
OI00135110,O0076985,P0098,1,323.59,0.0
OI00135124,O0076995,P0138,1,36.19,0.0
OI00135125,O0076995,P0108,1,41.27,0.0
OI00135126,O0076996,P0144,1,13.55,0.0
OI00135127,O0076996,P0060,1,141.37,0.25
OI00135131,O0076999,P0079,1,175.5,0.0
OI00135132,O0076999,P0083,1,730.49,0.0
OI00135151,O0077010,P0058,1,148.07,0.0
OI00135153,O0077012,P0070,1,54.11,0.1
OI00135154,O0077013,P0064,1,128.64,0.0
OI00135155,O0077013,P0017,1,1579.52,0.0
OI00135156,O0077013,P0013,1,1043.33,0.0
OI00135186,O0077029,P0064,1,128.02,0.0
OI00135187,O0077030,P0116,2,69.38,0.0
OI00135188,O0077030,P0042,1,122.63,0.05
OI00135221,O0077048,P0044,2,124.53,0.0
OI00135222,O0077048,P0028,3,1229.57,0.0
OI00135223,O0077049,P0047,1,136.67,0.0
OI00135224,O0077049,P0164,1,40.4,0.0
OI00135248,O0077065,P0131,1,48.69,0.0
OI00135255,O0077070,P0180,1,53.5,0.0
OI00135256,O0077071,P0170,1,9.43,0.1
OI00135257,O0077071,P0151,1,19.61,0.0
OI00135258,O0077071,P0040,1,1024.33,0.0
OI00135259,O0077072,P0128,1,69.36,0.0
OI00135260,O0077072,P0087,1,490.57,0.0
OI00135261,O0077073,P0039,1,523.23,0.0
OI00135262,O0077074,P0044,1,118.47,0.05
OI00135263,O0077074,P0101,1,130.97,0.0
OI00135285,O0077085,P0052,1,39.69,0.0
OI00135286,O0077086,P0084,1,643.16,0.0
OI00135288,O0077088,P0075,1,53.87,0.0
OI00135289,O0077088,P0146,1,54.52,0.0
OI00135292,O0077091,P0101,1,128.81,0.0
OI00135293,O0077091,P0099,2,239.22,0.1
OI00135294,O0077091,P0165,1,39.32,0.0
OI00135295,O0077091,P0170,1,9.23,0.0
OI00135302,O0077095,P0106,1,129.52,0.15
OI00135303,O0077095,P0035,1,1065.14,0.0
OI00135306,O0077098,P0029,1,553.99,0.0
OI00135307,O0077098,P0021,1,645.68,0.1
OI00135308,O0077098,P0111,1,280.0,0.05
OI00135315,O0077102,P0067,1,284.85,0.0
OI00135319,O0077105,P0124,1,64.07,0.0
OI00135320,O0077105,P0028,1,1243.91,0.0
OI00135334,O0077112,P0133,1,9.81,0.05
OI00135353,O0077123,P0043,1,295.06,0.1
OI00135354,O0077123,P0029,1,519.86,0.0
OI00135358,O0077125,P0056,1,127.32,0.0
OI00135359,O0077125,P0064,1,128.48,0.05
OI00135360,O0077125,P0059,1,49.59,0.15
OI00135369,O0077131,P0101,2,127.36,0.0
OI00135370,O0077131,P0142,2,12.39,0.15
OI00135371,O0077131,P0059,1,50.09,0.15
OI00135386,O0077140,P0170,1,9.65,0.0
OI00135420,O0077160,P0026,1,1191.15,0.0
OI00135421,O0077160,P0137,1,26.3,0.05
OI00135425,O0077164,P0114,1,28.5,0.0
OI00135444,O0077174,P0157,1,121.91,0.0
OI00135445,O0077174,P0046,2,319.82,0.0
OI00135462,O0077182,P0109,1,171.66,0.0
OI00135468,O0077187,P0051,1,54.42,0.05
OI00135469,O0077187,P0154,1,58.78,0.0
OI00135522,O0077213,P0144,1,13.53,0.0
OI00135523,O0077213,P0019,1,404.67,0.0
OI00135530,O0077218,P0060,2,137.41,0.0
OI00135531,O0077218,P0101,1,126.31,0.15
OI00135560,O0077234,P0078,1,135.15,0.0
OI00135561,O0077234,P0171,1,38.18,0.0
OI00135562,O0077234,P0136,1,83.03,0.15
OI00135563,O0077234,P0121,1,144.51,0.1
OI00135576,O0077243,P0050,1,91.36,0.0
OI00135578,O0077245,P0119,2,31.56,0.05
OI00135586,O0077250,P0005,1,1358.44,0.0
OI00135587,O0077250,P0027,1,912.17,0.0
OI00135588,O0077250,P0122,1,390.39,0.0
OI00135589,O0077250,P0161,1,62.26,0.25
OI00135626,O0077274,P0175,1,12.18,0.05
OI00135641,O0077283,P0108,1,42.25,0.0
OI00135660,O0077296,P0122,1,377.98,0.0
OI00135663,O0077298,P0145,2,169.06,0.0
OI00135664,O0077298,P0031,2,1295.6,0.0
OI00135679,O0077308,P0076,1,123.51,0.0
OI00135680,O0077308,P0167,1,122.77,0.0
OI00135681,O0077308,P0006,1,2115.19,0.0
OI00135693,O0077315,P0097,1,139.14,0.15
OI00135752,O0077347,P0167,1,123.25,0.0
OI00135775,O0077361,P0051,1,54.31,0.05
OI00135804,O0077375,P0099,1,227.77,0.0
OI00135815,O0077383,P0130,1,30.37,0.0
OI00135816,O0077383,P0125,1,297.79,0.15
OI00135823,O0077388,P0146,1,52.83,0.1
OI00135824,O0077388,P0160,1,24.28,0.1
OI00135858,O0077408,P0101,1,125.87,0.1
OI00135859,O0077409,P0028,1,1183.28,0.0
OI00135860,O0077409,P0043,1,281.38,0.0
OI00135874,O0077416,P0075,1,52.83,0.05
OI00135875,O0077416,P0092,1,196.33,0.1
OI00135881,O0077419,P0094,2,71.57,0.05
OI00135892,O0077427,P0011,1,1069.88,0.1
OI00135893,O0077427,P0145,1,160.71,0.0
OI00135900,O0077432,P0133,1,9.74,0.0
OI00135901,O0077432,P0084,1,634.45,0.0
OI00135928,O0077446,P0177,1,22.75,0.1
OI00135934,O0077451,P0106,2,129.8,0.0
OI00135946,O0077459,P0110,1,76.05,0.0
OI00135948,O0077461,P0171,1,39.49,0.0
OI00135957,O0077467,P0010,3,859.65,0.0
OI00135958,O0077467,P0112,2,41.77,0.2
OI00135964,O0077470,P0062,1,55.92,0.15
OI00135965,O0077470,P0084,1,625.37,0.0
OI00135968,O0077473,P0046,1,331.07,0.0
OI00135969,O0077473,P0087,1,492.81,0.0
OI00135987,O0077482,P0179,1,85.61,0.2
OI00136011,O0077496,P0024,1,513.43,0.0
OI00136047,O0077517,P0029,1,532.97,0.0
OI00136048,O0077518,P0136,1,83.62,0.0
OI00136085,O0077537,P0127,1,163.03,0.05
OI00136118,O0077556,P0084,1,621.71,0.0
OI00136140,O0077567,P0018,1,1956.16,0.0
OI00136154,O0077575,P0177,1,23.28,0.05
OI00136155,O0077575,P0075,2,54.21,0.0
OI00136156,O0077575,P0129,1,293.9,0.0
OI00136177,O0077586,P0017,1,1586.69,0.0
OI00136179,O0077588,P0138,1,34.99,0.0
OI00136180,O0077589,P0035,1,1055.01,0.1
OI00136181,O0077589,P0009,1,1256.67,0.0
OI00136182,O0077589,P0133,1,10.24,0.0
OI00136219,O0077610,P0113,3,101.46,0.15
OI00136220,O0077610,P0030,3,853.75,0.0
OI00136224,O0077613,P0047,1,135.45,0.0
OI00136225,O0077613,P0145,1,162.61,0.0
OI00136267,O0077637,P0020,1,521.83,0.0
OI00136268,O0077637,P0088,1,293.73,0.05
OI00136272,O0077640,P0090,1,204.55,0.2
OI00136273,O0077640,P0125,1,291.87,0.1
OI00136283,O0077646,P0157,1,118.41,0.1
OI00136284,O0077646,P0082,3,381.05,0.0
OI00136285,O0077646,P0118,1,125.86,0.0
OI00136286,O0077646,P0123,1,48.93,0.0
OI00136292,O0077649,P0021,1,663.97,0.0
OI00136298,O0077652,P0043,1,286.75,0.2
OI00136299,O0077652,P0065,1,315.42,0.0
OI00136304,O0077656,P0008,2,1149.68,0.0
OI00136305,O0077656,P0072,1,171.91,0.0
OI00136307,O0077658,P0109,1,161.74,0.15
OI00136310,O0077661,P0032,1,880.35,0.0
OI00136311,O0077661,P0099,1,233.82,0.0
OI00136332,O0077674,P0174,1,18.53,0.0
OI00136344,O0077680,P0075,1,54.31,0.0
OI00136345,O0077681,P0032,1,885.14,0.1
OI00136346,O0077681,P0123,1,47.91,0.05
OI00136347,O0077681,P0071,1,114.68,0.0
OI00136348,O0077682,P0009,1,1299.85,0.0
OI00136349,O0077682,P0180,1,50.98,0.1
OI00136350,O0077683,P0135,1,184.04,0.0
OI00136351,O0077683,P0022,1,856.16,0.0
OI00136352,O0077683,P0039,1,531.68,0.0
OI00136359,O0077687,P0129,1,305.06,0.0
OI00136360,O0077687,P0122,1,388.83,0.0
OI00136361,O0077687,P0164,1,39.56,0.0
OI00136372,O0077693,P0083,1,705.87,0.0
OI00136373,O0077693,P0161,1,62.65,0.15
OI00136387,O0077702,P0095,1,289.66,0.15
OI00136388,O0077702,P0097,1,142.36,0.0
OI00136389,O0077702,P0115,1,69.32,0.0
OI00136421,O0077720,P0129,1,304.07,0.0
OI00136422,O0077720,P0029,1,515.14,0.1
OI00136459,O0077740,P0048,1,57.17,0.0
OI00136473,O0077748,P0144,1,13.74,0.0
OI00136503,O0077760,P0003,1,1206.04,0.0
OI00136504,O0077760,P0043,1,282.44,0.1
OI00136505,O0077761,P0057,1,135.25,0.0
OI00136506,O0077762,P0074,1,253.83,0.0
OI00136507,O0077762,P0072,1,169.56,0.0
OI00136508,O0077762,P0016,1,955.82,0.0
OI00136534,O0077774,P0048,1,56.73,0.05
OI00136535,O0077774,P0169,1,182.36,0.0
OI00136536,O0077774,P0117,1,30.07,0.0
OI00136552,O0077784,P0159,1,179.17,0.1
OI00136553,O0077784,P0028,1,1203.25,0.1
OI00136582,O0077800,P0079,1,168.84,0.05
OI00136583,O0077800,P0110,1,73.53,0.0
OI00136599,O0077812,P0124,1,65.0,0.0
OI00136611,O0077819,P0019,1,406.76,0.15
OI00136640,O0077834,P0098,1,318.19,0.0
OI00136648,O0077839,P0147,1,78.92,0.0
OI00136649,O0077839,P0052,1,40.81,0.0
OI00136650,O0077839,P0064,2,132.05,0.0
OI00136651,O0077839,P0002,1,952.89,0.1
OI00136655,O0077842,P0023,1,1007.06,0.0
OI00136656,O0077842,P0094,1,73.54,0.1
OI00136678,O0077857,P0035,1,1055.81,0.0
OI00136692,O0077865,P0123,1,50.05,0.1
OI00136722,O0077879,P0146,1,52.91,0.0
OI00136723,O0077879,P0015,2,1471.49,0.0
OI00136724,O0077879,P0084,1,625.1,0.0
OI00136737,O0077886,P0026,1,1146.28,0.0
OI00136738,O0077886,P0178,3,10.94,0.0
OI00136739,O0077886,P0100,1,61.63,0.0
OI00136762,O0077899,P0052,1,38.83,0.0
OI00136763,O0077899,P0105,1,127.85,0.0
OI00136764,O0077899,P0046,1,333.57,0.0
OI00136767,O0077901,P0098,1,328.08,0.0
OI00136768,O0077902,P0049,1,337.41,0.1
OI00136775,O0077906,P0144,3,13.69,0.05
OI00136782,O0077911,P0064,1,130.76,0.15
OI00136783,O0077911,P0032,1,888.06,0.0
OI00136784,O0077911,P0078,1,133.62,0.2
OI00136798,O0077920,P0007,1,1968.55,0.0
OI00136799,O0077920,P0137,1,26.0,0.0
OI00136829,O0077941,P0161,1,63.08,0.0
OI00136830,O0077941,P0128,1,71.16,0.05
OI00136832,O0077943,P0028,1,1234.69,0.0
OI00136833,O0077943,P0035,1,1046.4,0.0
OI00136857,O0077957,P0075,1,54.65,0.0
OI00136876,O0077969,P0091,1,163.8,0.0
OI00136877,O0077969,P0051,2,56.06,0.0
OI00136928,O0077999,P0084,1,615.57,0.0
OI00136929,O0077999,P0081,1,415.08,0.15
OI00136942,O0078007,P0030,1,848.08,0.0
OI00136946,O0078010,P0135,1,182.65,0.0
OI00136947,O0078011,P0035,1,1028.93,0.15
OI00136954,O0078017,P0119,1,32.74,0.15
OI00136955,O0078017,P0075,1,53.4,0.1
OI00136970,O0078026,P0090,1,195.4,0.1
OI00136975,O0078028,P0064,1,129.74,0.0
OI00136976,O0078028,P0042,1,118.85,0.0
OI00136983,O0078034,P0034,1,546.61,0.0
OI00136984,O0078034,P0009,1,1319.01,0.0
OI00136985,O0078034,P0110,2,73.78,0.0
OI00136986,O0078034,P0077,1,421.65,0.0
OI00136999,O0078043,P0126,1,192.43,0.05
OI00137000,O0078043,P0016,1,924.14,0.0
OI00137002,O0078045,P0031,1,1348.69,0.0
OI00137004,O0078047,P0057,1,130.16,0.0
OI00137005,O0078047,P0148,1,14.92,0.0
OI00137012,O0078054,P0084,1,641.38,0.0
OI00137013,O0078055,P0161,1,61.88,0.0
OI00137014,O0078055,P0039,1,525.45,0.05
OI00137033,O0078065,P0145,1,162.71,0.0
OI00137034,O0078065,P0154,1,58.27,0.15
OI00137043,O0078071,P0140,1,16.12,0.1
OI00137044,O0078071,P0119,1,32.62,0.15
OI00137045,O0078071,P0138,2,35.66,0.0
OI00137053,O0078076,P0026,1,1170.34,0.0
OI00137054,O0078076,P0071,1,116.32,0.0
OI00137055,O0078076,P0033,1,1387.31,0.0
OI00137056,O0078076,P0114,1,28.8,0.0
OI00137057,O0078077,P0056,1,128.21,0.0
OI00137058,O0078077,P0001,1,1724.68,0.0
OI00137059,O0078077,P0096,1,86.28,0.0
OI00137060,O0078077,P0143,1,113.98,0.05
OI00137062,O0078079,P0045,1,422.98,0.0
OI00137095,O0078097,P0073,1,99.23,0.05
OI00137096,O0078097,P0009,2,1271.53,0.0
OI00137097,O0078098,P0023,1,1017.85,0.0
OI00137098,O0078098,P0025,1,431.21,0.05
OI00137099,O0078098,P0063,1,59.26,0.0
OI00137100,O0078099,P0133,1,9.96,0.0
OI00137101,O0078099,P0115,2,69.63,0.1
OI00137102,O0078100,P0110,1,74.2,0.0
OI00137103,O0078100,P0100,1,62.76,0.15
OI00137104,O0078100,P0103,1,84.34,0.0
OI00137105,O0078101,P0061,1,381.61,0.05
OI00137106,O0078101,P0015,1,1401.01,0.0
OI00137107,O0078101,P0108,2,40.42,0.05
OI00137146,O0078123,P0169,1,184.18,0.1
OI00137151,O0078126,P0130,1,30.59,0.0
OI00137152,O0078126,P0030,1,868.19,0.0
OI00137153,O0078126,P0068,1,145.42,0.0
OI00137163,O0078130,P0060,1,134.02,0.0
OI00137164,O0078130,P0044,1,123.88,0.0
OI00137165,O0078130,P0082,1,376.72,0.0
OI00137170,O0078133,P0135,1,182.73,0.2
OI00137186,O0078144,P0139,1,24.26,0.0
OI00137189,O0078147,P0169,1,183.68,0.0
OI00137211,O0078161,P0087,1,480.6,0.1
OI00137212,O0078162,P0024,1,496.45,0.0
OI00137228,O0078171,P0118,1,124.89,0.1
OI00137261,O0078186,P0037,1,537.02,0.05
OI00137262,O0078186,P0075,2,54.58,0.0
OI00137263,O0078186,P0029,1,527.57,0.05
OI00137264,O0078186,P0177,2,22.31,0.05
OI00137270,O0078190,P0144,1,13.9,0.05
OI00137276,O0078194,P0035,1,1074.14,0.0
OI00137277,O0078194,P0083,1,718.51,0.0
OI00137278,O0078194,P0143,1,112.43,0.0
OI00137279,O0078194,P0147,1,78.09,0.0
OI00137281,O0078196,P0178,1,10.73,0.0
OI00137282,O0078196,P0102,1,51.71,0.05
OI00137283,O0078196,P0148,1,15.11,0.0
OI00137293,O0078201,P0158,1,68.16,0.0
OI00137301,O0078206,P0077,1,407.68,0.05
OI00137308,O0078209,P0152,3,14.66,0.0
OI00137309,O0078209,P0078,1,137.3,0.2
OI00137316,O0078213,P0146,1,52.5,0.0
OI00137317,O0078213,P0155,2,52.06,0.0
OI00137318,O0078213,P0079,2,175.42,0.05
OI00137319,O0078214,P0165,1,40.94,0.05
OI00137321,O0078216,P0147,1,75.36,0.0
OI00137322,O0078217,P0058,1,146.32,0.0
OI00137324,O0078219,P0018,1,1936.31,0.0
OI00137376,O0078249,P0123,1,47.99,0.2
OI00137397,O0078257,P0060,1,134.68,0.1
OI00137406,O0078262,P0051,1,56.69,0.0
OI00137411,O0078265,P0027,1,914.68,0.0
OI00137422,O0078270,P0044,1,126.78,0.0
OI00137423,O0078270,P0031,1,1292.11,0.1
OI00137424,O0078270,P0112,1,40.82,0.1
OI00137436,O0078278,P0172,1,22.39,0.0
OI00137437,O0078279,P0088,1,293.79,0.0
OI00137438,O0078279,P0086,1,50.95,0.0
OI00137444,O0078283,P0068,1,141.88,0.0
OI00137454,O0078289,P0025,1,425.31,0.0
OI00137458,O0078292,P0090,1,206.52,0.0
OI00137481,O0078308,P0166,1,34.31,0.0
OI00137500,O0078321,P0112,1,40.51,0.0
OI00137512,O0078328,P0027,1,909.9,0.1
OI00137551,O0078348,P0133,1,9.98,0.1
OI00137580,O0078366,P0158,1,68.29,0.0
OI00137581,O0078366,P0150,2,11.32,0.0
OI00137582,O0078366,P0098,2,316.52,0.0
OI00137590,O0078371,P0009,1,1275.6,0.0
OI00137600,O0078377,P0009,1,1233.15,0.0
OI00137601,O0078377,P0088,1,298.83,0.0
OI00137602,O0078377,P0094,2,73.11,0.15
OI00137616,O0078386,P0121,1,142.66,0.0
OI00137625,O0078392,P0149,1,18.42,0.0
OI00137629,O0078395,P0127,1,160.13,0.0
OI00137641,O0078403,P0058,1,148.68,0.0
OI00137645,O0078405,P0042,1,119.22,0.0
OI00137646,O0078405,P0067,1,288.02,0.0
OI00137647,O0078405,P0148,2,15.07,0.25
OI00137648,O0078406,P0097,3,139.38,0.0
OI00137649,O0078406,P0046,1,329.58,0.0
OI00137650,O0078407,P0126,1,187.11,0.0
OI00137651,O0078407,P0070,3,53.03,0.0
OI00137653,O0078409,P0066,1,268.58,0.05
OI00137654,O0078409,P0013,1,1086.48,0.05
OI00137655,O0078409,P0042,1,119.86,0.0
OI00137667,O0078417,P0049,1,344.02,0.1
OI00137668,O0078417,P0111,1,282.41,0.0
OI00137671,O0078419,P0066,2,271.39,0.05
OI00137672,O0078419,P0044,1,123.46,0.0
OI00137673,O0078419,P0043,1,287.87,0.05
OI00137674,O0078420,P0066,1,277.09,0.0
OI00137703,O0078437,P0058,1,145.22,0.15
OI00137704,O0078437,P0086,1,50.38,0.0
OI00137705,O0078437,P0100,1,61.57,0.0
OI00137730,O0078455,P0118,1,126.63,0.0
OI00137731,O0078455,P0157,1,115.17,0.0
OI00137743,O0078462,P0030,1,850.0,0.1
OI00137754,O0078468,P0127,1,157.24,0.0
OI00137791,O0078486,P0081,1,398.12,0.0
OI00137799,O0078491,P0070,1,54.86,0.0
OI00137800,O0078491,P0132,2,29.14,0.0
OI00137832,O0078510,P0128,2,72.05,0.0
OI00137859,O0078524,P0088,1,292.37,0.0
OI00137860,O0078524,P0147,1,77.56,0.0
OI00137881,O0078536,P0014,1,845.77,0.0
OI00137882,O0078536,P0037,1,547.93,0.0
OI00137886,O0078539,P0047,1,135.12,0.0
OI00137898,O0078548,P0151,1,19.33,0.0
OI00137910,O0078558,P0177,1,22.54,0.05
OI00137935,O0078573,P0009,1,1312.09,0.1
OI00137936,O0078573,P0120,1,326.31,0.0
OI00137944,O0078576,P0007,2,2078.98,0.0
OI00137949,O0078581,P0126,1,191.53,0.2
OI00137950,O0078581,P0081,1,392.63,0.0
OI00137951,O0078582,P0174,1,18.28,0.0
OI00137952,O0078582,P0158,1,66.13,0.05
OI00137965,O0078589,P0090,1,197.75,0.0
OI00137966,O0078589,P0158,1,66.87,0.0
OI00138034,O0078631,P0077,1,417.93,0.05
OI00138048,O0078641,P0103,1,84.77,0.0
OI00138049,O0078641,P0066,1,268.6,0.0
OI00138065,O0078651,P0139,3,24.02,0.0
OI00138086,O0078662,P0076,1,124.88,0.0
OI00138087,O0078662,P0112,2,40.8,0.0
OI00138097,O0078669,P0174,1,18.52,0.0
OI00138104,O0078674,P0069,1,100.61,0.0
OI00138105,O0078674,P0165,1,41.23,0.0
OI00138122,O0078683,P0166,1,33.49,0.1
OI00138123,O0078683,P0066,1,278.02,0.1
OI00138140,O0078692,P0150,2,11.31,0.0
OI00138141,O0078692,P0005,1,1317.43,0.15
OI00138142,O0078692,P0174,1,18.84,0.05
OI00138143,O0078692,P0044,1,122.47,0.1
OI00138146,O0078694,P0157,1,123.87,0.05
OI00138147,O0078694,P0051,1,57.13,0.25
OI00138148,O0078694,P0062,1,53.59,0.0
OI00138149,O0078694,P0015,1,1430.18,0.0
OI00138159,O0078700,P0125,1,294.53,0.0
OI00138167,O0078706,P0163,1,18.31,0.0
OI00138168,O0078706,P0102,2,50.92,0.15
OI00138169,O0078706,P0040,2,962.18,0.0
OI00138191,O0078719,P0096,1,86.92,0.15
OI00138192,O0078719,P0141,1,23.77,0.0
OI00138193,O0078720,P0022,1,872.52,0.0
OI00138194,O0078720,P0051,3,54.57,0.0
OI00138217,O0078734,P0052,1,39.47,0.0
OI00138218,O0078734,P0096,1,85.82,0.25
OI00138237,O0078744,P0109,1,165.48,0.0
OI00138238,O0078744,P0073,1,99.44,0.0
OI00138245,O0078749,P0171,1,38.39,0.0
OI00138247,O0078751,P0091,1,171.12,0.0
OI00138248,O0078752,P0140,1,15.33,0.0
OI00138258,O0078757,P0059,2,51.37,0.0
OI00138287,O0078776,P0083,1,736.96,0.0
OI00138316,O0078793,P0126,1,189.21,0.1
OI00138317,O0078793,P0030,1,861.85,0.0
OI00138320,O0078795,P0072,2,172.01,0.0
OI00138321,O0078795,P0089,3,345.97,0.0
OI00138322,O0078795,P0055,1,332.02,0.0
OI00138330,O0078799,P0115,2,68.64,0.0
OI00138331,O0078799,P0020,1,552.61,0.05
OI00138388,O0078832,P0178,1,11.29,0.25
OI00138394,O0078836,P0168,1,61.09,0.15
OI00138398,O0078840,P0022,1,895.6,0.0
OI00138409,O0078849,P0146,1,53.22,0.0
OI00138420,O0078856,P0040,1,1015.71,0.15
OI00138437,O0078867,P0056,1,126.65,0.0
OI00138438,O0078867,P0018,1,1949.13,0.0
OI00138439,O0078868,P0117,2,30.18,0.1
OI00138440,O0078868,P0118,1,130.27,0.25
OI00138441,O0078868,P0048,1,54.4,0.2
OI00138442,O0078868,P0066,1,269.95,0.2
OI00138443,O0078869,P0039,2,532.21,0.0
OI00138444,O0078869,P0042,1,120.7,0.15
OI00138472,O0078885,P0046,1,327.64,0.0
OI00138473,O0078885,P0173,1,44.89,0.0
OI00138474,O0078886,P0029,1,519.42,0.2
OI00138488,O0078894,P0126,1,188.66,0.0
OI00138520,O0078915,P0011,1,1079.53,0.0
OI00138521,O0078915,P0107,2,156.08,0.15
OI00138552,O0078933,P0118,1,125.5,0.0
OI00138553,O0078933,P0117,1,29.62,0.1
OI00138555,O0078935,P0025,1,430.24,0.0
OI00138556,O0078935,P0155,1,50.01,0.0
OI00138557,O0078935,P0176,2,134.32,0.0
OI00138558,O0078935,P0101,1,126.56,0.0
OI00138575,O0078948,P0028,1,1182.95,0.0
OI00138576,O0078948,P0135,1,178.8,0.0
OI00138577,O0078948,P0112,1,39.57,0.1
OI00138578,O0078948,P0056,1,128.0,0.0
OI00138584,O0078951,P0041,1,227.24,0.05
OI00138593,O0078956,P0081,2,413.42,0.0
OI00138601,O0078961,P0003,1,1212.9,0.0
OI00138602,O0078961,P0127,1,165.5,0.1
OI00138608,O0078964,P0084,1,631.32,0.0
OI00138609,O0078965,P0169,2,192.71,0.05
OI00138627,O0078977,P0114,1,29.48,0.1
OI00138628,O0078977,P0100,1,60.02,0.1
OI00138629,O0078978,P0158,1,65.91,0.05
OI00138630,O0078978,P0134,1,134.37,0.0
OI00138636,O0078982,P0165,1,39.44,0.0
OI00138637,O0078982,P0144,1,14.06,0.0
OI00138638,O0078982,P0022,2,889.16,0.0
OI00138639,O0078983,P0145,1,166.96,0.0
OI00138640,O0078983,P0089,2,349.44,0.0
OI00138645,O0078987,P0038,2,479.51,0.0
OI00138669,O0079001,P0068,1,146.3,0.15
OI00138686,O0079008,P0142,1,12.4,0.0
OI00138718,O0079023,P0026,1,1164.66,0.0
OI00138730,O0079035,P0167,2,125.15,0.0
OI00138769,O0079058,P0050,1,93.07,0.15
OI00138770,O0079058,P0153,1,43.14,0.0
OI00138771,O0079058,P0041,2,230.49,0.0
OI00138781,O0079064,P0083,1,747.73,0.05
OI00138783,O0079066,P0179,1,81.88,0.0
OI00138784,O0079066,P0113,2,100.32,0.05
OI00138791,O0079071,P0169,1,180.82,0.0
OI00138792,O0079071,P0081,2,415.61,0.0
OI00138802,O0079077,P0016,1,943.18,0.0
OI00138804,O0079079,P0063,1,59.28,0.0
OI00138807,O0079081,P0130,1,29.87,0.0
OI00138808,O0079081,P0138,1,34.02,0.0
OI00138809,O0079081,P0080,1,234.07,0.0
OI00138823,O0079089,P0088,1,302.07,0.0
OI00138824,O0079090,P0074,2,250.59,0.1
OI00138837,O0079098,P0098,1,312.2,0.0
OI00138838,O0079098,P0033,1,1335.34,0.0
OI00138841,O0079100,P0015,1,1416.67,0.0
OI00138842,O0079100,P0047,1,132.99,0.0
OI00138843,O0079100,P0117,1,29.37,0.1
OI00138844,O0079100,P0086,1,49.81,0.0
OI00138880,O0079120,P0021,1,643.31,0.0
OI00138881,O0079121,P0095,1,287.35,0.0
OI00138906,O0079134,P0002,1,954.2,0.0
OI00138907,O0079135,P0030,2,875.58,0.0
OI00138916,O0079141,P0088,2,307.13,0.25
OI00138918,O0079143,P0139,1,23.81,0.0
OI00138943,O0079156,P0098,1,316.06,0.0
OI00138961,O0079165,P0003,1,1145.31,0.0
OI00138962,O0079166,P0033,1,1321.63,0.0
OI00138972,O0079171,P0078,1,132.43,0.1
OI00138995,O0079181,P0156,1,89.69,0.0
OI00139018,O0079195,P0092,1,200.32,0.0
OI00139019,O0079195,P0160,1,23.78,0.1
OI00139030,O0079201,P0079,1,174.72,0.0
OI00139055,O0079217,P0136,1,86.07,0.0
OI00139056,O0079217,P0092,1,190.52,0.0
OI00139058,O0079219,P0038,1,490.59,0.0
OI00139065,O0079224,P0050,1,93.79,0.0
OI00139066,O0079224,P0177,1,22.7,0.0
OI00139076,O0079230,P0102,1,52.42,0.1
OI00139077,O0079231,P0115,2,68.83,0.0
OI00139093,O0079240,P0075,3,53.16,0.0
OI00139094,O0079240,P0170,1,9.5,0.0
OI00139098,O0079242,P0085,2,499.11,0.0
OI00139105,O0079246,P0109,1,171.81,0.0
OI00139112,O0079250,P0147,1,77.04,0.0
OI00139127,O0079259,P0165,1,40.88,0.0
OI00139128,O0079259,P0036,1,713.76,0.0
OI00139131,O0079262,P0100,1,61.24,0.0
OI00139133,O0079264,P0041,1,229.89,0.2
OI00139173,O0079287,P0099,1,237.32,0.0
OI00139180,O0079290,P0048,1,56.34,0.0
OI00139191,O0079296,P0149,2,17.36,0.0
OI00139194,O0079298,P0065,1,323.97,0.0
OI00139203,O0079303,P0127,1,163.76,0.15
OI00139204,O0079303,P0158,1,68.88,0.0
OI00139205,O0079303,P0022,1,872.37,0.0
OI00139226,O0079316,P0072,1,177.71,0.0
OI00139231,O0079320,P0089,2,348.1,0.0
OI00139234,O0079322,P0097,1,142.43,0.0
OI00139237,O0079325,P0020,1,544.33,0.0
OI00139248,O0079330,P0073,1,96.56,0.0
OI00139249,O0079331,P0050,1,92.86,0.0
OI00139256,O0079335,P0060,1,135.85,0.0
OI00139261,O0079339,P0161,1,60.07,0.25
OI00139262,O0079339,P0108,2,41.6,0.0
OI00139263,O0079339,P0093,1,81.98,0.0
OI00139264,O0079340,P0150,1,11.26,0.1
OI00139265,O0079340,P0010,1,861.07,0.0
OI00139294,O0079354,P0002,1,928.06,0.1
OI00139313,O0079367,P0058,2,149.95,0.0
OI00139314,O0079367,P0110,2,73.6,0.0
OI00139315,O0079368,P0169,1,184.16,0.0
OI00139316,O0079368,P0159,1,178.55,0.1
OI00139317,O0079368,P0023,2,984.01,0.05
OI00139325,O0079374,P0096,1,85.91,0.15
OI00139367,O0079398,P0073,1,99.43,0.05
OI00139368,O0079398,P0107,1,153.33,0.0
OI00139387,O0079410,P0082,1,387.12,0.0
OI00139388,O0079410,P0096,1,85.08,0.0
OI00139402,O0079418,P0120,3,334.95,0.0
OI00139403,O0079418,P0145,1,162.41,0.0
OI00139435,O0079438,P0120,1,332.71,0.0
OI00139463,O0079455,P0033,1,1320.3,0.0
OI00139464,O0079455,P0037,2,537.23,0.0
OI00139490,O0079470,P0173,1,45.43,0.05
OI00139491,O0079471,P0179,1,84.29,0.0
OI00139510,O0079482,P0134,2,136.43,0.0
OI00139515,O0079486,P0050,1,91.87,0.0
OI00139521,O0079491,P0145,1,160.65,0.05
OI00139522,O0079491,P0024,2,493.31,0.05
OI00139523,O0079491,P0049,1,335.33,0.0
OI00139537,O0079500,P0136,1,84.21,0.0
OI00139550,O0079508,P0093,1,85.84,0.0
OI00139583,O0079527,P0081,2,404.74,0.0
OI00139584,O0079527,P0114,2,29.37,0.0
OI00139585,O0079527,P0173,1,45.86,0.0
OI00139589,O0079531,P0079,1,176.38,0.0
OI00139606,O0079540,P0168,1,63.15,0.0
OI00139625,O0079553,P0070,1,55.41,0.0
OI00139641,O0079561,P0023,1,955.99,0.0
OI00139645,O0079564,P0140,1,15.82,0.0
OI00139673,O0079576,P0152,1,15.27,0.0
OI00139674,O0079576,P0120,1,321.41,0.05
OI00139681,O0079581,P0013,2,1079.6,0.0
OI00139682,O0079581,P0098,1,322.72,0.0
OI00139685,O0079584,P0127,1,161.85,0.0
OI00139686,O0079584,P0131,1,50.39,0.0
OI00139687,O0079584,P0021,1,651.22,0.15
OI00139743,O0079618,P0180,1,51.86,0.0
OI00139760,O0079626,P0146,1,52.87,0.0
OI00139761,O0079626,P0094,1,72.87,0.05
OI00139770,O0079631,P0079,1,172.13,0.0
OI00139780,O0079637,P0080,1,234.67,0.05
OI00139781,O0079637,P0010,1,867.77,0.0
OI00139791,O0079643,P0034,1,551.79,0.0
OI00139792,O0079643,P0136,1,84.4,0.0
OI00139800,O0079648,P0073,1,98.22,0.05
OI00139801,O0079648,P0118,1,131.83,0.05
OI00139814,O0079654,P0072,1,176.51,0.0
OI00139815,O0079654,P0141,1,23.48,0.15
OI00139823,O0079658,P0018,1,2010.07,0.15
OI00139825,O0079660,P0052,1,38.88,0.0
OI00139826,O0079660,P0177,1,23.29,0.1
OI00139827,O0079660,P0082,1,372.99,0.0
OI00139828,O0079660,P0012,1,1484.06,0.0
OI00139866,O0079678,P0166,1,32.28,0.0
OI00139867,O0079678,P0020,1,556.44,0.0
OI00139888,O0079688,P0020,1,552.99,0.05
OI00139889,O0079688,P0163,1,17.68,0.15
OI00139890,O0079689,P0113,1,101.6,0.0
OI00139891,O0079689,P0028,2,1221.28,0.0
OI00139930,O0079714,P0164,3,38.99,0.0
OI00139931,O0079715,P0166,1,33.65,0.0
OI00139947,O0079724,P0149,2,17.79,0.15
OI00139948,O0079724,P0021,1,625.84,0.15
OI00139949,O0079724,P0065,1,321.62,0.0
OI00139964,O0079731,P0165,1,40.11,0.0
OI00139966,O0079733,P0094,1,72.22,0.0
OI00139967,O0079733,P0050,1,93.86,0.0
OI00139968,O0079734,P0013,1,1081.1,0.0
OI00139981,O0079740,P0112,1,38.74,0.05
OI00139992,O0079746,P0099,1,231.77,0.0
OI00139993,O0079746,P0169,1,186.18,0.0
OI00139997,O0079749,P0081,1,397.1,0.0
OI00139998,O0079749,P0003,1,1211.03,0.1
OI00139999,O0079750,P0102,1,51.52,0.0
OI00140000,O0079750,P0047,1,137.41,0.0
OI00140014,O0079757,P0018,1,1935.32,0.0
OI00140025,O0079763,P0069,1,93.12,0.0
OI00140026,O0079763,P0112,2,41.31,0.0
OI00140027,O0079763,P0178,1,11.03,0.0
OI00140035,O0079769,P0105,1,129.73,0.05
OI00140037,O0079771,P0113,1,100.2,0.0
OI00140039,O0079773,P0024,1,494.41,0.2
OI00140068,O0079790,P0083,1,745.17,0.0
OI00140073,O0079792,P0162,2,19.25,0.0
OI00140084,O0079800,P0159,1,189.67,0.0
OI00140099,O0079808,P0101,1,130.56,0.0
OI00140100,O0079808,P0135,2,182.86,0.0
OI00140103,O0079810,P0057,1,134.4,0.15
OI00140112,O0079815,P0074,1,265.32,0.1
OI00140122,O0079821,P0049,1,344.73,0.2
OI00140151,O0079839,P0114,1,29.09,0.0
OI00140158,O0079844,P0164,2,39.69,0.0
OI00140251,O0079896,P0041,1,227.18,0.0
OI00140252,O0079896,P0115,1,71.76,0.1
OI00140253,O0079896,P0077,1,418.84,0.0
OI00140258,O0079899,P0007,2,1997.71,0.0
OI00140270,O0079905,P0008,1,1182.52,0.0
OI00140271,O0079905,P0116,1,69.87,0.25
OI00140272,O0079905,P0076,2,121.74,0.1
OI00140276,O0079908,P0047,1,139.13,0.0
OI00140283,O0079912,P0089,2,353.31,0.1
OI00140284,O0079912,P0112,1,40.33,0.0
OI00140285,O0079912,P0088,1,307.91,0.1
OI00140296,O0079918,P0027,1,862.45,0.0
OI00140297,O0079918,P0044,1,122.62,0.0
OI00140298,O0079919,P0095,1,284.71,0.05
OI00140299,O0079919,P0073,1,98.67,0.0
OI00140308,O0079925,P0046,1,332.66,0.1
OI00140309,O0079925,P0063,1,58.98,0.1
OI00140314,O0079929,P0146,1,53.21,0.1
OI00140321,O0079935,P0131,2,49.19,0.0
OI00140353,O0079951,P0151,1,19.65,0.0
OI00140354,O0079951,P0053,1,353.61,0.0
OI00140375,O0079963,P0026,1,1174.09,0.0
OI00140376,O0079963,P0163,2,18.48,0.0
OI00140381,O0079966,P0118,1,128.42,0.1
OI00140384,O0079969,P0147,1,78.83,0.05
OI00140385,O0079969,P0095,1,282.93,0.0
OI00140388,O0079971,P0130,1,29.72,0.0
OI00140419,O0079991,P0056,1,126.52,0.0
OI00140420,O0079991,P0119,1,32.78,0.0
OI00140424,O0079994,P0164,2,39.55,0.0
OI00140431,O0079998,P0100,1,62.29,0.05
OI00140432,O0079998,P0096,1,86.43,0.15
OI00140452,O0080012,P0148,2,14.83,0.0
OI00140453,O0080012,P0064,1,127.74,0.0
OI00140472,O0080024,P0040,1,1002.47,0.0
OI00140486,O0080031,P0082,1,387.33,0.0
OI00140487,O0080031,P0077,1,411.64,0.0
OI00140491,O0080034,P0077,1,418.72,0.05
OI00140492,O0080034,P0152,3,14.74,0.25
OI00140493,O0080034,P0118,1,127.86,0.1
OI00140521,O0080048,P0063,1,58.02,0.0
OI00140524,O0080051,P0035,2,1091.95,0.0
OI00140533,O0080056,P0121,1,139.39,0.0
OI00140534,O0080057,P0106,2,131.63,0.2
OI00140535,O0080057,P0052,1,38.77,0.0
OI00140536,O0080057,P0147,1,76.93,0.0
OI00140537,O0080057,P0149,1,17.96,0.0
OI00140574,O0080077,P0056,1,124.87,0.05
OI00140575,O0080077,P0149,1,18.2,0.0
OI00140576,O0080077,P0110,1,74.69,0.15
OI00140577,O0080078,P0145,1,164.29,0.0
OI00140578,O0080078,P0124,1,64.14,0.0
OI00140580,O0080080,P0012,1,1510.75,0.0
OI00140586,O0080084,P0080,1,232.4,0.1
OI00140596,O0080090,P0111,1,300.18,0.1
OI00140619,O0080102,P0053,1,357.14,0.0
OI00140620,O0080102,P0099,1,229.98,0.0
OI00140621,O0080102,P0041,1,231.67,0.0
OI00140622,O0080102,P0015,1,1440.7,0.0
OI00140629,O0080107,P0045,2,420.98,0.0
OI00140630,O0080107,P0062,1,57.63,0.0
OI00140646,O0080117,P0031,1,1324.68,0.0
OI00140665,O0080128,P0089,1,362.2,0.1
OI00140666,O0080128,P0082,1,368.42,0.0
OI00140667,O0080129,P0078,1,134.86,0.0
OI00140686,O0080140,P0104,1,29.47,0.1
OI00140721,O0080159,P0107,1,156.29,0.15
OI00140722,O0080159,P0098,1,316.97,0.0
OI00140723,O0080159,P0118,1,127.45,0.0
OI00140731,O0080164,P0113,1,101.02,0.0
OI00140732,O0080164,P0060,1,136.66,0.2
OI00140744,O0080170,P0122,1,383.6,0.0
OI00140745,O0080170,P0145,2,160.29,0.0
OI00140751,O0080174,P0070,2,53.45,0.2
OI00140754,O0080176,P0154,1,56.89,0.1
OI00140755,O0080176,P0049,2,335.15,0.0
OI00140756,O0080176,P0108,1,41.84,0.0
OI00140768,O0080183,P0012,1,1523.76,0.0
OI00140773,O0080186,P0141,1,24.73,0.1
OI00140784,O0080192,P0180,1,52.83,0.0
OI00140790,O0080196,P0044,1,119.82,0.0
OI00140791,O0080196,P0087,1,494.02,0.15
OI00140795,O0080199,P0108,1,41.14,0.1
OI00140796,O0080199,P0113,1,99.26,0.0
OI00140797,O0080199,P0109,1,168.61,0.0
OI00140798,O0080199,P0046,1,333.6,0.05
OI00140799,O0080200,P0140,1,15.98,0.0
OI00140800,O0080201,P0095,1,284.73,0.2
OI00140815,O0080210,P0015,2,1441.69,0.0
OI00140825,O0080216,P0026,2,1162.92,0.0
OI00140826,O0080216,P0160,1,24.04,0.1
OI00140847,O0080229,P0112,1,40.36,0.0
OI00140848,O0080229,P0078,1,134.82,0.0
OI00140872,O0080246,P0039,1,518.17,0.15
OI00140875,O0080248,P0137,1,25.86,0.2
OI00140903,O0080265,P0158,3,66.47,0.15
OI00140904,O0080265,P0121,1,145.56,0.0
OI00140907,O0080268,P0110,1,74.55,0.0
OI00140923,O0080278,P0057,1,128.54,0.0
OI00140924,O0080278,P0125,1,292.94,0.0
OI00140942,O0080290,P0054,1,57.21,0.0
OI00140952,O0080296,P0170,1,9.3,0.0
OI00140968,O0080305,P0159,1,178.37,0.0
OI00140969,O0080305,P0131,1,50.66,0.05
OI00140981,O0080313,P0004,1,989.59,0.05
OI00141024,O0080339,P0118,1,127.9,0.0
OI00141025,O0080339,P0055,1,326.96,0.0
OI00141026,O0080339,P0143,1,115.49,0.0
OI00141047,O0080350,P0089,1,353.73,0.0
OI00141048,O0080350,P0005,1,1373.07,0.0
OI00141056,O0080357,P0157,1,118.73,0.0
OI00141057,O0080357,P0103,1,85.4,0.0
OI00141059,O0080359,P0025,1,427.7,0.0
OI00141060,O0080359,P0010,1,872.53,0.0
OI00141073,O0080368,P0101,1,128.62,0.1
OI00141074,O0080368,P0055,1,323.43,0.1
OI00141075,O0080369,P0133,2,9.8,0.0
OI00141076,O0080369,P0169,1,186.13,0.0
OI00141077,O0080370,P0073,1,95.85,0.0
OI00141078,O0080370,P0008,2,1201.71,0.05
OI00141084,O0080374,P0137,1,25.58,0.0
OI00141085,O0080374,P0008,1,1202.38,0.1
OI00141086,O0080374,P0029,2,528.57,0.05
OI00141115,O0080390,P0151,1,19.51,0.0
OI00141122,O0080395,P0078,1,134.63,0.0
OI00141129,O0080400,P0052,1,38.15,0.0
OI00141133,O0080402,P0073,1,98.57,0.0
OI00141134,O0080402,P0177,2,22.83,0.0
OI00141148,O0080410,P0047,1,133.76,0.05
OI00141159,O0080415,P0158,1,67.55,0.0
OI00141160,O0080415,P0075,2,52.44,0.0
OI00141162,O0080417,P0067,1,279.51,0.0
OI00141169,O0080422,P0019,1,407.28,0.05
OI00141193,O0080435,P0132,1,29.25,0.0
OI00141194,O0080435,P0104,1,29.77,0.0
OI00141195,O0080436,P0006,1,2234.74,0.0
OI00141196,O0080436,P0078,2,134.2,0.0
OI00141208,O0080445,P0161,1,62.18,0.15
OI00141227,O0080457,P0160,1,24.59,0.0
OI00141228,O0080458,P0121,1,140.83,0.05
OI00141229,O0080458,P0099,1,229.05,0.1
OI00141237,O0080464,P0151,1,19.68,0.0
OI00141241,O0080466,P0101,1,123.03,0.0
OI00141242,O0080466,P0069,1,100.72,0.0
OI00141252,O0080471,P0006,1,2128.98,0.0
OI00141253,O0080471,P0171,1,38.81,0.1
OI00141258,O0080474,P0131,1,50.29,0.0
OI00141259,O0080475,P0118,1,133.13,0.05
OI00141284,O0080489,P0041,1,227.97,0.0
OI00141285,O0080489,P0132,1,28.99,0.0
OI00141293,O0080494,P0124,1,66.91,0.05
OI00141294,O0080494,P0046,1,329.98,0.05
OI00141295,O0080494,P0007,1,2078.42,0.0
OI00141328,O0080510,P0022,1,886.49,0.0
OI00141346,O0080522,P0167,1,125.12,0.0
OI00141347,O0080522,P0050,1,92.68,0.05
OI00141367,O0080533,P0025,1,420.66,0.0
OI00141377,O0080539,P0048,1,56.06,0.0
OI00141378,O0080539,P0135,2,185.17,0.1
OI00141379,O0080539,P0005,1,1320.01,0.15
OI00141382,O0080541,P0036,3,710.66,0.0
OI00141383,O0080541,P0050,1,93.48,0.0
OI00141384,O0080541,P0080,1,233.92,0.0
OI00141385,O0080541,P0179,1,80.55,0.1
OI00141413,O0080559,P0095,1,283.01,0.0
OI00141414,O0080559,P0044,1,126.81,0.0
OI00141430,O0080568,P0019,2,405.18,0.05
OI00141447,O0080576,P0057,1,136.45,0.0
OI00141448,O0080576,P0173,1,44.63,0.0
OI00141450,O0080578,P0104,1,29.65,0.0
OI00141451,O0080578,P0064,1,131.13,0.1
OI00141452,O0080578,P0060,1,137.57,0.0
OI00141453,O0080579,P0133,1,10.02,0.0
OI00141463,O0080584,P0032,1,871.38,0.2
OI00141468,O0080588,P0161,1,62.32,0.0
OI00141474,O0080593,P0034,1,553.01,0.0
OI00141478,O0080596,P0133,1,10.11,0.0
OI00141479,O0080596,P0177,1,23.05,0.2
OI00141506,O0080613,P0136,1,86.07,0.0
OI00141518,O0080619,P0064,1,131.51,0.0
OI00141519,O0080619,P0147,1,76.03,0.0
OI00141523,O0080623,P0164,1,39.34,0.0
OI00141524,O0080623,P0122,1,387.37,0.0
OI00141525,O0080624,P0010,2,866.68,0.0
OI00141537,O0080632,P0024,1,483.65,0.0
OI00141556,O0080644,P0001,1,1748.06,0.0
OI00141557,O0080644,P0153,1,44.04,0.0
OI00141584,O0080661,P0178,1,10.99,0.0
OI00141595,O0080667,P0169,2,181.33,0.05
OI00141596,O0080667,P0165,1,41.52,0.0
OI00141597,O0080667,P0174,1,18.36,0.0
OI00141604,O0080672,P0008,1,1180.03,0.0
OI00141605,O0080672,P0023,1,983.75,0.0
OI00141611,O0080677,P0058,1,145.99,0.0
OI00141612,O0080677,P0154,1,57.97,0.1
OI00141617,O0080681,P0016,1,936.78,0.2
OI00141650,O0080700,P0066,1,262.75,0.05
OI00141651,O0080700,P0178,3,11.38,0.0
OI00141652,O0080700,P0164,2,38.72,0.0
OI00141655,O0080702,P0165,1,40.65,0.0
OI00141656,O0080702,P0125,1,298.96,0.0
OI00141657,O0080702,P0018,1,1950.75,0.0
OI00141669,O0080709,P0113,1,100.44,0.05
OI00141670,O0080709,P0049,1,338.13,0.25
OI00141672,O0080711,P0066,1,279.63,0.0
OI00141693,O0080724,P0108,1,42.24,0.0
OI00141711,O0080737,P0073,1,96.07,0.0
OI00141712,O0080737,P0040,3,1000.31,0.1
OI00141714,O0080739,P0133,1,10.29,0.0
OI00141715,O0080739,P0109,1,165.87,0.0
OI00141737,O0080751,P0091,3,168.59,0.0
OI00141743,O0080755,P0159,2,179.72,0.05
OI00141745,O0080757,P0019,1,411.28,0.0
OI00141746,O0080757,P0048,1,56.17,0.05
OI00141751,O0080760,P0176,3,140.4,0.0
OI00141752,O0080760,P0099,1,234.97,0.1
OI00141774,O0080771,P0041,2,232.15,0.0
OI00141775,O0080771,P0062,1,56.22,0.0
OI00141778,O0080774,P0095,2,278.07,0.1
OI00141806,O0080790,P0147,1,78.92,0.0
OI00141831,O0080806,P0075,2,53.47,0.15
OI00141834,O0080808,P0177,2,23.08,0.05
OI00141835,O0080809,P0115,1,69.26,0.1
OI00141837,O0080811,P0059,2,49.27,0.0
OI00141845,O0080816,P0091,1,168.73,0.1
OI00141846,O0080816,P0132,1,29.15,0.0
OI00141859,O0080824,P0030,1,868.79,0.0
OI00141864,O0080829,P0137,1,25.93,0.0
OI00141867,O0080831,P0024,1,514.67,0.0
OI00141896,O0080849,P0146,1,53.75,0.05
OI00141897,O0080849,P0112,1,38.51,0.15
OI00141900,O0080851,P0177,1,22.5,0.0
OI00141927,O0080864,P0067,1,280.36,0.0
OI00141938,O0080872,P0048,1,55.43,0.1
OI00141939,O0080872,P0081,2,409.69,0.05
OI00141940,O0080872,P0073,1,95.43,0.0
OI00141941,O0080872,P0123,1,49.61,0.1
OI00141942,O0080873,P0020,2,546.55,0.05
OI00141943,O0080873,P0174,1,18.5,0.0
OI00141967,O0080888,P0043,1,294.62,0.15
OI00141977,O0080896,P0114,2,28.73,0.05
OI00141978,O0080896,P0014,1,817.26,0.0
OI00141979,O0080896,P0073,1,92.45,0.0
OI00141992,O0080903,P0104,1,28.92,0.0
OI00142007,O0080915,P0061,1,385.85,0.05
OI00142008,O0080915,P0059,1,50.72,0.0
OI00142044,O0080933,P0074,1,264.51,0.05
OI00142053,O0080940,P0114,1,29.23,0.0
OI00142054,O0080940,P0147,2,77.55,0.0
OI00142082,O0080960,P0149,1,17.91,0.15
OI00142083,O0080960,P0155,1,51.6,0.1
OI00142103,O0080971,P0045,1,414.34,0.05
OI00142104,O0080971,P0094,1,73.37,0.0
OI00142113,O0080977,P0015,1,1423.61,0.0
OI00142114,O0080977,P0029,1,552.2,0.0
OI00142134,O0080988,P0167,2,126.94,0.0
OI00142135,O0080988,P0024,1,506.28,0.1
OI00142136,O0080988,P0076,1,123.14,0.15
OI00142147,O0080996,P0043,1,290.27,0.0
OI00142148,O0080997,P0178,2,11.5,0.0
OI00142172,O0081011,P0127,1,162.42,0.15
OI00142182,O0081018,P0015,1,1451.81,0.0
OI00142195,O0081027,P0077,1,422.25,0.0
OI00142196,O0081027,P0018,1,1947.97,0.0
OI00142201,O0081031,P0104,1,28.92,0.05
OI00142202,O0081031,P0126,1,187.74,0.0
OI00142210,O0081037,P0173,1,44.81,0.0
OI00142211,O0081037,P0051,1,53.14,0.1
OI00142212,O0081037,P0081,1,400.2,0.0
OI00142246,O0081054,P0085,1,498.28,0.0
OI00142249,O0081056,P0049,1,337.66,0.0
OI00142250,O0081056,P0133,1,9.68,0.0
OI00142251,O0081056,P0012,1,1487.4,0.0
OI00142258,O0081061,P0076,1,126.47,0.0
OI00142259,O0081061,P0097,1,141.84,0.0
OI00142261,O0081063,P0168,1,58.7,0.0
OI00142262,O0081063,P0141,1,23.3,0.0
OI00142263,O0081063,P0085,1,486.99,0.0
OI00142269,O0081067,P0007,1,2036.54,0.15
OI00142278,O0081071,P0053,1,362.18,0.0
OI00142279,O0081071,P0004,2,1007.51,0.0
OI00142280,O0081072,P0132,1,28.72,0.0
OI00142281,O0081072,P0112,1,40.99,0.0
OI00142282,O0081072,P0012,1,1501.68,0.0
OI00142284,O0081074,P0039,1,536.36,0.0
OI00142327,O0081100,P0151,1,19.34,0.05
OI00142328,O0081100,P0081,1,413.42,0.0
OI00142346,O0081113,P0142,1,12.89,0.0
OI00142347,O0081113,P0158,1,68.28,0.0
OI00142348,O0081113,P0021,1,639.27,0.15
OI00142370,O0081127,P0116,2,72.54,0.0
OI00142371,O0081127,P0067,1,282.55,0.0
OI00142387,O0081137,P0098,1,312.56,0.15
OI00142388,O0081137,P0050,1,90.62,0.0
OI00142392,O0081141,P0141,1,23.48,0.15
OI00142441,O0081174,P0169,1,179.27,0.0
OI00142457,O0081183,P0072,2,166.47,0.0
OI00142458,O0081184,P0165,1,41.33,0.0
OI00142461,O0081187,P0044,1,126.5,0.1
OI00142473,O0081196,P0177,1,22.58,0.05
OI00142474,O0081196,P0081,1,419.48,0.0
OI00142475,O0081196,P0146,1,52.86,0.0
OI00142478,O0081199,P0144,1,13.69,0.0
OI00142482,O0081203,P0082,1,384.93,0.0
OI00142483,O0081203,P0017,1,1652.1,0.0
OI00142502,O0081213,P0097,1,142.33,0.0
OI00142503,O0081213,P0138,3,35.06,0.25
OI00142504,O0081213,P0135,1,185.0,0.1
OI00142528,O0081226,P0134,2,132.36,0.0
OI00142529,O0081226,P0061,2,384.18,0.0
OI00142544,O0081235,P0174,1,17.78,0.1
OI00142547,O0081237,P0093,1,85.98,0.0
OI00142596,O0081264,P0035,1,1074.11,0.0
OI00142601,O0081268,P0154,1,57.06,0.0
OI00142602,O0081268,P0137,1,26.24,0.05
OI00142623,O0081281,P0149,1,18.22,0.1
OI00142648,O0081295,P0086,1,51.03,0.0
OI00142649,O0081295,P0158,1,66.59,0.0
OI00142652,O0081297,P0106,1,125.6,0.25
OI00142672,O0081306,P0148,3,15.08,0.0
OI00142676,O0081310,P0051,1,56.22,0.0
OI00142698,O0081325,P0149,1,17.9,0.25
OI00142699,O0081325,P0031,1,1351.3,0.0
OI00142700,O0081325,P0072,1,173.94,0.05
OI00142701,O0081325,P0122,1,397.36,0.0
OI00142727,O0081340,P0124,1,64.23,0.1
OI00142728,O0081340,P0140,1,15.42,0.25
OI00142729,O0081340,P0156,1,89.91,0.0
OI00142730,O0081341,P0072,1,171.12,0.25
OI00142731,O0081341,P0018,1,1943.97,0.25
OI00142732,O0081341,P0158,1,67.12,0.25
OI00142735,O0081343,P0144,1,13.7,0.1
OI00142736,O0081343,P0094,1,72.58,0.05
OI00142737,O0081344,P0094,1,73.6,0.25
OI00142742,O0081348,P0093,1,85.6,0.05
OI00142756,O0081356,P0162,1,19.48,0.0
OI00142757,O0081357,P0042,1,120.07,0.1
OI00142758,O0081357,P0019,1,400.24,0.0
OI00142763,O0081360,P0156,1,89.56,0.0
OI00142764,O0081360,P0142,1,12.17,0.05
OI00142832,O0081403,P0049,1,336.64,0.05
OI00142833,O0081403,P0035,1,1055.12,0.15
OI00142851,O0081414,P0034,1,567.64,0.0
OI00142860,O0081419,P0081,1,427.01,0.0
OI00142861,O0081419,P0160,1,24.06,0.0
OI00142862,O0081419,P0050,1,88.94,0.0
OI00142864,O0081421,P0107,1,154.71,0.15
OI00142865,O0081421,P0099,1,233.79,0.25
OI00142874,O0081426,P0174,1,18.52,0.0
OI00142875,O0081426,P0089,1,354.15,0.25
OI00142876,O0081427,P0010,1,900.11,0.0
OI00142877,O0081427,P0025,1,435.75,0.25
OI00142878,O0081427,P0049,1,333.16,0.0
OI00142881,O0081430,P0119,1,34.44,0.0
OI00142882,O0081430,P0087,1,485.37,0.05
OI00142883,O0081431,P0055,1,332.93,0.0
OI00142958,O0081470,P0119,2,32.02,0.0
OI00142972,O0081479,P0112,1,40.4,0.0
OI00143010,O0081506,P0045,1,403.26,0.0
OI00143011,O0081506,P0083,1,737.63,0.25
OI00143012,O0081506,P0056,1,126.48,0.0
OI00143036,O0081519,P0148,1,15.27,0.1
OI00143037,O0081519,P0115,2,69.77,0.0
OI00143038,O0081519,P0023,1,970.45,0.25
OI00143039,O0081519,P0015,1,1438.53,0.25
OI00143045,O0081523,P0129,1,290.29,0.25
OI00143047,O0081525,P0025,1,430.19,0.15
OI00143048,O0081525,P0074,1,260.16,0.1
OI00143049,O0081525,P0132,1,28.91,0.15
OI00143083,O0081546,P0155,1,49.5,0.0
OI00143084,O0081546,P0057,1,128.25,0.25
OI00143110,O0081562,P0066,1,285.28,0.0
OI00143111,O0081562,P0099,1,230.81,0.05
OI00143112,O0081562,P0135,1,180.5,0.0
OI00143117,O0081565,P0111,2,278.91,0.25
OI00143125,O0081569,P0070,1,52.23,0.25
OI00143126,O0081569,P0016,1,932.06,0.05
OI00143169,O0081596,P0046,1,321.93,0.0
OI00143184,O0081606,P0165,1,41.26,0.25
OI00143185,O0081606,P0174,1,18.14,0.1
OI00143186,O0081606,P0093,1,86.11,0.15
OI00143197,O0081613,P0055,1,332.15,0.1
OI00143198,O0081613,P0054,1,58.79,0.0
OI00143200,O0081615,P0065,1,318.46,0.0
OI00143231,O0081631,P0051,2,56.55,0.0
OI00143238,O0081635,P0008,1,1173.8,0.25
OI00143239,O0081635,P0095,1,296.93,0.0
OI00143254,O0081644,P0144,1,13.89,0.0
OI00143262,O0081648,P0163,1,18.27,0.0
OI00143278,O0081657,P0120,1,333.49,0.25
OI00143279,O0081657,P0152,1,15.05,0.25
OI00143280,O0081658,P0030,2,826.71,0.05
OI00143294,O0081667,P0005,1,1304.23,0.0
OI00143316,O0081679,P0084,1,624.25,0.0
OI00143317,O0081679,P0093,1,85.29,0.2
OI00143341,O0081692,P0080,1,235.3,0.0
OI00143342,O0081692,P0139,2,24.46,0.15
OI00143343,O0081692,P0044,1,121.74,0.15
OI00143356,O0081700,P0014,1,841.88,0.25
OI00143363,O0081703,P0149,2,18.1,0.0
OI00143370,O0081708,P0126,1,186.67,0.05
OI00143378,O0081712,P0066,1,272.21,0.0
OI00143385,O0081716,P0104,1,30.33,0.25
OI00143386,O0081716,P0140,1,15.92,0.25
OI00143387,O0081716,P0118,1,130.38,0.0
OI00143424,O0081738,P0151,2,19.31,0.1
OI00143450,O0081753,P0069,2,97.56,0.1
OI00143465,O0081763,P0142,1,12.43,0.25
OI00143466,O0081763,P0038,1,467.7,0.25
OI00143467,O0081763,P0139,1,24.32,0.15
OI00143474,O0081769,P0096,1,86.02,0.15
OI00143499,O0081784,P0022,1,877.39,0.0
OI00143528,O0081801,P0020,1,547.28,0.05
OI00143543,O0081810,P0180,1,53.73,0.25
OI00143557,O0081820,P0131,1,48.87,0.25
OI00143576,O0081830,P0091,1,170.25,0.25
OI00143585,O0081835,P0088,1,297.4,0.15
OI00143586,O0081835,P0103,1,86.43,0.0
OI00143589,O0081837,P0090,1,203.75,0.25
OI00143602,O0081845,P0088,1,297.48,0.05
OI00143614,O0081852,P0143,1,109.32,0.0
OI00143631,O0081864,P0015,1,1482.45,0.25
OI00143632,O0081864,P0063,1,60.08,0.25
OI00143633,O0081864,P0087,2,477.87,0.0
OI00143635,O0081866,P0015,1,1447.81,0.05
OI00143636,O0081866,P0102,1,51.31,0.1
OI00143644,O0081870,P0041,1,237.18,0.1
OI00143659,O0081880,P0095,1,290.69,0.1
OI00143660,O0081880,P0151,1,19.93,0.25
OI00143667,O0081883,P0056,1,130.35,0.25
OI00143668,O0081883,P0117,1,29.79,0.0
OI00143676,O0081887,P0083,1,733.87,0.0
OI00143708,O0081907,P0177,1,23.22,0.1
OI00143714,O0081912,P0179,1,80.07,0.0
OI00143724,O0081918,P0069,1,99.71,0.0
OI00143737,O0081924,P0135,2,188.37,0.0
OI00143738,O0081925,P0139,1,24.73,0.05
OI00143786,O0081954,P0041,1,233.17,0.25
OI00143787,O0081954,P0068,1,143.24,0.25
OI00143788,O0081954,P0126,1,187.94,0.25
OI00143789,O0081955,P0144,1,13.53,0.1
OI00143798,O0081962,P0027,1,875.98,0.0
OI00143809,O0081969,P0112,1,39.67,0.1
OI00143810,O0081969,P0064,1,131.88,0.05
OI00143812,O0081971,P0067,1,286.49,0.0
OI00143813,O0081971,P0112,1,38.84,0.0
OI00143815,O0081973,P0154,1,57.35,0.0
OI00143816,O0081973,P0103,1,83.34,0.15
OI00143817,O0081973,P0171,1,37.71,0.0
OI00143821,O0081976,P0042,1,118.27,0.15
OI00143827,O0081981,P0132,2,30.09,0.0
OI00143828,O0081981,P0154,1,56.98,0.0
OI00143851,O0081994,P0025,1,418.55,0.0
OI00143852,O0081994,P0063,1,57.63,0.1
OI00143870,O0082004,P0052,1,38.91,0.25
OI00143871,O0082004,P0138,1,34.49,0.0
OI00143881,O0082011,P0109,1,163.85,0.0
OI00143894,O0082018,P0063,1,60.44,0.0
OI00143895,O0082019,P0168,1,60.74,0.25
OI00143908,O0082027,P0148,1,14.81,0.25
OI00143909,O0082027,P0010,1,884.19,0.0
OI00143910,O0082028,P0053,1,351.88,0.0
OI00143916,O0082032,P0150,1,11.55,0.0
OI00143917,O0082032,P0172,1,22.66,0.0
OI00143918,O0082032,P0122,1,387.55,0.05
OI00143919,O0082033,P0083,1,725.44,0.25
OI00143933,O0082041,P0173,1,45.32,0.05
OI00143934,O0082041,P0167,3,125.29,0.25
OI00143940,O0082046,P0110,1,73.86,0.0
OI00143941,O0082047,P0041,1,239.87,0.2
OI00143942,O0082047,P0031,2,1361.03,0.05
OI00143960,O0082056,P0159,1,181.59,0.0
OI00143967,O0082061,P0115,2,67.3,0.15
OI00143968,O0082061,P0082,1,375.6,0.25
OI00143974,O0082065,P0138,1,35.2,0.0
OI00143975,O0082065,P0161,1,61.71,0.0
OI00144003,O0082079,P0144,1,13.85,0.0
OI00144004,O0082079,P0114,1,31.28,0.15
OI00144005,O0082079,P0065,1,318.85,0.1
OI00144026,O0082091,P0042,1,120.43,0.2
OI00144027,O0082092,P0069,1,98.52,0.05
OI00144046,O0082106,P0082,1,370.86,0.0
OI00144054,O0082114,P0052,1,38.6,0.1
OI00144055,O0082114,P0011,1,1052.63,0.1
OI00144060,O0082117,P0036,1,717.34,0.1
OI00144076,O0082127,P0053,1,356.48,0.05
OI00144079,O0082129,P0090,1,199.1,0.05
OI00144082,O0082132,P0128,1,69.46,0.0
OI00144090,O0082138,P0153,1,43.52,0.0
OI00144091,O0082138,P0002,1,937.2,0.0
OI00144104,O0082145,P0158,2,67.18,0.25
OI00144150,O0082170,P0036,1,722.93,0.25
OI00144151,O0082170,P0005,1,1313.13,0.25
OI00144152,O0082170,P0114,3,29.98,0.0
OI00144176,O0082182,P0044,1,119.39,0.0
OI00144187,O0082189,P0161,1,65.64,0.0
OI00144188,O0082189,P0131,1,49.64,0.1
OI00144203,O0082197,P0082,1,377.08,0.0
OI00144241,O0082218,P0057,1,130.96,0.0
OI00144242,O0082218,P0096,1,85.49,0.0
OI00144261,O0082230,P0097,1,136.26,0.05
OI00144262,O0082230,P0039,1,528.92,0.25
OI00144263,O0082231,P0167,1,126.4,0.0
OI00144264,O0082231,P0068,1,139.16,0.0
OI00144277,O0082238,P0129,1,301.77,0.05
OI00144290,O0082248,P0060,1,137.8,0.0
OI00144295,O0082251,P0041,1,231.54,0.0
OI00144308,O0082259,P0116,1,68.39,0.15
OI00144323,O0082269,P0164,1,39.13,0.05
OI00144324,O0082269,P0052,1,40.64,0.15
OI00144325,O0082270,P0104,1,29.89,0.1
OI00144326,O0082270,P0177,1,23.23,0.25
OI00144330,O0082274,P0039,1,517.21,0.1
OI00144331,O0082274,P0073,1,96.93,0.0
OI00144344,O0082281,P0147,1,76.72,0.15
OI00144346,O0082283,P0026,1,1172.13,0.1
OI00144352,O0082288,P0180,1,51.8,0.1
OI00144355,O0082290,P0041,1,234.55,0.0
OI00144356,O0082290,P0098,2,310.46,0.05
OI00144368,O0082298,P0128,1,71.15,0.0
OI00144369,O0082298,P0059,2,50.07,0.25
OI00144374,O0082300,P0142,1,12.73,0.0
OI00144418,O0082325,P0134,1,132.54,0.1
OI00144419,O0082325,P0052,1,39.58,0.15
OI00144420,O0082325,P0123,1,49.83,0.0
OI00144431,O0082331,P0173,1,46.56,0.25
OI00144432,O0082331,P0049,1,334.31,0.25
OI00144433,O0082331,P0163,2,18.03,0.25
OI00144434,O0082331,P0113,1,101.4,0.0
OI00144441,O0082335,P0077,1,424.37,0.25
OI00144442,O0082335,P0169,1,190.04,0.0
OI00144443,O0082335,P0119,1,32.86,0.0
OI00144444,O0082336,P0008,2,1154.71,0.15
OI00144445,O0082336,P0034,1,539.13,0.05
OI00144464,O0082348,P0076,1,120.78,0.15
OI00144467,O0082351,P0158,1,65.6,0.0
OI00144476,O0082356,P0076,1,123.27,0.0
OI00144477,O0082357,P0029,1,512.13,0.25
OI00144500,O0082370,P0022,1,888.21,0.25
OI00144521,O0082383,P0066,1,271.49,0.25
OI00144522,O0082384,P0176,1,138.58,0.0
OI00144528,O0082388,P0105,1,130.52,0.15
OI00144538,O0082393,P0071,1,113.22,0.0
OI00144539,O0082393,P0107,3,155.91,0.25
OI00144559,O0082406,P0062,3,56.56,0.05
OI00144560,O0082406,P0060,1,134.28,0.15
OI00144576,O0082415,P0164,1,39.88,0.0
OI00144577,O0082416,P0027,1,901.37,0.1
OI00144578,O0082416,P0164,1,38.81,0.25
OI00144579,O0082416,P0116,1,69.67,0.05
OI00144612,O0082434,P0091,2,169.56,0.0
OI00144613,O0082434,P0018,1,1940.12,0.25
OI00144647,O0082450,P0019,1,401.64,0.25
OI00144649,O0082452,P0112,1,40.38,0.25
OI00144650,O0082452,P0098,2,328.46,0.0
OI00144661,O0082460,P0079,1,178.21,0.0
OI00144662,O0082460,P0040,1,1011.94,0.25
OI00144663,O0082460,P0070,1,55.39,0.0
OI00144677,O0082469,P0054,1,57.2,0.1
OI00144699,O0082482,P0050,1,90.13,0.0
OI00144726,O0082499,P0135,1,185.69,0.0
OI00144737,O0082505,P0169,1,189.39,0.25
OI00144756,O0082517,P0135,1,181.17,0.05
OI00144760,O0082520,P0064,1,128.96,0.0
OI00144761,O0082520,P0014,1,854.85,0.0
OI00144769,O0082526,P0148,1,14.96,0.05
OI00144772,O0082529,P0103,1,85.1,0.25
OI00144773,O0082529,P0035,1,1056.48,0.05
OI00144774,O0082529,P0180,2,51.2,0.0
OI00144775,O0082530,P0167,1,127.64,0.0
OI00144776,O0082530,P0126,1,184.27,0.25
OI00144777,O0082530,P0004,1,1012.2,0.25
OI00144781,O0082533,P0060,1,141.43,0.1
OI00144782,O0082533,P0051,2,55.46,0.1
OI00144783,O0082533,P0072,1,170.53,0.0
OI00144801,O0082545,P0171,1,37.08,0.25
OI00144802,O0082545,P0081,1,403.38,0.25
OI00144803,O0082545,P0112,1,39.36,0.25
OI00144821,O0082557,P0025,1,416.22,0.0
OI00144831,O0082563,P0163,1,18.47,0.25
OI00144832,O0082563,P0064,1,129.75,0.25
OI00144833,O0082563,P0180,1,52.67,0.0
OI00144864,O0082579,P0149,1,18.21,0.0
OI00144865,O0082579,P0060,1,134.91,0.0
OI00144866,O0082580,P0100,1,61.94,0.25
OI00144876,O0082587,P0143,1,112.18,0.15
OI00144877,O0082587,P0105,1,131.58,0.0
OI00144878,O0082587,P0074,1,264.72,0.1
OI00144903,O0082603,P0134,2,133.75,0.0
OI00144904,O0082603,P0107,1,156.84,0.25
OI00144906,O0082605,P0086,1,50.4,0.25
OI00144926,O0082617,P0024,1,496.13,0.0
OI00144939,O0082625,P0096,1,85.2,0.25
OI00144945,O0082628,P0053,1,366.66,0.25
OI00144956,O0082636,P0108,1,40.55,0.0
OI00144957,O0082637,P0039,1,525.36,0.0
OI00144958,O0082638,P0140,1,15.65,0.25
OI00144963,O0082641,P0088,1,302.01,0.05
OI00144964,O0082641,P0141,1,24.29,0.0
OI00144970,O0082645,P0091,1,174.51,0.25
OI00144971,O0082645,P0016,1,958.31,0.25
OI00144984,O0082654,P0021,2,647.83,0.1
OI00144985,O0082654,P0110,1,74.2,0.0
OI00144986,O0082654,P0013,1,1097.16,0.15
OI00144994,O0082658,P0159,1,179.52,0.0
OI00144995,O0082658,P0034,1,540.03,0.0
OI00144998,O0082661,P0060,1,138.86,0.25
OI00145003,O0082665,P0100,1,61.15,0.05
OI00145008,O0082668,P0112,1,40.5,0.0
OI00145009,O0082669,P0099,1,234.45,0.0
OI00145010,O0082669,P0150,1,11.61,0.0
OI00145011,O0082669,P0034,1,545.34,0.0
OI00145015,O0082671,P0143,2,109.03,0.0
OI00145020,O0082676,P0030,1,880.07,0.05
OI00145054,O0082697,P0024,1,481.26,0.25
OI00145055,O0082697,P0127,1,159.27,0.25
OI00145059,O0082700,P0173,1,44.01,0.0
OI00145060,O0082700,P0076,2,120.64,0.25
OI00145065,O0082703,P0139,1,24.71,0.0
OI00145066,O0082703,P0035,1,1049.93,0.0
OI00145071,O0082708,P0107,1,152.97,0.0
OI00145072,O0082708,P0150,1,11.52,0.25
OI00145088,O0082718,P0057,1,133.41,0.15
OI00145089,O0082718,P0044,1,126.0,0.0
OI00145098,O0082724,P0091,1,163.6,0.0
OI00145099,O0082725,P0098,1,322.41,0.0
OI00145100,O0082725,P0047,1,141.13,0.25
OI00145105,O0082728,P0062,1,56.24,0.25
OI00145106,O0082728,P0156,1,89.6,0.1
OI00145122,O0082739,P0113,1,97.59,0.0
OI00145123,O0082740,P0075,1,53.99,0.1
OI00145124,O0082740,P0032,1,903.22,0.05
OI00145138,O0082748,P0156,1,88.44,0.25
OI00145144,O0082752,P0098,1,316.14,0.0
OI00145145,O0082752,P0032,1,900.71,0.2
OI00145168,O0082766,P0050,1,90.22,0.0
OI00145169,O0082766,P0082,1,376.5,0.25
OI00145181,O0082775,P0069,1,96.49,0.0
OI00145182,O0082775,P0091,1,171.43,0.0
OI00145189,O0082781,P0072,1,165.52,0.0
OI00145190,O0082781,P0034,1,541.98,0.0
OI00145193,O0082784,P0095,1,282.0,0.25
OI00145194,O0082784,P0026,1,1170.03,0.25
OI00145197,O0082787,P0048,1,55.14,0.25
OI00145198,O0082787,P0149,1,18.15,0.05
OI00145199,O0082787,P0079,1,172.83,0.0
OI00145212,O0082793,P0067,1,277.06,0.0
OI00145213,O0082793,P0118,1,128.58,0.25
OI00145214,O0082793,P0093,1,85.24,0.0
OI00145216,O0082795,P0079,1,172.96,0.0
OI00145217,O0082795,P0151,1,20.36,0.05
OI00145238,O0082807,P0161,1,62.77,0.25
OI00145239,O0082807,P0081,1,413.33,0.25
OI00145243,O0082810,P0089,1,352.69,0.25
OI00145244,O0082810,P0175,1,11.98,0.05
OI00145248,O0082814,P0066,1,262.0,0.25
OI00145249,O0082814,P0050,1,95.09,0.0
OI00145268,O0082823,P0068,1,142.02,0.0
OI00145269,O0082823,P0090,1,197.97,0.0
OI00145270,O0082823,P0078,1,137.52,0.0
OI00145277,O0082827,P0146,3,50.98,0.25
OI00145278,O0082827,P0104,1,28.9,0.25
OI00145279,O0082827,P0065,1,316.36,0.25
OI00145285,O0082831,P0064,2,130.14,0.25
OI00145286,O0082831,P0022,1,860.08,0.0
OI00145287,O0082831,P0101,1,125.49,0.25
OI00145290,O0082833,P0017,1,1581.63,0.0
OI00145291,O0082833,P0120,1,336.99,0.0
OI00145292,O0082833,P0162,2,19.16,0.0
OI00145293,O0082833,P0105,2,131.99,0.0
OI00145319,O0082849,P0050,2,94.74,0.25
OI00145320,O0082849,P0042,1,116.7,0.1
OI00145322,O0082851,P0169,1,187.82,0.05
OI00145345,O0082863,P0141,2,22.63,0.0
OI00145346,O0082863,P0176,1,136.33,0.2
OI00145347,O0082863,P0032,2,883.77,0.05
OI00145403,O0082891,P0035,2,1085.97,0.0
OI00145404,O0082891,P0161,1,62.89,0.1
OI00145432,O0082906,P0174,1,18.72,0.1
OI00145441,O0082911,P0168,1,60.71,0.25
OI00145442,O0082911,P0151,1,20.12,0.0
OI00145443,O0082911,P0036,2,725.88,0.0
OI00145450,O0082916,P0021,1,669.87,0.25
OI00145451,O0082916,P0163,1,18.43,0.0
OI00145474,O0082928,P0075,1,53.91,0.05
OI00145475,O0082928,P0059,1,49.68,0.25
OI00145483,O0082934,P0130,1,29.92,0.0
OI00145514,O0082952,P0126,1,188.65,0.0
OI00145521,O0082957,P0002,1,946.87,0.25
OI00145522,O0082957,P0089,1,345.64,0.1
OI00145533,O0082963,P0081,1,415.57,0.25
OI00145534,O0082963,P0158,1,67.84,0.25
OI00145552,O0082975,P0002,1,950.12,0.25
OI00145572,O0082988,P0062,1,56.51,0.0
OI00145573,O0082988,P0073,1,97.43,0.05
OI00145574,O0082988,P0022,1,871.62,0.0
OI00145593,O0082999,P0003,2,1238.2,0.0
OI00145606,O0083007,P0073,1,97.78,0.0
OI00145607,O0083007,P0071,1,113.3,0.05
OI00145620,O0083016,P0078,1,134.26,0.15
OI00145624,O0083019,P0016,1,900.56,0.15
OI00145625,O0083019,P0058,1,150.93,0.0
OI00145640,O0083030,P0034,1,558.98,0.2
OI00145641,O0083030,P0128,1,70.09,0.0
OI00145642,O0083030,P0157,1,121.93,0.0
OI00145653,O0083036,P0078,1,135.71,0.05
OI00145654,O0083037,P0032,2,916.57,0.0
OI00145679,O0083051,P0010,1,867.99,0.05
OI00145684,O0083055,P0175,1,11.56,0.25
OI00145695,O0083061,P0159,1,179.51,0.2
OI00145696,O0083061,P0115,1,69.29,0.0
OI00145715,O0083071,P0001,1,1649.43,0.15
OI00145720,O0083074,P0132,1,29.05,0.0
OI00145722,O0083076,P0070,2,53.76,0.0
OI00145723,O0083076,P0006,1,2199.04,0.0
OI00145731,O0083081,P0044,1,118.65,0.05
OI00145774,O0083104,P0093,3,87.21,0.0
OI00145786,O0083113,P0072,1,169.01,0.0
OI00145795,O0083119,P0050,1,92.22,0.25
OI00145796,O0083119,P0044,1,125.47,0.25
OI00145807,O0083125,P0028,1,1225.61,0.0
OI00145813,O0083129,P0004,1,1009.94,0.25
OI00145814,O0083130,P0014,1,818.54,0.05
OI00145815,O0083130,P0034,1,547.47,0.15
OI00145816,O0083130,P0143,1,108.97,0.0
OI00145826,O0083136,P0137,1,25.3,0.0
OI00145827,O0083136,P0006,1,2162.1,0.25
OI00145833,O0083140,P0164,1,39.95,0.0
OI00145862,O0083159,P0085,1,503.38,0.25
OI00145908,O0083189,P0132,1,29.75,0.0
OI00145909,O0083189,P0136,1,83.77,0.15
OI00145910,O0083189,P0100,1,61.44,0.0
OI00145911,O0083189,P0171,1,37.67,0.25
OI00145915,O0083191,P0135,1,180.57,0.25
OI00145926,O0083196,P0138,1,34.46,0.0
OI00145953,O0083210,P0049,1,341.86,0.25
OI00145954,O0083210,P0013,1,1070.84,0.15
OI00145963,O0083216,P0035,1,1060.91,0.1
OI00145964,O0083216,P0043,1,294.53,0.0
OI00145994,O0083234,P0041,1,232.9,0.25
OI00146002,O0083241,P0161,1,63.23,0.25
OI00146003,O0083241,P0014,1,836.13,0.25
OI00146009,O0083246,P0135,1,184.15,0.25
OI00146010,O0083246,P0074,1,258.43,0.25
OI00146028,O0083257,P0080,1,233.4,0.05
OI00146029,O0083257,P0149,1,17.98,0.05
OI00146035,O0083263,P0162,1,19.22,0.25
OI00146036,O0083263,P0025,1,436.87,0.05
OI00146037,O0083264,P0097,1,141.11,0.25
OI00146052,O0083274,P0064,1,129.11,0.05
OI00146053,O0083274,P0052,1,38.71,0.2
OI00146054,O0083275,P0161,1,62.3,0.05
OI00146055,O0083275,P0167,1,125.22,0.0
OI00146078,O0083288,P0055,1,324.56,0.25
OI00146095,O0083297,P0073,2,96.19,0.25
OI00146096,O0083297,P0105,1,129.23,0.25
OI00146100,O0083299,P0041,1,227.34,0.25
OI00146101,O0083299,P0029,1,542.0,0.0
OI00146102,O0083299,P0050,1,96.09,0.25
OI00146103,O0083300,P0083,1,730.0,0.1
OI00146104,O0083300,P0135,1,186.3,0.1
OI00146113,O0083306,P0123,1,49.75,0.0
OI00146114,O0083306,P0016,1,933.42,0.05
OI00146115,O0083306,P0034,1,558.4,0.25
OI00146128,O0083313,P0098,1,319.24,0.0
OI00146135,O0083318,P0122,1,395.26,0.1
OI00146136,O0083318,P0042,1,117.8,0.1
OI00146139,O0083320,P0091,1,166.09,0.05
OI00146140,O0083320,P0098,1,309.47,0.0
OI00146171,O0083338,P0134,1,133.74,0.0
OI00146172,O0083339,P0137,1,26.67,0.25
OI00146173,O0083339,P0112,1,38.74,0.0
OI00146181,O0083345,P0044,1,126.24,0.25
OI00146190,O0083349,P0035,1,1053.14,0.25
OI00146191,O0083349,P0179,1,80.9,0.0
OI00146204,O0083355,P0019,1,402.99,0.0
OI00146205,O0083355,P0066,1,271.61,0.25
OI00146215,O0083362,P0172,1,21.51,0.0
OI00146230,O0083370,P0167,1,126.91,0.25
OI00146233,O0083373,P0150,1,11.21,0.0
OI00146234,O0083373,P0164,1,38.79,0.25
OI00146235,O0083373,P0114,1,29.19,0.05
OI00146236,O0083374,P0015,1,1408.55,0.25
OI00146237,O0083374,P0161,1,61.74,0.0
OI00146238,O0083375,P0174,2,18.54,0.1
OI00146239,O0083376,P0171,1,39.01,0.0
OI00146240,O0083376,P0091,1,172.04,0.05
OI00146245,O0083380,P0059,1,51.13,0.25
OI00146246,O0083380,P0134,2,131.47,0.25
OI00146255,O0083386,P0154,1,56.51,0.0
OI00146256,O0083386,P0012,1,1521.69,0.25
OI00146269,O0083394,P0070,1,53.45,0.0
OI00146270,O0083394,P0091,1,169.11,0.0
OI00146276,O0083398,P0120,1,334.41,0.0
OI00146278,O0083400,P0107,1,153.55,0.0
OI00146279,O0083400,P0143,1,113.38,0.15
OI00146280,O0083401,P0044,1,124.1,0.05
OI00146281,O0083401,P0130,1,30.32,0.2
OI00146291,O0083408,P0011,1,1049.95,0.0
OI00146292,O0083408,P0122,1,385.02,0.0
OI00146305,O0083418,P0158,1,68.71,0.0
OI00146325,O0083432,P0139,1,24.39,0.2
OI00146326,O0083432,P0144,1,13.7,0.0
OI00146327,O0083432,P0083,1,711.13,0.0
OI00146330,O0083434,P0075,1,52.56,0.0
OI00146386,O0083470,P0102,1,52.03,0.25
OI00146394,O0083476,P0114,2,28.95,0.0
OI00146395,O0083476,P0151,1,19.19,0.1
OI00146410,O0083482,P0042,3,117.41,0.25
OI00146411,O0083482,P0090,1,200.94,0.2
OI00146416,O0083485,P0092,1,200.43,0.25
OI00146417,O0083485,P0007,1,2021.85,0.0
OI00146419,O0083487,P0099,1,239.38,0.25
OI00146455,O0083509,P0050,1,93.83,0.0
OI00146456,O0083509,P0062,1,55.32,0.1
OI00146457,O0083510,P0087,1,482.03,0.1
OI00146458,O0083510,P0111,1,283.7,0.0
OI00146462,O0083513,P0046,1,328.5,0.0
OI00146481,O0083526,P0102,1,50.57,0.25
OI00146482,O0083526,P0020,2,557.28,0.05
OI00146483,O0083526,P0087,1,482.61,0.0
OI00146506,O0083540,P0109,1,168.27,0.0
OI00146507,O0083540,P0041,2,238.24,0.0
OI00146508,O0083540,P0105,2,134.57,0.25
OI00146521,O0083547,P0155,1,50.69,0.25
OI00146528,O0083553,P0132,1,28.75,0.1
OI00146529,O0083553,P0041,1,236.66,0.0
OI00146530,O0083553,P0178,1,11.54,0.05
OI00146555,O0083566,P0132,1,28.75,0.25
OI00146556,O0083566,P0101,1,123.51,0.15
OI00146568,O0083572,P0077,1,419.55,0.25
OI00146572,O0083575,P0133,1,9.97,0.0
OI00146578,O0083580,P0048,2,56.64,0.25
OI00146583,O0083584,P0114,1,30.33,0.25
OI00146584,O0083584,P0097,1,133.98,0.25
OI00146586,O0083586,P0165,1,39.39,0.0
OI00146587,O0083587,P0047,2,138.96,0.25
OI00146588,O0083587,P0169,2,180.76,0.15
OI00146590,O0083589,P0100,2,62.18,0.0
OI00146591,O0083589,P0093,1,82.83,0.15
OI00146592,O0083589,P0176,1,135.52,0.0
OI00146624,O0083608,P0150,1,11.05,0.25
OI00146625,O0083608,P0028,1,1219.78,0.0
OI00146676,O0083633,P0021,1,643.64,0.0
OI00146680,O0083636,P0156,1,89.64,0.0
OI00146681,O0083636,P0164,1,40.29,0.0
OI00146682,O0083636,P0053,2,348.74,0.0
OI00146683,O0083637,P0079,3,177.14,0.25
OI00146684,O0083637,P0077,1,419.17,0.0
OI00146687,O0083640,P0154,1,56.26,0.0
OI00146716,O0083656,P0036,1,706.85,0.0
OI00146749,O0083675,P0110,1,74.19,0.0
OI00146750,O0083675,P0101,1,128.56,0.1
OI00146751,O0083675,P0041,1,242.07,0.0
OI00146752,O0083675,P0063,1,60.13,0.1
OI00146756,O0083677,P0095,1,290.69,0.0
OI00146757,O0083677,P0038,1,492.08,0.25
OI00146758,O0083678,P0007,1,1946.4,0.25
OI00146759,O0083678,P0029,1,530.9,0.0
OI00146760,O0083678,P0017,1,1612.18,0.25
OI00146761,O0083678,P0085,1,496.1,0.0
OI00146780,O0083689,P0072,1,177.06,0.05
OI00146789,O0083694,P0120,1,337.27,0.25
OI00146792,O0083696,P0105,1,131.97,0.15
OI00146793,O0083696,P0137,1,26.4,0.0
OI00146794,O0083696,P0180,2,51.64,0.1
OI00146795,O0083696,P0008,1,1187.26,0.1
OI00146804,O0083700,P0081,1,419.83,0.25
OI00146815,O0083708,P0143,1,113.72,0.25
OI00146818,O0083711,P0137,1,26.1,0.05
OI00146819,O0083711,P0092,1,192.46,0.1
OI00146822,O0083714,P0132,2,29.21,0.25
OI00146823,O0083714,P0076,1,123.1,0.0
OI00146829,O0083718,P0171,1,37.25,0.25
OI00146830,O0083718,P0060,1,133.83,0.25
OI00146831,O0083718,P0173,3,45.03,0.1
OI00146863,O0083739,P0138,1,36.33,0.15
OI00146864,O0083739,P0147,1,78.4,0.0
OI00146865,O0083739,P0067,2,284.17,0.05
OI00146870,O0083743,P0015,1,1470.81,0.25
OI00146877,O0083748,P0085,1,488.01,0.1
OI00146883,O0083753,P0013,1,1069.2,0.25
OI00146884,O0083754,P0166,2,33.55,0.0
OI00146892,O0083760,P0154,1,57.91,0.0
OI00146895,O0083762,P0032,1,899.41,0.0
OI00146896,O0083763,P0123,1,49.75,0.0
OI00146897,O0083763,P0091,1,176.17,0.05
OI00146898,O0083763,P0158,1,69.7,0.05
OI00146911,O0083771,P0126,2,187.28,0.0
OI00146912,O0083771,P0055,1,330.41,0.25
OI00146913,O0083771,P0144,1,14.03,0.0
OI00146919,O0083774,P0139,1,24.59,0.0
OI00146921,O0083776,P0169,1,185.77,0.0
OI00146922,O0083776,P0050,1,90.85,0.25
OI00146965,O0083801,P0041,1,232.33,0.25
OI00146978,O0083808,P0057,2,132.2,0.0
OI00146979,O0083808,P0070,1,54.8,0.0
OI00146980,O0083808,P0088,2,302.85,0.0
OI00146994,O0083818,P0042,2,120.17,0.05
OI00146997,O0083821,P0068,2,146.12,0.2
OI00146998,O0083822,P0173,1,45.37,0.0
OI00146999,O0083822,P0089,1,359.03,0.25
OI00147000,O0083822,P0015,2,1393.01,0.1
OI00147020,O0083832,P0178,1,11.09,0.1
OI00147026,O0083835,P0169,1,192.3,0.0
OI00147027,O0083835,P0171,1,37.57,0.25
OI00147031,O0083839,P0096,1,88.61,0.0
OI00147032,O0083839,P0022,1,864.09,0.0
OI00147059,O0083853,P0025,1,436.55,0.15
OI00147060,O0083853,P0035,1,998.36,0.25
OI00147073,O0083859,P0145,1,164.67,0.0
OI00147082,O0083863,P0017,1,1688.62,0.1
OI00147090,O0083868,P0156,1,88.76,0.0
OI00147110,O0083878,P0140,1,15.32,0.0
OI00147136,O0083892,P0021,1,672.09,0.0
OI00147138,O0083894,P0062,1,56.32,0.0
OI00147170,O0083911,P0088,2,303.67,0.05
OI00147175,O0083913,P0026,1,1141.04,0.0
OI00147176,O0083913,P0155,1,49.6,0.0
OI00147190,O0083924,P0123,1,47.7,0.25
OI00147216,O0083937,P0137,1,25.86,0.25
OI00147231,O0083944,P0081,1,405.55,0.0
OI00147232,O0083944,P0001,1,1696.38,0.0
OI00147233,O0083944,P0093,1,83.93,0.0
OI00147238,O0083947,P0022,2,879.24,0.25
OI00147239,O0083947,P0127,1,165.72,0.15
OI00147242,O0083949,P0151,1,19.91,0.0
OI00147243,O0083949,P0075,1,53.84,0.15
OI00147248,O0083951,P0058,1,148.39,0.25
OI00147249,O0083951,P0028,3,1261.7,0.15
OI00147258,O0083956,P0079,1,178.11,0.0
OI00147267,O0083962,P0007,1,1994.94,0.05
OI00147284,O0083970,P0027,1,917.76,0.15
OI00147299,O0083981,P0118,1,125.21,0.05
OI00147304,O0083984,P0085,1,484.04,0.0
OI00147305,O0083984,P0059,2,49.17,0.0
OI00147306,O0083984,P0026,1,1173.33,0.0
OI00147307,O0083985,P0105,1,129.24,0.0
OI00147310,O0083987,P0008,1,1168.77,0.0
OI00147311,O0083987,P0042,1,118.72,0.0
OI00147321,O0083992,P0005,1,1383.4,0.0
OI00147322,O0083993,P0168,1,62.5,0.0
OI00147358,O0084014,P0161,1,65.82,0.0
OI00147361,O0084017,P0172,1,22.35,0.15
OI00147362,O0084017,P0068,1,146.48,0.0
OI00147373,O0084024,P0015,2,1415.58,0.05
OI00147374,O0084024,P0140,1,15.84,0.2
OI00147375,O0084024,P0108,1,41.33,0.0
OI00147382,O0084028,P0075,1,55.71,0.0
OI00147383,O0084028,P0010,1,901.79,0.0
OI00147391,O0084033,P0036,1,721.13,0.25
OI00147392,O0084033,P0151,1,19.4,0.0
OI00147418,O0084048,P0001,1,1688.94,0.05
OI00147422,O0084050,P0039,1,523.38,0.0
OI00147423,O0084050,P0028,1,1243.11,0.2
OI00147457,O0084068,P0022,1,865.51,0.1
OI00147458,O0084068,P0075,1,54.84,0.0
OI00147459,O0084068,P0066,1,273.5,0.25
OI00147460,O0084068,P0040,1,1013.96,0.25
OI00147461,O0084069,P0073,1,96.56,0.15
OI00147462,O0084069,P0011,1,1069.14,0.0
OI00147486,O0084082,P0168,1,61.73,0.0
OI00147487,O0084082,P0090,1,200.64,0.1
OI00147500,O0084089,P0094,1,72.5,0.2
OI00147501,O0084089,P0003,2,1177.14,0.25
OI00147506,O0084092,P0060,1,139.33,0.0
OI00147507,O0084092,P0173,1,44.94,0.05
OI00147508,O0084092,P0125,2,280.54,0.25
OI00147530,O0084102,P0053,1,349.65,0.25
OI00147531,O0084102,P0032,1,870.04,0.05
OI00147554,O0084115,P0089,1,360.87,0.05
OI00147579,O0084128,P0057,1,135.24,0.25
OI00147614,O0084148,P0025,1,419.09,0.25
OI00147615,O0084148,P0044,1,124.36,0.0
OI00147616,O0084148,P0137,1,26.07,0.0
OI00147617,O0084148,P0166,1,33.7,0.0
OI00147631,O0084158,P0164,1,39.69,0.0
OI00147632,O0084158,P0121,1,145.97,0.0
OI00147643,O0084164,P0009,1,1272.63,0.0
OI00147644,O0084164,P0162,1,19.84,0.2
OI00147651,O0084168,P0044,1,124.98,0.0
OI00147652,O0084168,P0047,1,136.73,0.1
OI00147654,O0084170,P0175,1,12.33,0.05
OI00147683,O0084188,P0064,1,129.42,0.05
OI00147693,O0084195,P0022,1,871.16,0.0
OI00147694,O0084195,P0088,1,290.22,0.05
OI00147699,O0084198,P0108,1,42.5,0.25
OI00147709,O0084204,P0155,1,48.41,0.0
OI00147710,O0084205,P0032,1,897.44,0.0
OI00147714,O0084208,P0010,1,871.57,0.0
OI00147720,O0084213,P0087,1,499.36,0.0
OI00147738,O0084223,P0057,2,129.34,0.0
OI00147749,O0084230,P0144,1,14.14,0.0
OI00147754,O0084234,P0158,1,67.66,0.0
OI00147765,O0084240,P0170,1,9.52,0.25
OI00147766,O0084240,P0063,1,58.59,0.05
OI00147777,O0084244,P0163,2,18.71,0.25
OI00147811,O0084263,P0082,1,398.8,0.25
OI00147815,O0084266,P0079,1,180.36,0.0
OI00147816,O0084266,P0161,1,63.43,0.0
OI00147832,O0084276,P0139,2,24.44,0.25
OI00147833,O0084276,P0016,1,950.8,0.0
OI00147834,O0084277,P0094,1,73.13,0.25
OI00147854,O0084287,P0030,1,858.56,0.0
OI00147855,O0084287,P0163,1,17.93,0.1
OI00147856,O0084287,P0079,1,178.22,0.25
OI00147860,O0084290,P0088,1,302.43,0.0
OI00147868,O0084295,P0027,1,940.83,0.1
OI00147869,O0084296,P0135,1,180.16,0.0
OI00147891,O0084308,P0177,1,22.6,0.0
OI00147892,O0084308,P0124,1,65.26,0.0
OI00147905,O0084317,P0008,1,1187.42,0.15
OI00147906,O0084317,P0092,2,196.31,0.0
OI00147940,O0084338,P0070,1,55.4,0.15
OI00147941,O0084338,P0025,1,430.53,0.05
OI00147942,O0084338,P0034,1,554.77,0.0
OI00147943,O0084338,P0003,1,1185.64,0.1
OI00147950,O0084343,P0080,1,240.44,0.0
OI00147951,O0084343,P0001,1,1724.75,0.2
OI00147999,O0084369,P0168,1,63.58,0.0
OI00148000,O0084369,P0160,1,24.15,0.05
OI00148001,O0084369,P0128,1,69.45,0.25
OI00148011,O0084374,P0085,1,499.0,0.0
OI00148012,O0084374,P0121,1,144.13,0.0
OI00148017,O0084379,P0145,1,162.9,0.25
OI00148018,O0084379,P0015,2,1437.03,0.25
OI00148019,O0084379,P0133,1,10.04,0.05
OI00148020,O0084379,P0005,1,1356.86,0.0
OI00148023,O0084381,P0124,2,64.75,0.0
OI00148042,O0084392,P0097,1,140.66,0.05
OI00148043,O0084392,P0027,1,915.81,0.0
OI00148048,O0084395,P0017,1,1626.27,0.25
OI00148055,O0084400,P0158,1,66.89,0.0
OI00148070,O0084410,P0094,1,72.02,0.1
OI00148073,O0084413,P0099,1,239.21,0.0
OI00148080,O0084416,P0032,1,906.66,0.0
OI00148081,O0084416,P0054,1,58.64,0.0
OI00148100,O0084427,P0153,1,43.71,0.25
OI00148103,O0084429,P0026,1,1132.04,0.0
OI00148108,O0084432,P0114,1,28.75,0.15
OI00148109,O0084432,P0008,2,1165.74,0.25
OI00148110,O0084432,P0173,1,46.25,0.0
OI00148111,O0084432,P0169,1,180.37,0.25
OI00148137,O0084448,P0104,1,29.19,0.0
OI00148138,O0084449,P0079,1,172.86,0.0
OI00148139,O0084449,P0103,1,84.99,0.25
OI00148140,O0084450,P0010,1,911.99,0.0
OI00148141,O0084450,P0098,1,327.58,0.0
OI00148146,O0084454,P0051,1,54.52,0.0
OI00148168,O0084469,P0151,1,19.73,0.25
OI00148169,O0084469,P0163,1,18.31,0.25
OI00148170,O0084470,P0127,1,162.59,0.05
OI00148181,O0084479,P0030,2,868.75,0.0
OI00148191,O0084486,P0119,1,32.83,0.0
OI00148192,O0084486,P0036,1,716.09,0.25
OI00148194,O0084488,P0046,1,327.98,0.1
OI00148195,O0084488,P0032,1,886.23,0.25
OI00148203,O0084493,P0133,1,9.94,0.05
OI00148222,O0084505,P0102,1,53.36,0.0
OI00148223,O0084505,P0138,1,34.86,0.25
OI00148240,O0084515,P0053,1,353.14,0.1
OI00148252,O0084521,P0124,2,65.4,0.15
OI00148253,O0084522,P0088,1,292.86,0.0
OI00148254,O0084522,P0073,1,95.55,0.0
OI00148266,O0084531,P0124,1,63.59,0.15
OI00148273,O0084534,P0175,2,11.76,0.0
OI00148274,O0084534,P0149,1,17.55,0.05
OI00148284,O0084541,P0069,1,95.34,0.0
OI00148285,O0084541,P0141,1,22.8,0.25
OI00148308,O0084556,P0178,1,11.05,0.0
OI00148313,O0084559,P0071,1,115.41,0.15
OI00148314,O0084559,P0149,1,17.43,0.05
OI00148315,O0084559,P0122,2,396.01,0.25
OI00148316,O0084559,P0050,2,90.4,0.0
OI00148330,O0084566,P0180,3,52.61,0.25
OI00148334,O0084570,P0115,1,67.89,0.25
OI00148352,O0084580,P0153,1,43.86,0.0
OI00148370,O0084590,P0178,1,11.27,0.0
OI00148371,O0084590,P0078,2,134.18,0.0
OI00148412,O0084615,P0134,1,135.07,0.05
OI00148427,O0084623,P0096,1,86.86,0.0
OI00148438,O0084630,P0164,2,38.72,0.0
OI00148439,O0084630,P0138,1,34.47,0.25
OI00148440,O0084630,P0122,1,380.98,0.1
OI00148445,O0084633,P0155,2,50.63,0.0
OI00148446,O0084633,P0145,1,160.49,0.05
OI00148451,O0084637,P0051,2,55.66,0.0
OI00148452,O0084637,P0098,1,319.72,0.25
OI00148453,O0084637,P0016,1,913.26,0.0
OI00148472,O0084647,P0041,1,236.69,0.15
OI00148480,O0084651,P0085,1,490.41,0.0
OI00148497,O0084660,P0074,1,251.21,0.2
OI00148498,O0084660,P0105,1,132.61,0.25
OI00148499,O0084660,P0160,1,24.26,0.0
OI00148512,O0084667,P0151,1,18.82,0.05
OI00148513,O0084667,P0046,1,331.22,0.1
OI00148514,O0084667,P0129,1,295.34,0.15
OI00148542,O0084684,P0015,1,1409.91,0.25
OI00148543,O0084685,P0032,1,877.53,0.25
OI00148544,O0084685,P0053,1,355.26,0.0
OI00148547,O0084687,P0006,1,2138.67,0.0
OI00148559,O0084694,P0087,2,492.74,0.25
OI00148570,O0084701,P0118,1,126.5,0.0
OI00148571,O0084701,P0069,1,97.03,0.0
OI00148575,O0084704,P0112,1,39.81,0.05
OI00148601,O0084722,P0075,1,55.19,0.05
OI00148602,O0084722,P0030,1,842.5,0.0
OI00148608,O0084726,P0156,1,84.38,0.0
OI00148609,O0084726,P0045,1,398.62,0.25
OI00148611,O0084728,P0093,1,85.62,0.1
OI00148623,O0084738,P0012,1,1503.35,0.0
OI00148661,O0084760,P0080,1,237.28,0.0
OI00148683,O0084771,P0059,1,50.91,0.0
OI00148694,O0084778,P0026,1,1176.95,0.0
OI00148728,O0084797,P0160,1,24.08,0.25
OI00148729,O0084797,P0097,1,141.64,0.0
OI00148730,O0084797,P0064,1,131.51,0.0
OI00148745,O0084806,P0109,1,167.12,0.25
OI00148751,O0084810,P0069,1,95.88,0.25
OI00148802,O0084839,P0130,1,30.24,0.1
OI00148808,O0084844,P0010,1,902.71,0.15
OI00148831,O0084856,P0146,2,51.59,0.0
OI00148838,O0084860,P0169,1,188.69,0.05
OI00148839,O0084860,P0161,1,64.57,0.25
OI00148844,O0084863,P0141,1,23.27,0.0
OI00148845,O0084863,P0033,1,1347.94,0.0
OI00148865,O0084873,P0111,1,290.46,0.25
OI00148866,O0084873,P0056,1,124.62,0.25
OI00148871,O0084876,P0162,1,19.58,0.0
OI00148872,O0084877,P0030,2,858.04,0.25
OI00148878,O0084880,P0161,1,62.13,0.0
OI00148880,O0084882,P0106,1,127.27,0.0
OI00148881,O0084882,P0023,1,976.94,0.25
OI00148882,O0084883,P0036,3,716.03,0.0
OI00148887,O0084887,P0010,1,880.69,0.0
OI00148893,O0084892,P0038,1,478.54,0.0
OI00148894,O0084892,P0124,1,66.11,0.05
OI00148895,O0084892,P0170,1,9.42,0.0
OI00148936,O0084914,P0136,1,84.48,0.25
OI00148937,O0084914,P0042,1,116.69,0.25
OI00148938,O0084914,P0122,1,384.5,0.25
OI00148962,O0084928,P0159,1,172.52,0.2
OI00148963,O0084928,P0016,1,944.15,0.0
OI00148964,O0084928,P0117,1,29.75,0.0
OI00148965,O0084929,P0034,2,554.46,0.25
OI00148969,O0084931,P0158,1,68.13,0.0
OI00148971,O0084933,P0039,1,526.51,0.0
OI00148972,O0084934,P0035,2,1077.68,0.0
OI00148992,O0084948,P0144,1,13.69,0.0
OI00148997,O0084952,P0017,1,1644.43,0.0
OI00148998,O0084952,P0067,1,285.84,0.15
OI00148999,O0084952,P0059,2,48.95,0.15
OI00149000,O0084952,P0104,1,30.16,0.0
OI00149012,O0084959,P0085,1,493.69,0.25
OI00149013,O0084959,P0098,1,319.21,0.0
OI00149015,O0084961,P0018,1,1974.16,0.0
OI00149017,O0084963,P0034,1,548.73,0.0
OI00149018,O0084963,P0148,1,15.12,0.0
OI00149019,O0084963,P0005,1,1360.29,0.25
OI00149023,O0084965,P0023,1,1008.61,0.0
OI00149024,O0084965,P0117,1,30.46,0.0
OI00149025,O0084965,P0057,3,132.89,0.25
OI00149034,O0084970,P0099,1,239.34,0.0
OI00149040,O0084974,P0010,1,899.93,0.15
OI00149042,O0084976,P0050,1,93.42,0.25
OI00149043,O0084976,P0068,1,144.96,0.15
OI00149044,O0084976,P0136,1,87.66,0.0
OI00149092,O0085005,P0082,1,381.46,0.1
OI00149093,O0085005,P0053,1,362.6,0.0
OI00149098,O0085009,P0150,1,11.6,0.0
OI00149099,O0085009,P0160,1,23.52,0.25
OI00149124,O0085023,P0167,1,125.05,0.0
OI00149125,O0085023,P0180,1,53.49,0.15
OI00149138,O0085032,P0078,1,135.71,0.0
OI00149155,O0085046,P0091,1,164.32,0.25
OI00149156,O0085046,P0127,2,158.81,0.25
OI00149157,O0085046,P0004,1,1030.2,0.0
OI00149158,O0085047,P0009,1,1271.5,0.05
OI00149159,O0085047,P0123,1,48.9,0.0
OI00149160,O0085047,P0153,1,43.93,0.25
OI00149161,O0085047,P0010,1,844.52,0.25
OI00149162,O0085048,P0082,1,378.48,0.1
OI00149163,O0085048,P0130,1,30.14,0.15
OI00149164,O0085048,P0024,1,506.37,0.1
OI00149165,O0085048,P0175,2,11.85,0.0
OI00149166,O0085049,P0047,1,138.88,0.25
OI00149177,O0085057,P0127,1,160.52,0.0
OI00149178,O0085057,P0088,2,303.59,0.05
OI00149182,O0085060,P0154,1,56.0,0.0
OI00149203,O0085071,P0077,1,407.73,0.15
OI00149206,O0085073,P0083,1,731.66,0.15
OI00149207,O0085073,P0041,1,233.3,0.0
OI00149220,O0085081,P0116,1,70.05,0.1
OI00149221,O0085081,P0094,1,71.95,0.0
OI00149222,O0085081,P0001,1,1758.39,0.25
OI00149230,O0085086,P0058,1,150.95,0.0
OI00149231,O0085086,P0166,1,33.04,0.25
OI00149232,O0085086,P0086,1,50.24,0.25
OI00149253,O0085096,P0053,1,349.46,0.0
OI00149254,O0085096,P0014,1,808.31,0.25
OI00149255,O0085097,P0081,1,400.79,0.25
OI00149261,O0085101,P0116,1,70.37,0.0
OI00149262,O0085102,P0054,1,56.23,0.0
OI00149264,O0085104,P0084,1,631.56,0.15
OI00149265,O0085104,P0059,1,51.24,0.0
OI00149266,O0085104,P0132,1,28.76,0.1
OI00149275,O0085110,P0151,2,18.87,0.25
OI00149293,O0085119,P0170,1,9.36,0.15
OI00149316,O0085132,P0176,1,140.09,0.0
OI00149317,O0085132,P0053,1,361.0,0.1
OI00149318,O0085132,P0160,1,24.76,0.05
OI00149319,O0085132,P0051,1,55.6,0.25
OI00149333,O0085140,P0125,1,287.32,0.0
OI00149345,O0085147,P0177,1,22.61,0.0
OI00149365,O0085158,P0144,1,13.72,0.0
OI00149366,O0085159,P0010,1,878.06,0.25
OI00149367,O0085159,P0082,2,386.17,0.0
OI00149370,O0085161,P0118,1,130.27,0.25
OI00149378,O0085166,P0079,1,170.0,0.0
OI00149380,O0085168,P0035,1,1075.75,0.25
OI00149387,O0085174,P0130,1,30.57,0.25
OI00149395,O0085179,P0045,1,413.29,0.0
OI00149396,O0085179,P0053,1,356.59,0.25
OI00149397,O0085180,P0020,1,527.88,0.05
OI00149405,O0085185,P0106,1,126.01,0.0
OI00149406,O0085185,P0135,1,186.74,0.0
OI00149407,O0085185,P0086,1,51.71,0.0
OI00149415,O0085190,P0128,1,73.5,0.15
OI00149416,O0085191,P0169,2,184.04,0.0
OI00149417,O0085191,P0135,1,175.21,0.0
OI00149426,O0085196,P0002,1,943.36,0.0
OI00149445,O0085209,P0104,1,29.83,0.05
OI00149448,O0085211,P0002,1,933.83,0.0
OI00149449,O0085211,P0010,2,893.22,0.0
OI00149451,O0085213,P0058,1,147.21,0.25
OI00149452,O0085213,P0034,1,522.4,0.05
OI00149469,O0085222,P0130,1,29.81,0.0
OI00149474,O0085226,P0163,2,18.16,0.25
OI00149475,O0085226,P0001,1,1733.61,0.2
OI00149476,O0085227,P0113,1,101.25,0.0
OI00149477,O0085228,P0080,1,238.48,0.25
OI00149481,O0085230,P0155,1,51.96,0.05
OI00149486,O0085234,P0056,1,128.52,0.0
OI00149487,O0085234,P0169,1,185.42,0.25
OI00149510,O0085246,P0143,1,110.37,0.0
OI00149511,O0085246,P0071,1,113.19,0.25
OI00149536,O0085260,P0105,1,129.75,0.25
OI00149571,O0085278,P0008,1,1154.07,0.05
OI00149572,O0085278,P0041,1,236.13,0.25
OI00149573,O0085278,P0093,1,82.08,0.15
OI00149578,O0085282,P0068,1,142.21,0.25
OI00149590,O0085287,P0162,1,18.9,0.0
OI00149591,O0085287,P0039,1,534.43,0.0
OI00149602,O0085297,P0140,2,16.08,0.2
OI00149603,O0085297,P0109,1,162.83,0.25
OI00149604,O0085297,P0029,1,526.85,0.0
OI00149641,O0085317,P0094,1,71.93,0.05
OI00149642,O0085317,P0065,1,323.69,0.05
OI00149643,O0085318,P0150,1,11.38,0.0
OI00149645,O0085320,P0103,1,84.37,0.0
OI00149669,O0085335,P0053,1,348.37,0.25
OI00149673,O0085338,P0003,1,1224.29,0.25
OI00149722,O0085363,P0151,1,19.41,0.2
OI00149723,O0085363,P0122,1,382.32,0.05
OI00149724,O0085363,P0008,1,1143.99,0.0
OI00149727,O0085366,P0055,1,333.96,0.05
OI00149728,O0085366,P0054,1,57.18,0.25
OI00149729,O0085366,P0152,1,15.41,0.0
OI00149730,O0085367,P0148,1,14.94,0.25
OI00149731,O0085367,P0070,1,53.51,0.0
OI00149732,O0085367,P0060,1,135.83,0.2
OI00149733,O0085368,P0060,1,134.32,0.0
OI00149744,O0085376,P0150,1,11.52,0.0
OI00149745,O0085376,P0103,2,85.89,0.0
OI00149746,O0085376,P0164,2,39.25,0.0
OI00149747,O0085376,P0153,1,44.64,0.25
OI00149775,O0085389,P0149,1,18.29,0.1
OI00149776,O0085389,P0043,1,292.8,0.0
OI00149777,O0085389,P0064,1,133.82,0.0
OI00149778,O0085389,P0130,1,30.84,0.25
OI00149789,O0085396,P0022,1,864.52,0.0
OI00149801,O0085406,P0080,1,240.05,0.25
OI00149802,O0085406,P0165,1,39.23,0.15
OI00149803,O0085406,P0001,1,1764.01,0.0
OI00149820,O0085417,P0101,1,130.35,0.25
OI00149834,O0085426,P0135,1,179.64,0.0
OI00149835,O0085426,P0021,1,639.66,0.1
OI00149849,O0085435,P0055,2,335.12,0.25
OI00149860,O0085443,P0140,1,15.78,0.0
OI00149861,O0085443,P0144,1,13.82,0.25
OI00149862,O0085443,P0059,1,49.4,0.0
OI00149863,O0085443,P0102,1,51.64,0.0
OI00149864,O0085444,P0129,1,292.41,0.0
OI00149865,O0085444,P0015,1,1436.54,0.0
OI00149868,O0085447,P0134,2,132.44,0.0
OI00149874,O0085450,P0115,1,69.26,0.0
OI00149875,O0085450,P0164,1,39.02,0.0
OI00149883,O0085454,P0174,3,18.96,0.2
OI00149884,O0085454,P0121,1,144.05,0.25
OI00149914,O0085469,P0168,1,62.32,0.25
OI00149915,O0085470,P0018,1,1973.64,0.0
OI00149916,O0085470,P0132,1,29.09,0.05
OI00149923,O0085475,P0020,1,544.86,0.15
OI00149953,O0085491,P0165,1,39.83,0.05
OI00149954,O0085491,P0134,1,135.32,0.25
OI00149955,O0085491,P0170,1,9.41,0.0
OI00149956,O0085491,P0064,1,129.43,0.0
OI00149963,O0085496,P0010,1,894.16,0.0
OI00149970,O0085500,P0167,1,125.19,0.0
OI00149986,O0085509,P0079,1,171.32,0.25
OI00149987,O0085509,P0175,2,11.55,0.0
OI00149989,O0085511,P0163,1,18.45,0.0
OI00150004,O0085520,P0177,1,23.21,0.15
OI00150005,O0085520,P0143,1,111.86,0.1
OI00150016,O0085528,P0032,1,885.16,0.05
OI00150017,O0085528,P0103,1,81.58,0.0
OI00150045,O0085543,P0164,1,39.37,0.0
OI00150046,O0085543,P0009,1,1289.55,0.0
OI00150047,O0085544,P0097,1,140.07,0.15
OI00150059,O0085553,P0067,1,281.43,0.0
OI00150060,O0085553,P0020,1,558.78,0.0
OI00150064,O0085555,P0097,1,146.27,0.0
OI00150065,O0085555,P0005,1,1345.22,0.1
OI00150078,O0085564,P0041,1,232.53,0.0
OI00150079,O0085564,P0087,1,485.85,0.05
OI00150083,O0085568,P0029,1,540.88,0.25
OI00150143,O0085599,P0104,1,30.5,0.25
OI00150155,O0085608,P0157,1,121.0,0.0
OI00150156,O0085609,P0049,1,348.23,0.25
OI00150162,O0085613,P0122,2,384.96,0.05
OI00150165,O0085615,P0153,1,44.41,0.25
OI00150186,O0085627,P0074,1,251.34,0.0
OI00150187,O0085627,P0114,1,29.05,0.1
OI00150196,O0085632,P0076,1,121.32,0.25
OI00150197,O0085632,P0023,1,978.47,0.0
OI00150198,O0085632,P0075,1,53.88,0.0
OI00150229,O0085650,P0059,1,51.77,0.0
OI00150234,O0085653,P0125,1,294.14,0.0
OI00150235,O0085653,P0157,1,123.16,0.0
OI00150236,O0085653,P0113,2,103.63,0.25
OI00150237,O0085653,P0133,1,10.38,0.25
OI00150238,O0085654,P0164,1,38.77,0.25
OI00150245,O0085658,P0041,2,239.36,0.1
OI00150246,O0085658,P0034,1,542.46,0.25
OI00150261,O0085668,P0157,1,118.11,0.0
OI00150262,O0085668,P0042,1,119.32,0.1
OI00150263,O0085669,P0143,1,113.62,0.25
OI00150271,O0085674,P0094,1,71.93,0.0
OI00150290,O0085683,P0054,1,56.52,0.25
OI00150291,O0085683,P0074,1,255.83,0.25
OI00150292,O0085683,P0068,1,144.38,0.25
OI00150334,O0085703,P0099,2,232.66,0.0
OI00150335,O0085704,P0052,1,39.7,0.0
OI00150346,O0085711,P0057,1,135.83,0.25
OI00150375,O0085728,P0018,1,1896.19,0.0
OI00150383,O0085735,P0017,1,1634.66,0.25
OI00150384,O0085735,P0093,1,83.82,0.0
OI00150426,O0085755,P0098,1,321.37,0.05
OI00150430,O0085758,P0016,2,952.6,0.0
OI00150446,O0085766,P0108,1,42.5,0.05
OI00150471,O0085781,P0136,1,85.73,0.0
OI00150472,O0085781,P0071,1,114.33,0.0
OI00150475,O0085783,P0169,2,179.7,0.25
OI00150476,O0085783,P0171,1,38.59,0.05
OI00150477,O0085783,P0052,1,38.36,0.0
OI00150483,O0085787,P0152,1,14.85,0.0
OI00150484,O0085787,P0155,1,50.12,0.25
OI00150485,O0085787,P0177,1,23.07,0.25
OI00150494,O0085794,P0145,1,163.34,0.0
OI00150495,O0085794,P0151,1,19.64,0.0
OI00150496,O0085794,P0112,1,40.26,0.2
OI00150516,O0085806,P0066,1,264.14,0.0
OI00150517,O0085806,P0036,1,733.58,0.0
OI00150518,O0085806,P0047,1,136.54,0.05
OI00150533,O0085814,P0027,1,902.18,0.0
OI00150534,O0085814,P0053,1,349.76,0.0
OI00150535,O0085814,P0141,1,23.58,0.0
OI00150542,O0085819,P0161,1,61.27,0.1
OI00150544,O0085821,P0158,1,66.82,0.0
OI00150545,O0085821,P0001,1,1740.18,0.25
OI00150546,O0085821,P0109,2,173.09,0.25
OI00150570,O0085833,P0176,1,136.75,0.25
OI00150571,O0085833,P0077,1,415.73,0.15
OI00150572,O0085833,P0155,1,49.33,0.0
OI00150573,O0085833,P0069,1,99.7,0.25
OI00150584,O0085841,P0152,1,14.94,0.0
OI00150593,O0085845,P0025,1,426.83,0.05
OI00150604,O0085850,P0133,1,10.27,0.0
OI00150605,O0085850,P0126,1,185.17,0.25
OI00150620,O0085859,P0064,1,133.58,0.15
OI00150621,O0085859,P0161,1,61.31,0.15
OI00150625,O0085862,P0038,1,487.3,0.0
OI00150626,O0085862,P0110,1,72.66,0.0
OI00150627,O0085862,P0122,1,372.46,0.25
OI00150628,O0085863,P0101,1,127.88,0.0
OI00150632,O0085866,P0105,1,132.35,0.05
OI00150633,O0085866,P0134,1,132.46,0.25
OI00150634,O0085866,P0094,1,70.38,0.25
OI00150641,O0085871,P0056,1,127.34,0.0
OI00150642,O0085871,P0047,1,134.75,0.05
OI00150643,O0085871,P0034,2,542.85,0.25
OI00150659,O0085883,P0045,1,407.0,0.25
OI00150667,O0085889,P0162,1,19.6,0.0
OI00150669,O0085891,P0052,1,40.71,0.1
OI00150733,O0085925,P0158,1,66.37,0.05
OI00150734,O0085925,P0170,1,9.22,0.25
OI00150735,O0085925,P0099,3,235.77,0.1
OI00150736,O0085926,P0051,1,52.95,0.25
OI00150737,O0085927,P0114,1,29.45,0.1
OI00150754,O0085936,P0092,2,203.43,0.0
OI00150755,O0085936,P0151,1,18.98,0.1
OI00150756,O0085937,P0025,1,435.84,0.0
OI00150757,O0085937,P0129,1,286.13,0.25
OI00150772,O0085945,P0056,1,129.56,0.05
OI00150773,O0085945,P0163,1,17.88,0.05
OI00150774,O0085945,P0162,1,20.1,0.0
OI00150780,O0085950,P0164,1,38.86,0.25
OI00150807,O0085965,P0113,1,96.71,0.25
OI00150808,O0085965,P0125,1,295.56,0.05
OI00150809,O0085966,P0055,1,328.69,0.25
OI00150816,O0085970,P0066,1,271.03,0.0
OI00150830,O0085977,P0060,1,137.72,0.1
OI00150839,O0085984,P0083,2,713.69,0.15
OI00150867,O0086000,P0076,1,123.72,0.25
OI00150868,O0086000,P0069,1,96.89,0.0
OI00150869,O0086000,P0028,1,1237.8,0.0
OI00150908,O0086022,P0110,1,72.81,0.0
OI00150909,O0086022,P0095,1,283.47,0.0
OI00150912,O0086024,P0053,1,351.21,0.0
OI00150913,O0086024,P0129,1,304.43,0.0
OI00150930,O0086033,P0145,1,157.87,0.0
OI00150931,O0086033,P0123,1,49.53,0.1
OI00150932,O0086033,P0070,1,54.93,0.25
OI00150933,O0086034,P0137,1,25.78,0.1
OI00150934,O0086034,P0075,2,53.73,0.1
OI00150935,O0086034,P0146,1,52.2,0.0
OI00150959,O0086049,P0082,1,385.66,0.0
OI00150983,O0086065,P0001,1,1659.0,0.0
OI00151011,O0086084,P0102,1,50.28,0.0
OI00151012,O0086084,P0039,1,509.98,0.25
OI00151013,O0086084,P0128,1,70.35,0.0
OI00151014,O0086084,P0069,1,97.08,0.15
OI00151015,O0086085,P0118,1,129.49,0.15
OI00151016,O0086085,P0108,1,41.19,0.0
OI00151018,O0086087,P0022,1,879.75,0.05
OI00151037,O0086097,P0172,2,22.1,0.25
OI00151038,O0086097,P0178,1,11.26,0.0
OI00151043,O0086100,P0122,1,394.91,0.1
OI00151044,O0086100,P0094,2,73.92,0.0
OI00151051,O0086104,P0129,1,300.45,0.05
OI00151068,O0086113,P0115,1,67.4,0.0
OI00151090,O0086125,P0141,1,24.3,0.0
OI00151114,O0086138,P0128,1,70.22,0.25
OI00151120,O0086142,P0095,1,286.03,0.25
OI00151121,O0086142,P0013,1,1053.52,0.25
OI00151136,O0086150,P0010,1,862.23,0.25
OI00151139,O0086153,P0160,1,24.55,0.1
OI00151147,O0086158,P0131,1,49.99,0.15
OI00151162,O0086168,P0055,1,334.11,0.0
OI00151163,O0086168,P0089,1,362.2,0.1
OI00151225,O0086201,P0168,1,62.15,0.25
OI00151232,O0086205,P0103,1,83.53,0.1
OI00151233,O0086205,P0084,1,629.11,0.25
OI00151249,O0086215,P0126,2,188.82,0.2
OI00151250,O0086215,P0091,1,169.18,0.25
OI00151252,O0086217,P0069,1,99.62,0.0
OI00151258,O0086222,P0077,1,412.2,0.05
OI00151282,O0086238,P0171,1,38.11,0.0
OI00151299,O0086245,P0018,1,1921.85,0.1
OI00151300,O0086245,P0089,1,341.64,0.25
OI00151301,O0086245,P0030,1,841.62,0.05
OI00151302,O0086245,P0051,3,54.63,0.0
OI00151320,O0086257,P0117,1,30.17,0.1
OI00151338,O0086268,P0131,2,50.19,0.0
OI00151346,O0086275,P0121,1,141.83,0.25
OI00151396,O0086304,P0175,2,12.01,0.0
OI00151407,O0086309,P0028,1,1191.39,0.25
OI00151432,O0086323,P0170,1,9.77,0.0
OI00151437,O0086327,P0075,1,53.52,0.25
OI00151438,O0086327,P0140,1,15.26,0.25
OI00151439,O0086327,P0135,2,189.89,0.1
OI00151442,O0086329,P0078,2,134.03,0.05
OI00151451,O0086337,P0106,1,129.69,0.0
OI00151474,O0086352,P0160,1,24.23,0.25
OI00151475,O0086353,P0058,1,149.16,0.0
OI00151476,O0086353,P0143,1,108.54,0.25
OI00151477,O0086353,P0097,1,141.74,0.0
OI00151480,O0086356,P0097,1,140.49,0.15
OI00151499,O0086370,P0164,1,39.12,0.0
OI00151511,O0086377,P0136,1,84.69,0.0
OI00151518,O0086381,P0143,1,109.78,0.0
OI00151545,O0086397,P0056,2,122.53,0.0
OI00151547,O0086399,P0107,2,155.46,0.1
OI00151548,O0086399,P0079,1,174.89,0.15
OI00151549,O0086399,P0075,1,55.99,0.25
OI00151564,O0086409,P0045,1,418.7,0.25
OI00151565,O0086409,P0128,1,70.67,0.0
OI00151568,O0086412,P0014,1,796.45,0.0
OI00151580,O0086418,P0069,1,96.59,0.0
OI00151581,O0086418,P0039,1,516.11,0.25
OI00151582,O0086418,P0012,1,1537.1,0.1
OI00151593,O0086424,P0105,1,130.75,0.0
OI00151594,O0086424,P0151,1,19.51,0.25
OI00151595,O0086424,P0158,2,66.0,0.0
OI00151596,O0086424,P0065,2,319.07,0.15
OI00151619,O0086438,P0165,1,40.69,0.05
OI00151620,O0086438,P0051,1,57.64,0.25
OI00151635,O0086447,P0012,1,1519.67,0.25
OI00151636,O0086447,P0092,1,194.7,0.25
OI00151643,O0086451,P0159,1,174.33,0.25
OI00151644,O0086451,P0115,1,65.28,0.0
OI00151658,O0086460,P0071,2,118.54,0.0
OI00151662,O0086463,P0170,2,9.44,0.0
OI00151663,O0086463,P0088,1,302.7,0.25
OI00151664,O0086463,P0171,3,38.0,0.25
OI00151665,O0086464,P0106,2,125.42,0.0
OI00151674,O0086470,P0138,1,35.17,0.0
OI00151675,O0086470,P0043,1,288.35,0.0
OI00151676,O0086470,P0137,1,26.32,0.2
OI00151682,O0086474,P0038,1,483.76,0.0
OI00151683,O0086474,P0080,1,238.5,0.0
OI00151684,O0086474,P0140,1,15.27,0.0
OI00151690,O0086479,P0171,1,37.09,0.2
OI00151691,O0086479,P0055,2,329.59,0.15
OI00151692,O0086480,P0161,1,62.17,0.25
OI00151693,O0086480,P0150,2,11.25,0.25
OI00151724,O0086499,P0093,1,82.51,0.25
OI00151725,O0086499,P0155,1,49.46,0.15
OI00151728,O0086501,P0112,2,39.21,0.1
OI00151729,O0086501,P0130,1,30.04,0.0
OI00151735,O0086504,P0003,1,1223.87,0.0
OI00151736,O0086504,P0041,1,237.85,0.0
OI00151737,O0086504,P0177,1,23.97,0.15
OI00151738,O0086504,P0098,1,312.2,0.25
OI00151745,O0086508,P0174,1,18.17,0.1
OI00151746,O0086508,P0026,1,1173.21,0.25
OI00151749,O0086510,P0092,1,197.73,0.15
OI00151750,O0086510,P0079,1,169.07,0.25
OI00151771,O0086523,P0115,1,68.31,0.0
OI00151799,O0086539,P0051,2,55.13,0.05
OI00151800,O0086539,P0155,1,47.46,0.0
OI00151813,O0086545,P0088,1,298.93,0.25
OI00151845,O0086564,P0027,1,914.22,0.1
OI00151846,O0086564,P0140,1,15.36,0.25
OI00151857,O0086571,P0053,1,363.82,0.25
OI00151858,O0086571,P0180,1,52.42,0.0
OI00151863,O0086575,P0154,1,55.71,0.0
OI00151868,O0086579,P0147,1,77.58,0.25
OI00151869,O0086579,P0120,1,329.46,0.25
OI00151878,O0086584,P0137,2,26.26,0.25
OI00151907,O0086603,P0159,1,186.6,0.0
OI00151918,O0086609,P0158,1,66.9,0.15
OI00151919,O0086609,P0055,1,324.42,0.25
OI00151931,O0086616,P0003,1,1215.32,0.25
OI00151932,O0086616,P0043,1,296.63,0.25
OI00151933,O0086616,P0005,1,1366.74,0.0
OI00151934,O0086616,P0077,1,414.56,0.0
OI00151936,O0086618,P0143,1,114.09,0.2
OI00151937,O0086618,P0047,2,137.72,0.2
OI00151938,O0086618,P0072,2,179.21,0.0
OI00151939,O0086618,P0083,1,710.82,0.25
OI00151973,O0086638,P0070,1,53.16,0.0
OI00151979,O0086641,P0171,1,38.12,0.1
OI00151987,O0086645,P0063,1,60.15,0.15
OI00152004,O0086654,P0023,1,977.89,0.0
OI00152005,O0086654,P0109,1,173.94,0.05
OI00152006,O0086654,P0095,1,280.63,0.15
OI00152007,O0086654,P0140,1,15.54,0.1
OI00152022,O0086663,P0128,1,72.15,0.05
OI00152023,O0086664,P0096,1,87.2,0.1
OI00152046,O0086677,P0037,2,546.06,0.2
OI00152054,O0086683,P0109,1,170.04,0.25
OI00152071,O0086694,P0015,1,1459.96,0.1
OI00152078,O0086698,P0035,1,1060.43,0.0
OI00152079,O0086698,P0069,1,96.82,0.05
OI00152081,O0086700,P0110,1,72.89,0.0
OI00152087,O0086704,P0053,1,356.49,0.0
OI00152088,O0086704,P0033,1,1352.97,0.25
OI00152095,O0086708,P0159,1,185.42,0.25
OI00152112,O0086718,P0011,1,1068.6,0.1
OI00152118,O0086722,P0159,1,178.5,0.0
OI00152119,O0086722,P0107,1,159.7,0.05
OI00152131,O0086729,P0176,1,135.04,0.0
OI00152132,O0086729,P0171,1,37.78,0.25
OI00152136,O0086731,P0081,1,398.73,0.0
OI00152137,O0086731,P0165,1,40.86,0.0
OI00152138,O0086731,P0161,1,61.49,0.25
OI00152141,O0086733,P0098,1,325.25,0.2
OI00152142,O0086733,P0131,1,48.87,0.0
OI00152150,O0086738,P0118,1,128.17,0.0
OI00152151,O0086738,P0132,1,29.16,0.0
OI00152152,O0086738,P0049,1,340.32,0.25
OI00152181,O0086754,P0119,1,33.01,0.25
OI00152185,O0086757,P0153,1,43.48,0.0
OI00152186,O0086757,P0148,1,15.34,0.0
OI00152196,O0086762,P0106,1,127.72,0.25
OI00152197,O0086763,P0163,1,18.52,0.25
OI00152209,O0086772,P0062,2,59.46,0.25
OI00152237,O0086790,P0167,1,125.03,0.1
OI00152253,O0086798,P0107,1,154.97,0.0
OI00152256,O0086801,P0006,3,2120.44,0.2
OI00152267,O0086807,P0060,1,134.87,0.0
OI00152273,O0086812,P0073,1,93.51,0.0
OI00152274,O0086812,P0077,1,409.22,0.05
OI00152275,O0086812,P0069,1,97.35,0.1
OI00152280,O0086815,P0041,1,235.95,0.0
OI00152289,O0086820,P0022,2,870.28,0.25
OI00152290,O0086820,P0038,1,488.26,0.0
OI00152296,O0086825,P0115,1,66.5,0.25
OI00152297,O0086825,P0094,1,73.7,0.0
OI00152301,O0086827,P0102,1,52.79,0.15
OI00152302,O0086827,P0111,1,284.04,0.25
OI00152322,O0086838,P0089,1,358.58,0.15
OI00152323,O0086838,P0032,1,882.41,0.2
OI00152324,O0086838,P0047,1,138.84,0.0
OI00152332,O0086844,P0026,1,1136.92,0.15
OI00152337,O0086849,P0107,1,153.89,0.0
OI00152349,O0086854,P0062,1,57.73,0.1
OI00152350,O0086854,P0175,1,11.87,0.25
OI00152353,O0086856,P0138,1,34.39,0.25
OI00152354,O0086856,P0006,3,2159.32,0.0
OI00152355,O0086856,P0100,1,64.15,0.25
OI00152363,O0086860,P0174,1,18.21,0.05
OI00152364,O0086860,P0100,1,64.2,0.1
OI00152365,O0086860,P0062,1,56.0,0.0
OI00152377,O0086867,P0026,2,1148.88,0.0
OI00152378,O0086867,P0111,2,286.84,0.0
OI00152381,O0086869,P0069,1,97.8,0.0
OI00152406,O0086882,P0063,1,58.85,0.15
OI00152408,O0086884,P0151,1,19.63,0.25
OI00152436,O0086900,P0154,1,55.81,0.1
OI00152437,O0086900,P0037,1,528.44,0.0
OI00152438,O0086900,P0124,1,63.99,0.0
OI00152454,O0086911,P0126,1,185.9,0.0
OI00152455,O0086911,P0066,1,270.01,0.25
OI00152456,O0086911,P0160,1,24.01,0.0
OI00152461,O0086914,P0108,1,40.99,0.1
OI00152469,O0086920,P0024,2,513.52,0.25
OI00152478,O0086928,P0156,1,88.58,0.0
OI00152479,O0086928,P0073,1,95.45,0.0
OI00152489,O0086933,P0047,1,143.76,0.25
OI00152504,O0086942,P0168,1,63.2,0.25
OI00152508,O0086944,P0039,2,531.68,0.25
OI00152512,O0086947,P0083,1,717.63,0.0
OI00152513,O0086947,P0104,1,28.88,0.0
OI00152514,O0086947,P0076,2,121.33,0.05
OI00152518,O0086949,P0103,1,84.49,0.0
OI00152519,O0086949,P0003,1,1206.41,0.0
OI00152528,O0086954,P0119,1,33.23,0.05
OI00152551,O0086968,P0106,1,130.5,0.25
OI00152552,O0086968,P0040,1,1008.63,0.05
OI00152569,O0086978,P0116,1,67.73,0.0
OI00152588,O0086986,P0047,1,141.88,0.05
OI00152589,O0086986,P0102,1,51.85,0.0
OI00152600,O0086993,P0175,1,12.02,0.25
OI00152601,O0086993,P0049,1,336.1,0.25
OI00152614,O0087002,P0180,1,52.66,0.05
OI00152622,O0087007,P0160,1,24.28,0.1
OI00152623,O0087007,P0048,1,56.54,0.25
OI00152629,O0087011,P0061,2,374.71,0.25
OI00152636,O0087016,P0082,1,384.53,0.25
OI00152644,O0087022,P0096,1,87.57,0.0
OI00152645,O0087022,P0122,1,381.0,0.15
OI00152658,O0087030,P0020,1,562.74,0.0
OI00152659,O0087030,P0042,1,120.19,0.25
OI00152660,O0087030,P0109,1,166.52,0.0
OI00152669,O0087035,P0074,2,254.1,0.0
OI00152670,O0087035,P0027,1,920.33,0.0
OI00152671,O0087035,P0077,1,409.69,0.1
OI00152683,O0087040,P0127,1,158.33,0.25
OI00152689,O0087044,P0165,1,41.13,0.0
OI00152690,O0087044,P0014,1,828.49,0.15
OI00152691,O0087044,P0059,1,47.62,0.0
OI00152692,O0087044,P0128,1,71.53,0.25
OI00152703,O0087052,P0099,1,232.97,0.25
OI00152704,O0087052,P0151,2,19.24,0.0
OI00152719,O0087061,P0029,1,552.63,0.2
OI00152720,O0087062,P0074,3,263.19,0.15
OI00152721,O0087062,P0025,1,418.83,0.0
OI00152722,O0087062,P0138,1,34.09,0.25
OI00152733,O0087069,P0051,1,56.8,0.1
OI00152734,O0087069,P0115,2,66.79,0.1
OI00152735,O0087069,P0145,2,161.36,0.0
OI00152736,O0087069,P0134,1,132.22,0.25
OI00152741,O0087074,P0046,2,331.24,0.1
OI00152752,O0087080,P0102,1,51.55,0.2
OI00152753,O0087080,P0052,1,40.58,0.25
OI00152779,O0087093,P0083,1,732.51,0.1
OI00152780,O0087094,P0105,1,130.65,0.0
OI00152784,O0087097,P0079,1,176.99,0.0
OI00152786,O0087099,P0004,3,1008.46,0.1
OI00152787,O0087099,P0145,1,163.52,0.15
OI00152806,O0087107,P0079,1,176.6,0.0
OI00152807,O0087107,P0165,2,40.61,0.2
OI00152808,O0087107,P0176,1,140.07,0.0
OI00152848,O0087131,P0076,1,122.81,0.05
OI00152870,O0087142,P0122,1,379.88,0.25
OI00152871,O0087142,P0107,1,154.3,0.0
OI00152873,O0087144,P0020,1,548.33,0.05
OI00152874,O0087144,P0088,1,318.67,0.05
OI00152883,O0087149,P0064,2,129.86,0.0
OI00152884,O0087149,P0025,1,429.52,0.0
OI00152903,O0087161,P0143,1,111.76,0.0
OI00152904,O0087161,P0086,1,50.67,0.25
OI00152924,O0087173,P0154,1,56.49,0.25
OI00152933,O0087179,P0088,1,302.78,0.25
OI00152934,O0087179,P0058,1,146.99,0.25
OI00152940,O0087184,P0056,1,128.63,0.1
OI00152941,O0087185,P0047,1,140.44,0.15
OI00152942,O0087185,P0142,3,12.35,0.0
OI00152943,O0087185,P0165,1,41.62,0.0
OI00152971,O0087201,P0057,2,133.54,0.25
OI00153000,O0087219,P0092,1,198.03,0.0
OI00153012,O0087227,P0120,1,329.56,0.1
OI00153028,O0087235,P0042,1,118.2,0.0
OI00153029,O0087235,P0131,1,50.94,0.0
OI00153030,O0087236,P0096,1,85.22,0.05
OI00153031,O0087236,P0141,1,23.2,0.0
OI00153032,O0087236,P0009,2,1325.26,0.1
OI00153034,O0087238,P0154,1,58.45,0.0
OI00153042,O0087243,P0154,1,56.54,0.0
OI00153043,O0087244,P0012,2,1461.27,0.05
OI00153044,O0087244,P0068,1,142.31,0.05
OI00153045,O0087244,P0020,1,552.96,0.05
OI00153046,O0087244,P0035,1,1078.94,0.05
OI00153048,O0087246,P0016,2,928.98,0.1
OI00153062,O0087255,P0037,2,533.95,0.0
OI00153063,O0087255,P0154,1,57.04,0.2
OI00153064,O0087256,P0076,1,124.57,0.05
OI00153065,O0087256,P0136,1,85.83,0.0
OI00153066,O0087257,P0126,1,186.24,0.1
OI00153067,O0087257,P0124,1,63.68,0.0
OI00153068,O0087257,P0152,1,15.1,0.25
OI00153085,O0087266,P0033,1,1382.67,0.0
OI00153091,O0087270,P0035,1,1040.26,0.25
OI00153092,O0087270,P0025,1,416.17,0.05
OI00153100,O0087275,P0166,1,33.54,0.25
OI00153132,O0087294,P0097,1,143.11,0.0
OI00153133,O0087294,P0004,1,998.34,0.05
OI00153134,O0087295,P0104,1,28.81,0.0
OI00153135,O0087295,P0097,1,140.49,0.25
OI00153142,O0087299,P0022,1,864.46,0.0
OI00153143,O0087300,P0037,1,537.05,0.25
OI00153144,O0087300,P0099,1,229.28,0.0
OI00153145,O0087300,P0152,1,15.17,0.0
OI00153153,O0087305,P0096,1,89.93,0.25
OI00153154,O0087305,P0115,2,68.32,0.25
OI00153155,O0087305,P0073,2,97.65,0.05
OI00153176,O0087315,P0150,1,11.36,0.0
OI00153177,O0087315,P0113,1,103.25,0.05
OI00153178,O0087315,P0029,1,521.85,0.25
OI00153190,O0087322,P0018,1,2010.53,0.25
OI00153191,O0087322,P0061,1,396.21,0.25
OI00153234,O0087346,P0143,1,111.85,0.0
OI00153244,O0087352,P0060,1,141.02,0.1
OI00153245,O0087352,P0063,1,58.04,0.0
OI00153246,O0087352,P0088,1,298.51,0.25
OI00153253,O0087357,P0014,2,815.98,0.1
OI00153254,O0087357,P0178,1,11.03,0.25
OI00153302,O0087385,P0069,1,100.31,0.0
OI00153303,O0087385,P0134,1,136.33,0.2
OI00153315,O0087391,P0124,1,66.49,0.0
OI00153316,O0087391,P0019,1,391.65,0.25
OI00153336,O0087402,P0067,1,285.66,0.0
OI00153337,O0087402,P0066,1,266.47,0.25
OI00153338,O0087402,P0141,1,23.96,0.25
OI00153342,O0087405,P0135,1,177.27,0.1
OI00153343,O0087405,P0100,1,58.96,0.25
OI00153378,O0087431,P0066,1,263.83,0.15
OI00153398,O0087445,P0116,1,69.46,0.25
OI00153399,O0087445,P0104,2,29.92,0.1
OI00153400,O0087445,P0028,1,1235.11,0.0
OI00153401,O0087446,P0071,1,115.71,0.0
OI00153421,O0087455,P0140,1,15.41,0.05
OI00153445,O0087469,P0022,1,878.37,0.0
OI00153446,O0087469,P0032,1,907.8,0.25
OI00153447,O0087469,P0149,1,18.74,0.0
OI00153511,O0087504,P0109,1,164.17,0.1
OI00153512,O0087504,P0105,1,131.09,0.0
OI00153517,O0087508,P0005,1,1327.13,0.25
OI00153530,O0087518,P0172,1,21.84,0.05
OI00153549,O0087531,P0057,1,132.94,0.0
OI00153561,O0087537,P0124,1,64.68,0.15
OI00153562,O0087537,P0157,1,120.92,0.0
OI00153563,O0087537,P0165,1,41.13,0.0
OI00153576,O0087543,P0092,1,190.41,0.1
OI00153577,O0087544,P0115,1,67.31,0.05
OI00153578,O0087545,P0080,1,238.81,0.25
OI00153579,O0087545,P0113,2,100.93,0.25
OI00153580,O0087545,P0062,1,54.76,0.25
OI00153585,O0087548,P0041,1,224.4,0.0
OI00153587,O0087550,P0024,1,522.1,0.15
OI00153588,O0087550,P0117,1,30.92,0.15
OI00153595,O0087556,P0040,1,1017.14,0.0
OI00153608,O0087563,P0095,1,288.51,0.0
OI00153609,O0087563,P0026,1,1171.69,0.25
OI00153624,O0087574,P0065,1,314.73,0.0
OI00153625,O0087574,P0145,1,165.61,0.15
OI00153626,O0087574,P0106,1,131.98,0.0
OI00153627,O0087574,P0026,1,1172.03,0.0
OI00153684,O0087612,P0106,2,132.28,0.0
OI00153701,O0087622,P0088,1,306.67,0.0
OI00153702,O0087622,P0167,1,124.77,0.25
OI00153703,O0087622,P0071,1,114.22,0.0
OI00153730,O0087637,P0067,1,281.25,0.25
OI00153731,O0087637,P0049,1,339.08,0.25
OI00153732,O0087637,P0175,1,11.85,0.0
OI00153751,O0087650,P0102,1,51.76,0.0
OI00153752,O0087650,P0115,1,67.15,0.1
OI00153753,O0087650,P0032,1,923.14,0.05
OI00153754,O0087651,P0144,1,13.73,0.25
OI00153755,O0087651,P0139,1,23.87,0.25
OI00153756,O0087651,P0045,1,416.35,0.0
OI00153774,O0087663,P0149,3,18.33,0.0
OI00153775,O0087663,P0173,1,46.22,0.25
OI00153779,O0087666,P0171,1,37.88,0.0
OI00153780,O0087666,P0146,1,50.89,0.05
OI00153790,O0087673,P0053,1,369.22,0.0
OI00153806,O0087679,P0059,1,48.86,0.0
OI00153807,O0087679,P0032,3,891.4,0.25
OI00153821,O0087687,P0139,1,25.06,0.0
OI00153822,O0087687,P0081,1,406.66,0.1
OI00153829,O0087691,P0086,1,49.74,0.1
OI00153833,O0087694,P0013,1,1058.89,0.15
OI00153834,O0087694,P0098,1,323.67,0.2
OI00153836,O0087696,P0010,1,894.54,0.05
OI00153837,O0087696,P0087,1,502.43,0.25
OI00153841,O0087698,P0075,1,53.67,0.0
OI00153842,O0087698,P0157,1,123.43,0.0
OI00153856,O0087708,P0080,1,231.54,0.0
OI00153858,O0087710,P0147,1,75.56,0.0
OI00153859,O0087710,P0092,1,193.22,0.0
OI00153860,O0087710,P0158,1,66.18,0.0
OI00153861,O0087710,P0035,1,1051.74,0.15
OI00153876,O0087718,P0066,1,268.72,0.25
OI00153893,O0087729,P0127,1,162.77,0.05
OI00153894,O0087729,P0065,1,328.67,0.25
OI00153920,O0087742,P0045,1,404.02,0.25
OI00153921,O0087742,P0116,1,69.94,0.15
OI00153933,O0087751,P0099,1,230.24,0.05
OI00153934,O0087751,P0122,1,382.5,0.15
OI00153935,O0087751,P0119,2,34.02,0.05
OI00153936,O0087751,P0132,1,29.32,0.25
OI00153940,O0087754,P0173,1,45.2,0.0
OI00153971,O0087775,P0058,2,151.43,0.0
OI00153980,O0087782,P0157,1,120.97,0.05
OI00153981,O0087782,P0066,1,277.05,0.0
OI00153982,O0087782,P0017,1,1634.06,0.0
OI00153983,O0087782,P0094,1,73.76,0.0
OI00153984,O0087783,P0126,1,189.84,0.0
OI00153998,O0087795,P0083,1,720.65,0.0
OI00153999,O0087795,P0172,1,22.13,0.0
OI00154002,O0087797,P0063,1,58.88,0.0
OI00154009,O0087802,P0036,1,735.4,0.1
OI00154015,O0087806,P0058,1,145.62,0.25
OI00154057,O0087826,P0075,2,53.22,0.0
OI00154064,O0087830,P0171,1,38.05,0.15
OI00154065,O0087830,P0132,1,29.5,0.25
OI00154066,O0087830,P0063,1,58.14,0.25
OI00154094,O0087846,P0070,1,53.94,0.0
OI00154095,O0087846,P0129,1,303.88,0.0
OI00154098,O0087849,P0064,2,132.1,0.05
OI00154136,O0087874,P0108,1,41.37,0.25
OI00154137,O0087874,P0085,1,509.41,0.15
OI00154138,O0087875,P0084,1,628.68,0.25
OI00154139,O0087875,P0162,1,19.18,0.25
OI00154144,O0087878,P0159,1,183.45,0.25
OI00154155,O0087884,P0027,1,909.31,0.1
OI00154156,O0087884,P0009,1,1279.97,0.0
OI00154167,O0087894,P0180,1,52.34,0.0
OI00154168,O0087895,P0028,1,1198.81,0.05
OI00154183,O0087904,P0033,1,1342.2,0.0
OI00154187,O0087908,P0053,1,356.17,0.25
OI00154188,O0087908,P0048,1,56.03,0.25
OI00154189,O0087908,P0126,2,187.79,0.25
OI00154236,O0087930,P0022,2,846.45,0.25
OI00154240,O0087932,P0079,2,175.05,0.0
OI00154241,O0087932,P0068,1,141.42,0.0
OI00154242,O0087932,P0161,1,62.65,0.25
OI00154243,O0087932,P0165,1,41.09,0.0
OI00154256,O0087940,P0011,1,1037.38,0.0
OI00154257,O0087940,P0141,1,23.86,0.1
OI00154258,O0087940,P0103,2,85.22,0.25
OI00154281,O0087952,P0054,1,55.81,0.0
OI00154282,O0087952,P0161,1,63.44,0.05
OI00154285,O0087955,P0015,1,1441.79,0.0
OI00154289,O0087957,P0019,1,404.01,0.0
OI00154290,O0087957,P0045,1,417.71,0.1
OI00154299,O0087962,P0175,1,12.28,0.0
OI00154300,O0087962,P0029,1,526.49,0.25
OI00154301,O0087962,P0041,1,233.02,0.25
OI00154302,O0087962,P0098,1,316.19,0.05
OI00154340,O0087990,P0042,1,120.28,0.25
OI00154341,O0087990,P0162,1,19.21,0.0
OI00154386,O0088015,P0038,1,466.02,0.1
OI00154387,O0088015,P0090,1,203.26,0.1
OI00154392,O0088019,P0073,1,98.53,0.25
OI00154404,O0088025,P0041,2,231.43,0.1
OI00154411,O0088030,P0005,1,1395.66,0.0
OI00154415,O0088033,P0098,2,324.14,0.0
OI00154416,O0088033,P0060,1,140.35,0.25
OI00154444,O0088050,P0008,1,1174.61,0.0
OI00154471,O0088064,P0054,1,58.27,0.0
OI00154472,O0088064,P0131,1,52.78,0.25
OI00154475,O0088066,P0145,1,166.01,0.25
OI00154490,O0088074,P0018,1,1922.03,0.25
OI00154504,O0088083,P0117,1,30.74,0.0
OI00154526,O0088097,P0052,1,39.2,0.1
OI00154538,O0088104,P0150,1,11.1,0.05
OI00154562,O0088122,P0113,1,99.29,0.0
OI00154563,O0088123,P0117,1,30.57,0.25
OI00154573,O0088128,P0061,1,382.69,0.1
OI00154594,O0088139,P0095,1,287.5,0.25
OI00154595,O0088139,P0138,1,34.39,0.1
OI00154596,O0088139,P0055,1,342.98,0.0
OI00154600,O0088143,P0078,1,134.12,0.0
OI00154601,O0088143,P0073,1,98.67,0.1
OI00154602,O0088143,P0118,2,130.21,0.0
OI00154620,O0088154,P0106,1,135.99,0.25
OI00154621,O0088154,P0087,2,504.82,0.0
OI00154622,O0088154,P0023,1,1023.45,0.25
OI00154637,O0088165,P0025,1,427.35,0.0
OI00154641,O0088167,P0073,2,97.28,0.25
OI00154642,O0088168,P0172,1,22.15,0.25
OI00154643,O0088168,P0116,1,68.6,0.05
OI00154660,O0088178,P0064,1,130.92,0.15
OI00154677,O0088189,P0081,1,416.91,0.0
OI00154678,O0088189,P0100,1,62.37,0.0
OI00154682,O0088192,P0092,1,202.28,0.25
OI00154699,O0088201,P0136,1,85.63,0.0
OI00154707,O0088206,P0155,1,49.62,0.0
OI00154748,O0088231,P0104,1,28.85,0.25
OI00154753,O0088234,P0079,1,169.02,0.0
OI00154764,O0088241,P0054,1,55.81,0.0
OI00154765,O0088241,P0116,1,70.05,0.0
OI00154772,O0088245,P0088,2,298.87,0.0
OI00154780,O0088250,P0080,1,234.53,0.05
OI00154791,O0088258,P0117,1,30.5,0.25
OI00154792,O0088258,P0062,1,56.97,0.25
OI00154798,O0088264,P0100,1,62.76,0.25
OI00154815,O0088275,P0169,1,184.08,0.05
OI00154816,O0088276,P0077,1,425.66,0.15
OI00154817,O0088276,P0159,2,178.18,0.0
OI00154850,O0088298,P0143,1,109.6,0.0
OI00154861,O0088308,P0051,1,54.59,0.0
OI00154862,O0088308,P0142,1,12.92,0.1
OI00154863,O0088308,P0095,1,289.89,0.1
OI00154883,O0088322,P0149,1,17.66,0.25
OI00154908,O0088339,P0169,1,185.78,0.1
OI00154918,O0088346,P0147,1,75.17,0.1
OI00154919,O0088346,P0098,1,318.26,0.25
OI00154938,O0088358,P0058,1,146.41,0.15
OI00154940,O0088360,P0054,1,57.42,0.0
OI00154965,O0088375,P0050,1,91.27,0.25
OI00154966,O0088375,P0061,1,380.79,0.0
OI00154967,O0088375,P0037,1,522.93,0.15
OI00154979,O0088382,P0116,1,67.85,0.05
OI00154989,O0088390,P0002,1,940.49,0.0
OI00154990,O0088390,P0048,1,55.78,0.25
OI00154991,O0088390,P0092,1,200.99,0.15
OI00154998,O0088396,P0105,1,133.49,0.0
OI00154999,O0088396,P0100,1,63.87,0.0
OI00155014,O0088404,P0033,1,1311.76,0.0
OI00155026,O0088411,P0076,1,120.37,0.25
OI00155036,O0088417,P0066,2,273.8,0.05
OI00155037,O0088417,P0154,1,57.76,0.15
OI00155045,O0088424,P0135,1,178.64,0.25
OI00155056,O0088429,P0027,1,886.53,0.25
OI00155057,O0088429,P0053,2,352.83,0.0
OI00155068,O0088434,P0132,1,28.66,0.1
OI00155069,O0088434,P0004,2,1003.15,0.0
OI00155070,O0088434,P0144,1,13.28,0.15
OI00155079,O0088440,P0042,1,117.4,0.0
OI00155080,O0088440,P0106,1,126.87,0.0
OI00155099,O0088450,P0026,1,1195.0,0.05
OI00155102,O0088452,P0098,1,316.07,0.0
OI00155103,O0088452,P0161,1,64.34,0.25
OI00155115,O0088459,P0124,1,64.98,0.25
OI00155116,O0088459,P0089,1,358.83,0.05
OI00155120,O0088463,P0139,1,24.36,0.25
OI00155121,O0088463,P0048,1,55.26,0.0
OI00155129,O0088470,P0130,1,31.36,0.0
OI00155132,O0088472,P0141,1,23.38,0.0
OI00155190,O0088505,P0060,2,130.91,0.0
OI00155191,O0088505,P0106,3,129.02,0.0
OI00155199,O0088509,P0031,1,1324.27,0.1
OI00155200,O0088509,P0142,1,12.76,0.25
OI00155208,O0088514,P0104,1,30.67,0.0
OI00155209,O0088514,P0163,1,18.45,0.0
OI00155214,O0088518,P0013,1,1040.39,0.25
OI00155215,O0088518,P0033,1,1361.13,0.0
OI00155216,O0088518,P0173,1,44.89,0.0
OI00155219,O0088521,P0010,1,867.08,0.25
OI00155220,O0088521,P0119,1,33.43,0.25
OI00155230,O0088527,P0032,1,908.46,0.25
OI00155232,O0088529,P0018,1,1971.23,0.0
OI00155233,O0088529,P0180,1,52.17,0.0
OI00155247,O0088537,P0149,1,17.99,0.0
OI00155263,O0088545,P0104,1,30.42,0.0
OI00155264,O0088545,P0074,1,260.8,0.15
OI00155272,O0088549,P0060,1,137.83,0.25
OI00155273,O0088549,P0098,1,314.11,0.15
OI00155274,O0088550,P0111,1,287.68,0.0
OI00155275,O0088550,P0016,1,943.4,0.05
OI00155276,O0088550,P0027,1,891.52,0.05
OI00155277,O0088550,P0019,1,391.34,0.1
OI00155316,O0088573,P0175,1,12.07,0.0
OI00155317,O0088573,P0123,1,49.08,0.0
OI00155318,O0088573,P0171,1,39.03,0.25
OI00155321,O0088575,P0105,1,131.68,0.1
OI00155324,O0088578,P0106,1,131.37,0.0
OI00155325,O0088578,P0059,1,48.68,0.15
OI00155338,O0088586,P0003,1,1260.2,0.15
OI00155339,O0088586,P0137,1,25.81,0.25
OI00155340,O0088586,P0103,1,84.62,0.0
OI00155341,O0088586,P0128,1,68.97,0.25
OI00155343,O0088588,P0055,1,334.12,0.0
OI00155344,O0088588,P0074,1,262.05,0.0
OI00155345,O0088589,P0114,1,29.2,0.25
OI00155354,O0088594,P0167,1,125.69,0.05
OI00155355,O0088594,P0148,1,14.72,0.0
OI00155359,O0088597,P0044,1,124.97,0.15
OI00155360,O0088597,P0024,1,519.24,0.0
OI00155361,O0088597,P0111,1,281.83,0.1
OI00155380,O0088606,P0137,1,26.65,0.25
OI00155381,O0088606,P0029,1,532.68,0.05
OI00155382,O0088607,P0124,1,64.03,0.0
OI00155383,O0088607,P0097,1,140.13,0.25
OI00155388,O0088612,P0093,1,85.63,0.0
OI00155389,O0088612,P0006,1,2155.79,0.15
OI00155390,O0088612,P0057,1,129.21,0.0
OI00155391,O0088613,P0103,1,84.25,0.05
OI00155392,O0088613,P0148,1,14.94,0.05
OI00155395,O0088616,P0057,1,135.04,0.25
OI00155396,O0088616,P0013,1,1082.64,0.25
OI00155398,O0088618,P0022,1,859.24,0.1
OI00155410,O0088625,P0088,1,307.12,0.1
OI00155411,O0088625,P0160,1,24.01,0.0
OI00155418,O0088630,P0117,1,29.96,0.25
OI00155419,O0088630,P0178,1,10.89,0.0
OI00155420,O0088630,P0087,1,490.06,0.0
OI00155436,O0088638,P0021,1,627.28,0.0
OI00155437,O0088639,P0037,2,545.12,0.1
OI00155438,O0088639,P0155,1,50.17,0.25
OI00155451,O0088646,P0082,1,380.85,0.0
OI00155454,O0088649,P0069,2,97.32,0.1
OI00155496,O0088672,P0113,1,101.54,0.0
OI00155526,O0088690,P0028,1,1254.66,0.05
OI00155527,O0088691,P0075,1,52.1,0.0
OI00155528,O0088691,P0045,2,421.28,0.25
OI00155535,O0088695,P0012,1,1513.69,0.25
OI00155536,O0088696,P0096,1,89.75,0.0
OI00155537,O0088696,P0099,1,226.05,0.05
OI00155541,O0088699,P0120,1,344.85,0.0
OI00155542,O0088700,P0158,1,67.71,0.2
OI00155550,O0088705,P0065,2,313.17,0.25
OI00155551,O0088705,P0047,3,140.16,0.0
OI00155561,O0088712,P0078,1,131.67,0.0
OI00155562,O0088713,P0043,1,301.6,0.1
OI00155563,O0088713,P0074,1,269.4,0.0
OI00155564,O0088713,P0060,1,138.79,0.0
OI00155578,O0088723,P0041,1,240.37,0.0
OI00155579,O0088723,P0061,1,383.02,0.25
OI00155580,O0088723,P0077,1,419.94,0.15
OI00155589,O0088728,P0020,1,550.59,0.1
OI00155590,O0088728,P0003,1,1197.08,0.0
OI00155593,O0088730,P0153,2,43.57,0.25
OI00155594,O0088730,P0079,1,175.47,0.25
OI00155609,O0088740,P0165,1,41.48,0.25
OI00155615,O0088744,P0020,1,557.89,0.0
OI00155616,O0088744,P0102,1,52.14,0.25
OI00155629,O0088753,P0163,1,18.66,0.05
OI00155645,O0088763,P0156,1,88.75,0.0
OI00155646,O0088763,P0024,1,524.55,0.1
OI00155647,O0088763,P0117,1,30.65,0.0
OI00155648,O0088763,P0144,1,14.08,0.0
OI00155670,O0088777,P0052,1,41.06,0.25
OI00155671,O0088778,P0007,1,2014.8,0.05
OI00155674,O0088780,P0058,1,151.58,0.0
OI00155686,O0088788,P0119,1,32.01,0.15
OI00155687,O0088788,P0150,1,11.35,0.25
OI00155688,O0088789,P0102,1,52.81,0.0
OI00155689,O0088789,P0106,1,132.27,0.25
OI00155690,O0088789,P0029,1,511.16,0.25
OI00155714,O0088802,P0070,1,53.93,0.15
OI00155715,O0088802,P0076,1,120.88,0.25
OI00155747,O0088817,P0018,1,1922.47,0.0
OI00155748,O0088817,P0003,1,1219.08,0.0
OI00155760,O0088823,P0075,1,54.03,0.15
OI00155761,O0088823,P0060,1,133.5,0.0
OI00155763,O0088825,P0133,1,10.13,0.0
OI00155765,O0088827,P0017,1,1656.04,0.25
OI00155766,O0088827,P0021,1,641.49,0.0
OI00155768,O0088829,P0114,1,29.95,0.15
OI00155769,O0088829,P0092,1,198.85,0.1
OI00155770,O0088829,P0070,1,52.63,0.0
OI00155771,O0088829,P0120,1,325.07,0.1
OI00155772,O0088830,P0107,1,152.78,0.0
OI00155777,O0088835,P0060,1,136.37,0.0
OI00155778,O0088835,P0059,1,49.42,0.25
OI00155779,O0088835,P0041,2,228.68,0.0
OI00155785,O0088839,P0125,1,297.36,0.0
OI00155786,O0088839,P0047,2,140.19,0.0
OI00155787,O0088839,P0032,1,904.48,0.0
OI00155805,O0088848,P0124,1,65.09,0.0
OI00155807,O0088850,P0105,1,127.55,0.05
OI00155818,O0088856,P0065,1,332.69,0.1
OI00155819,O0088857,P0079,1,175.03,0.15
OI00155820,O0088857,P0073,1,98.77,0.25
OI00155821,O0088857,P0119,1,32.28,0.0
OI00155839,O0088871,P0116,1,68.75,0.0
OI00155840,O0088871,P0162,1,18.98,0.2
OI00155841,O0088871,P0053,1,356.64,0.05
OI00155845,O0088874,P0096,1,85.42,0.25
OI00155846,O0088875,P0053,1,352.85,0.25
OI00155847,O0088875,P0146,2,52.98,0.0
OI00155848,O0088875,P0119,1,33.45,0.05
OI00155849,O0088875,P0064,2,132.88,0.0
OI00155876,O0088891,P0137,3,25.47,0.15
OI00155877,O0088891,P0091,1,164.97,0.15
OI00155878,O0088891,P0132,1,29.63,0.0
OI00155879,O0088891,P0062,1,57.32,0.0
OI00155887,O0088896,P0163,1,18.75,0.15
OI00155888,O0088896,P0074,1,261.9,0.25
OI00155889,O0088896,P0053,2,356.55,0.0
OI00155900,O0088904,P0081,1,397.46,0.25
OI00155952,O0088931,P0129,1,303.6,0.25
OI00155953,O0088931,P0159,1,180.17,0.15
OI00155954,O0088931,P0075,2,54.69,0.1
OI00155958,O0088934,P0167,1,125.46,0.0
OI00155970,O0088941,P0147,1,76.33,0.0
OI00155971,O0088941,P0139,1,24.37,0.0
OI00156024,O0088971,P0163,1,18.41,0.25
OI00156027,O0088973,P0068,3,141.74,0.25
OI00156028,O0088973,P0137,1,26.19,0.0
OI00156029,O0088973,P0135,1,184.36,0.0
OI00156042,O0088982,P0037,1,547.48,0.25
OI00156047,O0088986,P0133,1,10.12,0.0
OI00156048,O0088986,P0087,1,475.07,0.15
OI00156072,O0089002,P0063,1,59.43,0.25
OI00156073,O0089002,P0113,1,100.77,0.25
OI00156074,O0089003,P0029,1,533.1,0.0
OI00156075,O0089003,P0151,1,19.92,0.1
OI00156076,O0089003,P0109,1,165.84,0.25
OI00156088,O0089009,P0144,1,13.9,0.25
OI00156115,O0089023,P0093,2,87.37,0.0
OI00156116,O0089023,P0098,1,322.02,0.1
OI00156117,O0089023,P0007,1,1972.83,0.05
OI00156137,O0089034,P0108,1,42.11,0.15
OI00156138,O0089034,P0052,1,39.8,0.0
OI00156139,O0089034,P0124,1,63.67,0.25
OI00156175,O0089053,P0109,1,171.74,0.25
OI00156176,O0089053,P0089,2,346.31,0.1
OI00156180,O0089057,P0115,2,69.86,0.25
OI00156208,O0089070,P0027,1,893.24,0.0
OI00156209,O0089070,P0009,2,1297.32,0.25
OI00156210,O0089070,P0057,1,133.91,0.0
OI00156216,O0089074,P0171,1,37.65,0.2
OI00156247,O0089092,P0147,1,77.62,0.15
OI00156261,O0089100,P0130,2,30.14,0.0
OI00156262,O0089100,P0011,1,1075.92,0.25
OI00156263,O0089100,P0161,1,61.97,0.25
OI00156277,O0089108,P0104,2,29.77,0.15
OI00156278,O0089108,P0110,1,74.47,0.1
OI00156279,O0089108,P0065,1,318.22,0.0
OI00156307,O0089126,P0068,1,142.02,0.0
OI00156308,O0089126,P0142,1,12.79,0.0
OI00156325,O0089136,P0126,1,191.2,0.25
OI00156326,O0089136,P0116,1,70.01,0.05
OI00156348,O0089150,P0071,1,118.67,0.25
OI00156349,O0089150,P0053,1,359.94,0.0
OI00156351,O0089152,P0097,1,139.67,0.1
OI00156352,O0089152,P0001,1,1738.26,0.0
OI00156387,O0089173,P0139,1,24.7,0.25
OI00156412,O0089190,P0115,2,66.73,0.0
OI00156440,O0089206,P0080,1,235.02,0.0
OI00156441,O0089206,P0106,1,130.49,0.0
OI00156444,O0089209,P0035,1,1060.66,0.0
OI00156468,O0089222,P0178,1,11.1,0.25
OI00156479,O0089228,P0142,1,12.9,0.0
OI00156480,O0089228,P0004,1,1002.55,0.25
OI00156502,O0089241,P0079,1,177.93,0.15
OI00156503,O0089242,P0036,1,708.63,0.0
OI00156509,O0089246,P0099,1,240.25,0.0
OI00156514,O0089249,P0138,2,36.19,0.2
OI00156542,O0089265,P0081,1,404.94,0.25
OI00156543,O0089266,P0160,1,24.13,0.0
OI00156544,O0089266,P0058,1,144.26,0.0
OI00156553,O0089272,P0106,1,130.57,0.0
OI00156554,O0089272,P0014,3,822.77,0.0
OI00156555,O0089272,P0174,1,18.29,0.25
OI00156562,O0089275,P0100,3,60.1,0.05
OI00156563,O0089275,P0130,1,30.35,0.0
OI00156564,O0089275,P0178,1,11.17,0.25
OI00156591,O0089292,P0119,1,31.46,0.0
OI00156592,O0089292,P0085,1,505.53,0.0
OI00156605,O0089298,P0049,1,345.39,0.0
OI00156606,O0089298,P0134,1,130.08,0.0
OI00156619,O0089304,P0104,2,30.42,0.0
OI00156624,O0089308,P0103,1,84.45,0.25
OI00156625,O0089308,P0141,1,24.33,0.15
OI00156626,O0089308,P0097,1,138.91,0.15
OI00156627,O0089308,P0138,1,33.81,0.0
OI00156632,O0089312,P0161,2,62.43,0.0
OI00156636,O0089314,P0122,1,390.97,0.05
OI00156639,O0089316,P0069,1,100.04,0.0
OI00156640,O0089316,P0139,1,24.33,0.25
OI00156645,O0089319,P0078,1,133.8,0.2
OI00156672,O0089337,P0049,1,339.38,0.0
OI00156704,O0089356,P0133,1,9.76,0.0
OI00156712,O0089362,P0033,1,1358.1,0.0
OI00156713,O0089362,P0054,1,57.07,0.05
OI00156749,O0089379,P0147,3,74.25,0.0
OI00156750,O0089379,P0003,1,1224.27,0.0
OI00156751,O0089379,P0103,1,86.49,0.0
OI00156752,O0089379,P0161,1,61.24,0.25
OI00156763,O0089386,P0030,1,853.51,0.0
OI00156764,O0089386,P0092,1,196.01,0.0
OI00156767,O0089389,P0135,1,178.56,0.05
OI00156768,O0089389,P0053,1,340.47,0.05
OI00156783,O0089396,P0109,1,168.94,0.25
OI00156784,O0089396,P0029,1,528.42,0.25
OI00156824,O0089416,P0014,1,808.64,0.1
OI00156829,O0089420,P0055,1,333.94,0.25
OI00156830,O0089421,P0089,1,356.87,0.25
OI00156831,O0089421,P0002,1,924.29,0.25
OI00156834,O0089423,P0129,2,290.17,0.0
OI00156853,O0089433,P0029,1,514.94,0.0
OI00156859,O0089436,P0026,1,1125.35,0.25
OI00156905,O0089462,P0105,1,128.39,0.0
OI00156906,O0089463,P0109,1,167.75,0.1
OI00156907,O0089463,P0136,1,82.76,0.25
OI00156918,O0089470,P0046,1,331.22,0.25
OI00156919,O0089470,P0102,1,50.8,0.15
OI00156942,O0089483,P0013,1,1064.73,0.15
OI00156943,O0089483,P0027,1,945.12,0.05
OI00156951,O0089488,P0085,1,497.74,0.25
OI00156952,O0089488,P0128,1,70.97,0.0
OI00156953,O0089488,P0157,1,119.69,0.2
OI00156972,O0089499,P0178,3,11.22,0.15
OI00156973,O0089500,P0068,1,142.16,0.25
OI00156974,O0089500,P0162,1,18.79,0.0
OI00156985,O0089506,P0064,1,126.97,0.0
OI00156986,O0089506,P0117,1,31.29,0.1
OI00156987,O0089506,P0162,1,19.21,0.1
OI00156996,O0089511,P0135,1,186.45,0.2
OI00157000,O0089513,P0023,1,967.23,0.05
OI00157028,O0089531,P0178,1,10.82,0.25
OI00157029,O0089531,P0109,1,171.92,0.0
OI00157031,O0089533,P0107,1,154.84,0.15
OI00157032,O0089533,P0050,1,92.5,0.05
OI00157033,O0089533,P0159,1,175.47,0.1
OI00157034,O0089533,P0038,1,471.72,0.1
OI00157069,O0089553,P0155,1,49.65,0.1
OI00157070,O0089553,P0013,1,1071.19,0.15
OI00157079,O0089558,P0059,2,49.48,0.0
OI00157080,O0089558,P0085,1,490.08,0.25
OI00157116,O0089577,P0012,2,1536.46,0.25
OI00157127,O0089583,P0029,1,533.42,0.0
OI00157128,O0089584,P0047,1,137.87,0.0
OI00157129,O0089584,P0141,1,23.36,0.0
OI00157130,O0089584,P0079,1,177.63,0.0
OI00157148,O0089596,P0153,1,44.61,0.05
OI00157156,O0089601,P0148,1,15.48,0.25
OI00157157,O0089601,P0069,1,98.85,0.0
OI00157174,O0089610,P0137,1,26.21,0.0
OI00157175,O0089610,P0102,1,52.01,0.0
OI00157176,O0089610,P0090,1,209.04,0.1
OI00157179,O0089612,P0098,2,318.81,0.0
OI00157186,O0089616,P0084,1,629.75,0.25
OI00157187,O0089616,P0081,2,412.0,0.0
OI00157188,O0089616,P0016,1,911.38,0.1
OI00157192,O0089619,P0149,1,17.51,0.0
OI00157195,O0089621,P0136,1,86.55,0.0
OI00157196,O0089621,P0031,1,1377.25,0.0
OI00157199,O0089624,P0136,1,85.31,0.25
OI00157214,O0089633,P0014,1,823.3,0.25
OI00157215,O0089633,P0108,1,41.07,0.25
OI00157216,O0089633,P0060,2,137.75,0.05
OI00157217,O0089633,P0054,1,57.41,0.25
OI00157232,O0089642,P0170,1,9.3,0.25
OI00157241,O0089647,P0012,2,1476.91,0.25
OI00157253,O0089654,P0044,1,123.31,0.0
OI00157262,O0089660,P0149,1,18.55,0.05
OI00157263,O0089661,P0034,1,548.78,0.0
OI00157264,O0089661,P0013,1,1062.15,0.25
OI00157281,O0089673,P0064,1,129.62,0.25
OI00157282,O0089673,P0068,1,138.97,0.0
OI00157283,O0089674,P0071,1,115.64,0.1
OI00157290,O0089680,P0093,1,85.79,0.0
OI00157291,O0089681,P0101,1,125.14,0.05
OI00157292,O0089681,P0055,1,319.1,0.05
OI00157309,O0089691,P0095,1,292.94,0.25
OI00157311,O0089693,P0168,1,62.09,0.25
OI00157316,O0089698,P0076,1,124.42,0.25
OI00157336,O0089711,P0167,1,125.84,0.0
OI00157337,O0089711,P0136,2,86.7,0.25
OI00157338,O0089712,P0072,2,171.39,0.05
OI00157339,O0089712,P0016,1,956.46,0.0
OI00157354,O0089723,P0020,1,545.38,0.1
OI00157355,O0089723,P0116,1,68.89,0.1
OI00157356,O0089723,P0113,1,101.18,0.05
OI00157357,O0089723,P0094,1,74.03,0.25
OI00157361,O0089726,P0151,1,19.53,0.0
OI00157363,O0089728,P0023,1,959.13,0.0
OI00157375,O0089737,P0178,1,11.23,0.0
OI00157378,O0089740,P0007,1,2008.28,0.25
OI00157379,O0089740,P0024,1,514.31,0.0
OI00157380,O0089741,P0162,1,19.37,0.25
OI00157385,O0089745,P0035,1,1103.65,0.25
OI00157386,O0089745,P0137,2,26.47,0.0
OI00157391,O0089750,P0060,2,139.21,0.0
OI00157394,O0089752,P0088,1,310.22,0.0
OI00157395,O0089752,P0165,1,40.92,0.05
OI00157399,O0089756,P0089,1,344.92,0.0
OI00157400,O0089756,P0022,1,880.47,0.0
OI00157425,O0089770,P0070,1,54.24,0.0
OI00157426,O0089770,P0074,1,260.01,0.25
OI00157427,O0089770,P0049,1,339.47,0.05
OI00157429,O0089772,P0170,2,9.19,0.05
OI00157430,O0089772,P0042,1,117.99,0.0
OI00157460,O0089789,P0019,1,411.57,0.25
OI00157461,O0089789,P0033,1,1339.39,0.25
OI00157462,O0089789,P0144,1,13.37,0.0
OI00157466,O0089792,P0116,1,68.79,0.05
OI00157467,O0089792,P0145,1,161.99,0.05
OI00157481,O0089801,P0097,2,140.31,0.0
OI00157482,O0089801,P0041,1,229.33,0.05
OI00157483,O0089801,P0158,1,68.68,0.1
OI00157522,O0089825,P0132,1,29.55,0.1
OI00157548,O0089840,P0039,1,524.82,0.0
OI00157585,O0089865,P0044,1,120.0,0.0
OI00157586,O0089865,P0050,1,92.15,0.0
OI00157607,O0089875,P0073,1,95.92,0.25
OI00157608,O0089875,P0151,1,19.61,0.0
OI00157611,O0089878,P0068,1,139.85,0.15
OI00157612,O0089878,P0154,1,55.99,0.15
OI00157620,O0089885,P0152,1,14.88,0.05
OI00157645,O0089899,P0169,1,187.42,0.0
OI00157647,O0089901,P0061,1,375.0,0.05
OI00157648,O0089901,P0074,1,251.48,0.25
OI00157653,O0089905,P0089,1,354.18,0.25
OI00157654,O0089905,P0131,3,49.66,0.15
OI00157660,O0089909,P0067,1,288.76,0.25
OI00157664,O0089911,P0142,1,12.32,0.15
OI00157665,O0089911,P0146,1,52.72,0.1
OI00157716,O0089939,P0087,2,490.56,0.0
OI00157717,O0089939,P0058,1,145.99,0.1
OI00157727,O0089945,P0173,2,45.45,0.0
OI00157730,O0089948,P0118,1,130.25,0.0
OI00157734,O0089952,P0160,1,24.42,0.0
OI00157735,O0089952,P0105,1,126.86,0.25
OI00157736,O0089952,P0017,1,1634.54,0.0
